{"type":"FeatureCollection","features":[{"type":"Feature","properties":{"name":"Arunachal Pradesh","code":"IN-AR"},"geometry":{"type":"MultiPolygon","coordinates":[[[[96.0,27.17431994241602],[95.91645,27.051373],[95.888855,27.027034],[95.861466,27.014218],[95.777957,26.995149],[95.699305,26.896189],[95.624271,26.880738],[95.591302,26.823739],[95.574765,26.816142],[95.531357,26.820276],[95.489809,26.810716],[95.462731,26.777178],[95.439993,26.735372],[95.410641,26.701627],[95.392658,26.691757],[95.278969,26.652948],[95.246933,26.648904],[95.246311,26.679715],[95.224813,26.742141],[95.235252,26.790613],[95.225743,26.806323],[95.20621,26.820585],[95.197425,26.841773],[95.202179,26.866732],[95.229051,26.898255],[95.234322,26.945746],[95.225433,26.974219],[95.179855,27.003727],[95.176444,27.033182],[95.185022,27.042019],[95.199699,27.046799],[95.238352,27.042768],[95.261193,27.048866],[95.356898,27.115064],[95.423768,27.141289],[95.463145,27.176869],[95.493427,27.250042],[95.534252,27.271772],[95.559573,27.271385],[95.622412,27.232963],[95.643806,27.230328],[95.799559,27.28588],[95.870665,27.287043],[95.903738,27.276087],[95.91428,27.28234],[95.926993,27.30438],[95.959239,27.316266],[95.976085,27.34691],[96.0,27.359179543978573],[96.0,27.17431994241602]]],[[[95.985077,27.445173],[95.968851,27.450909],[95.940325,27.446878],[95.900948,27.405278],[95.887719,27.40179],[95.890406,27.438661],[95.879554,27.462613],[95.89578,27.497547],[95.886788,27.557],[95.871595,27.576379],[95.837799,27.594027],[95.798525,27.62772],[95.787983,27.6957],[95.775891,27.717327],[95.813408,27.774429],[95.900741,27.86538],[95.938155,27.919149],[95.973088,27.988809],[95.964096,27.993305],[95.716773,27.990204],[95.672331,27.977957],[95.543554,27.90207],[95.493014,27.885663],[95.382633,27.870444],[95.304808,27.895894],[95.247034,27.866155],[94.948138,27.76952],[94.798483,27.701229],[94.66278,27.668699],[94.525941,27.603897],[94.499896,27.60568],[94.474575,27.593872],[94.44915,27.616196],[94.352929,27.593122],[94.289056,27.615162],[94.266009,27.639321],[94.243064,27.647977],[94.218983,27.626634],[94.212265,27.612553],[94.217226,27.596843],[94.249782,27.565036],[94.256914,27.548086],[94.243064,27.525969],[94.066331,27.385822],[93.982512,27.327712],[93.84659,27.198892],[93.827069,27.16705],[93.825829,27.141522],[93.834924,27.113875],[93.826552,27.095995],[93.759683,27.055636],[93.694674,27.005949],[93.632042,26.983366],[93.546363,26.972902],[93.460683,26.947244],[93.419135,26.977294],[93.375004,26.988792],[93.020297,26.953006],[92.964589,26.965719],[92.944952,26.978638],[92.936167,27.001453],[92.814831,27.050804],[92.698766,27.065919],[92.678819,27.061088],[92.641198,27.02848],[92.605748,27.009437],[92.547354,26.999438],[92.328866,26.935746],[92.278637,26.932362],[92.21032,26.912337],[92.080371,26.921571],[92.083919,26.937323],[92.066969,26.994943],[92.049709,27.026827],[91.999893,27.071527],[91.987697,27.104031],[91.995862,27.158033],[92.027075,27.19984],[92.03679,27.236478],[92.081852,27.275132],[92.088776,27.29234],[92.023598,27.44678],[91.975088,27.472433],[91.900591,27.45973],[91.856578,27.466239],[91.779555,27.456475],[91.727092,27.459942],[91.657382,27.479151],[91.632887,27.511655],[91.604465,27.532145],[91.59506,27.546382],[91.573252,27.619711],[91.579867,27.657977],[91.626686,27.716423],[91.634957,27.746571],[91.63577,27.782525],[91.605336,27.810658],[91.566023,27.821074],[91.564355,27.851372],[91.680131,27.849823],[91.729871,27.804136],[91.826589,27.807627],[91.856373,27.764539],[91.864914,27.729988],[91.908736,27.7319],[91.952247,27.72482],[91.988898,27.769398],[92.064878,27.761721],[92.10616,27.786081],[92.126294,27.812722],[92.239568,27.865277],[92.24918,27.862642],[92.288764,27.793085],[92.303854,27.78616],[92.329175,27.832928],[92.350053,27.802542],[92.367933,27.803834],[92.381058,27.842462],[92.392841,27.856027],[92.404416,27.853831],[92.427567,27.821171],[92.475109,27.846596],[92.518151,27.839468],[92.574977,27.847806],[92.592912,27.868193],[92.636468,27.89537],[92.683674,27.91045],[92.736392,27.985909],[92.72383756816332,28.0],[96.0,28.0],[96.0,27.42769495514539],[95.985077,27.445173]]]]}},{"type":"Feature","properties":{"name":"Sikkim","code":"IN-SK"},"geometry":{"type":"Polygon","coordinates":[[[88.884631,27.286346],[88.861428,27.270378],[88.801174,27.256425],[88.775852,27.240871],[88.738438,27.179789],[88.733082,27.148972],[88.719371,27.146199],[88.693326,27.155113],[88.66449,27.173355],[88.613537,27.168135],[88.518039,27.176223],[88.447656,27.114495],[88.403628,27.090827],[88.371692,27.084574],[88.34854,27.087959],[88.336552,27.098966],[88.233095,27.137104],[88.193408,27.143537],[88.118167,27.138499],[88.088815,27.15165],[88.081167,27.1894],[88.069591,27.209037],[88.023186,27.242446],[88.004663,27.249163],[88.035122,27.322571],[88.014762,27.378072],[88.041633,27.438068],[88.028094,27.455121],[88.02334,27.494912],[88.048765,27.545348],[88.11088,27.639503],[88.134858,27.723167],[88.159662,27.77412],[88.154598,27.815151],[88.166587,27.833599],[88.164623,27.845356],[88.118218,27.860885],[88.097496,27.904008],[88.099924,27.928322],[88.115737,27.947262],[88.16297,27.9469],[88.197851,27.958295],[88.37877,27.982634],[88.40771073206147,28.0],[88.81287672438602,28.0],[88.819674,27.977337],[88.810682,27.927857],[88.851558,27.877163],[88.853884,27.843676],[88.805669,27.655109],[88.748154,27.560128],[88.741642,27.53168],[88.757559,27.511448],[88.754355,27.464216],[88.759781,27.435071],[88.773578,27.408509],[88.795386,27.385926],[88.830836,27.367323],[88.852023,27.342363],[88.892331,27.315543],[88.884631,27.286346]]]}},{"type":"Feature","properties":{"name":"West Bengal","code":"IN-WB"},"geometry":{"type":"MultiPolygon","coordinates":[[[[88.742572,27.142737],[88.827632,27.097882],[88.840809,27.075248],[88.851713,26.945437],[88.88644,26.978975],[88.906645,26.981093],[88.924474,26.961663],[88.9253,26.929365],[88.932328,26.919237],[88.954549,26.912622],[88.996614,26.922751],[89.021574,26.912674],[89.060693,26.881461],[89.082448,26.836037],[89.096504,26.821413],[89.128079,26.813455],[89.212828,26.813041],[89.240837,26.819759],[89.273599,26.843892],[89.341657,26.854331],[89.442891,26.797022],[89.50542,26.803688],[89.586087,26.784051],[89.611357,26.765964],[89.613475,26.748549],[89.597507,26.720954],[89.609806,26.712221],[89.628307,26.712531],[89.66324,26.725502],[89.685151,26.724571],[89.738739,26.703281],[89.817287,26.696201],[89.834961,26.731548],[89.858701,26.722057],[89.853978,26.709429],[89.87899,26.636979],[89.888498,26.532903],[89.858526,26.471046],[89.843436,26.382163],[89.815221,26.360975],[89.815118,26.347901],[89.829794,26.334207],[89.828864,26.327851],[89.781528,26.308679],[89.75879,26.263178],[89.732642,26.250646],[89.735329,26.211708],[89.657829,26.187174],[89.653008,26.22269],[89.634921,26.225842],[89.61332,26.219383],[89.606396,26.211011],[89.614406,26.164192],[89.586759,26.169205],[89.573426,26.16073],[89.562781,26.142591],[89.569395,26.130086],[89.604225,26.120732],[89.566915,26.098977],[89.567018,26.087091],[89.603864,26.084662],[89.611357,26.072208],[89.602882,26.055258],[89.559163,26.022237],[89.549087,25.968855],[89.541697,25.959709],[89.528416,25.957125],[89.518184,25.962086],[89.495343,25.995055],[89.485628,25.998724],[89.411266,25.993195],[89.391422,26.015467],[89.379743,26.015312],[89.351476,25.996864],[89.315147,26.006786],[89.272979,26.043476],[89.237633,26.0581],[89.212621,26.098977],[89.131593,26.133755],[89.111697,26.164502],[89.103377,26.22517],[89.069426,26.287389],[89.068857,26.314261],[89.094799,26.309506],[89.103532,26.313692],[89.102912,26.327335],[89.055215,26.347023],[89.052631,26.374619],[89.010877,26.390173],[88.950157,26.43694],[88.94101,26.439421],[88.911968,26.421231],[88.891246,26.385781],[88.891866,26.368779],[88.912433,26.348935],[88.966021,26.328472],[88.981731,26.291833],[89.007983,26.297156],[89.004365,26.27571],[89.034338,26.265788],[89.039712,26.247185],[89.019455,26.234472],[88.975323,26.224344],[88.946849,26.232922],[88.902718,26.272919],[88.875794,26.277364],[88.855641,26.265116],[88.840654,26.232043],[88.824841,26.226566],[88.807995,26.233439],[88.784017,26.279947],[88.747947,26.292505],[88.663404,26.264444],[88.645834,26.27602],[88.702988,26.309661],[88.712238,26.328265],[88.709706,26.340616],[88.667435,26.368159],[88.66852,26.385729],[88.652242,26.391517],[88.656273,26.415133],[88.611521,26.430843],[88.591161,26.461228],[88.526823,26.475388],[88.462383,26.528821],[88.411016,26.545099],[88.397891,26.55869],[88.394377,26.618015],[88.385282,26.623544],[88.352829,26.578689],[88.332365,26.514662],[88.313865,26.481537],[88.315105,26.465052],[88.322546,26.451772],[88.335621,26.448206],[88.34301,26.477196],[88.353552,26.484586],[88.461143,26.45389],[88.495456,26.378081],[88.497626,26.352708],[88.448637,26.353431],[88.431687,26.362216],[88.413807,26.340202],[88.366781,26.313434],[88.336602,26.281808],[88.334535,26.230803],[88.326267,26.21592],[88.218884,26.18016],[88.163796,26.140473],[88.139922,26.085334],[88.141162,26.075464],[88.156407,26.061408],[88.151032,26.031332],[88.125866,26.0134],[88.106539,25.979966],[88.088039,25.923225],[88.074396,25.908135],[88.088969,25.848656],[88.087574,25.830983],[88.127726,25.774914],[88.146433,25.77574],[88.227462,25.804266],[88.259915,25.789021],[88.320273,25.725253],[88.392981,25.680759],[88.41944,25.653784],[88.423781,25.592237],[88.475405,25.562575],[88.485586,25.542628],[88.512767,25.523714],[88.530286,25.500202],[88.593589,25.495086],[88.645421,25.467336],[88.66635,25.462891],[88.67808,25.465889],[88.706192,25.491675],[88.742572,25.495189],[88.741952,25.512759],[88.772338,25.501959],[88.814919,25.458602],[88.816315,25.437208],[88.799623,25.395609],[88.810372,25.388426],[88.81833,25.359642],[88.841998,25.332822],[88.880187,25.323468],[88.902873,25.303418],[88.975323,25.302643],[88.982713,25.294478],[88.984935,25.284969],[88.975323,25.265229],[88.929073,25.229417],[88.927884,25.192727],[88.909642,25.189161],[88.924163,25.167871],[88.898635,25.169318],[88.81709,25.196809],[88.802517,25.188128],[88.784224,25.160946],[88.724537,25.166475],[88.634259,25.192262],[88.599119,25.19314],[88.55938,25.170764],[88.475405,25.195104],[88.441299,25.18973],[88.43148,25.173038],[88.434168,25.116659],[88.425796,25.051056],[88.414117,25.021523],[88.391018,24.99509],[88.387865,24.968761],[88.37567,24.94561],[88.322753,24.874684],[88.313606,24.868302],[88.242758,24.880601],[88.232836,24.918273],[88.20245,24.9453],[88.16452,24.941114],[88.114911,24.916413],[88.140955,24.844583],[88.107779,24.801097],[88.094808,24.803112],[88.088245,24.796136],[88.07698,24.761177],[88.053209,24.754976],[88.048455,24.711206],[88.027164,24.67573],[88.02179,24.645603],[88.05724,24.634105],[88.081838,24.599869],[88.086023,24.53672],[88.10995,24.500986],[88.138785,24.49525],[88.401301,24.369418],[88.475405,24.315468],[88.5631,24.308207],[88.612451,24.292885],[88.634517,24.294125],[88.660149,24.338257],[88.681801,24.33389],[88.714564,24.315416],[88.737508,24.287097],[88.749807,24.223251],[88.746397,24.214079],[88.731617,24.189842],[88.69379,24.175321],[88.67808,24.154289],[88.68299,24.124291],[88.674101,24.08264],[88.697821,24.056259],[88.700921,24.04365],[88.725002,24.038379],[88.725468,24.028896],[88.701593,23.995281],[88.714357,23.964404],[88.71415,23.925156],[88.653121,23.869784],[88.593589,23.866916],[88.577621,23.85516],[88.577518,23.818521],[88.552713,23.774984],[88.561188,23.741007],[88.541551,23.638765],[88.566356,23.62874],[88.561705,23.602023],[88.57142,23.592334],[88.609247,23.588794],[88.647643,23.535076],[88.664489,23.518307],[88.704642,23.495182],[88.719421,23.468104],[88.731927,23.472625],[88.756835,23.498799],[88.770168,23.488826],[88.767894,23.467277],[88.719266,23.348292],[88.685935,23.293308],[88.686607,23.271604],[88.69658,23.252354],[88.710016,23.241218],[88.775697,23.221633],[88.822671,23.237963],[88.918066,23.208584],[88.959975,23.202693],[88.954704,23.183806],[88.864787,23.100271],[88.8513,23.07513],[88.838794,22.975808],[88.872177,22.926767],[88.893468,22.879638],[88.905147,22.866435],[88.933103,22.858115],[88.944524,22.848012],[88.945144,22.815094],[88.936876,22.782331],[88.908144,22.740784],[88.95641,22.584979],[88.950312,22.561983],[88.927988,22.548134],[88.970982,22.527928],[89.002505,22.427986],[88.989482,22.39667],[89.001523,22.333677],[89.023537,22.294816],[89.00912,22.285618],[89.018628,22.264689],[89.062295,22.211565],[89.076196,22.17503],[89.078159,22.150845],[89.060395,22.129869],[89.043712,22.137397],[89.048595,22.122952],[89.036876,22.085598],[89.057384,22.031236],[89.065603,21.967108],[89.060883,21.938463],[89.036876,21.925116],[89.013031,21.929429],[89.009532,21.904608],[88.944672,21.938788],[88.928722,21.986558],[88.91391,21.986558],[88.90504,21.969428],[88.924083,21.926337],[88.99586,21.884182],[89.01588,21.853339],[89.030935,21.770453],[89.043712,21.733344],[89.067882,21.709133],[89.085216,21.674709],[89.088227,21.633734],[89.082693,21.617336],[89.06422,21.609198],[89.044688,21.613511],[89.033946,21.633246],[89.019786,21.606106],[89.000255,21.60342],[88.933849,21.643948],[88.896983,21.650133],[88.881602,21.672024],[88.872081,21.74901],[88.866059,21.766832],[88.858653,21.766832],[88.838227,21.701972],[88.859874,21.652574],[88.858653,21.636542],[88.844249,21.622219],[88.823985,21.617255],[88.805837,21.62287],[88.797862,21.640204],[88.81837,21.65762],[88.810883,21.691718],[88.800466,21.661851],[88.784028,21.655951],[88.77711,21.643541],[88.781749,21.614244],[88.796641,21.584418],[88.790538,21.568264],[88.762462,21.555854],[88.727875,21.559882],[88.70753,21.578315],[88.722179,21.609198],[88.687999,21.678127],[88.684906,21.697211],[88.703624,21.810614],[88.694509,21.83983],[88.714692,21.897854],[88.722179,21.966132],[88.758311,21.999457],[88.763031,22.017279],[88.754649,22.037584],[88.717052,22.058051],[88.708507,22.072211],[88.730154,22.103583],[88.763031,22.130561],[88.726573,22.121161],[88.694835,22.081529],[88.692882,22.065863],[88.699474,22.053209],[88.718516,22.048041],[88.730724,22.037177],[88.689952,21.94599],[88.678722,21.936672],[88.667003,21.945014],[88.642589,21.940904],[88.63087,21.945461],[88.627452,21.970404],[88.653494,22.018012],[88.639496,22.109524],[88.656993,22.151068],[88.674001,22.162055],[88.683116,22.184963],[88.679942,22.204413],[88.660167,22.205024],[88.656016,22.183254],[88.619151,22.109524],[88.625987,22.048041],[88.60255,22.006415],[88.598399,21.929348],[88.567068,21.850816],[88.564626,21.766832],[88.604177,21.778754],[88.624034,21.778022],[88.632823,21.750067],[88.623383,21.710273],[88.612641,21.697496],[88.591807,21.70539],[88.59962,21.637274],[88.595063,21.612128],[88.578136,21.62344],[88.578136,21.571682],[88.572276,21.557929],[88.55893,21.555569],[88.54477,21.561998],[88.536469,21.5751],[88.529633,21.553371],[88.543956,21.534084],[88.51295,21.524644],[88.493907,21.534817],[88.487966,21.556545],[88.495616,21.581855],[88.514008,21.600816],[88.518809,21.639146],[88.529633,21.65762],[88.504893,21.741523],[88.532888,21.795315],[88.531016,21.824123],[88.495616,21.876695],[88.514659,21.916205],[88.514985,21.937201],[88.495616,21.951809],[88.499848,21.933661],[88.481212,21.909898],[88.474457,21.890326],[88.492035,21.837144],[88.4935,21.805162],[88.474457,21.800971],[88.45338,21.741767],[88.454763,21.70539],[88.472179,21.663275],[88.456309,21.62401],[88.409679,21.59927],[88.393077,21.600246],[88.383556,21.631415],[88.382823,21.671332],[88.392589,21.698554],[88.355724,21.684963],[88.346202,21.688625],[88.331228,21.719062],[88.324718,21.701361],[88.345714,21.6706],[88.348806,21.650295],[88.33546,21.61579],[88.321788,21.605658],[88.309744,21.610175],[88.298188,21.764106],[88.273123,21.797919],[88.261567,21.798651],[88.295421,21.676581],[88.297048,21.653876],[88.283376,21.609198],[88.300629,21.589342],[88.305837,21.571682],[88.278982,21.555162],[88.254405,21.554674],[88.237478,21.601711],[88.224376,21.613023],[88.208263,21.602973],[88.181895,21.665229],[88.180919,21.684963],[88.21046,21.74726],[88.201427,21.774319],[88.209727,21.78856],[88.154063,21.888088],[88.159434,21.906155],[88.146739,21.959215],[88.156261,21.990871],[88.222423,22.077948],[88.198009,22.167792],[88.081309,22.217353],[88.077322,22.240424],[88.043468,22.224758],[88.009044,22.240424],[87.972667,22.283189],[87.94044,22.413031],[87.927989,22.424221],[87.906586,22.42475],[87.922862,22.397773],[87.935802,22.35517],[87.94752,22.277655],[87.965343,22.244818],[88.008474,22.204901],[88.09547,22.19123],[88.132579,22.179145],[88.160981,22.156562],[88.173513,22.116889],[88.164317,22.089789],[88.111176,22.034857],[88.084727,22.020697],[88.043142,22.017279],[88.050792,21.985012],[87.983653,21.854193],[87.97047,21.836493],[87.899181,21.794827],[87.892914,21.774319],[87.867198,21.7508],[87.755707,21.691718],[87.703787,21.655504],[87.683849,21.650133],[87.621349,21.650621],[87.477387,21.613593],[87.43087,21.689322],[87.431594,21.761592],[87.424463,21.774744],[87.408546,21.786138],[87.251967,21.822105],[87.239668,21.832595],[87.225612,21.863575],[87.206801,21.941426],[87.190678,21.956205],[87.155435,21.972096],[87.120812,21.976928],[87.094147,21.942201],[87.069135,21.927577],[87.059213,21.90719],[87.047845,21.902178],[87.031412,21.907991],[87.004953,21.936982],[86.995858,21.957032],[86.993688,21.972483],[87.005677,22.01398],[86.999372,22.049895],[86.987383,22.066586],[86.943768,22.096404],[86.892712,22.116583],[86.833904,22.121751],[86.766725,22.167717],[86.70461,22.188698],[86.686523,22.218024],[86.693344,22.224329],[86.728691,22.246472],[86.761867,22.240607],[86.772306,22.283911],[86.833904,22.28833],[86.849614,22.294428],[86.852508,22.302024],[86.803312,22.348378],[86.789876,22.415635],[86.718149,22.469404],[86.712258,22.492762],[86.716289,22.505578],[86.750912,22.502684],[86.759387,22.512089],[86.74006,22.55821],[86.702336,22.585883],[86.639601,22.591541],[86.611386,22.604254],[86.594642,22.632546],[86.586891,22.680683],[86.524362,22.729414],[86.498731,22.743134],[86.452325,22.745356],[86.399099,22.784966],[86.394758,22.799306],[86.401889,22.872868],[86.414808,22.905941],[86.410468,22.935784],[86.441473,22.964025],[86.495217,22.976944],[86.506482,22.988339],[86.450465,23.004203],[86.314039,23.008596],[86.260503,23.01981],[86.218025,23.019887],[86.178027,23.005728],[86.142474,23.028259],[86.001914,23.165098],[85.982587,23.175046],[85.942486,23.180343],[85.888432,23.163083],[85.871172,23.210702],[85.839133,23.240623],[85.829831,23.260803],[85.843991,23.307027],[85.880681,23.356301],[85.89484,23.416478],[85.87851,23.428053],[85.84151,23.430095],[85.823113,23.453866],[85.82239,23.470196],[85.828901,23.483063],[85.849468,23.493192],[86.004808,23.514224],[86.015866,23.529313],[86.002224,23.585641],[86.015556,23.60179],[86.039121,23.607164],[86.098342,23.578742],[86.129141,23.578354],[86.134515,23.558872],[86.121493,23.500891],[86.126454,23.492468],[86.184848,23.472263],[86.227946,23.443246],[86.273008,23.453737],[86.336467,23.508436],[86.348352,23.567942],[86.379875,23.598017],[86.410468,23.616569],[86.458527,23.638609],[86.542449,23.66021],[86.646112,23.6969],[86.764038,23.71478],[86.799798,23.725529],[86.817885,23.750127],[86.822432,23.776895],[86.81003,23.812552],[86.815094,23.836685],[86.827186,23.855831],[86.855505,23.878956],[86.8646,23.902159],[86.877209,23.913063],[86.907285,23.905776],[86.979942,23.863867],[87.015599,23.859603],[87.036993,23.839114],[87.079677,23.815213],[87.131871,23.803121],[87.166287,23.810227],[87.168457,23.829424],[87.139415,23.859939],[87.139312,23.873323],[87.154298,23.879938],[87.205354,23.868879],[87.225095,23.846297],[87.232536,23.845832],[87.241218,23.850844],[87.246489,23.864952],[87.250416,23.905544],[87.275634,23.915543],[87.282662,23.927945],[87.282972,23.954869],[87.256721,23.980707],[87.25145,24.000499],[87.225715,24.027345],[87.235533,24.040419],[87.309017,24.056206],[87.32173,24.042667],[87.328138,24.007605],[87.33806,24.001843],[87.397177,24.023392],[87.458156,24.019826],[87.488748,24.046853],[87.491228,24.055922],[87.488541,24.132429],[87.517273,24.138914],[87.55169,24.1138],[87.563265,24.112069],[87.581869,24.136537],[87.594065,24.178447],[87.650909,24.17948],[87.661554,24.186198],[87.663414,24.200409],[87.652769,24.21891],[87.624554,24.22294],[87.623727,24.260483],[87.631478,24.269372],[87.666102,24.280198],[87.691836,24.296553],[87.733798,24.334691],[87.775759,24.419311],[87.776276,24.464295],[87.80046,24.500779],[87.787128,24.533826],[87.788988,24.56956],[87.759843,24.581497],[87.750851,24.593331],[87.767697,24.601599],[87.782167,24.599817],[87.822991,24.581394],[87.849243,24.579534],[87.888,24.597362],[87.899989,24.620952],[87.87012,24.634698],[87.873427,24.644258],[87.895338,24.661828],[87.879008,24.694384],[87.874771,24.726088],[87.857924,24.755285],[87.81741,24.767352],[87.811002,24.785542],[87.823715,24.796885],[87.841181,24.788306],[87.854204,24.789702],[87.861955,24.851532],[87.881902,24.891969],[87.877458,24.938866],[87.844075,25.041547],[87.776276,25.096789],[87.768731,25.15924],[87.783717,25.214094],[87.8171,25.246676],[87.838081,25.27776],[87.839011,25.288302],[87.813689,25.347342],[87.798807,25.365946],[87.774829,25.366979],[87.761186,25.391474],[87.743823,25.402636],[87.764183,25.42235],[87.768007,25.436277],[87.849966,25.471107],[87.863195,25.4786],[87.880352,25.501286],[87.922623,25.514438],[87.9558,25.534075],[87.97492,25.528313],[87.988666,25.518288],[87.990526,25.507694],[88.005822,25.501209],[88.067421,25.49108],[88.06494,25.519864],[88.043133,25.547097],[88.056775,25.614122],[88.042823,25.678149],[88.005099,25.710808],[87.94257,25.735329],[87.932235,25.751297],[87.910531,25.76512],[87.892651,25.804188],[87.865056,25.843901],[87.800977,25.878782],[87.787955,25.906352],[87.789505,25.919168],[87.8171,25.937073],[87.831363,26.010557],[87.839424,26.022314],[87.936679,26.099002],[87.970269,26.138302],[87.979364,26.145795],[88.016468,26.150885],[88.038068,26.171116],[88.079823,26.19282],[88.167466,26.277182],[88.220073,26.299454],[88.263688,26.332708],[88.297174,26.336222],[88.303892,26.351751],[88.292213,26.376452],[88.254489,26.396038],[88.257797,26.410869],[88.282291,26.428439],[88.278674,26.435002],[88.237436,26.474638],[88.195268,26.50014],[88.203433,26.547191],[88.194028,26.549517],[88.121888,26.5305],[88.087136,26.5391],[88.101681,26.581944],[88.14664,26.661216],[88.163383,26.705141],[88.167827,26.762915],[88.151394,26.862806],[88.12044,26.90885],[88.096824,26.959337],[88.055948,27.018042],[88.009491,27.045637],[87.9913,27.081501],[87.970733,27.10274],[87.970837,27.119224],[87.985461,27.14837],[87.989337,27.218391],[88.004663,27.249163],[88.023186,27.242446],[88.069591,27.209037],[88.081167,27.1894],[88.084474,27.159428],[88.100597,27.143382],[88.148553,27.137853],[88.193408,27.143537],[88.233095,27.137104],[88.336552,27.098966],[88.357429,27.085117],[88.403628,27.090827],[88.423988,27.099897],[88.518039,27.176223],[88.613537,27.168135],[88.66449,27.173355],[88.693326,27.155113],[88.742572,27.142737]]],[[[88.88852,21.589545],[88.911306,21.566881],[88.91391,21.548407],[88.90797,21.530707],[88.862478,21.523586],[88.838715,21.531928],[88.830821,21.577379],[88.841319,21.614],[88.88852,21.589545]]],[[[88.090017,21.808661],[88.119314,21.859524],[88.146739,21.869859],[88.167003,21.765448],[88.163422,21.705471],[88.132579,21.684963],[88.146007,21.643744],[88.139415,21.630316],[88.130056,21.625922],[88.091563,21.636542],[88.063487,21.636664],[88.051768,21.641588],[88.043142,21.65762],[88.050548,21.70539],[88.090017,21.808661]]],[[[88.650157,21.927436],[88.663259,21.921291],[88.670584,21.907416],[88.649181,21.842353],[88.646332,21.787909],[88.591807,21.804389],[88.584321,21.835761],[88.616466,21.897935],[88.636241,21.921373],[88.650157,21.927436]]],[[[88.072276,21.856757],[88.073904,21.892157],[88.084727,21.921576],[88.105724,21.947577],[88.118907,21.945014],[88.132579,21.920478],[88.125011,21.888658],[88.104991,21.861151],[88.080903,21.849351],[88.072276,21.856757]]]]}},{"type":"Feature","properties":{"name":"Assam","code":"IN-AS"},"geometry":{"type":"Polygon","coordinates":[[[89.85992,26.721884],[89.912113,26.716717],[89.975262,26.731858],[90.089157,26.741728],[90.127191,26.751392],[90.152202,26.771752],[90.17742,26.832058],[90.210907,26.851489],[90.265994,26.851592],[90.284442,26.85707],[90.328574,26.890659],[90.348831,26.896654],[90.382627,26.891796],[90.475232,26.83242],[90.587783,26.780072],[90.717077,26.767049],[91.007395,26.782139],[91.062069,26.804567],[91.198185,26.802344],[91.232498,26.795161],[91.27601,26.774077],[91.296577,26.774594],[91.345566,26.794696],[91.358382,26.806169],[91.388457,26.858465],[91.420187,26.871539],[91.475067,26.865545],[91.507417,26.808029],[91.520646,26.79759],[91.593716,26.810768],[91.637951,26.798985],[91.702133,26.803481],[91.795254,26.853504],[91.825123,26.858465],[91.843934,26.84937],[91.852408,26.818519],[91.863054,26.804773],[91.87866,26.803016],[91.886928,26.814437],[91.885895,26.83087],[91.874009,26.844306],[91.895507,26.853504],[91.89313,26.881358],[91.908219,26.885182],[91.925686,26.878671],[91.975088,26.846631],[92.03586,26.854848],[92.072757,26.887766],[92.080371,26.921571],[92.21032,26.912337],[92.278637,26.932362],[92.328866,26.935746],[92.547354,26.999438],[92.605748,27.009437],[92.641198,27.02848],[92.678819,27.061088],[92.698766,27.065919],[92.814831,27.050804],[92.936167,27.001453],[92.944952,26.978638],[92.964589,26.965719],[93.020297,26.953006],[93.375004,26.988792],[93.419135,26.977294],[93.460683,26.947244],[93.479804,26.949208],[93.524969,26.968096],[93.632042,26.983366],[93.694674,27.005949],[93.759683,27.055636],[93.826552,27.095995],[93.834924,27.113875],[93.825829,27.141522],[93.827069,27.16705],[93.84659,27.198892],[93.982512,27.327712],[94.066331,27.385822],[94.243064,27.525969],[94.256914,27.548086],[94.249782,27.565036],[94.217226,27.596843],[94.212265,27.612553],[94.218983,27.626634],[94.243064,27.647977],[94.266009,27.639321],[94.289056,27.615162],[94.352929,27.593122],[94.44915,27.616196],[94.474575,27.593872],[94.499896,27.60568],[94.525941,27.603897],[94.66278,27.668699],[94.798483,27.701229],[94.948138,27.76952],[95.247034,27.866155],[95.304808,27.895894],[95.366407,27.872976],[95.408368,27.870831],[95.493014,27.885663],[95.543554,27.90207],[95.672331,27.977957],[95.716773,27.990204],[95.964096,27.993305],[95.973088,27.988809],[95.938155,27.919149],[95.900741,27.86538],[95.813408,27.774429],[95.775891,27.717327],[95.787983,27.6957],[95.798525,27.62772],[95.837799,27.594027],[95.871595,27.576379],[95.886788,27.557],[95.89578,27.497547],[95.879554,27.462613],[95.890406,27.438661],[95.887719,27.40179],[95.900948,27.405278],[95.940325,27.446878],[95.978256,27.449694],[96.0,27.42769495514539],[96.0,27.359179543978573],[95.976085,27.34691],[95.959239,27.316266],[95.926993,27.30438],[95.91428,27.28234],[95.903738,27.276087],[95.870665,27.287043],[95.799559,27.28588],[95.643806,27.230328],[95.622412,27.232963],[95.559573,27.271385],[95.534252,27.271772],[95.511101,27.26198],[95.488053,27.241542],[95.463145,27.176869],[95.423768,27.141289],[95.356898,27.115064],[95.261193,27.048866],[95.238352,27.042768],[95.199699,27.046799],[95.185022,27.042019],[95.149779,27.000471],[95.017901,26.928176],[94.99847,26.923318],[94.966224,26.927142],[94.917132,26.951172],[94.873207,26.91505],[94.798896,26.814384],[94.76541,26.788029],[94.668982,26.732115],[94.587229,26.699921],[94.549196,26.701936],[94.520567,26.679922],[94.486564,26.676667],[94.428686,26.616877],[94.421968,26.603958],[94.420625,26.567474],[94.396543,26.534401],[94.345487,26.489701],[94.327917,26.481898],[94.30828,26.485412],[94.298772,26.499468],[94.29102,26.542876],[94.269626,26.55471],[94.195419,26.465465],[94.183947,26.395598],[94.170407,26.360769],[94.102918,26.303563],[94.00773,26.184397],[94.001735,26.164915],[94.01021,26.131274],[94.002666,26.076755],[93.973417,26.040375],[93.969696,26.027042],[93.97166,25.984874],[93.98923,25.94622],[93.947785,25.886172],[93.90417,25.85682],[93.779113,25.831033],[93.774773,25.846278],[93.802885,25.880953],[93.810119,25.903639],[93.807949,25.931389],[93.796373,25.951595],[93.75865,25.960638],[93.685062,25.926997],[93.677621,25.911442],[93.706973,25.87532],[93.705836,25.864365],[93.580779,25.763079],[93.524349,25.689285],[93.419135,25.617041],[93.338313,25.548467],[93.340587,25.529295],[93.396294,25.461392],[93.427817,25.442478],[93.443733,25.421704],[93.458513,25.380725],[93.455722,25.322589],[93.449211,25.302125],[93.422856,25.276597],[93.394331,25.235049],[93.345858,25.124358],[93.312062,25.065783],[93.281366,25.056455],[93.262969,25.035992],[93.260075,25.008836],[93.276818,24.973437],[93.26514,24.958374],[93.239405,24.944808],[93.253357,24.914707],[93.207159,24.847579],[93.199407,24.816522],[93.181114,24.809442],[93.148144,24.823886],[93.128817,24.81448],[93.117655,24.797195],[93.087063,24.706994],[93.091197,24.682706],[93.106286,24.671931],[93.080035,24.62444],[93.100602,24.577027],[93.064532,24.558915],[93.052749,24.522664],[93.045721,24.444529],[93.03673,24.414608],[93.011822,24.4128],[93.018436,24.399131],[92.991875,24.380709],[92.930173,24.391638],[92.863407,24.365619],[92.837259,24.367609],[92.783825,24.461556],[92.75778,24.482976],[92.746308,24.471091],[92.707344,24.369572],[92.622595,24.28074],[92.624455,24.238521],[92.588488,24.221313],[92.501879,24.140852],[92.480175,24.129225],[92.453303,24.132326],[92.431289,24.152996],[92.414856,24.195707],[92.428808,24.229529],[92.42302,24.23803],[92.29848,24.23772],[92.230991,24.248029],[92.220242,24.264333],[92.254349,24.337068],[92.260756,24.36704],[92.257759,24.396005],[92.236262,24.437863],[92.234401,24.479385],[92.22789,24.495379],[92.14998,24.542183],[92.163604,24.5592],[92.182931,24.647256],[92.233781,24.777533],[92.235021,24.824765],[92.217658,24.874581],[92.223032,24.891376],[92.252177,24.902977],[92.290418,24.891298],[92.358321,24.853652],[92.363592,24.841017],[92.380748,24.836702],[92.477693,24.86391],[92.49454,24.894864],[92.483791,24.928221],[92.449788,24.946437],[92.458056,24.953284],[92.454026,24.958116],[92.412271,24.987391],[92.38695,24.99509],[92.384937,25.004773],[92.45382,25.070098],[92.510147,25.112938],[92.533815,25.12503],[92.557483,25.127898],[92.560686,25.150248],[92.649157,25.155442],[92.680369,25.18792],[92.805529,25.227711],[92.811627,25.234119],[92.794057,25.258045],[92.786306,25.282462],[92.798295,25.327343],[92.789613,25.348892],[92.701763,25.425528],[92.636754,25.447439],[92.620321,25.46997],[92.584871,25.491519],[92.636444,25.534772],[92.678819,25.586733],[92.683573,25.596371],[92.677889,25.610633],[92.655771,25.611486],[92.617634,25.589549],[92.593449,25.586656],[92.476867,25.699879],[92.433149,25.729386],[92.413615,25.751839],[92.382403,25.764345],[92.316464,25.727319],[92.227684,25.713754],[92.178384,25.684686],[92.167325,25.689543],[92.173837,25.755172],[92.167015,25.817132],[92.214661,25.919478],[92.20784,25.939347],[92.179108,25.947745],[92.175697,25.979784],[92.183965,25.993013],[92.26148,26.055413],[92.270368,26.073215],[92.26427,26.082672],[92.164122,26.088382],[92.054051,26.056834],[92.020668,26.058849],[91.922483,26.03823],[91.890857,26.043656],[91.848792,26.079003],[91.825331,26.089261],[91.807141,26.088098],[91.75195,26.048074],[91.718154,25.967692],[91.693763,25.94144],[91.672472,25.931157],[91.641259,25.932784],[91.631648,25.93958],[91.645807,26.000093],[91.637849,26.026112],[91.606223,26.037713],[91.59196,26.034406],[91.557957,25.984797],[91.472277,25.8901],[91.475275,25.884751],[91.496565,25.882891],[91.532842,25.901546],[91.527365,25.888084],[91.473518,25.861833],[91.41626,25.858758],[91.360553,25.843255],[91.329134,25.821215],[91.269086,25.751607],[91.250999,25.737602],[91.22206,25.730678],[91.208108,25.736181],[91.199323,25.76065],[91.195912,25.868938],[91.178859,25.869636],[91.081604,25.837571],[91.060933,25.85173],[91.031271,25.83571],[91.023726,25.847053],[91.028997,25.899298],[91.014424,25.915705],[90.987449,25.922604],[90.97453,25.943636],[90.924611,25.941699],[90.868387,25.951595],[90.81454,25.943559],[90.778056,25.925059],[90.769685,25.935911],[90.766584,25.959734],[90.752942,25.962137],[90.691757,25.949605],[90.644318,25.931467],[90.633569,25.939115],[90.626748,25.964126],[90.609591,25.969397],[90.578999,25.937203],[90.53466,25.910951],[90.532903,25.921416],[90.551713,25.961258],[90.545306,25.980663],[90.494869,26.009911],[90.397098,26.017146],[90.37374,26.014356],[90.323924,25.984797],[90.135615,25.959785],[90.119699,25.952654],[90.089623,25.920795],[90.041047,25.886301],[90.02017,25.852402],[89.980172,25.814006],[89.96746,25.762097],[89.944619,25.72582],[89.940898,25.70409],[89.949166,25.665798],[89.966633,25.638616],[90.000533,25.609316],[90.004047,25.597921],[89.998466,25.580661],[89.96653,25.561489],[89.919814,25.560533],[89.903381,25.553531],[89.897283,25.541361],[89.893562,25.485525],[89.883331,25.465939],[89.808568,25.439507],[89.82323,25.489143],[89.834392,25.634767],[89.801526,25.724684],[89.783129,25.814446],[89.786953,25.839147],[89.830051,25.90798],[89.834392,25.931752],[89.792017,25.949115],[89.825607,25.965703],[89.828656,25.979397],[89.814135,25.99614],[89.789434,25.987976],[89.755844,26.032417],[89.750211,26.041564],[89.749849,26.083887],[89.728766,26.114169],[89.718482,26.145537],[89.706545,26.154167],[89.670371,26.154115],[89.655798,26.161298],[89.657829,26.187174],[89.735329,26.211708],[89.732642,26.250646],[89.75879,26.263178],[89.781528,26.308679],[89.828864,26.327851],[89.829794,26.334207],[89.815118,26.347901],[89.815221,26.360975],[89.843436,26.382163],[89.858526,26.471046],[89.888498,26.532903],[89.87899,26.636979],[89.853978,26.709429],[89.85992,26.721884]]]}},{"type":"Feature","properties":{"name":"Nagaland","code":"IN-NL"},"geometry":{"type":"Polygon","coordinates":[[[95.239075,26.649641],[95.223262,26.670363],[95.204865,26.667572],[95.173239,26.633828],[95.132622,26.620805],[95.119082,26.604217],[95.109574,26.5513],[95.040638,26.475594],[95.066062,26.407433],[95.043635,26.327696],[95.046322,26.24796],[95.058724,26.217677],[95.090764,26.202691],[95.094484,26.195043],[95.078361,26.171324],[95.08818,26.104093],[95.101719,26.093395],[95.137479,26.082957],[95.150088,26.070968],[95.151225,26.049936],[95.139546,26.029937],[95.065856,25.953817],[95.00064,25.922036],[94.993199,25.880954],[95.013456,25.777704],[95.015316,25.755122],[95.008805,25.737138],[94.969014,25.725614],[94.961469,25.717966],[94.871656,25.598025],[94.853466,25.586036],[94.860287,25.567174],[94.822356,25.559113],[94.782359,25.504594],[94.764375,25.491675],[94.692028,25.476327],[94.65036,25.44665],[94.615962,25.4524],[94.552813,25.490331],[94.535863,25.513688],[94.570693,25.621486],[94.574827,25.676211],[94.570383,25.687631],[94.490284,25.623708],[94.435301,25.594407],[94.386725,25.541439],[94.325333,25.512035],[94.195109,25.496584],[94.171854,25.514412],[94.15077,25.52144],[94.109946,25.515135],[94.084004,25.519528],[94.026747,25.553841],[93.976001,25.548312],[93.929905,25.554409],[93.803195,25.543557],[93.769605,25.532085],[93.759373,25.499994],[93.792756,25.490434],[93.807535,25.47953],[93.813427,25.457154],[93.808569,25.446096],[93.679068,25.328273],[93.679378,25.314321],[93.649199,25.261921],[93.605481,25.2058],[93.58636,25.212622],[93.557835,25.247503],[93.515047,25.259647],[93.49851,25.274995],[93.466471,25.285899],[93.449211,25.302125],[93.455722,25.322589],[93.458513,25.380725],[93.443733,25.421704],[93.427817,25.442478],[93.396294,25.461392],[93.340587,25.529295],[93.338313,25.548467],[93.419135,25.617041],[93.524349,25.689285],[93.580779,25.763079],[93.705836,25.864365],[93.706973,25.87532],[93.677621,25.911442],[93.685062,25.926997],[93.75865,25.960638],[93.796373,25.951595],[93.807949,25.931389],[93.810119,25.903639],[93.802885,25.880953],[93.774773,25.846278],[93.779113,25.831033],[93.90417,25.85682],[93.947785,25.886172],[93.98923,25.94622],[93.97166,25.984874],[93.969696,26.027042],[93.973417,26.040375],[94.002666,26.076755],[94.01021,26.131274],[94.001735,26.164915],[94.00773,26.184397],[94.102918,26.303563],[94.170407,26.360769],[94.183947,26.395598],[94.195419,26.465465],[94.269626,26.55471],[94.29102,26.542876],[94.298772,26.499468],[94.30828,26.485412],[94.327917,26.481898],[94.345487,26.489701],[94.396543,26.534401],[94.420625,26.567474],[94.421968,26.603958],[94.428686,26.616877],[94.486564,26.676667],[94.520567,26.679922],[94.549196,26.701936],[94.587229,26.699921],[94.668982,26.732115],[94.76541,26.788029],[94.798896,26.814384],[94.873207,26.91505],[94.917132,26.951172],[94.966224,26.927142],[94.99847,26.923318],[95.017901,26.928176],[95.149779,27.000471],[95.176444,27.033182],[95.179855,27.003727],[95.225433,26.974219],[95.234322,26.945746],[95.229051,26.898255],[95.202179,26.866732],[95.197425,26.841773],[95.20621,26.820585],[95.225743,26.806323],[95.235252,26.790613],[95.224813,26.742141],[95.246311,26.679715],[95.246933,26.648904],[95.239075,26.649641]]]}},{"type":"Feature","properties":{"name":"Manipur","code":"IN-MN"},"geometry":{"type":"Polygon","coordinates":[[[94.65036,25.44665],[94.608003,25.394627],[94.550125,25.245282],[94.553329,25.204147],[94.576893,25.173607],[94.653271,25.154125],[94.689135,25.138518],[94.706808,25.109941],[94.713836,25.068264],[94.708565,25.02589],[94.673528,24.974807],[94.654821,24.889154],[94.599011,24.813474],[94.589502,24.74725],[94.581544,24.73012],[94.555706,24.708855],[94.516329,24.704953],[94.474987,24.597389],[94.418453,24.560311],[94.397059,24.495069],[94.370394,24.477732],[94.363676,24.46582],[94.361196,24.425409],[94.328743,24.394481],[94.330707,24.362855],[94.29536,24.332599],[94.282751,24.266427],[94.233969,24.160335],[94.214125,24.069178],[94.199139,24.048094],[94.19025,23.995281],[94.13506,23.919006],[94.131856,23.856969],[94.11687,23.841647],[94.099713,23.842628],[94.055065,23.887949],[93.997911,23.916965],[93.883189,23.94531],[93.803711,23.936059],[93.782833,23.945465],[93.743042,23.995281],[93.711106,24.005461],[93.612404,24.009052],[93.588013,23.995229],[93.571063,23.968021],[93.561348,23.965696],[93.543468,23.980889],[93.495719,23.959133],[93.456652,23.95996],[93.439185,23.995229],[93.3965,24.037526],[93.368285,24.07848],[93.348545,24.088893],[93.32219,24.080056],[93.309684,24.063984],[93.302559,24.035775],[93.248706,24.017733],[93.252427,24.049308],[93.232894,24.068841],[93.213153,24.049153],[93.187418,24.04029],[93.172535,24.040807],[93.168091,24.054837],[93.148041,24.061994],[93.114348,24.044088],[93.105666,24.044941],[93.07094,24.071864],[92.979369,24.104782],[92.997559,24.131318],[93.00221,24.184803],[93.017713,24.239916],[93.014302,24.274462],[93.045928,24.326526],[93.041691,24.34084],[93.02288,24.35425],[93.022054,24.390165],[93.011822,24.4128],[93.03673,24.414608],[93.045721,24.444529],[93.052749,24.522664],[93.064532,24.558915],[93.100602,24.577027],[93.080035,24.62444],[93.106286,24.671931],[93.091197,24.682706],[93.087063,24.706994],[93.117655,24.797195],[93.128817,24.81448],[93.148144,24.823886],[93.181114,24.809442],[93.199407,24.816522],[93.207159,24.847579],[93.253357,24.914707],[93.239405,24.944808],[93.26514,24.958374],[93.276818,24.973437],[93.260075,25.008836],[93.262969,25.035992],[93.281366,25.056455],[93.312062,25.065783],[93.345858,25.124358],[93.394331,25.235049],[93.422856,25.276597],[93.449211,25.302125],[93.466471,25.285899],[93.49851,25.274995],[93.515047,25.259647],[93.557835,25.247503],[93.58636,25.212622],[93.605481,25.2058],[93.649199,25.261921],[93.679378,25.314321],[93.679068,25.328273],[93.808569,25.446096],[93.813427,25.457154],[93.807535,25.47953],[93.792756,25.490434],[93.759373,25.499994],[93.769605,25.532085],[93.803195,25.543557],[93.929905,25.554409],[93.976001,25.548312],[94.026747,25.553841],[94.084004,25.519528],[94.109946,25.515135],[94.15077,25.52144],[94.171854,25.514412],[94.195109,25.496584],[94.325333,25.512035],[94.386725,25.541439],[94.435301,25.594407],[94.490284,25.623708],[94.570383,25.687631],[94.574827,25.676211],[94.570693,25.621486],[94.535863,25.513688],[94.552813,25.490331],[94.599528,25.460772],[94.65036,25.44665]]]}},{"type":"Feature","properties":{"name":"Mizoram","code":"IN-MZ"},"geometry":{"type":"Polygon","coordinates":[[[93.301106,24.016571],[93.316092,23.961097],[93.355986,23.906991],[93.374796,23.739017],[93.406319,23.719122],[93.425956,23.690803],[93.432364,23.647317],[93.400221,23.454022],[93.407249,23.347258],[93.377897,23.296822],[93.3749,23.129726],[93.318262,23.03366],[93.272787,23.00591],[93.246535,23.004488],[93.196512,23.053839],[93.177082,23.058439],[93.152381,23.049938],[93.140082,23.031903],[93.138221,23.005264],[93.143182,22.977513],[93.177392,22.900205],[93.175532,22.881705],[93.125302,22.821554],[93.115897,22.798403],[93.079517,22.77272],[93.070835,22.69288],[93.073936,22.671899],[93.110523,22.596348],[93.098224,22.535266],[93.099154,22.51196],[93.117861,22.462868],[93.153518,22.427521],[93.16592,22.386593],[93.173672,22.259418],[93.169021,22.246912],[93.123545,22.230686],[93.123132,22.218387],[93.141735,22.187277],[93.119515,22.180973],[93.072489,22.20247],[93.045824,22.206863],[93.024533,22.201902],[93.025464,22.112915],[92.985466,22.095965],[92.967172,22.062685],[92.965312,22.04956],[92.979885,22.002276],[92.968103,21.987238],[92.955597,21.989615],[92.937407,22.013024],[92.920974,22.021809],[92.906194,22.017314],[92.889244,21.966722],[92.877462,21.957007],[92.867024,21.966516],[92.853898,22.024135],[92.836121,22.046511],[92.771629,22.104182],[92.708067,22.147952],[92.683779,22.154308],[92.67396,22.147073],[92.671067,22.133896],[92.67396,22.095242],[92.662075,22.094777],[92.656184,22.075294],[92.658354,22.032816],[92.650913,22.019174],[92.615256,22.008787],[92.597996,21.989305],[92.575879,21.977574],[92.559962,22.061342],[92.537328,22.128625],[92.549317,22.138495],[92.575568,22.143301],[92.577015,22.168674],[92.517381,22.51258],[92.500844,22.560536],[92.502911,22.618621],[92.495883,22.695618],[92.480691,22.726159],[92.442037,22.762927],[92.426327,22.87106],[92.411858,22.887932],[92.378681,22.900438],[92.359871,22.926612],[92.352223,22.960331],[92.35305,23.029913],[92.327625,23.171429],[92.332689,23.226258],[92.357494,23.278942],[92.347055,23.315426],[92.348606,23.354105],[92.326695,23.375267],[92.325351,23.403508],[92.301477,23.431801],[92.291038,23.495285],[92.252797,23.609309],[92.250007,23.642615],[92.261686,23.685119],[92.259737,23.702641],[92.268095,23.71956],[92.26086,23.775655],[92.270885,23.805059],[92.268508,23.822009],[92.274916,23.837796],[92.292072,23.853506],[92.312743,23.84516],[92.318634,23.850534],[92.320908,23.889085],[92.314087,23.905802],[92.313776,23.936446],[92.331967,23.994841],[92.318117,24.035949],[92.328763,24.103077],[92.325352,24.188343],[92.29848,24.23772],[92.42302,24.23803],[92.428808,24.229529],[92.414856,24.195707],[92.431289,24.152996],[92.463535,24.128579],[92.489476,24.132507],[92.588488,24.221313],[92.624455,24.238521],[92.622595,24.28074],[92.707344,24.369572],[92.746308,24.471091],[92.75778,24.482976],[92.783825,24.461556],[92.837259,24.367609],[92.863407,24.365619],[92.930173,24.391638],[92.991875,24.380709],[93.018436,24.399131],[93.02288,24.35425],[93.041691,24.34084],[93.045928,24.326526],[93.014302,24.274462],[93.017713,24.239916],[93.00221,24.184803],[92.997559,24.131318],[92.979369,24.104782],[93.07094,24.071864],[93.105666,24.044941],[93.114348,24.044088],[93.148041,24.061994],[93.168091,24.054837],[93.172535,24.040807],[93.187418,24.04029],[93.213153,24.049153],[93.232894,24.068841],[93.252427,24.049308],[93.248706,24.017733],[93.302559,24.035775],[93.301106,24.016571]]]}},{"type":"Feature","properties":{"name":"Tripura","code":"IN-TR"},"geometry":{"type":"Polygon","coordinates":[[[92.259309,23.706487],[92.238741,23.716848],[92.222102,23.707779],[92.209389,23.661606],[92.1943,23.648144],[92.180761,23.665378],[92.170632,23.703645],[92.150788,23.731653],[92.108414,23.718243],[92.059631,23.659487],[92.042371,23.64556],[92.019013,23.640057],[92.00351,23.647421],[91.936641,23.72354],[91.922688,23.722972],[91.91442,23.688323],[91.915971,23.65016],[91.942325,23.53443],[91.940775,23.495182],[91.905118,23.446632],[91.833805,23.413895],[91.817682,23.400924],[91.762595,23.321549],[91.743681,23.272327],[91.749159,23.232407],[91.763938,23.200626],[91.779028,23.131767],[91.795564,23.089496],[91.776237,23.06526],[91.75598,23.061539],[91.75505,23.048233],[91.738307,23.024668],[91.706991,22.995368],[91.646943,22.976583],[91.616661,22.978056],[91.602398,22.952967],[91.586068,22.944466],[91.576766,22.968806],[91.536562,22.981854],[91.523643,22.995213],[91.518165,23.035081],[91.503283,23.044408],[91.463595,23.184116],[91.446438,23.197887],[91.446438,23.215535],[91.439927,23.223519],[91.436517,23.214863],[91.413572,23.248634],[91.394349,23.262664],[91.372128,23.261889],[91.360966,23.247523],[91.355695,23.224139],[91.355901,23.179646],[91.374608,23.095723],[91.370887,23.062779],[91.337401,23.071074],[91.313527,23.101046],[91.300504,23.142309],[91.27725,23.303256],[91.265778,23.329352],[91.287275,23.355552],[91.25813,23.373639],[91.22733,23.468775],[91.195084,23.495182],[91.169866,23.561974],[91.140824,23.6121],[91.136276,23.629515],[91.139687,23.65357],[91.166456,23.654087],[91.175241,23.670313],[91.168936,23.685377],[91.136587,23.69889],[91.132349,23.720646],[91.141754,23.739896],[91.194981,23.755166],[91.205213,23.771573],[91.228157,23.84498],[91.212758,23.88074],[91.216272,23.908387],[91.250378,23.964042],[91.274149,23.988227],[91.291616,23.994816],[91.327066,23.987865],[91.339055,23.995229],[91.349287,24.036053],[91.350837,24.074242],[91.363033,24.099848],[91.404581,24.103129],[91.517545,24.085198],[91.581831,24.096101],[91.606015,24.118865],[91.629063,24.215319],[91.639502,24.211702],[91.666167,24.155917],[91.703684,24.142946],[91.72115,24.148992],[91.732623,24.164314],[91.723011,24.220977],[91.732933,24.234284],[91.807037,24.221133],[91.813755,24.183124],[91.844244,24.155323],[91.864501,24.150594],[91.87711,24.158036],[91.884345,24.175554],[91.905945,24.260639],[91.906875,24.280354],[91.896437,24.320119],[91.899847,24.33805],[91.921862,24.34451],[91.972194,24.316062],[91.971368,24.329679],[91.948837,24.363527],[91.949974,24.375387],[92.033379,24.36885],[92.062732,24.37102],[92.08826,24.38164],[92.107587,24.405979],[92.111204,24.434298],[92.105933,24.49525],[92.110894,24.514293],[92.14998,24.542183],[92.22789,24.495379],[92.234401,24.479385],[92.236262,24.437863],[92.257759,24.396005],[92.260756,24.36704],[92.254349,24.337068],[92.220242,24.264333],[92.230991,24.248029],[92.29848,24.23772],[92.325352,24.188343],[92.328763,24.103077],[92.318117,24.035949],[92.331967,23.994841],[92.313776,23.936446],[92.319978,23.857381],[92.312743,23.84516],[92.292072,23.853506],[92.270678,23.829114],[92.270885,23.805059],[92.26086,23.775655],[92.268095,23.71956],[92.259309,23.706487]]]}},{"type":"Feature","properties":{"name":"Meghalaya","code":"IN-ML"},"geometry":{"type":"Polygon","coordinates":[[[92.381058,25.023435],[92.328142,25.048007],[92.303544,25.074285],[92.233677,25.084956],[92.208046,25.098107],[92.172699,25.131955],[92.150995,25.129733],[92.116165,25.139449],[92.092911,25.164718],[92.033999,25.181668],[92.001753,25.18296],[91.956278,25.169783],[91.900571,25.177586],[91.793704,25.165338],[91.730142,25.167457],[91.710712,25.144668],[91.677432,25.152626],[91.662033,25.127201],[91.638675,25.124049],[91.596197,25.128907],[91.566121,25.159964],[91.548758,25.161101],[91.523436,25.145185],[91.480752,25.135263],[91.431866,25.13795],[91.283968,25.178981],[91.235702,25.201925],[91.190847,25.189471],[91.135346,25.191228],[90.82198,25.142291],[90.793972,25.145391],[90.753974,25.167561],[90.737955,25.169421],[90.707672,25.152988],[90.62344,25.171436],[90.583339,25.162031],[90.50138,25.168801],[90.399784,25.149009],[90.364644,25.149991],[90.286923,25.180066],[90.130085,25.211589],[89.908134,25.296907],[89.870204,25.295563],[89.834599,25.282437],[89.819044,25.284969],[89.807365,25.304503],[89.795015,25.374163],[89.808568,25.439507],[89.875476,25.460436],[89.888808,25.473303],[89.903381,25.553531],[89.919814,25.560533],[89.96653,25.561489],[89.992161,25.574331],[90.002083,25.586811],[90.000533,25.609316],[89.966633,25.638616],[89.949166,25.665798],[89.940898,25.70409],[89.944619,25.72582],[89.96746,25.762097],[89.980172,25.814006],[90.02017,25.852402],[90.041047,25.886301],[90.089623,25.920795],[90.119699,25.952654],[90.135615,25.959785],[90.323924,25.984797],[90.37374,26.014356],[90.397098,26.017146],[90.494869,26.009911],[90.545306,25.980663],[90.551713,25.961258],[90.532903,25.921416],[90.53466,25.910951],[90.578999,25.937203],[90.609591,25.969397],[90.626748,25.964126],[90.633569,25.939115],[90.644318,25.931467],[90.691757,25.949605],[90.752942,25.962137],[90.766584,25.959734],[90.769685,25.935911],[90.778056,25.925059],[90.81454,25.943559],[90.868387,25.951595],[90.924611,25.941699],[90.97453,25.943636],[90.987449,25.922604],[91.014424,25.915705],[91.028997,25.899298],[91.023726,25.847053],[91.031271,25.83571],[91.060933,25.85173],[91.081604,25.837571],[91.178859,25.869636],[91.195912,25.868938],[91.199323,25.76065],[91.208108,25.736181],[91.22206,25.730678],[91.250999,25.737602],[91.269086,25.751607],[91.329134,25.821215],[91.360553,25.843255],[91.41626,25.858758],[91.473518,25.861833],[91.527365,25.888084],[91.532842,25.901546],[91.496565,25.882891],[91.475275,25.884751],[91.472277,25.8901],[91.557957,25.984797],[91.59196,26.034406],[91.606223,26.037713],[91.637849,26.026112],[91.645807,26.000093],[91.631648,25.93958],[91.641259,25.932784],[91.672472,25.931157],[91.693763,25.94144],[91.718154,25.967692],[91.75195,26.048074],[91.807141,26.088098],[91.825331,26.089261],[91.848792,26.079003],[91.890857,26.043656],[91.922483,26.03823],[92.020668,26.058849],[92.054051,26.056834],[92.164122,26.088382],[92.255175,26.085152],[92.270368,26.073215],[92.26148,26.055413],[92.183965,25.993013],[92.175697,25.979784],[92.179108,25.947745],[92.20784,25.939347],[92.214661,25.919478],[92.167015,25.817132],[92.173837,25.755172],[92.167325,25.689543],[92.178384,25.684686],[92.227684,25.713754],[92.316464,25.727319],[92.382403,25.764345],[92.413615,25.751839],[92.433149,25.729386],[92.476867,25.699879],[92.593449,25.586656],[92.617634,25.589549],[92.655771,25.611486],[92.677889,25.610633],[92.683573,25.596371],[92.678819,25.586733],[92.636444,25.534772],[92.584871,25.491519],[92.620321,25.46997],[92.636754,25.447439],[92.701763,25.425528],[92.789613,25.348892],[92.798295,25.327343],[92.786306,25.282462],[92.794057,25.258045],[92.811627,25.234119],[92.805529,25.227711],[92.680369,25.18792],[92.649157,25.155442],[92.601924,25.148956],[92.564924,25.152419],[92.557483,25.127898],[92.533815,25.12503],[92.510147,25.112938],[92.45382,25.070098],[92.384937,25.004773],[92.381058,25.023435]]]}},{"type":"Feature","properties":{"name":"Rajasthan","code":"IN-RJ"},"geometry":{"type":"MultiPolygon","coordinates":[[[[76.092234,27.854269],[76.120346,27.851866],[76.179051,27.807657],[76.213157,27.834606],[76.201375,27.885611],[76.180084,27.909563],[76.179051,27.957622],[76.16339291349776,28.0],[76.5336140855942,28.0],[76.553085,27.971239],[76.567244,27.976432],[76.58894221286889,28.0],[76.93242592577461,28.0],[76.943552,27.865225],[76.91544,27.815253],[76.900867,27.744095],[76.900867,27.73438],[76.919367,27.70756],[76.893736,27.69632],[76.890118,27.68968],[76.895699,27.678595],[76.910479,27.670404],[76.940555,27.680326],[76.973007,27.679293],[77.005874,27.730065],[77.077807,27.746162],[77.068299,27.760709],[77.032022,27.781354],[77.040807,27.807295],[77.052486,27.811326],[77.117185,27.793136],[77.133824,27.794195],[77.158009,27.816959],[77.164624,27.817424],[77.177543,27.799182],[77.188085,27.798252],[77.205655,27.817501],[77.229943,27.792722],[77.252784,27.814117],[77.280689,27.80944],[77.293401,27.76877],[77.294228,27.722003],[77.300429,27.711823],[77.319653,27.701617],[77.332882,27.671024],[77.334122,27.647357],[77.317483,27.621984],[77.340324,27.598445],[77.340117,27.550463],[77.415254,27.45928],[77.427657,27.417552],[77.44254,27.396183],[77.459799,27.385073],[77.501967,27.374867],[77.562325,27.335851],[77.602116,27.329495],[77.610488,27.279291],[77.635499,27.225444],[77.652242,27.214541],[77.657307,27.202707],[77.640254,27.177256],[77.60408,27.160668],[77.591368,27.130747],[77.51344,27.109224],[77.500727,27.099483],[77.499797,27.089174],[77.511786,27.07256],[77.532767,27.07026],[77.55075,27.040081],[77.618963,27.029953],[77.643044,27.046618],[77.67405,27.006259],[77.683352,27.007163],[77.707433,27.026309],[77.719215,27.015793],[77.719112,27.002926],[77.699991,26.988715],[77.628471,26.97316],[77.423316,26.88438],[77.399545,26.855519],[77.397891,26.778883],[77.406986,26.775136],[77.431894,26.781234],[77.472098,26.836553],[77.510546,26.833324],[77.64139,26.883243],[77.69224,26.92231],[77.720455,26.933964],[77.821845,26.919365],[77.852644,26.90288],[77.879102,26.915024],[77.976564,26.904379],[77.997441,26.895077],[78.016251,26.866655],[78.023176,26.905412],[78.066067,26.912311],[78.078883,26.928667],[78.106892,26.947296],[78.1688,26.948924],[78.231019,26.934661],[78.246521,26.91784],[78.208074,26.88221],[78.175311,26.873476],[78.173451,26.863503],[78.200116,26.823583],[78.182236,26.81733],[78.169007,26.822162],[78.164976,26.791931],[78.15154,26.783198],[78.101207,26.795109],[78.092939,26.779787],[78.10038,26.742864],[78.087358,26.721134],[78.085188,26.689431],[78.0794,26.682919],[78.038472,26.681808],[78.012841,26.69558],[77.950002,26.669819],[77.90277,26.664032],[77.889024,26.651655],[77.880652,26.625559],[77.819157,26.605069],[77.831456,26.575768],[77.808925,26.559284],[77.74402,26.536158],[77.715081,26.506031],[77.616792,26.482983],[77.51437,26.416372],[77.4999,26.411644],[77.441816,26.413272],[77.431481,26.400146],[77.431274,26.373662],[77.415151,26.364851],[77.407606,26.372292],[77.395101,26.366169],[77.335776,26.361104],[77.305287,26.331339],[77.28813,26.299997],[77.230149,26.262454],[77.209686,26.241964],[77.124729,26.237856],[77.099821,26.221449],[77.094964,26.19866],[77.082458,26.185275],[77.049075,26.184268],[77.018896,26.171659],[76.991921,26.135899],[76.96939,26.129387],[76.937454,26.104247],[76.907998,26.098588],[76.887535,26.06381],[76.815498,26.018826],[76.804336,25.974436],[76.796067,25.964539],[76.770229,25.953972],[76.740153,25.923224],[76.727028,25.9163],[76.641141,25.920434],[76.620574,25.885061],[76.591945,25.880591],[76.545953,25.848293],[76.517945,25.799252],[76.512674,25.74463],[76.487456,25.737112],[76.478361,25.7198],[76.49221,25.686753],[76.521459,25.550172],[76.546987,25.470797],[76.559079,25.452529],[76.602901,25.437414],[76.63339,25.392662],[76.652304,25.379175],[76.705944,25.372638],[76.773123,25.332175],[76.819115,25.344474],[76.869655,25.337937],[76.922778,25.306388],[76.946963,25.318558],[77.001533,25.317551],[77.095791,25.355378],[77.141266,25.341968],[77.181057,25.342536],[77.208135,25.364809],[77.222501,25.402739],[77.237074,25.422247],[77.281206,25.442659],[77.327714,25.443202],[77.346525,25.431342],[77.358514,25.41186],[77.342804,25.367677],[77.365335,25.324424],[77.357583,25.289594],[77.360064,25.269802],[77.398925,25.212234],[77.387969,25.190892],[77.387969,25.151592],[77.328851,25.108623],[77.309731,25.109966],[77.266013,25.130456],[77.234904,25.12255],[77.200384,25.129345],[77.088039,25.093688],[76.999362,25.08772],[76.869034,25.040151],[76.84733,25.012375],[76.845883,25.000154],[76.878233,24.935403],[76.881747,24.890522],[76.857562,24.866441],[76.791933,24.851688],[76.780564,24.837141],[76.782735,24.826754],[76.848054,24.759703],[76.877819,24.743916],[76.956368,24.742599],[77.014555,24.699165],[77.046181,24.649581],[77.060857,24.577854],[77.058894,24.561628],[77.035226,24.538399],[76.922261,24.496076],[76.8988,24.500081],[76.89632,24.533929],[76.875752,24.565297],[76.828417,24.57664],[76.806713,24.5654],[76.814464,24.505843],[76.805783,24.462099],[76.816428,24.426055],[76.814567,24.360115],[76.820459,24.3373],[76.878026,24.261103],[76.894149,24.229658],[76.86273,24.175036],[76.822216,24.174494],[76.794724,24.161445],[76.766612,24.160334],[76.66915,24.223586],[76.653957,24.240536],[76.674111,24.294771],[76.66977,24.305881],[76.660778,24.309602],[76.621504,24.301101],[76.581713,24.282446],[76.566004,24.262085],[76.552051,24.22139],[76.511537,24.209091],[76.494794,24.214414],[76.477534,24.253455],[76.45614,24.265031],[76.381519,24.260018],[76.304728,24.283143],[76.230314,24.277872],[76.214501,24.283764],[76.190213,24.310609],[76.192177,24.345517],[76.182461,24.352958],[76.140707,24.335285],[76.123964,24.312005],[76.116729,24.25144],[76.116626,24.134031],[76.083243,24.098142],[76.0,24.051668701910177],[76.0,27.842752491711273],[76.092234,27.854269]]],[[[76.0,24.00431180415283],[76.001801,23.997967],[76.0,23.990777558207032],[76.0,24.00431180415283]]]]}},{"type":"Feature","properties":{"name":"Bihar","code":"IN-BR"},"geometry":{"type":"Polygon","coordinates":[[[87.659641,26.41751],[87.68119,26.424228],[87.710904,26.405676],[87.727544,26.403764],[87.74222,26.410482],[87.756173,26.446914],[87.768988,26.451461],[87.804439,26.437354],[87.821595,26.437509],[87.852084,26.46066],[87.869809,26.464639],[87.897301,26.443452],[87.914768,26.40826],[87.928979,26.396426],[87.975488,26.366557],[88.006648,26.369864],[88.044321,26.405676],[88.074189,26.453942],[88.087136,26.5391],[88.130983,26.531197],[88.194028,26.549517],[88.203433,26.547191],[88.20581,26.539724],[88.195268,26.50014],[88.237436,26.474638],[88.282291,26.428439],[88.257797,26.410869],[88.254489,26.396038],[88.299551,26.368804],[88.300171,26.338935],[88.263688,26.332708],[88.220073,26.299454],[88.180489,26.285528],[88.079823,26.19282],[88.038068,26.171116],[88.016468,26.150885],[87.979364,26.145795],[87.970269,26.138302],[87.936679,26.099002],[87.839424,26.022314],[87.831363,26.010557],[87.8171,25.937073],[87.811002,25.928547],[87.793226,25.923379],[87.787438,25.911675],[87.805421,25.873666],[87.865056,25.843901],[87.892651,25.804188],[87.904123,25.773311],[87.932235,25.751297],[87.94257,25.735329],[88.005099,25.710808],[88.042823,25.678149],[88.056775,25.614122],[88.043133,25.547097],[88.06494,25.519864],[88.067421,25.49108],[88.005822,25.501209],[87.990526,25.507694],[87.988666,25.518288],[87.97492,25.528313],[87.9558,25.534075],[87.922623,25.514438],[87.880352,25.501286],[87.863195,25.4786],[87.849966,25.471107],[87.768007,25.436277],[87.766974,25.426381],[87.74558,25.406873],[87.74496,25.399458],[87.761186,25.391474],[87.774829,25.366979],[87.798807,25.365946],[87.813689,25.347342],[87.839011,25.288302],[87.838081,25.27776],[87.8171,25.246676],[87.783717,25.214094],[87.770178,25.236987],[87.749611,25.248227],[87.72615,25.251611],[87.681191,25.245436],[87.598715,25.266701],[87.57019,25.303469],[87.523475,25.323778],[87.470765,25.284168],[87.454745,25.243317],[87.436141,25.228796],[87.423429,25.18854],[87.406686,25.181047],[87.35563,25.197067],[87.337439,25.18823],[87.302506,25.183915],[87.291861,25.174252],[87.282972,25.149706],[87.261372,25.063974],[87.216723,25.072553],[87.185511,25.061985],[87.150887,25.031625],[87.121329,24.986279],[87.117298,24.970879],[87.121742,24.863754],[87.112027,24.839156],[87.068102,24.778488],[87.077507,24.745337],[87.066655,24.699475],[87.069445,24.668055],[87.050015,24.597026],[87.042264,24.588396],[87.013118,24.586045],[86.961132,24.605191],[86.917827,24.612684],[86.915346,24.597259],[86.890748,24.564547],[86.889922,24.531604],[86.813234,24.55416],[86.781504,24.577492],[86.755356,24.588138],[86.737889,24.580851],[86.727968,24.560129],[86.702336,24.547778],[86.649213,24.542662],[86.607355,24.561292],[86.585651,24.561447],[86.49439,24.479798],[86.485192,24.445227],[86.486019,24.410474],[86.462557,24.391767],[86.461937,24.363139],[86.449742,24.343114],[86.438683,24.340375],[86.416359,24.351873],[86.35507,24.395281],[86.276419,24.434814],[86.272491,24.454451],[86.298433,24.481607],[86.304634,24.500314],[86.300293,24.532611],[86.290475,24.551551],[86.26226,24.553799],[86.223606,24.567932],[86.191359,24.553024],[86.17441,24.552378],[86.154876,24.556098],[86.136686,24.569586],[86.117669,24.597026],[86.107747,24.671647],[86.097722,24.690483],[86.081495,24.701102],[86.03292,24.712394],[86.046872,24.739601],[86.040154,24.749988],[86.01814,24.742986],[85.959332,24.703221],[85.911583,24.698467],[85.849158,24.764458],[85.830865,24.770917],[85.746012,24.770039],[85.731853,24.766551],[85.708288,24.738645],[85.696919,24.711541],[85.693715,24.682163],[85.680796,24.658547],[85.64731,24.648573],[85.6624,24.605734],[85.6624,24.568888],[85.656818,24.557649],[85.643693,24.55013],[85.619818,24.549923],[85.578374,24.557804],[85.569899,24.541241],[85.526387,24.501554],[85.482359,24.509305],[85.438951,24.505197],[85.391408,24.50946],[85.374562,24.499642],[85.280614,24.487265],[85.271312,24.467034],[85.170957,24.430912],[85.160208,24.421326],[85.157727,24.395643],[85.088998,24.341951],[85.082487,24.34854],[85.088481,24.383318],[85.080626,24.393318],[85.015411,24.371794],[84.981821,24.352803],[84.96146,24.348385],[84.908854,24.353682],[84.88901,24.372828],[84.876298,24.436442],[84.868546,24.440111],[84.843845,24.433496],[84.835163,24.43794],[84.825551,24.484914],[84.813149,24.495353],[84.798473,24.496593],[84.688195,24.430705],[84.657603,24.37505],[84.612334,24.380734],[84.588253,24.394429],[84.573164,24.37182],[84.549599,24.352261],[84.539884,24.325983],[84.519213,24.307509],[84.484487,24.302858],[84.454618,24.320376],[84.434464,24.346499],[84.366355,24.388124],[84.314368,24.443134],[84.311888,24.451144],[84.32522,24.470445],[84.3246,24.502949],[84.305376,24.530803],[84.285843,24.531578],[84.26879,24.517651],[84.246879,24.526875],[84.202954,24.52132],[84.197373,24.518142],[84.197993,24.490288],[84.190241,24.476594],[84.174118,24.47954],[84.169157,24.505507],[84.156858,24.510985],[84.145386,24.476646],[84.130503,24.469773],[84.107042,24.484552],[84.043894,24.623898],[84.021673,24.639039],[84.011648,24.632812],[83.988703,24.587905],[83.965862,24.57602],[83.938267,24.548683],[83.918423,24.543799],[83.849797,24.535066],[83.808869,24.542507],[83.787889,24.537314],[83.767735,24.513775],[83.695905,24.506282],[83.523099,24.529666],[83.520205,24.592634],[83.525372,24.62891],[83.510903,24.667435],[83.530953,24.703583],[83.523615,24.746345],[83.508836,24.762081],[83.444447,24.783423],[83.404139,24.831715],[83.381919,24.843626],[83.35484,24.875045],[83.352773,24.888016],[83.365692,24.931295],[83.364245,24.998397],[83.326521,25.058419],[83.323007,25.079012],[83.337684,25.183295],[83.357321,25.212828],[83.384089,25.235928],[83.483618,25.284193],[83.515554,25.306802],[83.774866,25.444959],[83.801324,25.464131],[83.817654,25.490227],[83.886901,25.517022],[83.918113,25.549268],[84.003379,25.60823],[84.058156,25.67373],[84.143422,25.736207],[84.179803,25.745948],[84.212876,25.728042],[84.213392,25.68311],[84.222384,25.660837],[84.243881,25.645722],[84.276024,25.641484],[84.324187,25.658899],[84.327597,25.680164],[84.312714,25.719722],[84.314678,25.74215],[84.355916,25.760547],[84.372762,25.765068],[84.387645,25.759384],[84.438081,25.718689],[84.486657,25.700731],[84.524174,25.700215],[84.542158,25.705382],[84.592181,25.738352],[84.600656,25.747008],[84.599312,25.761193],[84.610474,25.773879],[84.612438,25.78685],[84.605513,25.799795],[84.531616,25.862091],[84.456582,25.869972],[84.41214,25.895939],[84.396534,25.923689],[84.374313,25.940303],[84.344961,25.940458],[84.279952,25.927074],[84.243571,25.943714],[84.219697,25.974436],[84.206054,26.015415],[84.175875,26.022753],[84.150347,26.066006],[84.064874,26.103549],[84.022293,26.18388],[83.988083,26.208556],[83.988497,26.235014],[84.00772,26.25093],[84.089886,26.261705],[84.120581,26.280282],[84.166987,26.274521],[84.18559,26.284856],[84.187244,26.292788],[84.171328,26.312787],[84.161716,26.337928],[84.185901,26.383041],[84.186211,26.394617],[84.177632,26.40428],[84.086165,26.426062],[84.015988,26.473449],[83.990667,26.4573],[83.969066,26.45314],[83.926278,26.464638],[83.918423,26.484559],[83.920077,26.53267],[83.925865,26.546364],[83.944158,26.549672],[83.963485,26.515927],[83.990564,26.545951],[84.054022,26.564761],[84.071386,26.591685],[84.086165,26.637573],[84.099187,26.649588],[84.16492,26.653748],[84.229515,26.640596],[84.382994,26.641656],[84.39395,26.65442],[84.381444,26.677442],[84.306307,26.744363],[84.283362,26.755576],[84.246362,26.757049],[84.240161,26.772216],[84.246362,26.853452],[84.240781,26.8742],[84.226105,26.891511],[84.187761,26.893966],[84.149004,26.876344],[84.11066,26.905283],[84.070559,26.923602],[84.027151,26.999618],[84.02343,27.059951],[83.998315,27.082068],[83.979712,27.119844],[83.941368,27.154028],[83.942401,27.222499],[83.924108,27.248337],[83.885764,27.280144],[83.892792,27.323966],[83.883283,27.330063],[83.84804,27.329004],[83.85334,27.346194],[83.877391,27.361742],[83.87765,27.369907],[83.87119,27.38944],[83.834087,27.434037],[83.923022,27.449954],[83.975835,27.439722],[84.007668,27.440807],[84.028907,27.453726],[84.079601,27.509536],[84.099548,27.516874],[84.11717,27.513283],[84.121563,27.494964],[84.130968,27.486411],[84.165746,27.472174],[84.185848,27.438636],[84.225536,27.440393],[84.239023,27.431143],[84.267703,27.388562],[84.289408,27.376108],[84.577039,27.329031],[84.606546,27.310479],[84.631919,27.277044],[84.657654,27.203405],[84.654398,27.125374],[84.62148,27.057988],[84.627268,27.03649],[84.640239,27.028377],[84.760697,26.999025],[84.801934,27.013753],[84.817489,27.0106],[84.828134,26.994943],[84.851751,26.982127],[84.924046,26.955668],[84.938567,26.9366],[84.952726,26.897636],[85.018045,26.874433],[85.018562,26.845804],[85.043987,26.843737],[85.122845,26.8657],[85.162016,26.851024],[85.165685,26.786273],[85.194934,26.758885],[85.28728,26.736974],[85.337044,26.746792],[85.385878,26.788444],[85.421535,26.782656],[85.439622,26.78772],[85.519462,26.826426],[85.598578,26.854383],[85.609379,26.851024],[85.687772,26.811853],[85.701828,26.796608],[85.709631,26.76245],[85.702241,26.68845],[85.712887,26.653206],[85.780996,26.599204],[85.809728,26.603028],[85.817635,26.596724],[85.821614,26.571713],[85.828538,26.566131],[85.866366,26.579929],[85.952148,26.642044],[86.01137,26.654447],[86.041704,26.645455],[86.115859,26.602563],[86.152653,26.600651],[86.195855,26.582668],[86.225155,26.597396],[86.284428,26.61202],[86.308613,26.60215],[86.309026,26.587991],[86.316002,26.580963],[86.353674,26.582616],[86.494906,26.527839],[86.5579,26.484018],[86.625337,26.456319],[86.695204,26.418234],[86.713601,26.414565],[86.738199,26.44371],[86.751893,26.445519],[86.796438,26.431514],[86.821863,26.438129],[86.865684,26.472442],[86.875968,26.494921],[86.907129,26.51151],[86.972448,26.531973],[87.029912,26.579774],[87.041333,26.580187],[87.045002,26.544272],[87.066706,26.465621],[87.083294,26.432083],[87.10629,26.404746],[87.135022,26.394204],[87.2191,26.408105],[87.2453,26.370226],[87.30049,26.34599],[87.314029,26.343768],[87.326225,26.353328],[87.356404,26.403712],[87.416452,26.426967],[87.480324,26.423401],[87.552051,26.386711],[87.586984,26.378029],[87.623984,26.392912],[87.659641,26.41751]]]}},{"type":"Feature","properties":{"name":"Uttar Pradesh","code":"IN-UP"},"geometry":{"type":"Polygon","coordinates":[[[82.679687,27.694409],[82.69705,27.669397],[82.709246,27.630924],[82.72971,27.518166],[82.752137,27.494964],[82.876264,27.487548],[82.947164,27.457317],[83.010468,27.443391],[83.132786,27.444217],[83.169631,27.431195],[83.21924,27.393781],[83.249419,27.348099],[83.259496,27.338126],[83.282441,27.330943],[83.304868,27.331925],[83.32435,27.341691],[83.362746,27.385616],[83.370962,27.410214],[83.355821,27.428663],[83.355925,27.452486],[83.360989,27.462201],[83.387034,27.470469],[83.480981,27.469746],[83.590432,27.45662],[83.663399,27.43228],[83.801995,27.365928],[83.847988,27.351045],[83.85334,27.346194],[83.849177,27.326653],[83.890105,27.328126],[83.885764,27.280144],[83.924108,27.248337],[83.942401,27.222499],[83.941368,27.154028],[83.979712,27.119844],[83.998315,27.082068],[84.02343,27.059951],[84.027151,26.999618],[84.070559,26.923602],[84.11066,26.905283],[84.149004,26.876344],[84.187761,26.893966],[84.226105,26.891511],[84.240781,26.8742],[84.246362,26.853452],[84.240161,26.772216],[84.246362,26.757049],[84.283362,26.755576],[84.306307,26.744363],[84.381444,26.677442],[84.39395,26.65442],[84.382994,26.641656],[84.229515,26.640596],[84.16492,26.653748],[84.099187,26.649588],[84.086165,26.637573],[84.071386,26.591685],[84.054022,26.564761],[83.990564,26.545951],[83.963485,26.515927],[83.944158,26.549672],[83.925865,26.546364],[83.920077,26.53267],[83.918423,26.484559],[83.926278,26.464638],[83.969066,26.45314],[83.990667,26.4573],[84.015988,26.473449],[84.086165,26.426062],[84.177632,26.40428],[84.186211,26.394617],[84.185901,26.383041],[84.161716,26.337928],[84.171328,26.312787],[84.187244,26.292788],[84.18559,26.284856],[84.166987,26.274521],[84.120581,26.280282],[84.089886,26.261705],[84.00772,26.25093],[83.988497,26.235014],[83.988083,26.208556],[84.022293,26.18388],[84.064874,26.103549],[84.150347,26.066006],[84.175875,26.022753],[84.206054,26.015415],[84.225588,25.963583],[84.261451,25.931312],[84.279952,25.927074],[84.344961,25.940458],[84.374313,25.940303],[84.396534,25.923689],[84.41214,25.895939],[84.456582,25.869972],[84.531616,25.862091],[84.605513,25.799795],[84.612438,25.78685],[84.610474,25.773879],[84.599312,25.761193],[84.600656,25.747008],[84.592181,25.738352],[84.542158,25.705382],[84.524174,25.700215],[84.486657,25.700731],[84.438081,25.718689],[84.372762,25.765068],[84.32615,25.748506],[84.314678,25.74215],[84.312714,25.719722],[84.32646,25.68621],[84.32646,25.663318],[84.309407,25.649701],[84.276024,25.641484],[84.243881,25.645722],[84.222384,25.660837],[84.213392,25.68311],[84.212876,25.728042],[84.179803,25.745948],[84.143422,25.736207],[84.058156,25.67373],[84.003379,25.60823],[83.918113,25.549268],[83.886901,25.517022],[83.817654,25.490227],[83.801324,25.464131],[83.774866,25.444959],[83.515554,25.306802],[83.483618,25.284193],[83.384089,25.235928],[83.345952,25.198979],[83.334273,25.172624],[83.323007,25.079012],[83.326521,25.058419],[83.364245,24.998397],[83.365692,24.931295],[83.352773,24.888016],[83.35484,24.875045],[83.381919,24.843626],[83.404139,24.831715],[83.444447,24.783423],[83.508836,24.762081],[83.523615,24.746345],[83.530953,24.703583],[83.510903,24.667435],[83.525372,24.62891],[83.520205,24.592634],[83.523099,24.529666],[83.437832,24.520933],[83.398352,24.493311],[83.397938,24.457215],[83.415198,24.422334],[83.448685,24.380424],[83.451578,24.353682],[83.420469,24.313917],[83.412098,24.26808],[83.366726,24.210667],[83.309778,24.084318],[83.259962,24.047783],[83.251797,23.999957],[83.215004,23.948978],[83.104003,23.91221],[83.005197,23.917791],[82.964373,23.913915],[82.936468,23.920168],[82.894093,23.942156],[82.839419,23.989647],[82.800869,23.998716],[82.769656,24.041298],[82.734516,24.06587],[82.736067,24.11504],[82.687077,24.155813],[82.673848,24.180333],[82.680669,24.190979],[82.708988,24.194234],[82.732863,24.21413],[82.741131,24.277795],[82.764799,24.33004],[82.763455,24.399054],[82.739684,24.413911],[82.732553,24.427295],[82.743301,24.506696],[82.734413,24.551628],[82.750226,24.567958],[82.796941,24.560904],[82.808414,24.566408],[82.818025,24.589404],[82.794771,24.616766],[82.772137,24.668314],[82.731726,24.671492],[82.716533,24.680432],[82.714569,24.717768],[82.692245,24.719809],[82.623929,24.691878],[82.595093,24.687744],[82.549101,24.691878],[82.453396,24.722006],[82.427145,24.718569],[82.427455,24.658779],[82.409678,24.635628],[82.307049,24.632011],[82.302708,24.638135],[82.326169,24.679915],[82.323379,24.693764],[82.310046,24.706503],[82.276146,24.705443],[82.265191,24.715443],[82.26302,24.791174],[82.253202,24.786989],[82.233255,24.758747],[82.218785,24.757275],[82.208037,24.764303],[82.205143,24.778152],[82.216408,24.806264],[82.208657,24.843109],[82.195531,24.843936],[82.155017,24.816315],[82.122151,24.808098],[82.033164,24.859491],[81.980247,24.861894],[81.956062,24.871015],[81.873173,24.929977],[81.866559,24.942871],[81.874,24.980207],[81.842064,25.027077],[81.808061,25.035501],[81.752767,25.020489],[81.726722,25.029842],[81.707602,25.065292],[81.665124,25.064465],[81.577894,25.084542],[81.57345,25.098158],[81.579961,25.116503],[81.563322,25.143039],[81.558464,25.170996],[81.536967,25.199754],[81.425345,25.164821],[81.462036,25.140094],[81.469167,25.126942],[81.456868,25.111413],[81.418421,25.104127],[81.369638,25.11162],[81.364884,25.121232],[81.370775,25.148698],[81.360543,25.156966],[81.309177,25.171926],[81.281065,25.164588],[81.243238,25.169523],[81.234039,25.156372],[81.241481,25.115186],[81.235486,25.089115],[81.180503,25.025139],[81.174611,25.011083],[81.184843,24.97292],[81.181433,24.958141],[81.131203,24.945377],[81.09813,24.908609],[81.068675,24.921296],[81.030951,24.952973],[81.004699,24.966435],[80.943721,24.953258],[80.900416,24.983902],[80.805022,24.968812],[80.778667,24.971499],[80.761717,24.983307],[80.764921,25.000051],[80.790552,25.032555],[80.79572,25.059944],[80.824349,25.087358],[80.82993,25.124849],[80.858868,25.187558],[80.856181,25.207997],[80.835407,25.217738],[80.802231,25.209831],[80.777426,25.16309],[80.686579,25.156217],[80.666425,25.149706],[80.668286,25.142393],[80.72575,25.104153],[80.729161,25.095394],[80.717895,25.081984],[80.647202,25.070098],[80.63883,25.073431],[80.605861,25.101362],[80.579506,25.147923],[80.564623,25.152444],[80.552427,25.14738],[80.554288,25.117434],[80.546433,25.107538],[80.520595,25.103739],[80.458479,25.117046],[80.470262,25.073741],[80.513877,25.050461],[80.515117,25.040668],[80.47822,25.018344],[80.451968,25.018654],[80.4067,25.063768],[80.411351,25.027362],[80.40701,25.013357],[80.351303,25.023202],[80.297146,25.012065],[80.271824,25.041082],[80.265313,25.063819],[80.26986,25.088598],[80.289187,25.084877],[80.30469,25.08927],[80.354506,25.143814],[80.413314,25.171125],[80.421996,25.185982],[80.399362,25.244041],[80.375797,25.244118],[80.355747,25.269569],[80.322054,25.288276],[80.312338,25.368659],[80.283606,25.41447],[80.267897,25.417183],[80.227899,25.408656],[80.198134,25.416433],[80.167748,25.38026],[80.124546,25.350959],[80.087029,25.361631],[80.015302,25.330909],[79.91536,25.259802],[79.876396,25.254686],[79.840429,25.240682],[79.834745,25.2343],[79.834848,25.217712],[79.867714,25.170583],[79.86327,25.153245],[79.801672,25.131929],[79.791853,25.133841],[79.767566,25.156191],[79.648503,25.149266],[79.553728,25.179032],[79.531198,25.168722],[79.500812,25.120224],[79.479521,25.105548],[79.45854,25.105987],[79.438077,25.141644],[79.399009,25.141334],[79.392601,25.13074],[79.396219,25.085498],[79.391981,25.074129],[79.357668,25.071106],[79.332553,25.088986],[79.3309,25.11193],[79.339065,25.147406],[79.377719,25.18792],[79.390328,25.214792],[79.424744,25.257192],[79.441797,25.297268],[79.437973,25.302203],[79.430325,25.299335],[79.397769,25.27484],[79.358908,25.278716],[79.323872,25.244428],[79.310332,25.243808],[79.294519,25.259415],[79.289559,25.279543],[79.324802,25.349797],[79.311573,25.36455],[79.302478,25.364576],[79.275916,25.334035],[79.261963,25.295924],[79.2631,25.274737],[79.290695,25.188773],[79.286768,25.169032],[79.279533,25.164278],[79.17153,25.181667],[79.142797,25.150713],[79.125848,25.14384],[79.115926,25.153814],[79.109001,25.195026],[79.084713,25.195258],[79.024045,25.174639],[79.008749,25.191589],[79.011333,25.213991],[79.047403,25.256934],[79.01433,25.281248],[78.99862,25.282695],[78.986735,25.276235],[78.983427,25.237375],[78.972989,25.228176],[78.937849,25.21965],[78.891133,25.175389],[78.869843,25.180505],[78.862091,25.206834],[78.867672,25.237736],[78.885035,25.265538],[78.935472,25.304063],[78.934128,25.346489],[78.954902,25.385712],[78.959966,25.426536],[78.953145,25.442349],[78.909117,25.441393],[78.919142,25.504593],[78.913147,25.525341],[78.891133,25.538106],[78.869739,25.525057],[78.85527,25.502087],[78.853099,25.434029],[78.835529,25.419741],[78.816926,25.417183],[78.800803,25.426872],[78.797185,25.499762],[78.781889,25.524024],[78.726906,25.494465],[78.722565,25.461728],[78.745199,25.4393],[78.748816,25.426149],[78.731453,25.395918],[78.738274,25.359796],[78.727526,25.346386],[78.675229,25.382508],[78.664894,25.401628],[78.652285,25.409457],[78.611667,25.415426],[78.582108,25.406744],[78.575804,25.394032],[78.579318,25.369925],[78.530432,25.315664],[78.513585,25.273367],[78.521647,25.258484],[78.573737,25.212156],[78.617868,25.108881],[78.619522,25.064672],[78.648874,24.940726],[78.709749,24.873728],[78.723702,24.848716],[78.732073,24.81492],[78.736207,24.725545],[78.715433,24.685109],[78.719774,24.656402],[78.740135,24.631003],[78.827054,24.647101],[78.85651,24.6386],[78.871083,24.625732],[78.893407,24.571291],[78.922449,24.533309],[78.913768,24.502794],[78.916248,24.4868],[78.97826,24.467422],[78.978466,24.440033],[78.964617,24.40541],[78.901985,24.34637],[78.866845,24.272136],[78.851652,24.254515],[78.825814,24.230149],[78.792121,24.217385],[78.762149,24.235653],[78.7514,24.276581],[78.688768,24.282911],[78.655902,24.29459],[78.535806,24.388589],[78.489401,24.410784],[78.477722,24.411637],[78.463252,24.401767],[78.449196,24.373681],[78.442375,24.337378],[78.408062,24.308439],[78.370545,24.30247],[78.335715,24.331022],[78.329204,24.353682],[78.350184,24.392568],[78.350494,24.407968],[78.277527,24.453107],[78.269879,24.477679],[78.244351,24.487885],[78.223887,24.519227],[78.264815,24.583487],[78.272256,24.62444],[78.257994,24.64493],[78.264815,24.669141],[78.261301,24.692653],[78.230708,24.734305],[78.224921,24.79412],[78.197842,24.83944],[78.181926,24.846572],[78.16911,24.865459],[78.169213,24.877681],[78.180376,24.892512],[78.225954,24.926334],[78.25727,24.940209],[78.324863,25.002169],[78.340676,25.04581],[78.330341,25.066377],[78.330444,25.081984],[78.342226,25.130534],[78.359589,25.15893],[78.366307,25.186008],[78.36052,25.210451],[78.297681,25.327808],[78.256443,25.37672],[78.251172,25.39783],[78.330031,25.464777],[78.346567,25.486429],[78.356696,25.539604],[78.370545,25.552678],[78.481753,25.577664],[78.546451,25.572574],[78.616111,25.60761],[78.714503,25.62593],[78.747576,25.642725],[78.753571,25.674273],[78.727112,25.740212],[78.733313,25.774164],[78.748816,25.800544],[78.808348,25.84155],[78.835219,25.905732],[78.879661,25.95609],[78.914388,26.042752],[78.953145,26.100319],[78.954075,26.109983],[78.932681,26.124659],[78.919969,26.144658],[78.921312,26.172666],[78.94529,26.184319],[78.956556,26.197807],[78.938572,26.230466],[78.938159,26.254599],[78.963274,26.278086],[79.019291,26.293796],[79.058565,26.343044],[79.060839,26.355084],[79.039651,26.375057],[79.052054,26.411489],[79.049263,26.44066],[79.028076,26.497556],[78.959966,26.596671],[78.945704,26.635584],[78.935782,26.694443],[78.926067,26.706225],[78.861264,26.701265],[78.842351,26.711936],[78.792431,26.762088],[78.761942,26.76524],[78.754501,26.78573],[78.745406,26.789218],[78.724115,26.776376],[78.710059,26.798881],[78.693213,26.797874],[78.655282,26.776376],[78.614251,26.776376],[78.595234,26.758393],[78.563505,26.758496],[78.518029,26.783198],[78.461599,26.792267],[78.446096,26.799967],[78.428112,26.822549],[78.384911,26.826812],[78.371475,26.851049],[78.350598,26.858464],[78.286002,26.854847],[78.272256,26.844641],[78.254893,26.81733],[78.200116,26.823583],[78.172624,26.868619],[78.208074,26.88221],[78.241354,26.911484],[78.246005,26.922905],[78.231019,26.934661],[78.1688,26.948924],[78.106892,26.947296],[78.078883,26.928667],[78.066067,26.912311],[78.029274,26.910012],[78.021316,26.899935],[78.016251,26.866655],[77.997441,26.895077],[77.976564,26.904379],[77.879102,26.915024],[77.852644,26.90288],[77.821845,26.919365],[77.720455,26.933964],[77.69224,26.92231],[77.64139,26.883243],[77.510546,26.833324],[77.472098,26.836553],[77.431894,26.781234],[77.406986,26.775136],[77.397891,26.778883],[77.399545,26.855519],[77.423316,26.88438],[77.628471,26.97316],[77.699991,26.988715],[77.719112,27.002926],[77.719215,27.015793],[77.707433,27.026309],[77.683352,27.007163],[77.67405,27.006259],[77.643044,27.046618],[77.618963,27.029953],[77.559742,27.0368],[77.543412,27.045171],[77.532767,27.07026],[77.511786,27.07256],[77.503414,27.080466],[77.499487,27.095091],[77.505068,27.104883],[77.591368,27.130747],[77.60408,27.160668],[77.640254,27.177256],[77.657307,27.202707],[77.652242,27.214541],[77.635499,27.225444],[77.610488,27.279291],[77.602116,27.329495],[77.556434,27.338512],[77.501967,27.374867],[77.459799,27.385073],[77.434065,27.406131],[77.415254,27.45928],[77.340117,27.550463],[77.340324,27.598445],[77.317483,27.621984],[77.334122,27.647357],[77.332882,27.671024],[77.319653,27.701617],[77.300429,27.711823],[77.294228,27.722003],[77.293401,27.76877],[77.280689,27.80944],[77.313348,27.836079],[77.353036,27.853778],[77.397581,27.864527],[77.424453,27.890753],[77.469928,27.888065],[77.508169,27.943282],[77.529253,27.952506],[77.526462,27.974468],[77.51214228779281,28.0],[81.59150726384736,28.0],[81.615049,27.981239],[81.688946,27.963204],[81.750131,27.909667],[81.855654,27.850937],[81.883198,27.849051],[81.906091,27.863107],[81.946398,27.905352],[81.975905,27.916953],[82.051611,27.905171],[82.090369,27.872331],[82.151037,27.848275],[82.270409,27.760477],[82.347924,27.726009],[82.401926,27.677175],[82.440683,27.666426],[82.526156,27.675211],[82.652143,27.70415],[82.679687,27.694409]]]}},{"type":"Feature","properties":{"name":"Andhra Pradesh","code":"IN-AP"},"geometry":{"type":"MultiPolygon","coordinates":[[[[80.937266,15.818915],[80.988536,15.770738],[80.984874,15.761786],[80.97169,15.750474],[80.942556,15.741075],[80.917979,15.755113],[80.8685,15.811957],[80.879161,15.840074],[80.888357,15.846747],[80.937266,15.818915]]],[[[80.245453,13.591742],[80.197276,13.643622],[80.183604,13.679185],[80.141856,13.728949],[80.141775,13.649115],[80.13559,13.619086],[80.121267,13.627265],[80.117849,13.674506],[80.094005,13.69477],[80.091319,13.659125],[80.052989,13.619086],[80.056488,13.59516],[80.101329,13.537095],[80.119395,13.500678],[80.175955,13.489325],[80.219737,13.487779],[80.259215,13.466],[80.225625,13.4506],[80.202268,13.448482],[80.152762,13.459411],[80.102532,13.45936],[80.097985,13.469178],[80.109974,13.498789],[80.10863,13.512121],[80.084549,13.513051],[80.047962,13.534446],[80.034113,13.534135],[80.029462,13.519382],[80.053026,13.497264],[80.054163,13.483854],[80.042898,13.471788],[79.999799,13.456466],[79.969207,13.427139],[79.960112,13.407632],[79.964763,13.37846],[79.956701,13.365774],[79.873296,13.317198],[79.816348,13.294925],[79.798675,13.291928],[79.764052,13.298078],[79.75816,13.293297],[79.75599,13.270172],[79.7902,13.241931],[79.784929,13.224025],[79.77604,13.220821],[79.72085,13.222527],[79.696769,13.235807],[79.689637,13.24945],[79.688501,13.282936],[79.680129,13.289137],[79.582047,13.277898],[79.571712,13.284073],[79.54422,13.323528],[79.522206,13.336241],[79.490683,13.339884],[79.449549,13.33115],[79.440764,13.321539],[79.435596,13.288026],[79.425468,13.268157],[79.426604,13.231932],[79.420197,13.219994],[79.378649,13.198213],[79.31488,13.131989],[79.294726,13.132274],[79.277776,13.147983],[79.250801,13.147751],[79.179074,13.057679],[79.161608,13.044915],[79.077582,13.035587],[79.046266,13.050289],[79.01247,13.055586],[78.998827,13.083749],[78.961206,13.093232],[78.930821,13.087005],[78.922449,13.054578],[78.901365,13.037809],[78.883692,13.041142],[78.869739,13.075094],[78.85868,13.080468],[78.724942,13.057782],[78.703651,13.025846],[78.661587,13.01365],[78.64474,12.991998],[78.635335,12.933681],[78.61053,12.849939],[78.577664,12.770487],[78.533636,12.735993],[78.524541,12.73421],[78.500356,12.744804],[78.490641,12.688347],[78.447439,12.643518],[78.419121,12.63264],[78.378916,12.63388],[78.352768,12.641503],[78.299128,12.675015],[78.274427,12.697442],[78.229572,12.759893],[78.248692,12.791623],[78.241044,12.828235],[78.244041,12.853738],[78.260371,12.857588],[78.285899,12.843377],[78.300782,12.856141],[78.326,12.860792],[78.339022,12.870067],[78.341916,12.907765],[78.359176,12.917248],[78.377986,12.911124],[78.439998,12.867458],[78.45209,12.863272],[78.4678,12.867664],[78.463252,12.889937],[78.448576,12.910246],[78.415917,12.92686],[78.411886,12.936704],[78.454467,13.000499],[78.471004,13.048119],[78.511518,13.077212],[78.52361,13.138707],[78.55658,13.184984],[78.564952,13.217876],[78.568362,13.274823],[78.553583,13.301798],[78.534979,13.283376],[78.516169,13.278854],[78.459118,13.315725],[78.441548,13.314795],[78.416227,13.327559],[78.394729,13.31805],[78.38088,13.322753],[78.373129,13.347222],[78.350184,13.376109],[78.361346,13.413393],[78.358556,13.457267],[78.367134,13.498169],[78.363103,13.540828],[78.374679,13.579637],[78.368374,13.591005],[78.327653,13.58775],[78.304192,13.599532],[78.272153,13.586148],[78.231742,13.589558],[78.184096,13.601547],[78.126735,13.658572],[78.109786,13.662526],[78.083947,13.653534],[78.067928,13.65927],[78.056145,13.692007],[78.061416,13.698053],[78.09945,13.696787],[78.105445,13.708569],[78.08219,13.753812],[78.097693,13.796083],[78.07971,13.856932],[78.032684,13.884734],[78.002092,13.867138],[77.960234,13.868844],[77.92065,13.830474],[77.909281,13.880574],[77.94039,13.917084],[77.942561,13.946849],[77.937083,13.963257],[77.914139,13.954058],[77.896569,13.925636],[77.878792,13.916619],[77.844892,13.934008],[77.791562,13.941682],[77.777299,13.931165],[77.771822,13.917781],[77.790942,13.884579],[77.789185,13.870316],[77.734925,13.824221],[77.693687,13.807607],[77.669296,13.760943],[77.663095,13.76022],[77.64046,13.781717],[77.614002,13.779443],[77.593228,13.767093],[77.591988,13.73942],[77.551163,13.736862],[77.494216,13.702368],[77.448741,13.699448],[77.44254,13.701955],[77.440679,13.743993],[77.424763,13.797453],[77.398615,13.821663],[77.389209,13.843238],[77.292058,13.848432],[77.258261,13.86688],[77.220848,13.868094],[77.196663,13.891866],[77.156149,13.87458],[77.152221,13.903596],[77.14354,13.910702],[77.131344,13.900418],[77.124006,13.870239],[77.099925,13.858663],[77.102612,13.849672],[77.125866,13.830887],[77.133204,13.784818],[77.127727,13.767894],[77.109537,13.76146],[77.063751,13.769728],[77.041117,13.743993],[76.993781,13.779909],[76.974454,13.750505],[76.962776,13.767196],[76.954714,13.807375],[76.958125,13.833368],[77.006494,13.898325],[77.010214,13.914061],[76.935904,14.010902],[76.93363,14.041004],[76.940865,14.067255],[76.872962,14.137354],[76.868001,14.153813],[76.875442,14.162728],[76.90004,14.170557],[76.91668,14.188411],[76.949546,14.169833],[76.967426,14.171022],[76.98634,14.084515],[76.995332,14.066377],[77.019723,14.051546],[77.081941,14.033847],[77.112327,14.005063],[77.180643,14.00682],[77.243999,14.022219],[77.289267,14.010747],[77.331022,13.939098],[77.332365,13.908169],[77.386729,13.890367],[77.394894,13.892227],[77.400785,13.903209],[77.385282,13.933646],[77.386109,13.969303],[77.355826,13.993177],[77.349005,14.021289],[77.327921,14.052166],[77.360994,14.1064],[77.351589,14.115935],[77.327921,14.122652],[77.37536,14.167585],[77.451221,14.176551],[77.467758,14.192442],[77.454218,14.23939],[77.46352,14.277398],[77.46104,14.290136],[77.417425,14.299877],[77.4105,14.31923],[77.382388,14.33543],[77.363578,14.328506],[77.357583,14.313158],[77.387969,14.252774],[77.378977,14.238382],[77.353863,14.245978],[77.327094,14.281041],[77.267977,14.301479],[77.256814,14.333957],[77.185088,14.326464],[77.132894,14.344008],[77.111294,14.329617],[77.082872,14.288741],[77.082458,14.251456],[77.072743,14.232594],[77.045458,14.231664],[76.908205,14.257864],[76.905828,14.268251],[76.921848,14.304709],[76.868104,14.338066],[76.858803,14.357005],[76.858182,14.382559],[76.873685,14.406925],[76.907998,14.410413],[76.930943,14.449403],[76.929599,14.466507],[76.910996,14.486739],[76.869034,14.489529],[76.834721,14.478316],[76.825626,14.481261],[76.791313,14.541671],[76.75638,14.558931],[76.740567,14.612933],[76.743874,14.667891],[76.765268,14.719102],[76.761858,14.763673],[76.764648,14.772949],[76.794724,14.785894],[76.799685,14.794834],[76.815084,14.858008],[76.822216,14.920976],[76.819425,14.937693],[76.810123,14.948416],[76.719483,14.985881],[76.743357,15.018386],[76.745528,15.063887],[76.764338,15.094118],[76.86335,15.040969],[76.906138,15.035568],[76.947996,15.021642],[76.993471,15.033553],[77.007011,15.029522],[77.034192,15.005208],[77.05693,15.014303],[77.087212,15.045904],[77.130724,15.141634],[77.132274,15.17481],[77.113464,15.2423],[77.104886,15.308213],[77.085249,15.328005],[77.039567,15.341725],[77.025924,15.351492],[77.014452,15.41725],[76.990887,15.453062],[76.967426,15.506005],[76.972387,15.522179],[77.000913,15.503886],[77.008044,15.511844],[77.009181,15.569334],[76.999672,15.613776],[77.010525,15.644627],[77.038533,15.662481],[77.076877,15.653825],[77.084939,15.667287],[77.051659,15.737024],[77.031092,15.748755],[77.027681,15.760925],[77.034089,15.873734],[77.07357,15.921018],[77.143746,15.960706],[77.226429,15.976389],[77.263636,15.962101],[77.428794,15.9559],[77.492198,15.9383],[77.563243,15.932318],[77.660574,15.895575],[77.749034,15.897569],[77.794851,15.889268],[77.849864,15.893866],[77.88795,15.919135],[77.8956,15.917996],[77.950125,15.899766],[78.100352,15.829657],[78.123953,15.849921],[78.141368,15.888129],[78.185069,15.908718],[78.235281,15.950466],[78.236908,15.969591],[78.254161,15.991767],[78.255951,16.005683],[78.244395,16.03852],[78.299815,16.022813],[78.316335,16.02794],[78.341563,16.059434],[78.353526,16.05268],[78.378835,16.075873],[78.399994,16.083441],[78.464285,16.085761],[78.499766,16.093777],[78.511485,16.091986],[78.539561,16.065538],[78.559662,16.056708],[78.581554,16.056179],[78.6456,16.071601],[78.684174,16.046332],[78.73406,16.0303],[78.760916,16.027696],[78.791108,16.034532],[78.839447,16.066718],[78.845795,16.085476],[78.839122,16.124823],[78.846934,16.150743],[78.881847,16.138292],[78.897716,16.142768],[78.922862,16.189765],[79.021658,16.247138],[79.091563,16.228827],[79.136322,16.227851],[79.160574,16.219346],[79.184093,16.221015],[79.210053,16.236599],[79.233409,16.330512],[79.208263,16.388699],[79.2199,16.473334],[79.213471,16.493232],[79.247813,16.554023],[79.265636,16.569607],[79.337983,16.585232],[79.417735,16.590196],[79.477061,16.631781],[79.504324,16.641872],[79.550548,16.629706],[79.584972,16.648546],[79.59433,16.669135],[79.634695,16.669135],[79.679698,16.689032],[79.720876,16.689032],[79.751964,16.723741],[79.771658,16.727118],[79.812592,16.711493],[79.826264,16.692084],[79.861501,16.70661],[79.882335,16.703233],[79.909679,16.631293],[79.9581,16.630439],[79.97169,16.654853],[80.042979,16.738552],[80.052989,16.785224],[80.073334,16.822862],[80.002428,16.871004],[80.012698,16.902147],[80.077643,16.972555],[80.153134,17.023136],[80.220451,17.033251],[80.254109,17.023596],[80.280555,16.997387],[80.301231,16.94128],[80.329119,16.889756],[80.350986,16.862136],[80.393136,16.838522],[80.448136,16.822778],[80.506146,16.792487],[80.560562,16.783592],[80.59791,16.793278],[80.596536,16.81366],[80.569751,16.837984],[80.56563,16.861648],[80.595163,16.906996],[80.586234,16.933936],[80.559448,16.949047],[80.525794,16.952332],[80.474283,16.936564],[80.38431,16.975982],[80.377442,16.99306],[80.386371,17.019332],[80.38431,17.062015],[80.39736,17.079085],[80.442003,17.032466],[80.467415,17.035749],[80.494201,17.059388],[80.501756,17.10797],[80.541657,17.127467],[80.590939,17.139791],[80.641603,17.116903],[80.669698,17.079924],[80.829519,17.046021],[80.855771,17.053066],[80.877879,17.082125],[80.881564,17.120864],[80.893078,17.155634],[80.930786,17.19252],[80.99048,17.21818],[81.059128,17.222457],[81.144193,17.249538],[81.214333,17.323635],[81.408339,17.370643],[81.469526,17.420487],[81.52922,17.58843],[81.535249,17.637689],[81.573892,17.70453],[81.628586,17.763421],[81.775781,17.833207],[81.786569,17.863122],[81.778595,17.894371],[81.758969,17.908933],[81.825218,17.937949],[81.92361,18.000219],[81.99544,18.009986],[82.042362,18.043266],[82.092178,18.04988],[82.131866,18.038848],[82.181062,17.999909],[82.240076,17.992933],[82.250411,17.997429],[82.276973,18.04045],[82.32989,18.044041],[82.338055,18.066314],[82.330303,18.112021],[82.360276,18.13941],[82.352834,18.1553],[82.31263,18.186978],[82.311286,18.205504],[82.360792,18.291623],[82.350974,18.323042],[82.367097,18.366605],[82.369887,18.418979],[82.409368,18.466548],[82.438204,18.519258],[82.449056,18.5221],[82.502696,18.510628],[82.512514,18.462078],[82.511274,18.422209],[82.528637,18.396965],[82.584861,18.348389],[82.597367,18.325213],[82.582484,18.281856],[82.582381,18.251057],[82.593543,18.24005],[82.642429,18.229482],[82.652041,18.240256],[82.669714,18.289297],[82.729865,18.326401],[82.77162,18.344436],[82.785883,18.369887],[82.779681,18.416731],[82.795391,18.429341],[82.816062,18.432105],[82.849238,18.414303],[82.878383,18.409083],[82.887685,18.396061],[82.888305,18.362497],[82.904118,18.35534],[82.951971,18.358156],[82.99879,18.379163],[83.030002,18.381953],[83.0392,18.390351],[83.043851,18.417042],[83.038994,18.439314],[83.029692,18.450373],[83.032999,18.461897],[83.083539,18.525329],[83.076097,18.544166],[83.047572,18.543313],[83.02163,18.587703],[83.028142,18.640852],[83.065039,18.67638],[83.097491,18.727539],[83.126534,18.758158],[83.150408,18.766348],[83.201671,18.741621],[83.256758,18.765341],[83.329209,18.822236],[83.392047,18.85332],[83.394218,18.869417],[83.380575,18.878693],[83.374787,18.895049],[83.347295,18.904712],[83.326831,18.929698],[83.314119,18.960626],[83.299546,18.976516],[83.299856,18.99158],[83.341404,19.004577],[83.391427,18.985767],[83.423673,18.964347],[83.435455,18.961892],[83.449615,18.968455],[83.455506,18.986852],[83.449098,19.000856],[83.465738,19.018684],[83.456126,19.061085],[83.464187,19.073461],[83.490129,19.051551],[83.503151,19.008788],[83.518344,19.010003],[83.539635,19.051654],[83.581183,19.080412],[83.598443,19.127205],[83.612809,19.129789],[83.646399,19.076097],[83.701486,19.011889],[83.725774,18.943986],[83.738073,18.929284],[83.748615,18.935356],[83.751922,18.948172],[83.744687,18.980599],[83.749545,19.001114],[83.771869,19.009693],[83.801841,18.999952],[83.817964,18.96197],[83.825922,18.920473],[83.839358,18.901921],[83.854241,18.860038],[83.881113,18.820428],[83.897133,18.808361],[83.997798,18.806992],[84.071386,18.81787],[84.103632,18.802651],[84.130193,18.801824],[84.162129,18.785314],[84.336072,18.8165],[84.368835,18.849392],[84.391366,18.90094],[84.427229,18.904402],[84.467227,18.953624],[84.4633,18.979617],[84.474358,19.001114],[84.469707,19.030647],[84.525208,19.032973],[84.566963,19.06633],[84.64148,19.10054],[84.669695,19.090153],[84.687059,19.11196],[84.689436,19.125525],[84.681374,19.153301],[84.685508,19.157565],[84.743696,19.161441],[84.763023,19.156376],[84.774185,19.139969],[84.777761,19.116197],[84.73878,19.14765],[84.719981,19.10163],[84.740489,19.073676],[84.760997,19.10163],[84.775238,19.100491],[84.778331,19.09101],[84.75115,19.0539],[84.741059,19.028144],[84.679535,18.945705],[84.66505,18.930121],[84.63087,18.915717],[84.547862,18.796088],[84.54184,18.775784],[84.448253,18.68065],[84.423676,18.636461],[84.370453,18.601304],[84.332856,18.553697],[84.306326,18.543687],[84.281749,18.52558],[84.246918,18.52558],[84.237641,18.510932],[84.24936,18.501654],[84.271007,18.50019],[84.349946,18.552924],[84.287934,18.505764],[84.230479,18.446234],[84.188324,18.418036],[84.143891,18.374823],[84.113129,18.298285],[84.077403,18.271552],[83.775157,18.139594],[83.613943,18.045152],[83.582286,18.01911],[83.556651,17.973456],[83.526134,17.942532],[83.472911,17.902493],[83.465587,17.902493],[83.451915,17.922919],[83.452973,17.868476],[83.431163,17.854234],[83.417735,17.80622],[83.402354,17.784491],[83.341319,17.717434],[83.298595,17.690131],[83.284679,17.696357],[83.26824,17.717475],[83.246918,17.716254],[83.242035,17.706529],[83.249278,17.69538],[83.292491,17.677476],[83.299083,17.664293],[83.246918,17.634223],[83.212901,17.634914],[83.238943,17.592963],[83.209239,17.583686],[83.171397,17.559801],[83.088227,17.530707],[83.019867,17.490912],[82.975841,17.453681],[82.945486,17.443101],[82.896821,17.409329],[82.888682,17.410142],[82.883311,17.422065],[82.837657,17.392768],[82.796397,17.383043],[82.758149,17.359198],[82.718516,17.348619],[82.474864,17.205959],[82.422862,17.13996],[82.387706,17.126939],[82.370372,17.110093],[82.299327,17.030341],[82.291677,16.99844],[82.252696,16.929185],[82.255138,16.885321],[82.267914,16.867499],[82.29835,16.858466],[82.31422,16.846625],[82.334646,16.854071],[82.352061,16.845404],[82.362478,16.859076],[82.357432,16.924872],[82.348888,16.956488],[82.361176,16.936021],[82.366547,16.908637],[82.365571,16.811591],[82.338145,16.678412],[82.31422,16.62816],[82.312836,16.60814],[82.299327,16.610093],[82.293793,16.625637],[82.286876,16.62816],[82.280935,16.620836],[82.307384,16.579779],[82.259044,16.565497],[82.203461,16.512681],[82.122895,16.477362],[82.068614,16.444281],[82.037364,16.447659],[81.992686,16.408433],[81.956228,16.407172],[81.940766,16.388373],[81.899913,16.38581],[81.861664,16.375393],[81.783214,16.338568],[81.76295,16.322577],[81.711599,16.312201],[81.656261,16.337348],[81.636404,16.332709],[81.584972,16.342108],[81.568126,16.346381],[81.573904,16.358344],[81.556977,16.373033],[81.540212,16.373684],[81.549083,16.352362],[81.535981,16.350043],[81.49586,16.360663],[81.416677,16.340155],[81.428233,16.365668],[81.411388,16.382514],[81.398936,16.382636],[81.375743,16.367499],[81.35963,16.374335],[81.317393,16.367499],[81.259613,16.332709],[81.248546,16.320136],[81.259613,16.288642],[81.254161,16.271308],[81.230317,16.243598],[81.218516,16.199449],[81.190278,16.138861],[81.180024,16.086737],[81.156016,16.03852],[81.155447,15.9855],[81.14975,15.969631],[81.135102,15.966498],[81.088227,15.92121],[81.026866,15.880845],[80.998871,15.846747],[80.998383,15.834703],[81.019216,15.792385],[81.012543,15.777818],[80.99586,15.784329],[80.949474,15.827867],[80.921641,15.838609],[80.910004,15.852688],[80.90268,15.890815],[80.908946,15.983466],[80.896495,16.031073],[80.892263,16.020941],[80.896495,16.010565],[80.889008,16.00373],[80.875336,16.017401],[80.891287,15.978258],[80.895763,15.936021],[80.890147,15.89525],[80.855724,15.822699],[80.830251,15.747626],[80.820079,15.726874],[80.80714,15.716376],[80.80836,15.803941],[80.802745,15.842434],[80.776134,15.884263],[80.760102,15.892971],[80.670177,15.907701],[80.662852,15.88935],[80.618419,15.887681],[80.571137,15.86872],[80.553884,15.880845],[80.52589,15.85692],[80.491873,15.83926],[80.469086,15.834662],[80.43629,15.808295],[80.393321,15.797024],[80.35963,15.775824],[80.279633,15.70067],[80.263194,15.674547],[80.201345,15.518297],[80.197602,15.503079],[80.211192,15.496649],[80.183849,15.452297],[80.126801,15.388129],[80.090587,15.304877],[80.082367,15.204088],[80.052989,15.092597],[80.054535,15.014146],[80.073416,14.942043],[80.073009,14.920559],[80.105154,14.763861],[80.108165,14.714342],[80.116954,14.698147],[80.159841,14.662665],[80.166352,14.62816],[80.178477,14.60578],[80.169688,14.585842],[80.141856,14.571234],[80.149181,14.565009],[80.190196,14.571234],[80.196951,14.565009],[80.175955,14.468736],[80.174978,14.34455],[80.159434,14.324774],[80.128184,14.256537],[80.087169,14.250312],[80.070079,14.229193],[80.055024,14.221584],[80.046641,14.20661],[80.050629,14.196112],[80.073497,14.20185],[80.121104,14.242011],[80.13559,14.229193],[80.123383,14.193508],[80.125824,14.148505],[80.149669,14.027737],[80.237153,13.839667],[80.249278,13.800279],[80.245453,13.755601],[80.220958,13.696967],[80.288097,13.527086],[80.277749,13.512516],[80.245453,13.591742]],[[82.217442,16.722959],[82.213721,16.732442],[82.221783,16.750296],[82.206176,16.744146],[82.177651,16.718592],[82.260643,16.690325],[82.285138,16.69787],[82.266534,16.703089],[82.271392,16.708515],[82.29506,16.709626],[82.301364,16.717662],[82.301054,16.733294],[82.291236,16.742079],[82.272632,16.721951],[82.217442,16.722959]]]]}},{"type":"Feature","properties":{"name":"Odisha","code":"IN-OR"},"geometry":{"type":"Polygon","coordinates":[[[87.477387,21.613593],[87.341807,21.562405],[87.293468,21.553656],[87.256114,21.561998],[87.200938,21.551988],[87.113048,21.507961],[87.063731,21.475002],[86.917654,21.327379],[86.866954,21.256049],[86.83725,21.174709],[86.844005,21.082221],[86.952159,20.849107],[86.965668,20.805976],[86.953868,20.780585],[86.916515,20.788072],[86.878754,20.780585],[86.889334,20.764472],[86.910655,20.756415],[86.986583,20.751858],[87.000011,20.728217],[86.998709,20.711127],[86.988617,20.70425],[86.961192,20.712836],[86.948253,20.709052],[86.940196,20.697984],[86.986501,20.684394],[86.994884,20.670722],[87.043224,20.697984],[87.003591,20.65705],[86.976248,20.637885],[86.923188,20.621731],[86.774181,20.511949],[86.751475,20.489163],[86.733897,20.462226],[86.72462,20.431952],[86.72047,20.368476],[86.769786,20.400702],[86.788748,20.390123],[86.796153,20.437323],[86.809825,20.415107],[86.7942,20.37816],[86.768321,20.343451],[86.693696,20.293931],[86.701671,20.284654],[86.754649,20.314439],[86.628184,20.235256],[86.511485,20.197455],[86.495128,20.184068],[86.467133,20.094672],[86.41505,20.036322],[86.391449,20.020209],[86.404145,20.002631],[86.42628,19.999172],[86.397227,19.982856],[86.348399,20.008857],[86.275401,20.067369],[86.209158,20.066636],[86.173025,20.1022],[86.163097,20.134833],[86.152517,20.143134],[86.14503,20.122016],[86.154307,20.089993],[86.167735,20.072943],[86.230235,20.035305],[86.289073,20.026435],[86.295909,20.006578],[86.314952,19.986884],[86.372406,19.964993],[86.268565,19.910346],[86.089041,19.844224],[86.07838,19.843573],[86.056651,19.856879],[86.032074,19.841498],[85.846365,19.795844],[85.788829,19.765692],[85.734386,19.763617],[85.684581,19.747748],[85.624278,19.718573],[85.63795,19.731635],[85.614268,19.727932],[85.549164,19.690619],[85.456798,19.663316],[85.44988,19.666693],[85.446788,19.690619],[85.430431,19.691718],[85.427013,19.704088],[85.521983,19.739081],[85.525564,19.734036],[85.514985,19.711127],[85.576508,19.745836],[85.563243,19.756903],[85.570323,19.773179],[85.570323,19.875637],[85.476817,19.901028],[85.440115,19.896226],[85.319591,19.793647],[85.268077,19.780015],[85.220958,19.736029],[85.20338,19.707261],[85.206554,19.683783],[85.189952,19.670966],[85.175141,19.636908],[85.140147,19.596584],[85.139334,19.579779],[85.151378,19.560289],[85.122895,19.549018],[85.102875,19.529608],[85.108735,19.506781],[85.124034,19.519355],[85.128754,19.509508],[85.124034,19.478339],[85.135753,19.481594],[85.151378,19.498847],[85.185557,19.505683],[85.202891,19.517157],[85.1963,19.538479],[85.199229,19.554104],[85.214529,19.547268],[85.233246,19.554104],[85.193044,19.57392],[85.193044,19.580797],[85.212901,19.581122],[85.247569,19.60871],[85.233246,19.632554],[85.247569,19.65648],[85.309093,19.642239],[85.350597,19.677639],[85.383067,19.676093],[85.391449,19.690619],[85.403168,19.671291],[85.405284,19.645941],[85.384613,19.635972],[85.37794,19.614936],[85.336762,19.596096],[85.326427,19.618801],[85.31837,19.619534],[85.309093,19.595038],[85.288422,19.601264],[85.302501,19.586656],[85.302908,19.57392],[85.330577,19.576402],[85.576508,19.690619],[85.46339,19.631049],[85.336681,19.575181],[85.285411,19.536282],[85.240571,19.518052],[85.180431,19.475002],[85.069509,19.372138],[84.99586,19.32331],[84.872081,19.219875],[84.791026,19.120592],[84.777761,19.116197],[84.774185,19.139969],[84.763023,19.156376],[84.6945,19.160588],[84.681374,19.153301],[84.689436,19.125525],[84.687059,19.11196],[84.669695,19.090153],[84.64148,19.10054],[84.566963,19.06633],[84.525208,19.032973],[84.469707,19.030647],[84.474358,19.001114],[84.4633,18.979617],[84.468777,18.959722],[84.462576,18.946312],[84.427229,18.904402],[84.391366,18.90094],[84.368835,18.849392],[84.351782,18.827766],[84.317779,18.80924],[84.2537,18.805338],[84.162129,18.785314],[84.130193,18.801824],[84.103632,18.802651],[84.071386,18.81787],[83.997798,18.806992],[83.902404,18.805648],[83.881113,18.820428],[83.854241,18.860038],[83.839358,18.901921],[83.825922,18.920473],[83.817964,18.96197],[83.801841,18.999952],[83.771869,19.009693],[83.749545,19.001114],[83.744687,18.980599],[83.751922,18.948172],[83.748615,18.935356],[83.738073,18.929284],[83.725774,18.943986],[83.701486,19.011889],[83.646399,19.076097],[83.612809,19.129789],[83.598443,19.127205],[83.581183,19.080412],[83.539635,19.051654],[83.518344,19.010003],[83.503151,19.008788],[83.490129,19.051551],[83.464187,19.073461],[83.456126,19.061085],[83.465738,19.018684],[83.449098,19.000856],[83.455506,18.986852],[83.449615,18.968455],[83.435455,18.961892],[83.423673,18.964347],[83.391427,18.985767],[83.341404,19.004577],[83.299856,18.99158],[83.299546,18.976516],[83.314119,18.960626],[83.326831,18.929698],[83.347295,18.904712],[83.374787,18.895049],[83.380575,18.878693],[83.394218,18.869417],[83.392047,18.85332],[83.329209,18.822236],[83.256758,18.765341],[83.201671,18.741621],[83.150408,18.766348],[83.126534,18.758158],[83.097491,18.727539],[83.065039,18.67638],[83.028142,18.640852],[83.02163,18.587703],[83.047572,18.543313],[83.076097,18.544166],[83.083539,18.525329],[83.032999,18.461897],[83.029692,18.450373],[83.038994,18.439314],[83.043851,18.417042],[83.0392,18.390351],[83.030002,18.381953],[82.99879,18.379163],[82.951971,18.358156],[82.904118,18.35534],[82.888305,18.362497],[82.887685,18.396061],[82.878383,18.409083],[82.849238,18.414303],[82.816062,18.432105],[82.795391,18.429341],[82.779681,18.416731],[82.785883,18.369887],[82.77162,18.344436],[82.729865,18.326401],[82.669714,18.289297],[82.652041,18.240256],[82.635711,18.228862],[82.593543,18.24005],[82.582381,18.251057],[82.582484,18.281856],[82.597367,18.325213],[82.584861,18.348389],[82.528637,18.396965],[82.511274,18.422209],[82.512514,18.462078],[82.502696,18.510628],[82.449056,18.5221],[82.438204,18.519258],[82.409368,18.466548],[82.369887,18.418979],[82.367097,18.366605],[82.350974,18.323042],[82.360792,18.291623],[82.311286,18.205504],[82.31263,18.186978],[82.352834,18.1553],[82.360276,18.13941],[82.330303,18.112021],[82.338055,18.066314],[82.32989,18.044041],[82.276973,18.04045],[82.250411,17.997429],[82.240076,17.992933],[82.181062,17.999909],[82.131866,18.038848],[82.092178,18.04988],[82.042362,18.043266],[81.99544,18.009986],[81.92361,18.000219],[81.825218,17.937949],[81.739435,17.897642],[81.704398,17.861029],[81.655822,17.850875],[81.60611,17.811368],[81.578411,17.79695],[81.511232,17.826277],[81.502757,17.824209],[81.479812,17.787519],[81.39403,17.806691],[81.390722,17.837025],[81.397337,17.883146],[81.408292,17.88896],[81.429686,17.877333],[81.444156,17.879736],[81.453147,17.925004],[81.474438,17.960015],[81.48219,17.994096],[81.482913,18.051431],[81.506271,18.085589],[81.524874,18.160287],[81.513816,18.200827],[81.542548,18.262451],[81.55371,18.269815],[81.593397,18.272244],[81.643833,18.292372],[81.658406,18.303276],[81.675563,18.32976],[81.73313,18.349578],[81.792352,18.438436],[81.843718,18.47771],[81.889607,18.52688],[81.947071,18.567601],[81.941903,18.593982],[81.908417,18.615944],[81.903352,18.634083],[81.909657,18.641395],[81.94087,18.650981],[81.968982,18.685733],[81.989549,18.700203],[82.044533,18.708548],[82.069854,18.719762],[82.098689,18.770612],[82.127422,18.749243],[82.138894,18.747254],[82.1545,18.791437],[82.166179,18.873835],[82.184679,18.897658],[82.220026,18.915202],[82.22788,18.933961],[82.224987,19.015196],[82.200595,19.058114],[82.195014,19.092633],[82.159668,19.122838],[82.168659,19.166246],[82.145715,19.225313],[82.148195,19.258153],[82.17176,19.316857],[82.135276,19.35577],[82.168659,19.386595],[82.167522,19.405224],[82.150986,19.424732],[82.106441,19.440209],[82.081016,19.488811],[82.038125,19.502479],[82.02903,19.517853],[82.03213,19.594773],[82.040605,19.637355],[82.027273,19.695594],[82.036161,19.767088],[82.020141,19.781971],[81.960093,19.796337],[81.929397,19.849254],[81.833176,19.903798],[81.813746,19.935088],[81.819327,19.965707],[81.867799,20.046658],[81.897565,20.061902],[81.929811,20.097792],[81.9449,20.105569],[81.96061,20.097611],[82.009289,20.044487],[82.021898,20.011673],[82.046083,20.017874],[82.065927,20.053686],[82.081326,20.057872],[82.148816,20.005704],[82.164732,19.979427],[82.203593,19.980331],[82.217855,19.972993],[82.290306,19.836051],[82.304878,19.823312],[82.313457,19.826154],[82.341465,19.87163],[82.361102,19.883903],[82.381359,19.885944],[82.475927,19.872379],[82.526157,19.850339],[82.564501,19.849331],[82.579074,19.843156],[82.572872,19.814682],[82.575249,19.76807],[82.592716,19.769104],[82.639328,19.805096],[82.682323,19.822666],[82.707851,19.843208],[82.713329,19.855533],[82.691108,19.878658],[82.684493,19.895401],[82.700927,19.968781],[82.695035,20.000537],[82.653384,20.005032],[82.611216,19.988134],[82.565844,20.022267],[82.495874,20.023042],[82.464455,20.045779],[82.415569,20.066967],[82.413399,20.093347],[82.435826,20.17373],[82.427145,20.293981],[82.411642,20.326796],[82.420324,20.45162],[82.417533,20.462498],[82.401927,20.4533],[82.391281,20.458157],[82.380946,20.500971],[82.372678,20.506862],[82.359035,20.499783],[82.340122,20.542493],[82.367614,20.669255],[82.364203,20.694784],[82.344152,20.747933],[82.343222,20.86684],[82.359862,20.882395],[82.394899,20.875212],[82.404821,20.869088],[82.405131,20.844051],[82.415879,20.833819],[82.438204,20.839529],[82.463008,20.855394],[82.514581,20.923736],[82.548171,20.939368],[82.562124,20.954458],[82.606875,21.024143],[82.627236,21.080936],[82.644082,21.104294],[82.642739,21.140364],[82.656692,21.152611],[82.752603,21.160078],[82.79043,21.145015],[82.822263,21.157856],[82.96458,21.178527],[82.989074,21.168682],[83.008918,21.150906],[83.0392,21.141526],[83.06938,21.116773],[83.143587,21.120623],[83.173973,21.140054],[83.198261,21.172558],[83.227199,21.249633],[83.257068,21.290329],[83.260479,21.332781],[83.279393,21.3588],[83.301097,21.358697],[83.361041,21.33676],[83.379748,21.339189],[83.388326,21.357766],[83.384916,21.389444],[83.375407,21.406601],[83.334583,21.444221],[83.327348,21.463677],[83.327658,21.499153],[83.351946,21.577262],[83.458916,21.748027],[83.466875,21.799987],[83.473179,21.807171],[83.486408,21.808462],[83.511213,21.796241],[83.522168,21.83027],[83.557102,21.834921],[83.564853,21.853576],[83.559582,21.875099],[83.570641,21.923055],[83.521238,21.95636],[83.512867,21.973052],[83.522168,22.028371],[83.571054,22.05837],[83.570021,22.074183],[83.54625,22.101623],[83.54873,22.11294],[83.605367,22.195984],[83.623661,22.21327],[83.664175,22.235026],[83.721639,22.25505],[83.841425,22.348584],[83.931859,22.365457],[83.955734,22.378712],[83.989117,22.417107],[83.996455,22.440543],[83.990564,22.483253],[83.968136,22.522553],[83.970203,22.539348],[84.00741,22.531519],[84.067045,22.499583],[84.124302,22.426745],[84.147763,22.386773],[84.178562,22.364372],[84.230859,22.357344],[84.310957,22.324012],[84.420822,22.330989],[84.497303,22.372201],[84.505054,22.41057],[84.516733,22.421422],[84.733671,22.427288],[84.768914,22.445581],[84.80085,22.45018],[84.878571,22.434031],[84.908337,22.421965],[84.921463,22.424885],[84.944097,22.445245],[84.988022,22.452222],[85.065537,22.5032],[85.100367,22.393956],[85.104707,22.330834],[85.093339,22.290216],[85.040009,22.21637],[84.986265,22.106661],[85.003215,22.106196],[85.050344,22.120898],[85.097886,22.113457],[85.18708,22.05961],[85.220153,22.029147],[85.324126,22.126686],[85.410012,22.162007],[85.448562,22.162524],[85.550675,22.107591],[85.679143,22.075862],[85.746425,22.101158],[85.792211,22.129089],[85.801719,22.117022],[85.800582,22.106222],[85.779085,22.071935],[85.780635,22.022196],[85.784666,22.011887],[85.834275,21.986126],[85.877477,21.9961],[85.916234,22.022119],[85.974112,22.104594],[85.972561,22.133507],[85.988271,22.187535],[85.986824,22.201694],[85.964603,22.24487],[85.965223,22.263189],[85.989925,22.300784],[85.993232,22.3352],[85.982483,22.410829],[85.940625,22.468138],[85.937835,22.49917],[85.965533,22.513096],[85.997676,22.519143],[86.020621,22.547926],[86.049973,22.555807],[86.102476,22.500126],[86.289545,22.409046],[86.304738,22.397057],[86.332746,22.356672],[86.366026,22.330058],[86.401579,22.320007],[86.471756,22.335071],[86.497181,22.334684],[86.602187,22.272853],[86.646629,22.234871],[86.686523,22.218024],[86.70461,22.188698],[86.766725,22.167717],[86.833904,22.121751],[86.892712,22.116583],[86.97126,22.079531],[87.000922,22.045218],[87.005573,22.004833],[86.993688,21.972483],[86.995858,21.957032],[87.004953,21.936982],[87.031412,21.907991],[87.047845,21.902178],[87.059213,21.90719],[87.069135,21.927577],[87.094147,21.942201],[87.120812,21.976928],[87.155435,21.972096],[87.190678,21.956205],[87.206801,21.941426],[87.225612,21.863575],[87.239668,21.832595],[87.251967,21.822105],[87.408546,21.786138],[87.424463,21.774744],[87.431594,21.761592],[87.43087,21.689322],[87.477387,21.613593]]]}},{"type":"Feature","properties":{"name":"Maharashtra","code":"IN-MH"},"geometry":{"type":"Polygon","coordinates":[[[76.039628,21.365699],[76.082933,21.368076],[76.093785,21.358645],[76.130475,21.280123],[76.142877,21.193125],[76.138846,21.181007],[76.109288,21.174005],[76.103396,21.164109],[76.143911,21.106877],[76.186802,21.085819],[76.286641,21.074812],[76.378832,21.086827],[76.410354,21.096723],[76.436606,21.107808],[76.498308,21.180361],[76.541819,21.195244],[76.614063,21.202479],[76.636284,21.219997],[76.653957,21.251313],[76.653337,21.293817],[76.63556,21.331463],[76.637111,21.349214],[76.670907,21.37606],[76.720413,21.403448],[76.749455,21.453032],[76.77705,21.48011],[76.785525,21.501685],[76.79369,21.577004],[76.814051,21.600129],[76.84361,21.613358],[76.89973,21.61266],[76.917404,21.618086],[77.028818,21.693586],[77.069332,21.712293],[77.115531,21.724049],[77.178886,21.726168],[77.203898,21.703404],[77.218987,21.700846],[77.237074,21.709657],[77.25113,21.731206],[77.285547,21.740689],[77.316449,21.769808],[77.332985,21.774459],[77.474062,21.767302],[77.493286,21.754771],[77.503724,21.732886],[77.53163,21.721879],[77.548373,21.707435],[77.562015,21.6262],[77.561395,21.583541],[77.577105,21.556462],[77.574935,21.548323],[77.555194,21.542484],[77.456802,21.548504],[77.443986,21.547135],[77.431998,21.534216],[77.432204,21.500858],[77.481814,21.423886],[77.490185,21.392932],[77.501347,21.396705],[77.519537,21.417659],[77.539278,21.412388],[77.568423,21.386421],[77.590437,21.385413],[77.638083,21.398772],[77.67622,21.395103],[77.702989,21.37792],[77.794456,21.424558],[77.871454,21.3981],[77.890884,21.397402],[78.02917,21.437684],[78.125495,21.484684],[78.192675,21.551114],[78.310187,21.586331],[78.333234,21.614572],[78.358039,21.624804],[78.393799,21.622298],[78.413333,21.606304],[78.414263,21.578838],[78.425942,21.550339],[78.427906,21.508481],[78.455088,21.509359],[78.48568,21.526826],[78.513689,21.526593],[78.561231,21.496104],[78.626653,21.479413],[78.696003,21.474762],[78.917592,21.513907],[78.932268,21.534681],[78.921932,21.572275],[78.932061,21.582301],[78.99614,21.603436],[79.081509,21.612867],[79.215765,21.65457],[79.22734,21.663923],[79.240053,21.712758],[79.258656,21.714256],[79.295036,21.697978],[79.331933,21.690278],[79.413065,21.689813],[79.470943,21.671985],[79.486342,21.663484],[79.498331,21.639661],[79.533058,21.619275],[79.551558,21.550029],[79.565201,21.538815],[79.600134,21.547367],[79.660285,21.585194],[79.70483,21.584032],[79.758781,21.594083],[79.798365,21.587804],[79.813144,21.579768],[79.840326,21.534345],[79.849731,21.52941],[79.896447,21.53251],[79.91536,21.538117],[79.93355,21.554524],[79.96528,21.562586],[79.977889,21.561966],[79.98471,21.548323],[80.005277,21.548323],[80.080311,21.571578],[80.088683,21.591783],[80.108423,21.604237],[80.16413,21.621187],[80.186661,21.63948],[80.248053,21.596796],[80.276062,21.584703],[80.310168,21.580233],[80.318643,21.568555],[80.323604,21.54114],[80.337453,21.525534],[80.402669,21.480214],[80.417552,21.446831],[80.412901,21.43293],[80.395331,21.414869],[80.395641,21.399573],[80.402669,21.394328],[80.484421,21.401821],[80.625601,21.326476],[80.679034,21.351152],[80.678414,21.301982],[80.666425,21.279554],[80.637383,21.251701],[80.5485,21.206665],[80.484524,21.167701],[80.465197,21.14796],[80.436259,21.024686],[80.441013,20.978823],[80.463337,20.94221],[80.491242,20.93017],[80.533927,20.937508],[80.54757,20.927276],[80.554701,20.907846],[80.556768,20.780825],[80.572994,20.697574],[80.571031,20.682381],[80.558938,20.667188],[80.509122,20.641324],[80.496203,20.618948],[80.49486,20.601172],[80.501061,20.592645],[80.515013,20.588847],[80.571444,20.61608],[80.614646,20.606184],[80.623741,20.596185],[80.6225,20.534096],[80.634903,20.51234],[80.614439,20.464307],[80.611545,20.401236],[80.626428,20.342609],[80.622397,20.325891],[80.585603,20.310724],[80.534237,20.269383],[80.441116,20.253312],[80.424373,20.234088],[80.424063,20.197217],[80.414141,20.165178],[80.418172,20.148874],[80.506952,20.141949],[80.53062,20.134869],[80.557181,20.048337],[80.531137,19.920697],[80.509536,19.919534],[80.460236,19.941031],[80.444837,19.931213],[80.426647,19.901395],[80.427474,19.888244],[80.444423,19.878451],[80.4807,19.871139],[80.486075,19.85499],[80.471812,19.830159],[80.418172,19.805871],[80.408973,19.791996],[80.411454,19.783676],[80.431608,19.773289],[80.47884,19.766468],[80.487315,19.771119],[80.487625,19.793262],[80.500751,19.81091],[80.518424,19.81631],[80.537751,19.81091],[80.558112,19.755177],[80.574545,19.72877],[80.59997,19.713655],[80.649786,19.701253],[80.667666,19.689005],[80.675727,19.676551],[80.685029,19.622239],[80.701359,19.597512],[80.7612,19.580071],[80.806365,19.551365],[80.838095,19.543123],[80.878195,19.50713],[80.893905,19.484444],[80.895352,19.452198],[80.86941,19.419358],[80.805745,19.403338],[80.805435,19.38613],[80.832203,19.345409],[80.830963,19.334247],[80.7612,19.298461],[80.720479,19.261564],[80.679965,19.321534],[80.617436,19.318563],[80.60028,19.341688],[80.58705,19.381918],[80.575992,19.391969],[80.553461,19.386905],[80.516977,19.345202],[80.480804,19.328562],[80.447317,19.272131],[80.405356,19.250402],[80.366599,19.117386],[80.346238,19.081497],[80.290428,19.019305],[80.271824,18.979436],[80.271411,18.946958],[80.283916,18.920267],[80.344171,18.85071],[80.349235,18.830918],[80.3389,18.813348],[80.266036,18.768209],[80.261386,18.744515],[80.270377,18.71369],[80.251464,18.700513],[80.169712,18.690048],[80.090543,18.69749],[80.060674,18.73697],[80.001866,18.785624],[79.967967,18.796476],[79.91691,18.826577],[79.960319,18.867117],[79.964866,18.935356],[79.941818,19.038141],[79.93355,19.053127],[79.882081,19.041939],[79.864717,19.048398],[79.861823,19.081084],[79.872675,19.110281],[79.893656,19.137411],[79.943782,19.169218],[79.930553,19.211928],[79.928486,19.26053],[79.933447,19.274173],[79.94988,19.288771],[79.956495,19.313395],[79.963833,19.426024],[79.954014,19.452017],[79.927452,19.486227],[79.864924,19.50899],[79.841876,19.546714],[79.795781,19.594101],[79.735423,19.603352],[79.636101,19.569814],[79.608919,19.55307],[79.600754,19.518938],[79.576363,19.508112],[79.538949,19.533821],[79.404074,19.537826],[79.389501,19.544027],[79.363559,19.574051],[79.348883,19.580097],[79.266002,19.589555],[79.245485,19.559524],[79.243281,19.531138],[79.216057,19.504303],[79.218302,19.474351],[79.197731,19.461883],[79.170548,19.477121],[79.150711,19.499977],[79.119855,19.511749],[79.09708,19.531138],[79.068427,19.535985],[79.058876,19.547063],[79.024346,19.541525],[79.014032,19.545436],[79.011305,19.557003],[78.98076,19.564233],[78.972679,19.584774],[78.934852,19.598184],[78.921002,19.624668],[78.87594,19.64446],[78.83987,19.736987],[78.780029,19.776674],[78.711713,19.774349],[78.616628,19.815199],[78.569913,19.81352],[78.533739,19.824656],[78.506557,19.818455],[78.491984,19.802306],[78.477722,19.799128],[78.410646,19.824863],[78.383257,19.866152],[78.329204,19.891293],[78.321762,19.863258],[78.329514,19.838557],[78.363207,19.760448],[78.39938,19.736082],[78.403411,19.719262],[78.392352,19.691977],[78.351528,19.66681],[78.333441,19.643272],[78.305743,19.574826],[78.302642,19.482765],[78.281145,19.466719],[78.230812,19.45628],[78.211898,19.440132],[78.174381,19.374657],[78.181823,19.298512],[78.180066,19.279004],[78.16787,19.264096],[78.129216,19.262985],[78.100484,19.270064],[78.050978,19.265414],[78.024933,19.278591],[77.989069,19.324996],[77.963128,19.322645],[77.911451,19.330267],[77.892848,19.322438],[77.865459,19.29735],[77.891298,19.279418],[77.889954,19.271356],[77.855021,19.228362],[77.832387,19.158934],[77.836727,19.126688],[77.756629,19.059199],[77.751978,19.045892],[77.766551,18.989358],[77.795283,18.987188],[77.803964,18.978739],[77.807272,18.95582],[77.839001,18.947009],[77.842412,18.909208],[77.9037,18.861821],[77.910831,18.853113],[77.912072,18.835362],[77.873831,18.826577],[77.839311,18.80955],[77.781123,18.703768],[77.736578,18.704052],[77.712394,18.689454],[77.703402,18.669119],[77.70981,18.622688],[77.702989,18.597444],[77.688519,18.574732],[77.60222,18.55662],[77.559225,18.50763],[77.554781,18.500344],[77.559535,18.487761],[77.543929,18.427325],[77.508479,18.394872],[77.502588,18.381591],[77.552714,18.345831],[77.558295,18.336943],[77.551163,18.307875],[77.509099,18.314567],[77.493182,18.308986],[77.461453,18.281933],[77.437579,18.281908],[77.427347,18.316143],[77.346628,18.351516],[77.341564,18.426292],[77.324304,18.449133],[77.301876,18.460269],[77.264773,18.45306],[77.229012,18.399472],[77.227359,18.322086],[77.221158,18.313818],[77.176923,18.297049],[77.117908,18.253847],[77.097754,18.230412],[77.087729,18.197055],[77.069539,18.189071],[77.039567,18.191887],[77.00577,18.178348],[76.949546,18.179976],[76.900247,18.157006],[76.892909,18.144293],[76.896216,18.079594],[76.881747,18.018565],[76.882987,17.954899],[76.863143,17.90374],[76.839062,17.884232],[76.761961,17.900665],[76.740877,17.898417],[76.755656,17.825837],[76.70553,17.792118],[76.68765,17.755015],[76.675971,17.706852],[76.660675,17.709772],[76.625638,17.736385],[76.592669,17.770595],[76.553395,17.766409],[76.522699,17.777029],[76.512984,17.772817],[76.496964,17.744421],[76.469472,17.732148],[76.461721,17.697783],[76.421723,17.67812],[76.410251,17.65391],[76.390614,17.636779],[76.322194,17.61771],[76.313099,17.609752],[76.311549,17.601071],[76.336354,17.568308],[76.332323,17.534124],[76.340074,17.515546],[76.31806,17.487383],[76.316303,17.473869],[76.332943,17.454465],[76.347413,17.413434],[76.378108,17.389766],[76.380382,17.378759],[76.375008,17.371937],[76.343795,17.351861],[76.330876,17.350207],[76.255015,17.360414],[76.228453,17.382479],[76.210367,17.388913],[76.184115,17.384391],[76.15652,17.370904],[76.112698,17.381963],[76.027845,17.345737],[76.009862,17.353696],[76.0,17.35037585844888],[76.0,21.375199175898103],[76.039628,21.365699]]]}},{"type":"Feature","properties":{"name":"Karnataka","code":"IN-KA"},"geometry":{"type":"Polygon","coordinates":[[[76.009862,17.353696],[76.027845,17.345737],[76.094715,17.377751],[76.127064,17.381317],[76.15652,17.370904],[76.184115,17.384391],[76.210367,17.388913],[76.228453,17.382479],[76.255015,17.360414],[76.330876,17.350207],[76.343795,17.351861],[76.375008,17.371937],[76.380382,17.378759],[76.378108,17.389766],[76.347413,17.413434],[76.332943,17.454465],[76.316303,17.473869],[76.31806,17.487383],[76.340074,17.515546],[76.332323,17.534124],[76.336354,17.568308],[76.311549,17.601071],[76.313099,17.609752],[76.322194,17.61771],[76.390614,17.636779],[76.410251,17.65391],[76.421723,17.67812],[76.461721,17.697783],[76.469472,17.732148],[76.496964,17.744421],[76.512984,17.772817],[76.522699,17.777029],[76.553395,17.766409],[76.592669,17.770595],[76.625638,17.736385],[76.660675,17.709772],[76.675971,17.706852],[76.68765,17.755015],[76.70553,17.792118],[76.755656,17.825837],[76.740877,17.898417],[76.761961,17.900665],[76.839062,17.884232],[76.863143,17.90374],[76.882987,17.954899],[76.881747,18.018565],[76.896216,18.079594],[76.892909,18.144293],[76.900247,18.157006],[76.949546,18.179976],[77.00577,18.178348],[77.039567,18.191887],[77.069539,18.189071],[77.087729,18.197055],[77.097754,18.230412],[77.117908,18.253847],[77.176923,18.297049],[77.221158,18.313818],[77.227359,18.322086],[77.229012,18.399472],[77.264773,18.45306],[77.301876,18.460269],[77.324304,18.449133],[77.341564,18.426292],[77.346628,18.351516],[77.427347,18.316143],[77.437579,18.281908],[77.461453,18.281933],[77.493182,18.308986],[77.509099,18.314567],[77.551163,18.307875],[77.583306,18.291545],[77.568527,18.233745],[77.590748,18.175454],[77.599946,18.114838],[77.565736,18.100885],[77.557675,18.086157],[77.562946,18.070784],[77.60346,18.033732],[77.62134,17.986835],[77.626714,17.942187],[77.61979,17.92565],[77.559225,17.869866],[77.523465,17.852115],[77.507859,17.834726],[77.500314,17.812298],[77.530906,17.777597],[77.53132,17.754007],[77.463623,17.713415],[77.411534,17.630785],[77.423006,17.612517],[77.492872,17.57761],[77.535867,17.573734],[77.582583,17.578772],[77.588784,17.554174],[77.599119,17.54681],[77.674257,17.577067],[77.685832,17.567171],[77.653173,17.500069],[77.599326,17.486917],[77.581032,17.471854],[77.570594,17.445008],[77.525635,17.430435],[77.496386,17.374573],[77.37443,17.222567],[77.365335,17.194093],[77.370399,17.169159],[77.425176,17.142339],[77.433548,17.096838],[77.465174,17.042578],[77.467758,17.025809],[77.435718,16.954934],[77.434375,16.812773],[77.431584,16.799569],[77.414841,16.779596],[77.40957,16.737842],[77.410914,16.720582],[77.435615,16.705544],[77.445537,16.69017],[77.417011,16.663479],[77.41112,16.647821],[77.438819,16.65056],[77.44626,16.640768],[77.427243,16.585732],[77.389519,16.565914],[77.370916,16.524289],[77.273558,16.465145],[77.257435,16.449358],[77.293711,16.406518],[77.393964,16.381068],[77.493286,16.378174],[77.53318,16.361043],[77.547649,16.343008],[77.55261,16.332156],[77.546409,16.307532],[77.495973,16.270506],[77.488532,16.250455],[77.490185,16.222757],[77.479023,16.164414],[77.485121,16.110774],[77.483674,16.002073],[77.446467,15.95298],[77.306217,15.957062],[77.263636,15.962101],[77.226429,15.976389],[77.163073,15.967114],[77.07357,15.921018],[77.034089,15.873734],[77.027681,15.760925],[77.031092,15.748755],[77.051659,15.737024],[77.084939,15.667287],[77.076877,15.653825],[77.038533,15.662481],[77.010525,15.644627],[76.999672,15.613776],[77.009181,15.569334],[77.008044,15.511844],[77.000913,15.503886],[76.972387,15.522179],[76.967426,15.506005],[76.990887,15.453062],[77.014452,15.41725],[77.025924,15.351492],[77.039567,15.341725],[77.085249,15.328005],[77.104886,15.308213],[77.113464,15.2423],[77.132274,15.17481],[77.130724,15.141634],[77.087212,15.045904],[77.05693,15.014303],[77.034192,15.005208],[77.007011,15.029522],[76.993471,15.033553],[76.947996,15.021642],[76.906138,15.035568],[76.86335,15.040969],[76.764338,15.094118],[76.745528,15.063887],[76.743357,15.018386],[76.719483,14.985881],[76.810123,14.948416],[76.819425,14.937693],[76.822216,14.920976],[76.815084,14.858008],[76.799685,14.794834],[76.794724,14.785894],[76.764648,14.772949],[76.761858,14.763673],[76.765268,14.719102],[76.743874,14.667891],[76.740567,14.612933],[76.75638,14.558931],[76.791313,14.541671],[76.825626,14.481261],[76.834721,14.478316],[76.869034,14.489529],[76.910996,14.486739],[76.929599,14.466507],[76.930943,14.449403],[76.907998,14.410413],[76.873685,14.406925],[76.858182,14.382559],[76.858803,14.357005],[76.868104,14.338066],[76.921848,14.304709],[76.905828,14.268251],[76.908205,14.257864],[77.045458,14.231664],[77.072743,14.232594],[77.082458,14.251456],[77.082872,14.288741],[77.111294,14.329617],[77.132894,14.344008],[77.185088,14.326464],[77.256814,14.333957],[77.267977,14.301479],[77.327094,14.281041],[77.343424,14.256985],[77.367299,14.238253],[77.378977,14.238382],[77.387969,14.252774],[77.357583,14.313158],[77.363578,14.328506],[77.37443,14.334474],[77.400682,14.327627],[77.413911,14.313933],[77.417425,14.299877],[77.451841,14.293779],[77.463934,14.284994],[77.454218,14.23939],[77.467241,14.198643],[77.465484,14.18624],[77.439956,14.174148],[77.37536,14.167585],[77.327921,14.122652],[77.351589,14.115935],[77.360994,14.1064],[77.327921,14.052166],[77.349005,14.021289],[77.355826,13.993177],[77.386109,13.969303],[77.385282,13.933646],[77.400785,13.903209],[77.394894,13.892227],[77.386729,13.890367],[77.332365,13.908169],[77.331022,13.939098],[77.289267,14.010747],[77.243999,14.022219],[77.180643,14.00682],[77.112327,14.005063],[77.081941,14.033847],[77.019723,14.051546],[76.995332,14.066377],[76.98634,14.084515],[76.967426,14.171022],[76.949546,14.169833],[76.91668,14.188411],[76.90004,14.170557],[76.875442,14.162728],[76.868001,14.153813],[76.872962,14.137354],[76.940865,14.067255],[76.93363,14.041004],[76.935904,14.010902],[77.010214,13.914061],[77.006494,13.898325],[76.958125,13.833368],[76.954507,13.820345],[76.958538,13.781614],[76.969183,13.753709],[76.980035,13.752804],[76.993781,13.779909],[77.041117,13.743993],[77.063751,13.769728],[77.109537,13.76146],[77.127727,13.767894],[77.133204,13.784818],[77.125866,13.830887],[77.102612,13.849672],[77.099925,13.858663],[77.124006,13.870239],[77.131344,13.900418],[77.14354,13.910702],[77.152221,13.903596],[77.156149,13.87458],[77.196663,13.891866],[77.220848,13.868094],[77.258261,13.86688],[77.292058,13.848432],[77.317069,13.850214],[77.353966,13.842334],[77.384042,13.846726],[77.394584,13.836701],[77.398615,13.821663],[77.424763,13.797453],[77.440679,13.743993],[77.44254,13.701955],[77.494216,13.702368],[77.551163,13.736862],[77.591988,13.73942],[77.593228,13.767093],[77.604597,13.776317],[77.64046,13.781717],[77.663095,13.76022],[77.669296,13.760943],[77.693687,13.807607],[77.734925,13.824221],[77.789185,13.870316],[77.790942,13.884579],[77.771822,13.917781],[77.78257,13.936591],[77.791562,13.941682],[77.844892,13.934008],[77.878792,13.916619],[77.896569,13.925636],[77.914139,13.954058],[77.937083,13.963257],[77.942561,13.946849],[77.94039,13.917084],[77.909281,13.880574],[77.92065,13.830474],[77.960234,13.868844],[78.002092,13.867138],[78.032684,13.884734],[78.07971,13.856932],[78.091389,13.830112],[78.097693,13.796083],[78.08219,13.753812],[78.102241,13.717354],[78.104721,13.701128],[78.093042,13.694642],[78.061416,13.698053],[78.057076,13.682783],[78.067928,13.65927],[78.083947,13.653534],[78.109786,13.662526],[78.126735,13.658572],[78.184096,13.601547],[78.231742,13.589558],[78.272153,13.586148],[78.304192,13.599532],[78.327653,13.58775],[78.368374,13.591005],[78.374679,13.579637],[78.363103,13.540828],[78.367134,13.498169],[78.358556,13.457267],[78.361346,13.413393],[78.350184,13.376109],[78.373129,13.347222],[78.38088,13.322753],[78.394729,13.31805],[78.416227,13.327559],[78.441548,13.314795],[78.459118,13.315725],[78.516169,13.278854],[78.534979,13.283376],[78.553583,13.301798],[78.568362,13.274823],[78.564952,13.217876],[78.55658,13.184984],[78.52361,13.138707],[78.511518,13.077212],[78.471004,13.048119],[78.454467,13.000499],[78.411886,12.936704],[78.415917,12.92686],[78.448576,12.910246],[78.463252,12.889937],[78.468213,12.877406],[78.462219,12.863737],[78.439998,12.867458],[78.370648,12.914638],[78.346154,12.913295],[78.339022,12.870067],[78.326,12.860792],[78.300782,12.856141],[78.285899,12.843377],[78.260371,12.857588],[78.244041,12.853738],[78.241044,12.828235],[78.248692,12.791623],[78.229572,12.759893],[78.163839,12.775293],[78.133247,12.790512],[78.056249,12.845935],[78.029584,12.848699],[78.007053,12.81126],[77.987416,12.804361],[77.964885,12.816453],[77.914759,12.868362],[77.845822,12.87154],[77.801277,12.856554],[77.789805,12.810743],[77.756215,12.752943],[77.76469,12.727854],[77.76004,12.713798],[77.68976,12.67796],[77.64015,12.682069],[77.609351,12.672793],[77.585787,12.624088],[77.568733,12.55957],[77.581136,12.52722],[77.576795,12.495026],[77.610178,12.495439],[77.61979,12.48066],[77.604597,12.405781],[77.560775,12.339661],[77.529046,12.308215],[77.479953,12.282532],[77.46476,12.261526],[77.46476,12.249304],[77.476543,12.241708],[77.483364,12.20755],[77.667849,12.203881],[77.698648,12.198015],[77.736785,12.174089],[77.768721,12.120036],[77.765827,12.100683],[77.725933,12.05805],[77.670846,11.971311],[77.642321,11.954129],[77.517677,11.940357],[77.489772,11.92612],[77.46197,11.882402],[77.433858,11.811527],[77.408123,11.791606],[77.338567,11.783467],[77.298259,11.806437],[77.259192,11.816902],[77.220951,11.802277],[77.172892,11.804189],[77.130827,11.79667],[77.121939,11.792536],[77.107366,11.752745],[77.096204,11.75042],[77.082561,11.756776],[77.012695,11.821966],[76.997399,11.825919],[76.968047,11.814576],[76.91823,11.807342],[76.868311,11.745614],[76.84423,11.704712],[76.832448,11.641874],[76.820769,11.625596],[76.750799,11.642339],[76.605381,11.631177],[76.566934,11.63376],[76.550191,11.645439],[76.544093,11.697116],[76.532207,11.709079],[76.503579,11.719156],[76.483735,11.719543],[76.451282,11.706624],[76.415936,11.666833],[76.400949,11.686341],[76.394231,11.735589],[76.382139,11.74918],[76.342865,11.742384],[76.309172,11.749722],[76.258736,11.806076],[76.212227,11.807264],[76.184942,11.848554],[76.167062,11.86261],[76.13895,11.867183],[76.107014,11.857494],[76.086343,11.871136],[76.080142,11.889766],[76.080349,11.958986],[76.055751,11.96374],[76.0,11.940252856961086],[76.0,17.35037585844888],[76.009862,17.353696]]]}},{"type":"Feature","properties":{"name":"Kerala","code":"IN-KL"},"geometry":{"type":"Polygon","coordinates":[[[76.0,11.940252856961086],[76.055751,11.96374],[76.080349,11.958986],[76.081899,11.878991],[76.098746,11.860439],[76.115489,11.857494],[76.13895,11.867183],[76.167062,11.86261],[76.184942,11.848554],[76.212227,11.807264],[76.258736,11.806076],[76.309172,11.749722],[76.342865,11.742384],[76.382139,11.74918],[76.394231,11.735589],[76.400949,11.686341],[76.419346,11.659599],[76.415315,11.648747],[76.374181,11.63159],[76.339248,11.591489],[76.299457,11.587536],[76.240752,11.603969],[76.231761,11.585676],[76.237342,11.560328],[76.23052,11.529142],[76.242509,11.495242],[76.256255,11.478447],[76.409114,11.436822],[76.448182,11.406333],[76.485182,11.392509],[76.516705,11.352098],[76.542749,11.337965],[76.533758,11.313134],[76.464821,11.262259],[76.444151,11.234095],[76.44105,11.21407],[76.456657,11.204691],[76.500995,11.214845],[76.540682,11.200428],[76.641245,11.208644],[76.70274,11.238048],[76.701293,11.212598],[76.68858,11.173814],[76.719173,11.138726],[76.745528,11.070617],[76.767542,11.046096],[76.762581,11.036562],[76.746458,11.02894],[76.708734,11.0416],[76.68765,11.033461],[76.672457,10.989304],[76.677522,10.956257],[76.703773,10.921892],[76.768989,10.899309],[76.828727,10.869595],[76.854358,10.814896],[76.883607,10.797352],[76.889705,10.78004],[76.875546,10.678496],[76.863763,10.663587],[76.829347,10.652968],[76.821079,10.633176],[76.82666,10.551553],[76.822939,10.499334],[76.811674,10.468922],[76.808573,10.437115],[76.817565,10.405076],[76.838132,10.372881],[76.841543,10.310663],[76.880817,10.281492],[76.921848,10.239039],[76.956988,10.223459],[76.969804,10.224699],[77.020343,10.255033],[77.07481,10.303273],[77.191495,10.351306],[77.211649,10.333711],[77.241622,10.284437],[77.254541,10.230668],[77.276968,10.210101],[77.274798,10.173565],[77.224362,10.065562],[77.260225,9.952364],[77.226842,9.871827],[77.237591,9.778809],[77.186845,9.596779],[77.192736,9.588097],[77.225188,9.575824],[77.243999,9.558306],[77.263222,9.557376],[77.308698,9.578718],[77.340634,9.579958],[77.398615,9.499963],[77.404506,9.486372],[77.403782,9.461077],[77.369779,9.429037],[77.338877,9.344004],[77.312108,9.30088],[77.254541,9.122105],[77.229943,9.06415],[77.210099,9.035211],[77.164934,9.001001],[77.202554,8.89416],[77.243999,8.864756],[77.253404,8.850726],[77.23542,8.784141],[77.180747,8.703681],[77.187671,8.63937],[77.203794,8.611981],[77.269113,8.555499],[77.278829,8.526405],[77.262912,8.495916],[77.244102,8.476511],[77.224672,8.467597],[77.206068,8.478914],[77.215887,8.418789],[77.170825,8.348044],[77.165554,8.307452],[77.14602,8.293112],[77.121319,8.294584],[77.110331,8.285174],[76.99586,8.368109],[76.962576,8.40469],[76.880138,8.520697],[76.826508,8.56981],[76.813731,8.601264],[76.74171,8.684516],[76.731293,8.707953],[76.695649,8.739814],[76.644542,8.818996],[76.558604,8.890692],[76.543956,8.912502],[76.548106,8.924221],[76.559093,8.925238],[76.573253,8.904446],[76.609874,8.917955],[76.620616,8.925442],[76.581554,8.919908],[76.572276,8.931627],[76.582286,8.956366],[76.603282,8.973212],[76.657563,8.966376],[76.660818,8.969875],[76.634288,8.986884],[76.668468,8.999823],[76.668468,9.007392],[76.644054,9.00788],[76.620616,8.987128],[76.582774,9.000556],[76.558604,8.952094],[76.551117,8.966376],[76.56544,8.99433],[76.538829,8.972602],[76.534434,8.957831],[76.538097,8.939114],[76.528087,8.946967],[76.513845,9.002143],[76.46046,9.114936],[76.462413,9.138332],[76.469086,9.116604],[76.476573,9.116604],[76.482758,9.17182],[76.469086,9.151353],[76.462413,9.151353],[76.428233,9.245347],[76.414561,9.246975],[76.446788,9.159613],[76.448741,9.145168],[76.442556,9.145168],[76.362966,9.325181],[76.311778,9.492987],[76.291026,9.633205],[76.29713,9.658433],[76.277354,9.809272],[76.246755,9.893744],[76.236339,9.952704],[76.251475,9.963121],[76.269542,9.950995],[76.291026,9.908596],[76.285655,9.904364],[76.256847,9.908596],[76.266856,9.876044],[76.277354,9.870754],[76.28419,9.891181],[76.288259,9.861233],[76.280772,9.842841],[76.299978,9.847805],[76.304698,9.856269],[76.29713,9.870754],[76.308604,9.879625],[76.338878,9.699408],[76.346202,9.699408],[76.337576,9.789252],[76.346202,9.816107],[76.323985,9.846177],[76.320079,9.86164],[76.332693,9.870754],[76.359223,9.816107],[76.359223,9.768297],[76.368012,9.715562],[76.377126,9.695502],[76.394054,9.678941],[76.392426,9.662828],[76.372895,9.624335],[76.353282,9.535346],[76.357432,9.520697],[76.435069,9.507636],[76.458995,9.497301],[76.477061,9.50373],[76.503266,9.53498],[76.448497,9.563422],[76.428233,9.555406],[76.406993,9.569078],[76.419688,9.594184],[76.414561,9.682685],[76.402599,9.710598],[76.394054,9.706244],[76.394054,9.747219],[76.380382,9.785102],[76.396495,9.822659],[76.394054,9.842841],[76.359223,9.915432],[76.311534,9.966946],[76.294281,9.951321],[76.278168,9.977932],[76.269298,10.016262],[76.273936,10.035834],[76.255056,10.047675],[76.245128,10.1022],[76.227712,10.109565],[76.215343,10.138251],[76.20753,10.117133],[76.229015,10.065904],[76.230968,10.025824],[76.242686,9.987454],[76.21461,10.024482],[76.182384,10.105658],[76.184581,10.144924],[76.177501,10.17064],[76.224132,10.196926],[76.24171,10.223944],[76.240245,10.238959],[76.22283,10.234442],[76.206309,10.262885],[76.194835,10.268622],[76.207856,10.234565],[76.209483,10.21601],[76.201671,10.199693],[76.184093,10.189358],[76.170584,10.193752],[76.160492,10.206244],[76.138194,10.261054],[76.10613,10.38467],[76.070079,10.432807],[76.052419,10.513983],[76.008067,10.567084],[76.0,10.604090953471722],[76.0,11.940252856961086]]]}},{"type":"Feature","properties":{"name":"Puducherry","code":"IN-PY"},"geometry":{"type":"MultiPolygon","coordinates":[[[[79.840668,10.950141],[79.847341,10.809638],[79.840223,10.809108],[79.814591,10.818694],[79.813041,10.82629],[79.797538,10.835876],[79.7933,10.845101],[79.802706,10.87081],[79.774387,10.871843],[79.767359,10.88856],[79.750202,10.883522],[79.73997,10.895692],[79.70545,10.910445],[79.706071,10.921298],[79.717336,10.935302],[79.704314,10.943622],[79.705037,10.951554],[79.720747,10.951683],[79.732632,10.941115],[79.742968,10.943828],[79.739764,10.968271],[79.728705,10.976075],[79.73749,10.986229],[79.785032,10.970907],[79.806116,10.985428],[79.846688,10.979834],[79.840668,10.950141]]],[[[79.849539,11.955064],[79.820323,11.878648],[79.810869,11.832977],[79.777177,11.832353],[79.731392,11.839071],[79.699869,11.862403],[79.711032,11.896251],[79.709171,11.914131],[79.694702,11.924957],[79.690671,11.953741],[79.670724,11.975858],[79.692531,12.001981],[79.72116,11.974644],[79.768599,11.977486],[79.77108,11.961312],[79.753096,11.938031],[79.777797,11.914157],[79.79113,11.916818],[79.825857,11.947075],[79.849539,11.955064]]],[[[82.213721,16.732442],[82.217442,16.722959],[82.230361,16.719316],[82.263331,16.719652],[82.294956,16.741692],[82.301364,16.717662],[82.29506,16.709626],[82.271392,16.708515],[82.266534,16.703089],[82.285138,16.69787],[82.260643,16.690325],[82.177651,16.718592],[82.206176,16.744146],[82.221783,16.750296],[82.213721,16.732442]]]]}},{"type":"Feature","properties":{"name":"Tamil Nadu","code":"IN-TN"},"geometry":{"type":"MultiPolygon","coordinates":[[[[79.847341,10.809638],[79.850271,10.592108],[79.85963,10.551459],[79.86378,10.37873],[79.851329,10.282213],[79.795095,10.269232],[79.778575,10.275377],[79.78004,10.296617],[79.757091,10.309068],[79.633149,10.328599],[79.621267,10.324164],[79.614106,10.309556],[79.661794,10.307074],[79.703624,10.289049],[79.758962,10.282213],[79.773692,10.273668],[79.772472,10.261705],[79.759776,10.258246],[79.556651,10.298651],[79.551768,10.3133],[79.604015,10.329088],[79.607107,10.336005],[79.586925,10.343695],[79.567719,10.335883],[79.528575,10.338324],[79.532237,10.323188],[79.459727,10.308295],[79.437266,10.309556],[79.398123,10.324652],[79.304942,10.268134],[79.272227,10.234442],[79.269216,10.197821],[79.248302,10.189195],[79.236339,10.166571],[79.244314,10.084947],[79.254161,10.054267],[79.279063,10.035834],[79.240733,10.010565],[79.200369,9.970282],[79.141856,9.891181],[79.121349,9.850246],[79.100841,9.826077],[79.094086,9.802314],[79.038829,9.747219],[78.980805,9.667182],[78.977306,9.637926],[78.94752,9.602851],[78.931488,9.561672],[78.913259,9.47427],[78.915294,9.45303],[78.933442,9.416449],[78.959727,9.384955],[79.039887,9.314683],[79.115571,9.291246],[79.25172,9.28852],[79.320079,9.32331],[79.341075,9.315863],[79.345714,9.306545],[79.333669,9.278266],[79.353526,9.240912],[79.453624,9.159003],[79.440278,9.151353],[79.424001,9.159084],[79.361013,9.213446],[79.292735,9.250312],[79.165375,9.274237],[79.129405,9.256334],[79.087169,9.253811],[79.025727,9.273749],[78.988943,9.278266],[78.956798,9.274848],[78.928966,9.253811],[78.843761,9.243964],[78.815196,9.22842],[78.77711,9.219387],[78.727794,9.187445],[78.67628,9.184149],[78.661306,9.177191],[78.648936,9.151435],[78.634776,9.144599],[78.48585,9.124823],[78.41212,9.09984],[78.239757,8.965562],[78.217621,8.938951],[78.182791,8.877102],[78.17449,8.79442],[78.162364,8.753485],[78.175792,8.763902],[78.20045,8.76968],[78.210216,8.788275],[78.21518,8.765448],[78.1692,8.733629],[78.154959,8.698879],[78.140473,8.680609],[78.136729,8.669867],[78.142589,8.657904],[78.114594,8.657904],[78.135509,8.6258],[78.142345,8.593085],[78.128266,8.488023],[78.079845,8.431952],[78.055919,8.363715],[77.999766,8.344916],[77.806163,8.228664],[77.768321,8.181545],[77.752452,8.173814],[77.643809,8.155707],[77.595225,8.138983],[77.561046,8.114569],[77.565278,8.082506],[77.510916,8.075995],[77.449718,8.08747],[77.308604,8.130927],[77.286794,8.15351],[77.225271,8.184394],[77.110331,8.285174],[77.121319,8.294584],[77.14602,8.293112],[77.16235,8.301716],[77.170825,8.348044],[77.215887,8.418789],[77.206068,8.478914],[77.224672,8.467597],[77.244102,8.476511],[77.262912,8.495916],[77.278829,8.526405],[77.269113,8.555499],[77.203794,8.611981],[77.187671,8.63937],[77.180747,8.703681],[77.23542,8.784141],[77.253404,8.850726],[77.243999,8.864756],[77.202554,8.89416],[77.164934,9.001001],[77.210099,9.035211],[77.229943,9.06415],[77.254541,9.122105],[77.312108,9.30088],[77.338877,9.344004],[77.369779,9.429037],[77.403782,9.461077],[77.404506,9.486372],[77.398615,9.499963],[77.340634,9.579958],[77.308698,9.578718],[77.263222,9.557376],[77.243999,9.558306],[77.225188,9.575824],[77.192736,9.588097],[77.186845,9.596779],[77.237591,9.778809],[77.226842,9.871827],[77.260225,9.952364],[77.224362,10.065562],[77.274798,10.173565],[77.276968,10.210101],[77.254541,10.230668],[77.241622,10.284437],[77.211649,10.333711],[77.191495,10.351306],[77.07481,10.303273],[77.020343,10.255033],[76.969804,10.224699],[76.956988,10.223459],[76.921848,10.239039],[76.880817,10.281492],[76.841543,10.310663],[76.838132,10.372881],[76.817565,10.405076],[76.808573,10.437115],[76.811674,10.468922],[76.822939,10.499334],[76.82666,10.551553],[76.821079,10.633176],[76.829347,10.652968],[76.863763,10.663587],[76.875546,10.678496],[76.889705,10.78004],[76.883607,10.797352],[76.854358,10.814896],[76.828727,10.869595],[76.768989,10.899309],[76.703773,10.921892],[76.677522,10.956257],[76.672457,10.989304],[76.68765,11.033461],[76.708734,11.0416],[76.746458,11.02894],[76.762581,11.036562],[76.767542,11.046096],[76.745528,11.070617],[76.719173,11.138726],[76.68858,11.173814],[76.701293,11.212598],[76.70274,11.238048],[76.641245,11.208644],[76.540682,11.200428],[76.495827,11.215078],[76.466268,11.205234],[76.448388,11.206861],[76.44105,11.21407],[76.444151,11.234095],[76.47371,11.270708],[76.533758,11.313134],[76.542749,11.337965],[76.516705,11.352098],[76.485182,11.392509],[76.448182,11.406333],[76.409114,11.436822],[76.256255,11.478447],[76.242509,11.495242],[76.23052,11.529142],[76.237342,11.560328],[76.231761,11.585676],[76.240752,11.603969],[76.299457,11.587536],[76.339248,11.591489],[76.374181,11.63159],[76.415315,11.648747],[76.415936,11.666833],[76.439397,11.697633],[76.465338,11.71497],[76.483735,11.719543],[76.532207,11.709079],[76.544093,11.697116],[76.550191,11.645439],[76.566934,11.63376],[76.605381,11.631177],[76.750799,11.642339],[76.820769,11.625596],[76.832448,11.641874],[76.84423,11.704712],[76.868311,11.745614],[76.91823,11.807342],[76.968047,11.814576],[76.997399,11.825919],[77.012695,11.821966],[77.082561,11.756776],[77.096204,11.75042],[77.107366,11.752745],[77.121939,11.792536],[77.130827,11.79667],[77.172892,11.804189],[77.220951,11.802277],[77.259192,11.816902],[77.298259,11.806437],[77.338567,11.783467],[77.408123,11.791606],[77.433858,11.811527],[77.46197,11.882402],[77.489772,11.92612],[77.517677,11.940357],[77.642321,11.954129],[77.670846,11.971311],[77.725933,12.05805],[77.765827,12.100683],[77.768721,12.120036],[77.736785,12.174089],[77.698648,12.198015],[77.667849,12.203881],[77.483364,12.20755],[77.478403,12.214552],[77.48047,12.231502],[77.46476,12.249304],[77.46476,12.261526],[77.479953,12.282532],[77.529046,12.308215],[77.560775,12.339661],[77.604597,12.405781],[77.61979,12.48066],[77.610178,12.495439],[77.576795,12.495026],[77.581136,12.52722],[77.568733,12.55957],[77.585787,12.624088],[77.609351,12.672793],[77.64015,12.682069],[77.68976,12.67796],[77.765311,12.718733],[77.756215,12.752943],[77.789805,12.810743],[77.801277,12.856554],[77.845822,12.87154],[77.904837,12.871463],[77.926438,12.860921],[77.964885,12.816453],[77.987416,12.804361],[78.007053,12.81126],[78.029584,12.848699],[78.056249,12.845935],[78.133247,12.790512],[78.163839,12.775293],[78.229572,12.759893],[78.274427,12.697442],[78.352768,12.641503],[78.388322,12.632459],[78.425735,12.633829],[78.447439,12.643518],[78.490641,12.688347],[78.500356,12.744804],[78.524541,12.73421],[78.533636,12.735993],[78.577664,12.770487],[78.61053,12.849939],[78.635335,12.933681],[78.64474,12.991998],[78.661587,13.01365],[78.703651,13.025846],[78.724942,13.057782],[78.85868,13.080468],[78.869739,13.075094],[78.883692,13.041142],[78.901365,13.037809],[78.922449,13.054578],[78.930821,13.087005],[78.961206,13.093232],[78.998827,13.083749],[79.01247,13.055586],[79.046266,13.050289],[79.077582,13.035587],[79.161608,13.044915],[79.179074,13.057679],[79.250801,13.147751],[79.277776,13.147983],[79.294726,13.132274],[79.31488,13.131989],[79.378649,13.198213],[79.420197,13.219994],[79.426604,13.231932],[79.425468,13.268157],[79.435596,13.288026],[79.440764,13.321539],[79.466912,13.337248],[79.505153,13.33947],[79.533368,13.33115],[79.582047,13.277898],[79.680129,13.289137],[79.688501,13.282936],[79.689637,13.24945],[79.696769,13.235807],[79.72085,13.222527],[79.77604,13.220821],[79.784929,13.224025],[79.7902,13.241931],[79.75599,13.270172],[79.75816,13.293297],[79.764052,13.298078],[79.798675,13.291928],[79.816348,13.294925],[79.873296,13.317198],[79.956701,13.365774],[79.964763,13.37846],[79.960112,13.407632],[79.969207,13.427139],[79.999799,13.456466],[80.042898,13.471788],[80.054163,13.483854],[80.053026,13.497264],[80.028325,13.52411],[80.034113,13.534135],[80.047962,13.534446],[80.084549,13.513051],[80.10863,13.512121],[80.109974,13.498789],[80.097985,13.469178],[80.102532,13.45936],[80.152762,13.459411],[80.202268,13.448482],[80.225625,13.4506],[80.26588,13.468248],[80.26238,13.451239],[80.306895,13.413031],[80.313731,13.427232],[80.326996,13.430365],[80.34783,13.349066],[80.334158,13.242906],[80.319835,13.249172],[80.313731,13.215033],[80.334158,13.221177],[80.332774,13.198147],[80.306895,13.146064],[80.313731,13.10578],[80.285818,13.067572],[80.269054,12.957261],[80.263194,12.835354],[80.25172,12.762519],[80.233653,12.711005],[80.228689,12.674994],[80.196462,12.613715],[80.179698,12.53262],[80.156016,12.474514],[80.095958,12.36225],[80.059825,12.334215],[80.025727,12.276516],[80.005138,12.256049],[79.952159,12.229926],[79.943858,12.217841],[79.953136,12.213568],[80.005138,12.241767],[79.927501,12.129869],[79.896983,12.068752],[79.870128,12.037421],[79.861827,12.02204],[79.861827,11.977973],[79.849561,11.955176],[79.825857,11.947075],[79.79113,11.916818],[79.777797,11.914157],[79.753096,11.938031],[79.77108,11.961312],[79.768599,11.977486],[79.72116,11.974644],[79.692531,12.001981],[79.670724,11.975858],[79.690671,11.953741],[79.694702,11.924957],[79.709171,11.914131],[79.711032,11.896251],[79.699973,11.869043],[79.703073,11.858114],[79.731392,11.839071],[79.810869,11.832977],[79.803233,11.796088],[79.792735,11.788072],[79.785899,11.769192],[79.751964,11.576972],[79.785981,11.426174],[79.792979,11.426174],[79.797374,11.434882],[79.792979,11.453518],[79.809337,11.451361],[79.816661,11.443061],[79.821951,11.391059],[79.819347,11.381496],[79.810313,11.378892],[79.769298,11.380927],[79.749848,11.373684],[79.684337,11.312201],[79.67628,11.296454],[79.6963,11.303412],[79.751964,11.340522],[79.759288,11.358344],[79.776378,11.362982],[79.829926,11.346096],[79.834972,11.263861],[79.855317,11.159857],[79.852224,11.006985],[79.846688,10.979834],[79.806116,10.985428],[79.785032,10.970907],[79.73749,10.986229],[79.730875,10.983206],[79.728705,10.976075],[79.739764,10.968271],[79.744311,10.946645],[79.732632,10.941115],[79.720747,10.951683],[79.705037,10.951554],[79.704314,10.943622],[79.717336,10.935302],[79.706071,10.921298],[79.70545,10.910445],[79.73997,10.895692],[79.750202,10.883522],[79.767359,10.88856],[79.774387,10.871843],[79.802706,10.87081],[79.7933,10.845101],[79.814591,10.818694],[79.847341,10.809638]]],[[[80.309581,13.479315],[80.313731,13.440904],[80.306895,13.440904],[80.277749,13.512516],[80.288097,13.527086],[80.309581,13.479315]]]]}},{"type":"Feature","properties":{"name":"Andaman and Nicobar","code":"IN-AN"},"geometry":{"type":"MultiPolygon","coordinates":[[[[93.85377,12.260565],[93.851899,12.271552],[93.860606,12.281195],[93.872813,12.268866],[93.85377,12.260565]]],[[[94.290782,13.422919],[94.274913,13.420315],[94.261892,13.429267],[94.280935,13.443549],[94.290782,13.422919]]],[[[93.322602,8.002102],[93.370291,8.01732],[93.391368,8.01557],[93.39576508034027,8.0],[93.322602,8.002102]]],[[[93.520763,8.004381],[93.53687181371383,8.0],[93.5161810004509,8.0],[93.520763,8.004381]]],[[[93.540294,8.016181],[93.54835,8.020087],[93.558604,8.013617],[93.56558793257247,8.0],[93.53935556731568,8.0],[93.540294,8.016181]]],[[[93.528005,8.032416],[93.514903,8.027655],[93.49743837977356,8.0],[93.48061479323479,8.0],[93.480805,8.040513],[93.495616,8.049384],[93.497813,8.061998],[93.514822,8.05622],[93.516938,8.0633],[93.511485,8.074856],[93.497813,8.082506],[93.492198,8.063625],[93.479747,8.063218],[93.466319,8.074408],[93.457367,8.089993],[93.446625,8.154364],[93.446544,8.164496],[93.465099,8.183295],[93.48585,8.22012],[93.504649,8.226996],[93.523448,8.225816],[93.531668,8.213202],[93.531016,8.193752],[93.510509,8.166571],[93.505219,8.14704],[93.537608,8.057318],[93.528005,8.032416]]],[[[93.160818,8.228746],[93.17628,8.212877],[93.167328,8.204535],[93.10255,8.221503],[93.081554,8.242377],[93.059581,8.291409],[93.069835,8.346625],[93.083751,8.355902],[93.095063,8.35517],[93.10141,8.345771],[93.104015,8.27558],[93.114106,8.256415],[93.160818,8.228746]]],[[[93.621755,8.520087],[93.625173,8.473619],[93.609711,8.438422],[93.60141,8.438178],[93.607677,8.507066],[93.594981,8.55801],[93.607677,8.569159],[93.607677,8.548041],[93.621755,8.520087]]],[[[92.833849,9.202359],[92.831981,9.145025],[92.799565,9.110154],[92.731212,9.130845],[92.720225,9.147121],[92.708507,9.201606],[92.713878,9.213446],[92.745128,9.229071],[92.754405,9.244452],[92.750987,9.261217],[92.763031,9.264146],[92.772716,9.259223],[92.811373,9.23117],[92.833849,9.202359]]],[[[92.586986,10.736294],[92.598059,10.709302],[92.595908,10.678364],[92.539835,10.620669],[92.54176,10.59172],[92.574213,10.580624],[92.535423,10.524861],[92.513027,10.507969],[92.479558,10.516073],[92.444139,10.545143],[92.421788,10.546203],[92.406466,10.529266],[92.384111,10.529328],[92.378057,10.541329],[92.402557,10.575206],[92.417003,10.629059],[92.408917,10.647055],[92.379486,10.672122],[92.376721,10.78402],[92.407265,10.789891],[92.41542,10.798863],[92.428966,10.850816],[92.482796,10.885622],[92.527592,10.895466],[92.56506,10.849308],[92.567981,10.815301],[92.582116,10.790261],[92.586986,10.736294]]],[[[92.676524,11.412543],[92.69988,11.384426],[92.682791,11.371527],[92.646007,11.359076],[92.61964,11.360745],[92.593516,11.378363],[92.600841,11.406317],[92.631196,11.416246],[92.637218,11.430162],[92.627615,11.477362],[92.63559,11.508043],[92.654145,11.508124],[92.675059,11.490424],[92.6963,11.454413],[92.679698,11.429389],[92.676524,11.412543]]],[[[92.278087,11.583808],[92.286876,11.563178],[92.285004,11.544013],[92.273204,11.531073],[92.252126,11.529242],[92.234548,11.540351],[92.230235,11.577338],[92.217296,11.59809],[92.254893,11.593817],[92.278087,11.583808]]],[[[93.018565,12.015815],[93.066417,11.899115],[93.049327,11.896145],[93.035411,11.911933],[93.024913,11.940131],[92.990571,11.954413],[92.96754,11.978583],[92.953136,11.981106],[92.947032,11.989691],[92.980724,12.036322],[93.014659,12.037177],[93.025401,12.031562],[93.018565,12.015815]]],[[[93.10377,12.187934],[93.094981,12.15176],[93.103282,12.102037],[93.094249,12.090969],[93.064301,12.127143],[93.059337,12.153551],[93.073253,12.200832],[93.091075,12.20425],[93.10377,12.187934]]],[[[92.737478,12.961737],[92.724376,12.872382],[92.697113,12.838202],[92.694672,12.803778],[92.682791,12.797309],[92.670258,12.867662],[92.677745,12.890367],[92.682791,12.961737],[92.708344,12.988674],[92.727061,12.982001],[92.737478,12.961737]]],[[[93.075694,13.26911],[93.079438,13.259833],[93.056895,13.224799],[93.052745,13.133043],[93.036794,13.062161],[93.019542,13.033637],[92.990571,13.043687],[92.97934,13.029527],[92.964041,13.036851],[92.964041,13.084662],[92.956554,13.084662],[92.956554,13.064154],[92.937022,13.067084],[92.928884,13.050198],[92.928396,13.027493],[92.956228,12.981676],[92.952647,12.970771],[92.942882,12.954291],[92.936046,12.954291],[92.934744,12.973049],[92.927419,12.981024],[92.905284,12.982245],[92.876313,12.916653],[92.884532,12.903469],[92.896332,12.899726],[92.915538,12.919582],[92.92449,12.914374],[92.932628,12.89289],[92.964041,12.864936],[92.960704,12.847154],[92.968028,12.803168],[92.956554,12.783026],[92.984386,12.745103],[92.990489,12.724311],[92.990571,12.701117],[92.972911,12.628119],[92.989024,12.592108],[92.990571,12.519232],[92.955903,12.477444],[92.970225,12.468329],[92.962413,12.454413],[92.93865,12.438137],[92.936046,12.419908],[92.92921,12.419908],[92.915863,12.440863],[92.89503,12.454657],[92.901866,12.433539],[92.84669,12.433539],[92.863617,12.385484],[92.894054,12.368109],[92.902517,12.357123],[92.901866,12.344794],[92.91505,12.338365],[92.879242,12.312974],[92.885753,12.295559],[92.900157,12.283189],[92.901866,12.269029],[92.879893,12.243598],[92.894216,12.205024],[92.872569,12.201483],[92.874522,12.183743],[92.827403,12.140123],[92.833669,12.118232],[92.806407,12.10456],[92.80893,12.095771],[92.799327,12.089545],[92.757498,12.07746],[92.792654,12.036322],[92.763682,12.030951],[92.758556,12.02204],[92.765391,12.02204],[92.740571,11.983629],[92.737478,11.878648],[92.744884,11.878648],[92.753754,11.931586],[92.761974,11.940131],[92.787934,11.934516],[92.79949,11.899115],[92.796886,11.865139],[92.76002,11.708686],[92.754731,11.701117],[92.722911,11.693793],[92.68393,11.649888],[92.682791,11.61518],[92.696788,11.611233],[92.710704,11.621731],[92.710704,11.659573],[92.731212,11.652737],[92.736013,11.68244],[92.746104,11.683743],[92.761485,11.663642],[92.765391,11.618598],[92.747569,11.597846],[92.744884,11.557115],[92.735118,11.523871],[92.71697,11.494452],[92.713145,11.50731],[92.689708,11.51557],[92.658946,11.546291],[92.654633,11.573798],[92.633556,11.582587],[92.625662,11.595404],[92.621349,11.618598],[92.645681,11.629828],[92.648692,11.638495],[92.61964,11.651313],[92.60377,11.718899],[92.579845,11.714179],[92.563243,11.725572],[92.566661,11.827135],[92.563243,11.83393],[92.528087,11.845893],[92.524913,11.857489],[92.539724,11.894436],[92.562999,11.930162],[92.570567,11.932603],[92.594737,11.898749],[92.614513,11.899115],[92.607677,11.882799],[92.617686,11.8664],[92.629405,11.943752],[92.621349,11.987942],[92.641856,12.036322],[92.640147,12.136135],[92.645274,12.156073],[92.681814,12.219631],[92.689708,12.207668],[92.697113,12.207668],[92.713064,12.232571],[92.720958,12.226549],[92.724376,12.20425],[92.719493,12.176256],[92.727794,12.172838],[92.784028,12.189358],[92.792654,12.207668],[92.7824,12.248603],[92.758556,12.265937],[92.7588,12.276557],[92.7942,12.283189],[92.792654,12.296373],[92.778494,12.310126],[92.754731,12.310045],[92.733653,12.318061],[92.722341,12.337795],[92.717784,12.362494],[92.72169,12.599433],[92.754731,12.649563],[92.778982,12.652655],[92.783214,12.664984],[92.754731,12.677191],[92.747732,12.692694],[92.737478,12.807196],[92.740896,12.819648],[92.765391,12.84512],[92.785655,12.840033],[92.800304,12.857815],[92.813243,12.90648],[92.813243,12.958075],[92.834727,13.002021],[92.807953,13.020087],[92.809255,13.044745],[92.8296,13.103461],[92.854177,13.146064],[92.833669,13.174018],[92.844737,13.186998],[92.842784,13.226996],[92.864024,13.2355],[92.849864,13.289008],[92.854177,13.310614],[92.841156,13.324897],[92.847423,13.344916],[92.891368,13.400946],[92.89503,13.454576],[92.942882,13.509223],[92.949718,13.544623],[92.984386,13.557603],[92.997325,13.546698],[93.011729,13.550767],[93.004568,13.562201],[93.011729,13.578111],[93.016287,13.567369],[93.042491,13.571234],[93.049978,13.566392],[93.066417,13.537095],[93.055024,13.503079],[93.053722,13.471422],[93.059581,13.406806],[93.080089,13.413031],[93.07838,13.397121],[93.057872,13.38288],[93.046886,13.357408],[93.004242,13.331041],[93.003673,13.348619],[92.995128,13.357367],[92.984386,13.356431],[92.977061,13.345364],[92.97934,13.329779],[93.004568,13.311835],[93.025564,13.316148],[93.052745,13.283881],[93.075694,13.26911]]],[[[93.033214,13.680243],[93.052745,13.640204],[93.000499,13.657701],[92.990571,13.667467],[93.033214,13.680243]]]]}},{"type":"Feature","properties":{"name":"Jharkhand","code":"IN-JH"},"geometry":{"type":"Polygon","coordinates":[[[83.360214,24.198342],[83.412098,24.26808],[83.416232,24.305364],[83.453956,24.361588],[83.448685,24.380424],[83.408584,24.432876],[83.394218,24.474424],[83.401659,24.498298],[83.437832,24.520933],[83.538705,24.531268],[83.695905,24.506282],[83.750165,24.508375],[83.767735,24.513775],[83.787889,24.537314],[83.808869,24.542507],[83.849797,24.535066],[83.938267,24.548683],[83.965862,24.57602],[83.992424,24.591419],[84.011648,24.632812],[84.021673,24.639039],[84.043894,24.623898],[84.107042,24.484552],[84.130503,24.469773],[84.145386,24.476646],[84.156858,24.510985],[84.169157,24.505507],[84.174118,24.47954],[84.190241,24.476594],[84.197993,24.490288],[84.197373,24.518142],[84.202954,24.52132],[84.246879,24.526875],[84.26879,24.517651],[84.285843,24.531578],[84.305376,24.530803],[84.3246,24.502949],[84.32522,24.470445],[84.311888,24.451144],[84.314368,24.443134],[84.366355,24.388124],[84.434464,24.346499],[84.454618,24.320376],[84.484487,24.302858],[84.519213,24.307509],[84.539884,24.325983],[84.549599,24.352261],[84.573164,24.37182],[84.588253,24.394429],[84.612334,24.380734],[84.657603,24.37505],[84.688195,24.430705],[84.798473,24.496593],[84.813149,24.495353],[84.825551,24.484914],[84.835163,24.43794],[84.843845,24.433496],[84.868546,24.440111],[84.876298,24.436442],[84.88901,24.372828],[84.908854,24.353682],[84.96146,24.348385],[84.981821,24.352803],[85.015411,24.371794],[85.080626,24.393318],[85.088481,24.383318],[85.082487,24.34854],[85.088998,24.341951],[85.157727,24.395643],[85.160208,24.421326],[85.170957,24.430912],[85.271312,24.467034],[85.280614,24.487265],[85.374562,24.499642],[85.391408,24.50946],[85.438951,24.505197],[85.482359,24.509305],[85.517085,24.499461],[85.556566,24.527935],[85.578374,24.557804],[85.619818,24.549923],[85.643693,24.55013],[85.656818,24.557649],[85.6624,24.568888],[85.6624,24.605734],[85.64731,24.648573],[85.680796,24.658547],[85.693715,24.682163],[85.696919,24.711541],[85.708288,24.738645],[85.731853,24.766551],[85.746012,24.770039],[85.830865,24.770917],[85.849158,24.764458],[85.911583,24.698467],[85.959332,24.703221],[86.01814,24.742986],[86.040154,24.749988],[86.046872,24.739601],[86.03292,24.712394],[86.081495,24.701102],[86.097722,24.690483],[86.107747,24.671647],[86.117669,24.597026],[86.136686,24.569586],[86.154876,24.556098],[86.17441,24.552378],[86.191359,24.553024],[86.223606,24.567932],[86.26226,24.553799],[86.290475,24.551551],[86.300293,24.532611],[86.304634,24.500314],[86.298433,24.481607],[86.272491,24.454451],[86.276419,24.434814],[86.35507,24.395281],[86.416359,24.351873],[86.438683,24.340375],[86.449742,24.343114],[86.461937,24.363139],[86.462557,24.391767],[86.486019,24.410474],[86.485192,24.445227],[86.49439,24.479798],[86.585651,24.561447],[86.607355,24.561292],[86.649213,24.542662],[86.702336,24.547778],[86.727968,24.560129],[86.737889,24.580851],[86.755356,24.588138],[86.781504,24.577492],[86.813234,24.55416],[86.889922,24.531604],[86.890748,24.564547],[86.915346,24.597259],[86.917827,24.612684],[86.961132,24.605191],[87.013118,24.586045],[87.042264,24.588396],[87.050015,24.597026],[87.069445,24.668055],[87.066655,24.699475],[87.077507,24.745337],[87.068102,24.778488],[87.119158,24.851145],[87.117298,24.970879],[87.12815,25.001627],[87.150887,25.031625],[87.185511,25.061985],[87.216723,25.072553],[87.261372,25.063974],[87.282972,25.149706],[87.291861,25.174252],[87.302506,25.183915],[87.337439,25.18823],[87.35563,25.197067],[87.406686,25.181047],[87.423429,25.18854],[87.436141,25.228796],[87.454745,25.243317],[87.470765,25.284168],[87.523475,25.323778],[87.57019,25.303469],[87.598715,25.266701],[87.681191,25.245436],[87.72615,25.251611],[87.749611,25.248227],[87.770178,25.236987],[87.783717,25.214094],[87.78351,25.200297],[87.769454,25.173141],[87.776276,25.096789],[87.844075,25.041547],[87.877458,24.938866],[87.881902,24.891969],[87.861955,24.851532],[87.854204,24.789702],[87.841181,24.788306],[87.823715,24.796885],[87.811002,24.785542],[87.81741,24.767352],[87.857924,24.755285],[87.874771,24.726088],[87.879008,24.694384],[87.895338,24.661828],[87.873427,24.644258],[87.87012,24.634698],[87.899989,24.620952],[87.888,24.597362],[87.849243,24.579534],[87.822991,24.581394],[87.782167,24.599817],[87.767697,24.601599],[87.750851,24.593331],[87.759843,24.581497],[87.788988,24.56956],[87.787128,24.533826],[87.80046,24.500779],[87.776276,24.464295],[87.775759,24.419311],[87.733798,24.334691],[87.691836,24.296553],[87.666102,24.280198],[87.631478,24.269372],[87.623727,24.260483],[87.624554,24.22294],[87.652769,24.21891],[87.663414,24.200409],[87.661554,24.186198],[87.650909,24.17948],[87.594065,24.178447],[87.581869,24.136537],[87.563265,24.112069],[87.55169,24.1138],[87.517273,24.138914],[87.488541,24.132429],[87.491228,24.055922],[87.488748,24.046853],[87.458156,24.019826],[87.397177,24.023392],[87.33806,24.001843],[87.328138,24.007605],[87.32173,24.042667],[87.309017,24.056206],[87.235533,24.040419],[87.225715,24.027345],[87.25145,24.000499],[87.256721,23.980707],[87.276151,23.966134],[87.285143,23.940684],[87.275634,23.915543],[87.250416,23.905544],[87.241218,23.850844],[87.225095,23.846297],[87.205354,23.868879],[87.144686,23.878129],[87.137245,23.867742],[87.139415,23.859939],[87.170318,23.823533],[87.166287,23.810227],[87.131871,23.803121],[87.079677,23.815213],[87.036993,23.839114],[87.015599,23.859603],[86.979942,23.863867],[86.907285,23.905776],[86.877209,23.913063],[86.8646,23.902159],[86.855505,23.878956],[86.827186,23.855831],[86.815094,23.836685],[86.81003,23.812552],[86.822432,23.776895],[86.817885,23.750127],[86.799798,23.725529],[86.764038,23.71478],[86.646112,23.6969],[86.542449,23.66021],[86.458527,23.638609],[86.410468,23.616569],[86.379875,23.598017],[86.348352,23.567942],[86.336467,23.508436],[86.273008,23.453737],[86.227946,23.443246],[86.184848,23.472263],[86.126454,23.492468],[86.121493,23.500891],[86.134515,23.558872],[86.129141,23.578354],[86.098342,23.578742],[86.039121,23.607164],[86.015556,23.60179],[86.002224,23.585641],[86.015866,23.529313],[86.004808,23.514224],[85.849468,23.493192],[85.82549,23.479317],[85.823113,23.453866],[85.84151,23.430095],[85.87851,23.428053],[85.89484,23.416478],[85.880681,23.356301],[85.843991,23.307027],[85.829831,23.260803],[85.839133,23.240623],[85.871172,23.210702],[85.888432,23.163083],[85.942486,23.180343],[85.982587,23.175046],[86.001914,23.165098],[86.142474,23.028259],[86.178027,23.005728],[86.218025,23.019887],[86.260503,23.01981],[86.314039,23.008596],[86.450465,23.004203],[86.506482,22.988339],[86.495217,22.976944],[86.441473,22.964025],[86.410468,22.935784],[86.414808,22.905941],[86.401889,22.872868],[86.394758,22.799306],[86.399099,22.784966],[86.452325,22.745356],[86.498731,22.743134],[86.524362,22.729414],[86.586891,22.680683],[86.594642,22.632546],[86.611386,22.604254],[86.639601,22.591541],[86.702336,22.585883],[86.74006,22.55821],[86.759387,22.512089],[86.750912,22.502684],[86.716289,22.505578],[86.712258,22.492762],[86.718149,22.469404],[86.789876,22.415635],[86.803312,22.348378],[86.852508,22.302024],[86.849614,22.294428],[86.833904,22.28833],[86.772306,22.283911],[86.761867,22.240607],[86.728691,22.246472],[86.686523,22.218024],[86.646629,22.234871],[86.602187,22.272853],[86.497181,22.334684],[86.471756,22.335071],[86.401579,22.320007],[86.366026,22.330058],[86.332746,22.356672],[86.304738,22.397057],[86.289545,22.409046],[86.102476,22.500126],[86.064752,22.545885],[86.039844,22.556737],[86.020621,22.547926],[85.997676,22.519143],[85.965533,22.513096],[85.937835,22.49917],[85.940625,22.468138],[85.982483,22.410829],[85.993232,22.3352],[85.989925,22.300784],[85.965223,22.263189],[85.964603,22.24487],[85.986824,22.201694],[85.988271,22.187535],[85.972561,22.133507],[85.974112,22.104594],[85.916234,22.022119],[85.877477,21.9961],[85.834275,21.986126],[85.784666,22.011887],[85.780635,22.022196],[85.779085,22.071935],[85.800582,22.106222],[85.801719,22.117022],[85.792211,22.129089],[85.746425,22.101158],[85.679143,22.075862],[85.550675,22.107591],[85.448562,22.162524],[85.410012,22.162007],[85.324126,22.126686],[85.220153,22.029147],[85.18708,22.05961],[85.097886,22.113457],[85.050344,22.120898],[85.003215,22.106196],[84.986265,22.106661],[85.040009,22.21637],[85.093339,22.290216],[85.104707,22.330834],[85.100367,22.393956],[85.065537,22.5032],[84.988022,22.452222],[84.944097,22.445245],[84.921463,22.424885],[84.908337,22.421965],[84.878571,22.434031],[84.80085,22.45018],[84.768914,22.445581],[84.733671,22.427288],[84.516733,22.421422],[84.505054,22.41057],[84.497303,22.372201],[84.420822,22.330989],[84.310957,22.324012],[84.230859,22.357344],[84.178562,22.364372],[84.147763,22.386773],[84.124302,22.426745],[84.067045,22.499583],[84.00741,22.531519],[83.970203,22.539348],[83.991907,22.589681],[84.019502,22.603789],[84.056503,22.639316],[84.11128,22.643941],[84.190965,22.70094],[84.20254,22.715978],[84.228275,22.78308],[84.260521,22.799436],[84.336899,22.861887],[84.353332,22.896484],[84.331008,22.970304],[84.318399,22.985393],[84.282225,23.000095],[84.217113,22.995212],[84.151587,23.024357],[84.145386,22.993351],[84.132054,22.990793],[84.115,22.998855],[84.089059,23.084819],[84.044824,23.123266],[84.028908,23.146107],[84.020019,23.187086],[84.031491,23.230133],[84.038623,23.309404],[84.0225,23.37214],[84.015368,23.382604],[83.998935,23.3894],[83.956354,23.358678],[83.943951,23.382914],[83.95222,23.474924],[84.014541,23.553989],[84.014852,23.567089],[83.997488,23.59887],[83.991184,23.631762],[83.986326,23.639023],[83.969273,23.643518],[83.923694,23.623494],[83.918113,23.609774],[83.922764,23.576029],[83.916253,23.563756],[83.844629,23.588741],[83.788199,23.58546],[83.761534,23.596519],[83.743344,23.622538],[83.720813,23.676152],[83.719779,23.69274],[83.735282,23.738345],[83.711821,23.800976],[83.556792,23.9358],[83.540359,23.956729],[83.523822,23.999491],[83.521755,24.065896],[83.510696,24.082897],[83.451475,24.119355],[83.3906,24.124781],[83.337063,24.140232],[83.360214,24.198342]]]}},{"type":"Feature","properties":{"name":"Madhya Pradesh","code":"IN-MP"},"geometry":{"type":"Polygon","coordinates":[[[78.350598,26.858464],[78.371475,26.851049],[78.384911,26.826812],[78.428112,26.822549],[78.446096,26.799967],[78.461599,26.792267],[78.518029,26.783198],[78.563505,26.758496],[78.595234,26.758393],[78.614251,26.776376],[78.655282,26.776376],[78.693213,26.797874],[78.710059,26.798881],[78.724115,26.776376],[78.745406,26.789218],[78.754501,26.78573],[78.761942,26.76524],[78.792431,26.762088],[78.842351,26.711936],[78.861264,26.701265],[78.926067,26.706225],[78.935782,26.694443],[78.945704,26.635584],[78.959966,26.596671],[79.028076,26.497556],[79.040995,26.467997],[79.052054,26.411489],[79.039651,26.375057],[79.061149,26.349374],[79.019291,26.293796],[78.963274,26.278086],[78.938159,26.254599],[78.938572,26.230466],[78.956556,26.197807],[78.94529,26.184319],[78.921312,26.172666],[78.919969,26.144658],[78.932681,26.124659],[78.954075,26.109983],[78.953145,26.100319],[78.914388,26.042752],[78.879661,25.95609],[78.835219,25.905732],[78.808348,25.84155],[78.739825,25.789796],[78.727112,25.740212],[78.753571,25.674273],[78.747576,25.642725],[78.714503,25.62593],[78.616111,25.60761],[78.546451,25.572574],[78.481753,25.577664],[78.370545,25.552678],[78.356696,25.539604],[78.346567,25.486429],[78.330031,25.464777],[78.251172,25.39783],[78.256443,25.37672],[78.297681,25.327808],[78.36052,25.210451],[78.366307,25.186008],[78.359589,25.15893],[78.342226,25.130534],[78.330444,25.081984],[78.330341,25.066377],[78.340676,25.04581],[78.324863,25.002169],[78.25727,24.940209],[78.225954,24.926334],[78.180376,24.892512],[78.169213,24.877681],[78.16911,24.865459],[78.181926,24.846572],[78.197842,24.83944],[78.224921,24.79412],[78.230708,24.734305],[78.261301,24.692653],[78.264815,24.669141],[78.257994,24.64493],[78.272256,24.62444],[78.264815,24.583487],[78.223887,24.519227],[78.244351,24.487885],[78.269879,24.477679],[78.277527,24.453107],[78.350494,24.407968],[78.350184,24.392568],[78.329204,24.353682],[78.335715,24.331022],[78.356489,24.309163],[78.385531,24.30123],[78.423462,24.318258],[78.442375,24.337378],[78.449196,24.373681],[78.463252,24.401767],[78.477722,24.411637],[78.489401,24.410784],[78.535806,24.388589],[78.655902,24.29459],[78.688768,24.282911],[78.746646,24.279423],[78.762149,24.235653],[78.792121,24.217385],[78.809795,24.220227],[78.866845,24.272136],[78.901985,24.34637],[78.955005,24.392542],[78.972369,24.422566],[78.97826,24.467422],[78.916248,24.4868],[78.913768,24.502794],[78.922449,24.533309],[78.893407,24.571291],[78.871083,24.625732],[78.85651,24.6386],[78.827054,24.647101],[78.740135,24.631003],[78.719774,24.656402],[78.715433,24.685109],[78.736207,24.725545],[78.732073,24.81492],[78.723702,24.848716],[78.709749,24.873728],[78.648874,24.940726],[78.619522,25.064672],[78.617868,25.108881],[78.573737,25.212156],[78.521647,25.258484],[78.513585,25.273367],[78.530432,25.315664],[78.579318,25.369925],[78.575804,25.394032],[78.582108,25.406744],[78.611667,25.415426],[78.652285,25.409457],[78.664894,25.401628],[78.675229,25.382508],[78.727526,25.346386],[78.738274,25.359796],[78.731453,25.395918],[78.748816,25.426149],[78.745199,25.4393],[78.722565,25.461728],[78.726906,25.494465],[78.781889,25.524024],[78.797185,25.499762],[78.800803,25.426872],[78.816926,25.417183],[78.835529,25.419741],[78.853099,25.434029],[78.85527,25.502087],[78.869739,25.525057],[78.891133,25.538106],[78.913147,25.525341],[78.919142,25.504593],[78.909117,25.441393],[78.953145,25.442349],[78.959966,25.426536],[78.954902,25.385712],[78.934128,25.346489],[78.935472,25.304063],[78.885035,25.265538],[78.867672,25.237736],[78.862091,25.206834],[78.869843,25.180505],[78.891133,25.175389],[78.937849,25.21965],[78.972989,25.228176],[78.983427,25.237375],[78.986735,25.276235],[78.99862,25.282695],[79.01433,25.281248],[79.047403,25.256934],[79.011333,25.213991],[79.008749,25.191589],[79.024045,25.174639],[79.084713,25.195258],[79.109001,25.195026],[79.115926,25.153814],[79.125848,25.14384],[79.142797,25.150713],[79.17153,25.181667],[79.279533,25.164278],[79.286768,25.169032],[79.290695,25.188773],[79.2631,25.274737],[79.261963,25.295924],[79.275916,25.334035],[79.302478,25.364576],[79.311573,25.36455],[79.324802,25.349797],[79.289559,25.279543],[79.294519,25.259415],[79.310332,25.243808],[79.323872,25.244428],[79.358908,25.278716],[79.397769,25.27484],[79.430325,25.299335],[79.437973,25.302203],[79.441797,25.297268],[79.424744,25.257192],[79.390328,25.214792],[79.377719,25.18792],[79.339065,25.147406],[79.3309,25.11193],[79.332553,25.088986],[79.357668,25.071106],[79.391981,25.074129],[79.396219,25.085498],[79.392601,25.13074],[79.399009,25.141334],[79.438077,25.141644],[79.45854,25.105987],[79.479521,25.105548],[79.500812,25.120224],[79.531198,25.168722],[79.553728,25.179032],[79.648503,25.149266],[79.767566,25.156191],[79.791853,25.133841],[79.801672,25.131929],[79.86327,25.153245],[79.867714,25.170583],[79.834848,25.217712],[79.834745,25.2343],[79.840429,25.240682],[79.876396,25.254686],[79.91536,25.259802],[80.015302,25.330909],[80.087029,25.361631],[80.124546,25.350959],[80.167748,25.38026],[80.198134,25.416433],[80.227899,25.408656],[80.267897,25.417183],[80.283606,25.41447],[80.312338,25.368659],[80.322054,25.288276],[80.355747,25.269569],[80.375797,25.244118],[80.399362,25.244041],[80.421996,25.185982],[80.413314,25.171125],[80.354506,25.143814],[80.30469,25.08927],[80.289187,25.084877],[80.26986,25.088598],[80.265313,25.063819],[80.271824,25.041082],[80.297146,25.012065],[80.351303,25.023202],[80.40701,25.013357],[80.411351,25.027362],[80.4067,25.063768],[80.451968,25.018654],[80.47822,25.018344],[80.515117,25.040668],[80.513877,25.050461],[80.470262,25.073741],[80.458479,25.117046],[80.520595,25.103739],[80.546433,25.107538],[80.554288,25.117434],[80.552427,25.14738],[80.564623,25.152444],[80.579506,25.147923],[80.605861,25.101362],[80.63883,25.073431],[80.647202,25.070098],[80.717895,25.081984],[80.729161,25.095394],[80.72575,25.104153],[80.668286,25.142393],[80.666425,25.149706],[80.686579,25.156217],[80.777426,25.16309],[80.802231,25.209831],[80.835407,25.217738],[80.856181,25.207997],[80.858868,25.187558],[80.82993,25.124849],[80.824349,25.087358],[80.79572,25.059944],[80.790552,25.032555],[80.764921,25.000051],[80.761717,24.983307],[80.778667,24.971499],[80.805022,24.968812],[80.900416,24.983902],[80.943721,24.953258],[81.004699,24.966435],[81.030951,24.952973],[81.068675,24.921296],[81.09813,24.908609],[81.131203,24.945377],[81.181433,24.958141],[81.184843,24.97292],[81.174611,25.011083],[81.180503,25.025139],[81.235486,25.089115],[81.241481,25.115186],[81.234039,25.156372],[81.243238,25.169523],[81.281065,25.164588],[81.309177,25.171926],[81.360543,25.156966],[81.370775,25.148698],[81.364884,25.121232],[81.369638,25.11162],[81.418421,25.104127],[81.456868,25.111413],[81.469167,25.126942],[81.462036,25.140094],[81.425345,25.164821],[81.536967,25.199754],[81.558464,25.170996],[81.563322,25.143039],[81.579961,25.116503],[81.57345,25.098158],[81.577894,25.084542],[81.665124,25.064465],[81.707602,25.065292],[81.726722,25.029842],[81.752767,25.020489],[81.808061,25.035501],[81.842064,25.027077],[81.874,24.980207],[81.866559,24.942871],[81.873173,24.929977],[81.956062,24.871015],[81.980247,24.861894],[82.033164,24.859491],[82.122151,24.808098],[82.155017,24.816315],[82.195531,24.843936],[82.208657,24.843109],[82.216408,24.806264],[82.205143,24.778152],[82.208037,24.764303],[82.218785,24.757275],[82.233255,24.758747],[82.253202,24.786989],[82.26302,24.791174],[82.265191,24.715443],[82.276146,24.705443],[82.310046,24.706503],[82.323379,24.693764],[82.326169,24.679915],[82.302708,24.638135],[82.307049,24.632011],[82.409678,24.635628],[82.427455,24.658779],[82.427145,24.718569],[82.441408,24.721437],[82.549101,24.691878],[82.595093,24.687744],[82.623929,24.691878],[82.708161,24.721515],[82.717463,24.710869],[82.715293,24.687667],[82.723561,24.673559],[82.772137,24.668314],[82.778958,24.661492],[82.794771,24.616766],[82.818025,24.589404],[82.808414,24.566408],[82.796941,24.560904],[82.750226,24.567958],[82.734413,24.551628],[82.743301,24.506696],[82.732553,24.427295],[82.739684,24.413911],[82.756944,24.40696],[82.766969,24.386031],[82.762215,24.317353],[82.741131,24.277795],[82.732863,24.21413],[82.708988,24.194234],[82.680669,24.190979],[82.673848,24.180333],[82.687077,24.155813],[82.736067,24.11504],[82.734516,24.06587],[82.769656,24.041298],[82.800869,23.998716],[82.786503,23.980862],[82.784229,23.950296],[82.768106,23.928953],[82.670024,23.89557],[82.657725,23.884537],[82.6508,23.844824],[82.643049,23.837072],[82.567911,23.804129],[82.531738,23.775371],[82.498665,23.772399],[82.415363,23.783071],[82.262504,23.785577],[82.203593,23.800486],[82.077399,23.801364],[82.004948,23.836401],[81.936942,23.840664],[81.83607,23.795395],[81.808681,23.794749],[81.778192,23.801881],[81.744913,23.824877],[81.681867,23.885132],[81.64125,23.885312],[81.619546,23.867562],[81.629261,23.858286],[81.630398,23.846219],[81.622026,23.833791],[81.62492,23.824412],[81.639493,23.806558],[81.685898,23.706512],[81.686208,23.690311],[81.655616,23.648479],[81.618925,23.627344],[81.614688,23.591764],[81.591434,23.561172],[81.628331,23.487817],[81.644144,23.482055],[81.657683,23.487197],[81.744602,23.542594],[81.759485,23.543524],[81.858187,23.507713],[81.907177,23.505181],[81.927537,23.495414],[81.991409,23.400536],[82.025929,23.387694],[82.034404,23.367618],[82.043396,23.363639],[82.098173,23.371726],[82.113262,23.368832],[82.173724,23.326354],[82.186333,23.30943],[82.189743,23.288734],[82.164629,23.210237],[82.156567,23.148303],[82.129385,23.096498],[82.089801,23.103629],[82.070784,23.100347],[82.020451,23.071434],[81.965984,23.055466],[81.946141,23.042961],[81.934152,23.017329],[81.933428,22.999217],[81.94459,22.963043],[81.940249,22.945835],[81.865319,22.881472],[81.788527,22.852946],[81.779329,22.835816],[81.78522,22.744297],[81.761759,22.716366],[81.76641,22.663992],[81.751527,22.651072],[81.727343,22.647197],[81.669568,22.609292],[81.654996,22.59118],[81.642283,22.550846],[81.603319,22.533689],[81.53955,22.519995],[81.448186,22.449793],[81.417801,22.437494],[81.402918,22.448372],[81.384211,22.481135],[81.358063,22.497955],[81.344524,22.497154],[81.320339,22.477956],[81.277344,22.469843],[81.234866,22.444496],[81.212129,22.452351],[81.199416,22.481755],[81.178022,22.478422],[81.164793,22.465296],[81.130893,22.422869],[81.122522,22.400519],[81.118904,22.294608],[81.095443,22.256704],[81.053689,22.23363],[81.030641,22.21066],[81.02351,22.193969],[81.016068,22.129476],[80.986406,22.114542],[81.003356,22.077748],[81.002219,22.063124],[80.985476,22.049352],[80.949819,22.09289],[80.934729,22.099943],[80.91902,22.097463],[80.903414,22.085293],[80.884913,22.057362],[80.844399,21.977677],[80.835097,21.950986],[80.832927,21.907836],[80.837888,21.846135],[80.821558,21.802778],[80.805125,21.774304],[80.787762,21.761204],[80.754069,21.756476],[80.739806,21.741464],[80.730504,21.714308],[80.717585,21.585556],[80.7242,21.497965],[80.697948,21.398565],[80.679034,21.351152],[80.63914,21.329396],[80.625601,21.326476],[80.611958,21.331722],[80.484421,21.401821],[80.402669,21.394328],[80.395641,21.399573],[80.395331,21.414869],[80.412901,21.43293],[80.417552,21.446831],[80.402669,21.480214],[80.337453,21.525534],[80.323604,21.54114],[80.318643,21.568555],[80.310168,21.580233],[80.276062,21.584703],[80.248053,21.596796],[80.186661,21.63948],[80.16413,21.621187],[80.108423,21.604237],[80.088683,21.591783],[80.080311,21.571578],[80.005277,21.548323],[79.98471,21.548323],[79.977889,21.561966],[79.96528,21.562586],[79.93355,21.554524],[79.91536,21.538117],[79.896447,21.53251],[79.849731,21.52941],[79.840326,21.534345],[79.813144,21.579768],[79.798365,21.587804],[79.758781,21.594083],[79.70483,21.584032],[79.660285,21.585194],[79.600134,21.547367],[79.565201,21.538815],[79.551558,21.550029],[79.533058,21.619275],[79.498331,21.639661],[79.486342,21.663484],[79.426398,21.687255],[79.331933,21.690278],[79.295036,21.697978],[79.258656,21.714256],[79.237572,21.709347],[79.22734,21.663923],[79.215765,21.65457],[79.081509,21.612867],[78.99614,21.603436],[78.950354,21.590362],[78.921932,21.572275],[78.932268,21.534681],[78.917592,21.513907],[78.799563,21.489309],[78.696003,21.474762],[78.626653,21.479413],[78.561231,21.496104],[78.526298,21.521245],[78.497152,21.528531],[78.455088,21.509359],[78.427906,21.508481],[78.425942,21.550339],[78.414263,21.578838],[78.413333,21.606304],[78.393799,21.622298],[78.365997,21.625425],[78.340366,21.619895],[78.310187,21.586331],[78.192675,21.551114],[78.144409,21.498662],[78.085601,21.462411],[78.02917,21.437684],[77.910211,21.40058],[77.871454,21.3981],[77.794456,21.424558],[77.702989,21.37792],[77.67622,21.395103],[77.638083,21.398772],[77.590437,21.385413],[77.568423,21.386421],[77.539278,21.412388],[77.519537,21.417659],[77.493803,21.391201],[77.481814,21.423886],[77.432204,21.500858],[77.431998,21.534216],[77.443986,21.547135],[77.456802,21.548504],[77.555194,21.542484],[77.574935,21.548323],[77.577105,21.556462],[77.561395,21.583541],[77.562015,21.6262],[77.548373,21.707435],[77.53163,21.721879],[77.503724,21.732886],[77.493286,21.754771],[77.474062,21.767302],[77.332985,21.774459],[77.316449,21.769808],[77.285547,21.740689],[77.25113,21.731206],[77.237074,21.709657],[77.218987,21.700846],[77.203898,21.703404],[77.178886,21.726168],[77.115531,21.724049],[77.069332,21.712293],[77.028818,21.693586],[76.917404,21.618086],[76.89973,21.61266],[76.84361,21.613358],[76.814051,21.600129],[76.79369,21.577004],[76.785525,21.501685],[76.77705,21.48011],[76.749455,21.453032],[76.720413,21.403448],[76.670907,21.37606],[76.637111,21.349214],[76.63556,21.331463],[76.653337,21.293817],[76.653957,21.251313],[76.625949,21.208835],[76.614063,21.202479],[76.523629,21.191575],[76.498308,21.180361],[76.436606,21.107808],[76.378832,21.086827],[76.286641,21.074812],[76.186802,21.085819],[76.143911,21.106877],[76.103396,21.164109],[76.109288,21.174005],[76.138846,21.181007],[76.142877,21.193125],[76.130475,21.280123],[76.093785,21.358645],[76.082933,21.368076],[76.039628,21.365699],[76.0,21.375199175898103],[76.0,24.051668701910177],[76.083243,24.098142],[76.116626,24.134031],[76.116729,24.25144],[76.123964,24.312005],[76.140707,24.335285],[76.182461,24.352958],[76.192177,24.345517],[76.190213,24.310609],[76.214501,24.283764],[76.230314,24.277872],[76.304728,24.283143],[76.381519,24.260018],[76.45614,24.265031],[76.477534,24.253455],[76.494794,24.214414],[76.511537,24.209091],[76.552051,24.22139],[76.566004,24.262085],[76.581713,24.282446],[76.621504,24.301101],[76.660778,24.309602],[76.66977,24.305881],[76.674111,24.294771],[76.653957,24.240536],[76.66915,24.223586],[76.766612,24.160334],[76.794724,24.161445],[76.822216,24.174494],[76.86273,24.175036],[76.894149,24.229658],[76.878026,24.261103],[76.820459,24.3373],[76.814567,24.360115],[76.816428,24.426055],[76.805783,24.462099],[76.814464,24.505843],[76.806713,24.5654],[76.828417,24.57664],[76.875752,24.565297],[76.89632,24.533929],[76.8988,24.500081],[76.922261,24.496076],[77.035226,24.538399],[77.058894,24.561628],[77.060857,24.577854],[77.046181,24.649581],[77.014555,24.699165],[76.956368,24.742599],[76.877819,24.743916],[76.848054,24.759703],[76.782735,24.826754],[76.780564,24.837141],[76.791933,24.851688],[76.857562,24.866441],[76.881747,24.890522],[76.878233,24.935403],[76.845883,25.000154],[76.84733,25.012375],[76.869034,25.040151],[76.999362,25.08772],[77.088039,25.093688],[77.187361,25.12751],[77.234904,25.12255],[77.266013,25.130456],[77.309731,25.109966],[77.328851,25.108623],[77.360477,25.134538],[77.382388,25.14291],[77.389209,25.161953],[77.387969,25.190892],[77.398925,25.212234],[77.362958,25.262128],[77.357894,25.27993],[77.365335,25.324424],[77.342804,25.367677],[77.358514,25.41186],[77.346525,25.431342],[77.327714,25.443202],[77.281206,25.442659],[77.237074,25.422247],[77.222501,25.402739],[77.208135,25.364809],[77.181057,25.342536],[77.141266,25.341968],[77.095791,25.355378],[77.001533,25.317551],[76.946963,25.318558],[76.922778,25.306388],[76.869655,25.337937],[76.819115,25.344474],[76.773123,25.332175],[76.705944,25.372638],[76.641451,25.384859],[76.602901,25.437414],[76.567554,25.448034],[76.551431,25.460126],[76.521459,25.550172],[76.49221,25.686753],[76.478361,25.7198],[76.481151,25.732151],[76.512674,25.74463],[76.517945,25.799252],[76.545953,25.848293],[76.591945,25.880591],[76.620574,25.885061],[76.641141,25.920434],[76.727028,25.9163],[76.740153,25.923224],[76.770229,25.953972],[76.796067,25.964539],[76.804336,25.974436],[76.815498,26.018826],[76.887535,26.06381],[76.907998,26.098588],[76.937454,26.104247],[76.96939,26.129387],[76.991921,26.135899],[77.018896,26.171659],[77.049075,26.184268],[77.082458,26.185275],[77.094964,26.19866],[77.099821,26.221449],[77.124729,26.237856],[77.209686,26.241964],[77.230149,26.262454],[77.28813,26.299997],[77.305287,26.331339],[77.335776,26.361104],[77.395101,26.366169],[77.407606,26.372292],[77.415151,26.364851],[77.431274,26.373662],[77.431481,26.400146],[77.441816,26.413272],[77.4999,26.411644],[77.51437,26.416372],[77.616792,26.482983],[77.715081,26.506031],[77.74402,26.536158],[77.808925,26.559284],[77.831456,26.575768],[77.819157,26.605069],[77.880652,26.625559],[77.889024,26.651655],[77.90277,26.664032],[77.950002,26.669819],[78.012841,26.69558],[78.038472,26.681808],[78.0794,26.682919],[78.085188,26.689431],[78.087358,26.721134],[78.10038,26.742864],[78.092939,26.779787],[78.101207,26.795109],[78.15154,26.783198],[78.164976,26.791931],[78.169007,26.822162],[78.182236,26.81733],[78.219236,26.823893],[78.254893,26.81733],[78.272256,26.844641],[78.286002,26.854847],[78.350598,26.858464]]]}},{"type":"Feature","properties":{"name":"Chhattisgarh","code":"IN-CT"},"geometry":{"type":"Polygon","coordinates":[[[83.104003,23.91221],[83.206322,23.944017],[83.221308,23.954223],[83.251797,23.999957],[83.259962,24.047783],[83.309778,24.084318],[83.337063,24.140232],[83.3906,24.124781],[83.451475,24.119355],[83.510696,24.082897],[83.521755,24.065896],[83.523822,23.999491],[83.540359,23.956729],[83.556792,23.9358],[83.711821,23.800976],[83.735282,23.738345],[83.719779,23.69274],[83.720813,23.676152],[83.743344,23.622538],[83.761534,23.596519],[83.788199,23.58546],[83.844629,23.588741],[83.916253,23.563756],[83.922764,23.576029],[83.918113,23.609774],[83.923694,23.623494],[83.969273,23.643518],[83.986326,23.639023],[83.997488,23.59887],[84.014852,23.567089],[84.014541,23.553989],[83.95222,23.474924],[83.943951,23.382914],[83.950773,23.362657],[83.960901,23.358704],[83.991804,23.386454],[84.00431,23.388495],[84.015368,23.382604],[84.028287,23.358394],[84.038623,23.309404],[84.031491,23.230133],[84.020019,23.187086],[84.028908,23.146107],[84.044824,23.123266],[84.089059,23.084819],[84.115,22.998855],[84.132054,22.990793],[84.145386,22.993351],[84.151587,23.024357],[84.217113,22.995212],[84.27251,23.001232],[84.318399,22.985393],[84.331008,22.970304],[84.336589,22.938574],[84.350955,22.908421],[84.352195,22.88558],[84.324497,22.849691],[84.260521,22.799436],[84.228275,22.78308],[84.20254,22.715978],[84.190965,22.70094],[84.11128,22.643941],[84.056503,22.639316],[84.026427,22.609189],[83.988703,22.585934],[83.968136,22.522553],[83.990564,22.483253],[83.996455,22.440543],[83.989117,22.417107],[83.955734,22.378712],[83.931859,22.365457],[83.841425,22.348584],[83.721639,22.25505],[83.664175,22.235026],[83.623661,22.21327],[83.556998,22.129425],[83.54625,22.101623],[83.570021,22.074183],[83.571054,22.05837],[83.522168,22.028371],[83.512867,21.973052],[83.521238,21.95636],[83.570641,21.923055],[83.559582,21.875099],[83.564853,21.853576],[83.557102,21.834921],[83.522168,21.83027],[83.511213,21.796241],[83.486408,21.808462],[83.473179,21.807171],[83.466875,21.799987],[83.458916,21.748027],[83.351946,21.577262],[83.327658,21.499153],[83.327348,21.463677],[83.334583,21.444221],[83.375407,21.406601],[83.384916,21.389444],[83.388326,21.357766],[83.379748,21.339189],[83.361041,21.33676],[83.301097,21.358697],[83.279393,21.3588],[83.260479,21.332781],[83.257068,21.290329],[83.227199,21.249633],[83.198261,21.172558],[83.173973,21.140054],[83.143587,21.120623],[83.06938,21.116773],[83.0392,21.141526],[83.008918,21.150906],[82.989074,21.168682],[82.96458,21.178527],[82.822263,21.157856],[82.79043,21.145015],[82.752603,21.160078],[82.656692,21.152611],[82.642739,21.140364],[82.644082,21.104294],[82.627236,21.080936],[82.606875,21.024143],[82.562124,20.954458],[82.548171,20.939368],[82.514581,20.923736],[82.463008,20.855394],[82.438204,20.839529],[82.415879,20.833819],[82.405131,20.844051],[82.406578,20.86529],[82.400997,20.872421],[82.359862,20.882395],[82.345909,20.872447],[82.344152,20.747933],[82.364203,20.694784],[82.367614,20.669255],[82.340122,20.542493],[82.359035,20.499783],[82.372678,20.506862],[82.380946,20.500971],[82.391281,20.458157],[82.401927,20.4533],[82.417533,20.462498],[82.420324,20.45162],[82.411642,20.326796],[82.427145,20.293981],[82.435826,20.17373],[82.413399,20.093347],[82.415569,20.066967],[82.464455,20.045779],[82.495874,20.023042],[82.565844,20.022267],[82.611216,19.988134],[82.653384,20.005032],[82.695035,20.000537],[82.700927,19.968781],[82.684493,19.895401],[82.712812,19.849564],[82.691728,19.828764],[82.639328,19.805096],[82.592716,19.769104],[82.575249,19.76807],[82.573182,19.774917],[82.579074,19.843156],[82.564501,19.849331],[82.526157,19.850339],[82.475927,19.872379],[82.381359,19.885944],[82.361102,19.883903],[82.341465,19.87163],[82.313457,19.826154],[82.304878,19.823312],[82.290306,19.836051],[82.217855,19.972993],[82.203593,19.980331],[82.164732,19.979427],[82.148816,20.005704],[82.090731,20.054694],[82.070784,20.057251],[82.046083,20.017874],[82.021898,20.011673],[82.009289,20.044487],[81.96061,20.097611],[81.9449,20.105569],[81.929811,20.097792],[81.897565,20.061902],[81.867799,20.046658],[81.819327,19.965707],[81.813125,19.945527],[81.817156,19.92434],[81.845268,19.894729],[81.929397,19.849254],[81.960093,19.796337],[82.020141,19.781971],[82.036161,19.767088],[82.027273,19.695594],[82.040605,19.637355],[82.03213,19.594773],[82.031923,19.508448],[82.074815,19.494108],[82.106441,19.440209],[82.150986,19.424732],[82.167522,19.405224],[82.168659,19.386595],[82.135276,19.35577],[82.17176,19.316857],[82.148195,19.258153],[82.145715,19.225313],[82.168659,19.166246],[82.159668,19.122838],[82.195014,19.092633],[82.200595,19.058114],[82.224987,19.015196],[82.22447,18.921946],[82.184679,18.897658],[82.166179,18.873835],[82.1545,18.791437],[82.138894,18.747254],[82.127422,18.749243],[82.098689,18.770612],[82.069854,18.719762],[82.044533,18.708548],[81.989549,18.700203],[81.968982,18.685733],[81.94087,18.650981],[81.909657,18.641395],[81.903352,18.634083],[81.908417,18.615944],[81.941903,18.593982],[81.947071,18.567601],[81.889607,18.52688],[81.843718,18.47771],[81.792352,18.438436],[81.73313,18.349578],[81.675563,18.32976],[81.658406,18.303276],[81.643833,18.292372],[81.593397,18.272244],[81.55371,18.269815],[81.542548,18.262451],[81.513816,18.200827],[81.524874,18.160287],[81.506271,18.085589],[81.482913,18.051431],[81.48219,17.994096],[81.474438,17.960015],[81.453147,17.925004],[81.444156,17.879736],[81.429686,17.877333],[81.408292,17.88896],[81.397337,17.883146],[81.390722,17.837025],[81.39403,17.806691],[81.245201,17.803694],[81.157248,17.837904],[81.044904,17.776073],[81.029401,17.776977],[81.015448,17.78522],[80.999945,17.80695],[80.985579,17.840462],[80.978964,17.963943],[80.947959,18.028616],[80.93814,18.066159],[80.93752,18.086312],[80.961394,18.139823],[80.959121,18.148247],[80.934523,18.1553],[80.873545,18.137575],[80.857008,18.155559],[80.84719,18.208036],[80.828276,18.215297],[80.816287,18.209302],[80.807192,18.176849],[80.799441,18.168736],[80.742596,18.166979],[80.729781,18.187236],[80.732054,18.207261],[80.772259,18.232712],[80.774222,18.248525],[80.745284,18.297101],[80.705803,18.396836],[80.665185,18.449985],[80.583433,18.541375],[80.502611,18.59995],[80.464371,18.606668],[80.409077,18.588866],[80.394297,18.593051],[80.383549,18.612378],[80.372076,18.615557],[80.352026,18.592276],[80.319883,18.642247],[80.313682,18.683201],[80.30314,18.70506],[80.282676,18.716713],[80.270377,18.71369],[80.261386,18.744515],[80.260559,18.755522],[80.274821,18.776942],[80.3389,18.813348],[80.349235,18.830918],[80.344171,18.85071],[80.283916,18.920267],[80.271411,18.946958],[80.271824,18.979436],[80.290428,19.019305],[80.346238,19.081497],[80.366599,19.117386],[80.405356,19.250402],[80.447317,19.272131],[80.480804,19.328562],[80.516977,19.345202],[80.553461,19.386905],[80.575992,19.391969],[80.58705,19.381918],[80.60028,19.341688],[80.617436,19.318563],[80.679965,19.321534],[80.720479,19.261564],[80.7612,19.298461],[80.830963,19.334247],[80.832203,19.345409],[80.805435,19.38613],[80.805745,19.403338],[80.86941,19.419358],[80.888944,19.438814],[80.897006,19.468605],[80.893905,19.484444],[80.878195,19.50713],[80.838095,19.543123],[80.806365,19.551365],[80.7612,19.580071],[80.701359,19.597512],[80.685029,19.622239],[80.675727,19.676551],[80.667666,19.689005],[80.649786,19.701253],[80.59997,19.713655],[80.574545,19.72877],[80.558112,19.755177],[80.537751,19.81091],[80.518424,19.81631],[80.500751,19.81091],[80.487625,19.793262],[80.487315,19.771119],[80.47884,19.766468],[80.431608,19.773289],[80.411454,19.783676],[80.408973,19.791996],[80.418172,19.805871],[80.471812,19.830159],[80.486075,19.85499],[80.4807,19.871139],[80.444423,19.878451],[80.427474,19.888244],[80.426647,19.901395],[80.444837,19.931213],[80.460236,19.941031],[80.509536,19.919534],[80.531137,19.920697],[80.557181,20.048337],[80.53062,20.134869],[80.506952,20.141949],[80.418172,20.148874],[80.414141,20.165178],[80.424063,20.197217],[80.424373,20.234088],[80.441116,20.253312],[80.534237,20.269383],[80.585603,20.310724],[80.622397,20.325891],[80.626428,20.342609],[80.611545,20.401236],[80.614439,20.464307],[80.634903,20.51234],[80.6225,20.534096],[80.623741,20.596185],[80.614646,20.606184],[80.571444,20.61608],[80.515013,20.588847],[80.501061,20.592645],[80.49486,20.601172],[80.496203,20.618948],[80.509122,20.641324],[80.56607,20.672511],[80.572994,20.697574],[80.556768,20.780825],[80.552117,20.919318],[80.533927,20.937508],[80.49796,20.930066],[80.471709,20.936268],[80.450108,20.95916],[80.435328,20.999235],[80.459616,21.135868],[80.484524,21.167701],[80.5485,21.206665],[80.625601,21.242657],[80.666425,21.279554],[80.678414,21.301982],[80.679034,21.351152],[80.721409,21.473212],[80.717585,21.585556],[80.730504,21.714308],[80.739806,21.741464],[80.754069,21.756476],[80.787762,21.761204],[80.805125,21.774304],[80.821558,21.802778],[80.837888,21.846135],[80.835097,21.950986],[80.903414,22.085293],[80.91902,22.097463],[80.934729,22.099943],[80.949819,22.09289],[80.977724,22.05284],[80.993331,22.051988],[81.002219,22.063124],[81.003356,22.077748],[80.986406,22.114542],[81.016068,22.129476],[81.02351,22.193969],[81.030641,22.21066],[81.053689,22.23363],[81.095443,22.256704],[81.118904,22.294608],[81.122522,22.400519],[81.130893,22.422869],[81.164793,22.465296],[81.178022,22.478422],[81.199416,22.481755],[81.212129,22.452351],[81.234866,22.444496],[81.277344,22.469843],[81.320339,22.477956],[81.344524,22.497154],[81.358063,22.497955],[81.384211,22.481135],[81.402918,22.448372],[81.417801,22.437494],[81.448186,22.449793],[81.53955,22.519995],[81.603319,22.533689],[81.642283,22.550846],[81.654996,22.59118],[81.669568,22.609292],[81.727343,22.647197],[81.751527,22.651072],[81.76641,22.663992],[81.761759,22.716366],[81.78522,22.744297],[81.779329,22.835816],[81.788527,22.852946],[81.865319,22.881472],[81.940249,22.945835],[81.94459,22.963043],[81.933428,22.999217],[81.934152,23.017329],[81.946141,23.042961],[81.965984,23.055466],[82.020451,23.071434],[82.070784,23.100347],[82.089801,23.103629],[82.129385,23.096498],[82.141684,23.113215],[82.156567,23.148303],[82.164629,23.210237],[82.189743,23.288734],[82.186333,23.30943],[82.173724,23.326354],[82.124941,23.362192],[82.098173,23.371726],[82.043396,23.363639],[82.034404,23.367618],[82.025929,23.387694],[81.991409,23.400536],[81.927537,23.495414],[81.907177,23.505181],[81.858187,23.507713],[81.759485,23.543524],[81.744602,23.542594],[81.657683,23.487197],[81.644144,23.482055],[81.628331,23.487817],[81.591434,23.561172],[81.614688,23.591764],[81.618925,23.627344],[81.655616,23.648479],[81.686208,23.690311],[81.685898,23.706512],[81.639493,23.806558],[81.62492,23.824412],[81.622026,23.833791],[81.630398,23.846219],[81.629261,23.858286],[81.619546,23.867562],[81.64125,23.885312],[81.681867,23.885132],[81.744913,23.824877],[81.778192,23.801881],[81.808681,23.794749],[81.83607,23.795395],[81.936942,23.840664],[82.004948,23.836401],[82.077399,23.801364],[82.203593,23.800486],[82.262504,23.785577],[82.415363,23.783071],[82.498665,23.772399],[82.531738,23.775371],[82.567911,23.804129],[82.643049,23.837072],[82.6508,23.844824],[82.657725,23.884537],[82.670024,23.89557],[82.768106,23.928953],[82.779061,23.939004],[82.786503,23.980862],[82.800869,23.998716],[82.839419,23.989647],[82.894093,23.942156],[82.936468,23.920168],[82.964373,23.913915],[83.005197,23.917791],[83.104003,23.91221]]]}},{"type":"Feature","properties":{"name":"Haryana","code":"IN-HR"},"geometry":{"type":"MultiPolygon","coordinates":[[[[77.512303,27.999609],[77.526462,27.974468],[77.529253,27.952506],[77.508169,27.943282],[77.469928,27.888065],[77.424453,27.890753],[77.390243,27.860677],[77.353036,27.853778],[77.313348,27.836079],[77.280689,27.80944],[77.252784,27.814117],[77.233663,27.793291],[77.223431,27.796004],[77.205655,27.817501],[77.188085,27.798252],[77.177543,27.799182],[77.164624,27.817424],[77.158009,27.816959],[77.133824,27.794195],[77.117185,27.793136],[77.065922,27.810137],[77.040807,27.807295],[77.032022,27.781354],[77.068299,27.760709],[77.077807,27.746162],[77.005874,27.730065],[76.973007,27.679293],[76.940555,27.680326],[76.910479,27.670404],[76.891359,27.683814],[76.893736,27.69632],[76.919367,27.70756],[76.900867,27.73438],[76.900867,27.744095],[76.91544,27.815253],[76.943552,27.865225],[76.93242592577461,28.0],[77.512303,27.999609]]],[[[76.587295,27.998937],[76.567244,27.976432],[76.553085,27.971239],[76.5336140855942,28.0],[76.587295,27.998937]]],[[[76.16339291349776,28.0],[76.179051,27.957622],[76.180084,27.909563],[76.201375,27.885611],[76.215018,27.841505],[76.209126,27.827397],[76.179051,27.807657],[76.120346,27.851866],[76.092234,27.854269],[76.0,27.842752491711273],[76.0,28.0],[76.16339291349776,28.0]]]]}},{"type":"Feature","properties":{"name":"Telangana","code":"IN-TG"},"geometry":{"type":"Polygon","coordinates":[[[77.557675,18.329889],[77.547753,18.352033],[77.502588,18.381591],[77.508479,18.394872],[77.543929,18.427325],[77.559535,18.487761],[77.554781,18.500344],[77.559225,18.50763],[77.60222,18.55662],[77.688519,18.574732],[77.702989,18.597444],[77.70981,18.622688],[77.703402,18.669119],[77.712394,18.689454],[77.736578,18.704052],[77.781123,18.703768],[77.839311,18.80955],[77.873831,18.826577],[77.912072,18.835362],[77.910831,18.853113],[77.9037,18.861821],[77.842412,18.909208],[77.839001,18.947009],[77.807272,18.95582],[77.803964,18.978739],[77.795283,18.987188],[77.766551,18.989358],[77.751978,19.045892],[77.756629,19.059199],[77.836727,19.126688],[77.832387,19.158934],[77.855021,19.228362],[77.889954,19.271356],[77.891298,19.279418],[77.865459,19.29735],[77.892848,19.322438],[77.911451,19.330267],[77.963128,19.322645],[77.989069,19.324996],[78.024933,19.278591],[78.050978,19.265414],[78.100484,19.270064],[78.129216,19.262985],[78.16787,19.264096],[78.180066,19.279004],[78.181823,19.298512],[78.174381,19.374657],[78.211898,19.440132],[78.230812,19.45628],[78.281145,19.466719],[78.302642,19.482765],[78.305743,19.574826],[78.333441,19.643272],[78.351528,19.66681],[78.392352,19.691977],[78.403411,19.719262],[78.39938,19.736082],[78.363207,19.760448],[78.329514,19.838557],[78.321762,19.863258],[78.329204,19.891293],[78.383257,19.866152],[78.410646,19.824863],[78.477722,19.799128],[78.491984,19.802306],[78.506557,19.818455],[78.533739,19.824656],[78.569913,19.81352],[78.616628,19.815199],[78.711713,19.774349],[78.780029,19.776674],[78.83987,19.736987],[78.87594,19.64446],[78.921002,19.624668],[78.934852,19.598184],[78.972679,19.584774],[78.98076,19.564233],[79.011305,19.557003],[79.014032,19.545436],[79.024346,19.541525],[79.058876,19.547063],[79.068427,19.535985],[79.09708,19.531138],[79.119855,19.511749],[79.150711,19.499977],[79.170548,19.477121],[79.197731,19.461883],[79.218302,19.474351],[79.216057,19.504303],[79.243281,19.531138],[79.245485,19.559524],[79.266002,19.589555],[79.348883,19.580097],[79.363559,19.574051],[79.389501,19.544027],[79.404074,19.537826],[79.538949,19.533821],[79.576363,19.508112],[79.600754,19.518938],[79.608919,19.55307],[79.636101,19.569814],[79.735423,19.603352],[79.795781,19.594101],[79.841876,19.546714],[79.864924,19.50899],[79.927452,19.486227],[79.954014,19.452017],[79.963833,19.426024],[79.956495,19.313395],[79.94988,19.288771],[79.933447,19.274173],[79.928486,19.26053],[79.930553,19.211928],[79.943782,19.169218],[79.893656,19.137411],[79.872675,19.110281],[79.861823,19.081084],[79.864717,19.048398],[79.882081,19.041939],[79.93355,19.053127],[79.941818,19.038141],[79.964866,18.935356],[79.960319,18.867117],[79.91691,18.826577],[79.967967,18.796476],[80.001866,18.785624],[80.060674,18.73697],[80.090543,18.69749],[80.169712,18.690048],[80.241748,18.69749],[80.270377,18.71369],[80.294665,18.71338],[80.313682,18.683201],[80.319883,18.642247],[80.352026,18.592276],[80.372076,18.615557],[80.383549,18.612378],[80.394297,18.593051],[80.409077,18.588866],[80.464371,18.606668],[80.486591,18.606177],[80.583433,18.541375],[80.696191,18.412287],[80.745284,18.297101],[80.770088,18.259015],[80.772259,18.232712],[80.732054,18.207261],[80.729781,18.187236],[80.735052,18.173749],[80.753449,18.164189],[80.799441,18.168736],[80.807192,18.176849],[80.816287,18.209302],[80.828276,18.215297],[80.84719,18.208036],[80.857008,18.155559],[80.873545,18.137575],[80.934523,18.1553],[80.959121,18.148247],[80.961394,18.139823],[80.93752,18.086312],[80.93814,18.066159],[80.947959,18.028616],[80.978964,17.963943],[80.985579,17.840462],[81.015448,17.78522],[81.044904,17.776073],[81.157248,17.837904],[81.245201,17.803694],[81.39403,17.806691],[81.479812,17.787519],[81.502757,17.824209],[81.511232,17.826277],[81.578411,17.79695],[81.60611,17.811368],[81.655822,17.850875],[81.704398,17.861029],[81.739435,17.897642],[81.758969,17.908933],[81.778595,17.894371],[81.786569,17.863122],[81.775781,17.833207],[81.628586,17.763421],[81.573892,17.70453],[81.535249,17.637689],[81.52922,17.58843],[81.469526,17.420487],[81.408339,17.370643],[81.214333,17.323635],[81.144193,17.249538],[81.059128,17.222457],[80.99048,17.21818],[80.930786,17.19252],[80.893078,17.155634],[80.881564,17.120864],[80.877879,17.082125],[80.855771,17.053066],[80.829519,17.046021],[80.669698,17.079924],[80.641603,17.116903],[80.590939,17.139791],[80.541657,17.127467],[80.501756,17.10797],[80.494201,17.059388],[80.467415,17.035749],[80.442003,17.032466],[80.39736,17.079085],[80.38431,17.062015],[80.386371,17.019332],[80.377442,16.99306],[80.38431,16.975982],[80.474283,16.936564],[80.525794,16.952332],[80.559448,16.949047],[80.586234,16.933936],[80.595163,16.906996],[80.56563,16.861648],[80.569751,16.837984],[80.596536,16.81366],[80.59791,16.793278],[80.560562,16.783592],[80.506146,16.792487],[80.448136,16.822778],[80.393136,16.838522],[80.350986,16.862136],[80.329119,16.889756],[80.301231,16.94128],[80.280555,16.997387],[80.254109,17.023596],[80.220451,17.033251],[80.153134,17.023136],[80.077643,16.972555],[80.012698,16.902147],[80.002428,16.871004],[80.073334,16.822862],[80.052989,16.785224],[80.042979,16.738552],[79.97169,16.654853],[79.9581,16.630439],[79.909679,16.631293],[79.882335,16.703233],[79.861501,16.70661],[79.826264,16.692084],[79.812592,16.711493],[79.771658,16.727118],[79.751964,16.723741],[79.720876,16.689032],[79.679698,16.689032],[79.634695,16.669135],[79.59433,16.669135],[79.584972,16.648546],[79.550548,16.629706],[79.504324,16.641872],[79.477061,16.631781],[79.417735,16.590196],[79.337983,16.585232],[79.265636,16.569607],[79.247813,16.554023],[79.213471,16.493232],[79.2199,16.473334],[79.208263,16.388699],[79.233409,16.330512],[79.214773,16.244493],[79.201427,16.228624],[79.160574,16.219346],[79.136322,16.227851],[79.091563,16.228827],[79.021658,16.247138],[78.922862,16.189765],[78.897716,16.142768],[78.881847,16.138292],[78.846934,16.150743],[78.839122,16.124823],[78.845795,16.085476],[78.839447,16.066718],[78.791108,16.034532],[78.760916,16.027696],[78.684174,16.046332],[78.6456,16.071601],[78.581554,16.056179],[78.559662,16.056708],[78.539561,16.065538],[78.511485,16.091986],[78.499766,16.093777],[78.464285,16.085761],[78.399994,16.083441],[78.378835,16.075873],[78.353526,16.05268],[78.341563,16.059434],[78.316335,16.02794],[78.299815,16.022813],[78.244395,16.03852],[78.255951,16.005683],[78.254161,15.991767],[78.236908,15.969591],[78.235281,15.950466],[78.185069,15.908718],[78.141368,15.888129],[78.123953,15.849921],[78.100352,15.829657],[77.950125,15.899766],[77.8956,15.917996],[77.88795,15.919135],[77.849864,15.893866],[77.794851,15.889268],[77.749034,15.897569],[77.660574,15.895575],[77.58253,15.928046],[77.492198,15.9383],[77.446467,15.95298],[77.483674,16.002073],[77.485121,16.110774],[77.479023,16.164414],[77.490185,16.222757],[77.490805,16.261592],[77.501347,16.275467],[77.540001,16.299522],[77.551783,16.317686],[77.55261,16.332156],[77.53318,16.361043],[77.493286,16.378174],[77.393964,16.381068],[77.293711,16.406518],[77.257435,16.449358],[77.273558,16.465145],[77.370916,16.524289],[77.389519,16.565914],[77.427243,16.585732],[77.44626,16.640768],[77.438819,16.65056],[77.41112,16.647821],[77.417011,16.663479],[77.445537,16.69017],[77.435615,16.705544],[77.410914,16.720582],[77.40957,16.737842],[77.414841,16.779596],[77.431584,16.799569],[77.434375,16.812773],[77.435718,16.954934],[77.467758,17.025809],[77.465174,17.042578],[77.433548,17.096838],[77.425176,17.142339],[77.370399,17.169159],[77.365335,17.194093],[77.37443,17.222567],[77.496386,17.374573],[77.525635,17.430435],[77.570594,17.445008],[77.581032,17.471854],[77.599326,17.486917],[77.653173,17.500069],[77.685832,17.567171],[77.674257,17.577067],[77.599119,17.54681],[77.588784,17.554174],[77.582583,17.578772],[77.535867,17.573734],[77.492872,17.57761],[77.423006,17.612517],[77.411534,17.630785],[77.463623,17.713415],[77.53132,17.754007],[77.530906,17.777597],[77.500314,17.812298],[77.507859,17.834726],[77.523465,17.852115],[77.559225,17.869866],[77.61979,17.92565],[77.626714,17.942187],[77.62134,17.986835],[77.60346,18.033732],[77.562946,18.070784],[77.557675,18.086157],[77.565736,18.100885],[77.596535,18.110885],[77.600979,18.125121],[77.590748,18.175454],[77.568527,18.233745],[77.583306,18.291545],[77.551163,18.307875],[77.557675,18.329889]]]}}]}