{"type":"FeatureCollection","features":[{"type":"Feature","properties":{"name":"India","iso_a3":"IND"},"geometry":{"type":"MultiPolygon","coordinates":[[[[77.51873419405028,35.48565732389375],[77.558801,35.488032],[77.586345,35.478031],[77.5840136010942,35.468033275286864],[77.605452,35.472681],[77.62974,35.462078001000066],[77.63837238288595,35.466129082517746],[77.638419,35.483603],[77.651208,35.487425],[77.6877402906629,35.45310268510826],[77.698195,35.463573],[77.718398,35.461618],[77.741704,35.494524],[77.759005,35.502513],[77.78007,35.4978],[77.814613,35.522256],[77.82772744600004,35.504256016000056],[77.85346398400003,35.49087627500006],[77.866928,35.498211],[77.91099100100007,35.46209900100007],[77.936656,35.524846],[77.928345,35.541257001000076],[77.93785,35.55931700100007],[77.950642,35.552064],[77.977623,35.57218500100004],[77.996028,35.559229],[78.012265,35.571157],[78.022426,35.564233],[78.03234,35.572328],[78.027949,35.582705],[78.04037,35.586846],[78.068142,35.570284],[78.076615,35.559965],[78.072538,35.544486],[78.090516,35.533402],[78.103074,35.55609],[78.129723,35.545539],[78.15719,35.550947001000054],[78.161735,35.59293],[78.181259,35.600793001000056],[78.172933,35.616715],[78.180038,35.634402],[78.197422,35.639844],[78.194399,35.658135],[78.181701,35.66735600100003],[78.185934,35.675217],[78.208307,35.667659],[78.240101,35.706209],[78.243632,35.725290001000076],[78.340292,35.719822],[78.408756,35.73069600100007],[78.418279,35.74656900100007],[78.41719400100004,35.762396],[78.440501,35.780733001000044],[78.460304,35.774988],[78.462723,35.764406],[78.505353,35.771209],[78.535586,35.76349900100007],[78.561738,35.775442],[78.576735,35.79721500100004],[78.607587,35.81517700100005],[78.656603,35.82207800100008],[78.673497,35.852059],[78.694675,35.849679],[78.721763,35.86301000100008],[78.75034100100004,35.859712],[78.800242,35.869825],[78.82772,35.90851400100007],[78.836074,35.941928],[78.855859,35.974243],[78.926424,35.945226],[78.954782,35.948523],[78.965993,35.935334],[78.976459,35.93976900100006],[78.988415,35.929178],[79.011498,35.931157],[79.028424,35.91423],[79.057222,35.941489001000036],[79.077666,35.94698500100003],[79.164498,35.94478600100007],[79.191318,35.932256],[79.269576,35.92742],[79.29441700100006,35.938631],[79.308047,35.95445900100003],[79.338383,35.963472],[79.343439,35.987873],[79.441727,35.96832100100005],[79.439623,35.934198],[79.456334,35.924093001000074],[79.468368,35.90033900100008],[79.464426,35.888649],[79.45225,35.882786001000056],[79.456459,35.87196300100004],[79.488896,35.849221],[79.517341,35.85031600100007],[79.525308,35.865800001000025],[79.538086,35.867904],[79.546211,35.88107000100007],[79.557839,35.880355],[79.563165,35.896790001000056],[79.572129,35.89653],[79.588434,35.876978001000055],[79.584017,35.853918],[79.56427,35.829791],[79.571909,35.81266000100004],[79.588413,35.814962001000026],[79.58449,35.799683],[79.592542,35.788879],[79.638582,35.777730001000066],[79.629382,35.767085001000055],[79.642642,35.75104],[79.634111,35.74157800100005],[79.645124,35.723895],[79.664592,35.71854300100006],[79.678629,35.70024],[79.679405,35.670690001000025],[79.698242,35.66345000100006],[79.704278,35.639045],[79.721114,35.636039],[79.734015,35.642769],[79.771473,35.625666],[79.816842,35.626974],[79.839269,35.60161400100003],[79.836714,35.586281],[79.845733,35.574556],[79.860766,35.57666],[79.869034,35.598307],[79.920957,35.604706],[79.924588,35.620652],[79.938008,35.620968],[79.954191,35.633914],[79.954585,35.616231],[79.99895,35.602417],[79.995319,35.584102001000076],[79.965321,35.574708],[79.96632,35.55356500100004],[79.978301,35.548796],[79.982342,35.533107001000076],[79.994715,35.523113],[79.994001,35.509788],[80.034928,35.43864200100006],[80.054915,35.423414],[80.08799,35.43245600100005],[80.080996,35.450408],[80.11,35.478379],[80.127132,35.478379],[80.141948,35.497994],[80.182587,35.50884600100005],[80.166197,35.552757],[80.205413,35.575150001000054],[80.224883,35.55469100100004],[80.250009,35.55685900100008],[80.263783,35.568338],[80.276793,35.552905],[80.297454,35.556094001000076],[80.302173,35.534029],[80.31582,35.523826],[80.32756,35.534929],[80.346595,35.524628],[80.358424,35.52905100100003],[80.389468,35.48768],[80.411595,35.477111],[80.421723,35.451681],[80.411926,35.426031],[80.376918,35.392344001000026],[80.346754,35.391023],[80.298755,35.36845500100003],[80.285875,35.35425400100007],[80.273588,35.300492001000066],[80.266212,35.296447],[80.294289,35.267893],[80.27454,35.216735],[80.285247,35.211262],[80.28263,35.203886],[80.255266,35.205551],[80.244796,35.185326],[80.222667,35.171287],[80.233137,35.14796800100004],[80.194828,35.117987],[80.21608300100007,34.992703],[80.233575,34.989589],[80.224886,34.970414],[80.19336300100008,34.958696],[80.186257,34.946487],[80.203497,34.920628],[80.205051,34.891236],[80.167464,34.88007300100003],[80.16817,34.872867],[80.157075,34.868462],[80.13685,34.86893800100006],[80.136136,34.855137],[80.111822,34.826298],[80.098992,34.774536],[80.066912,34.762256],[80.079206,34.73343900100008],[80.074146,34.70580600100004],[79.994776,34.692031],[79.97219,34.699703001000046],[79.951539,34.67374700100004],[79.932394,34.691888],[79.917838,34.688231],[79.898478,34.69619000100005],[79.848643,34.67224100100003],[79.829713,34.646069],[79.786547,34.62735400100007],[79.78583,34.608639],[79.801813,34.58926400100006],[79.78825,34.564019],[79.811454,34.53407700100007],[79.794322,34.480063],[79.76553,34.470545],[79.752681,34.477684],[79.72163,34.471735],[79.70188,34.486012],[79.684986,34.476732],[79.673565,34.454603001000066],[79.623358,34.44984400100003],[79.600515,34.466262],[79.561117,34.458409001000064],[79.538163,34.478881],[79.525523,34.460736],[79.508851,34.453679],[79.530592,34.442644],[79.534781,34.400754],[79.559017,34.371622],[79.574721,34.319036],[79.602809,34.30655000100006],[79.610078,34.28416200100003],[79.607364,34.238222],[79.589831,34.24099],[79.544859,34.20291800100006],[79.490589,34.1909],[79.497984,34.168416],[79.48561100100005,34.125586],[79.470144,34.116068],[79.427552,34.113451],[79.41613,34.100126001000035],[79.430407,34.061341],[79.41851,34.05444],[79.422079,34.044684001000064],[79.404471,34.027314],[79.410182,34.01018200100003],[79.403281,34.00233],[79.36651,33.994337],[79.316193,34.01494100100007],[79.300489,34.008516],[79.248854,34.023983],[79.225298,34.010658],[79.189606,34.025173],[79.171046,34.021841],[79.138923,33.994478],[79.099424,33.98995700100005],[79.02946800100005,34.01042000100006],[78.995204,34.036832],[78.911685,34.009706],[78.887176,33.97258700100008],[78.937145,33.912624],[78.965223,33.82125300100006],[78.9933,33.794603],[79.000439,33.773426],[79.02827800100005,33.75367600100003],[79.010212,33.71439],[79.011855,33.685212001000025],[79.022087,33.674266001000035],[79.06396600100004,33.666414],[79.090382,33.637189],[79.085143,33.619538],[79.02518,33.619063],[79.003527,33.607403],[78.907397,33.62049],[78.885744,33.57623200100005],[78.90975,33.565431001000036],[78.913517,33.554639],[78.93143,33.486764],[78.927385,33.440603001000056],[78.94011100100005,33.380019],[78.95406,33.37146400100005],[78.95044700100004,33.364317],[78.963013,33.33913000100006],[78.981824,33.326696],[79.026725,33.320346],[79.029063,33.307832001000065],[79.037778,33.30541400100003],[79.03520100100008,33.272681],[79.079942,33.24491700100003],[79.066844,33.232005],[79.107388,33.19975],[79.124365,33.20262000100007],[79.151971,33.18186900100005],[79.182862,33.22001],[79.20058,33.209714],[79.209644,33.212651],[79.216971,33.237886],[79.23844700100005,33.233117],[79.255818,33.215399],[79.27223,33.221216],[79.273322,33.212617],[79.295864,33.202703],[79.302497,33.19067000100006],[79.323878,33.190291],[79.337553,33.20425],[79.362314,33.19727],[79.38518,33.201913],[79.408298,33.188838],[79.410951,33.171152],[79.395886,33.169414],[79.392949,33.15599200100007],[79.398981,33.139980001000026],[79.390398,33.138851001000035],[79.364312,33.106121],[79.368157,33.085343],[79.358511,33.061133],[79.340579,33.057364],[79.328358,33.034464],[79.341436,33.01973],[79.338468,33.002309],[79.331457,33.000793],[79.36345,32.96298800100004],[79.352869,32.954682],[79.364081,32.938164],[79.379557,32.94574400100004],[79.39970600100008,32.941670001000034],[79.390484,32.917004001000066],[79.421467,32.894991],[79.471241,32.878789],[79.47282,32.849512],[79.460914,32.83343700100005],[79.480323,32.811529],[79.4808,32.800677],[79.505323,32.783541],[79.544722,32.77301700100003],[79.541146,32.763977],[79.557271,32.759179],[79.543035,32.730346],[79.561282,32.714367],[79.540843,32.703226001000075],[79.538583,32.682818],[79.548375,32.676552],[79.524636,32.65154600100004],[79.502924,32.643717],[79.452456,32.603784001000065],[79.427628,32.560989],[79.433113,32.543962],[79.413656,32.540534],[79.413331,32.520026001000076],[79.367269,32.53244500100004],[79.350972,32.528539],[79.333917,32.542562],[79.34001,32.554136001000074],[79.33117700100007,32.56544700100005],[79.31114900100005,32.560112],[79.293452,32.539559],[79.276039,32.556002],[79.248154,32.5167],[79.223373,32.52470600100003],[79.220914,32.50959100100005],[79.188294,32.515877],[79.183966,32.497826],[79.155563,32.49453800100002],[79.149152,32.47686500100008],[79.131546,32.480951],[79.132044,32.46945700100002],[79.117527,32.454475],[79.12643000100007,32.421654],[79.105435,32.407469],[79.100153,32.370628],[79.060389,32.38713800100004],[79.013599,32.381218],[78.990179,32.37082000100003],[78.968287,32.33574],[78.907529,32.37251400100007],[78.905502,32.38932300100004],[78.892347,32.40051800100008],[78.881983,32.398193],[78.868629,32.41350700100003],[78.838598,32.41271000100005],[78.832187,32.427891],[78.8087,32.43825600100007],[78.795711,32.47493],[78.779367,32.47901600100005],[78.780829,32.51565800100008],[78.770132,32.524826001000065],[78.757475,32.56718100100005],[78.761927,32.579439],[78.774384,32.585419],[78.78136,32.616313],[78.742145,32.65528700100003],[78.749869,32.686577],[78.73958861600005,32.69571814500006],[78.710461,32.667744],[78.634103,32.645428],[78.641037,32.610975],[78.633472,32.605395],[78.583014,32.603738],[78.558426,32.622458],[78.541632,32.612283],[78.516279,32.614515],[78.517453,32.603837],[78.500948,32.58360300100003],[78.479127,32.576293],[78.453766,32.581337001000065],[78.448672,32.573974],[78.416068,32.567467],[78.393465,32.539206],[78.395036,32.52987400100005],[78.427596,32.504924],[78.440424,32.479831001000036],[78.454965,32.471319],[78.45068,32.460649],[78.472197,32.44188100100007],[78.470926,32.39710300100006],[78.45434500100004,32.38646200100004],[78.469419,32.364916],[78.480975,32.366482],[78.485231,32.358946],[78.478811,32.32508700100004],[78.497358,32.324564001000056],[78.510376,32.303065],[78.488363,32.275637],[78.520188,32.261967],[78.559918,32.20224500100005],[78.595748,32.197991],[78.599978,32.174481],[78.591592,32.167153],[78.62681700100006,32.137936],[78.63120079500004,32.12578194900004],[78.68250444300008,32.114643357000034],[78.69445147300007,32.095091731000025],[78.682642,32.0801],[78.705739,32.064442],[78.734384,32.004954],[78.766863,32.00356700100008],[78.779628,31.993593],[78.773546,31.974316],[78.779118,31.966646001000072],[78.764768,31.958738],[78.768919,31.930776],[78.74244450000003,31.901596290000043],[78.74767156400003,31.891358479000075],[78.74078652600008,31.88521133300003],[78.74940115100003,31.87453270700007],[78.73967285800006,31.84175046000007],[78.70229761900003,31.80661318700004],[78.70512123600008,31.773786780000023],[78.725474,31.758071],[78.729999,31.733204],[78.753644,31.695325],[78.751134,31.68016700100003],[78.767779,31.67465100100003],[78.798756,31.681553001000054],[78.801893,31.647571],[78.841622,31.621911],[78.846641,31.609164001000067],[78.822401,31.578649],[78.806451,31.577229],[78.803412,31.565571],[78.78013,31.555862001000037],[78.775209,31.543577001000074],[78.761636,31.548597],[78.735283,31.536477001000037],[78.720455,31.508868001000053],[78.725838,31.48380300100007],[78.757541,31.482878],[78.775276,31.454213],[78.796741,31.444074],[78.761537,31.40068],[78.753017,31.384927],[78.757145,31.372840001000043],[78.749516,31.367787],[78.769529,31.349029001000076],[78.763288,31.341071001000046],[78.773822,31.333343],[78.768439,31.326309001000027],[78.778182,31.312339],[78.853411,31.294407001000025],[78.851397,31.308905],[78.861582,31.3153],[78.88339,31.286193001000072],[78.89950900100007,31.289732],[78.897494,31.302645],[78.917144,31.31493],[78.943861,31.365656],[78.969686,31.356904],[78.979362,31.363938],[78.989203,31.356211],[78.987651,31.347954],[79.000465,31.341845],[79.018694,31.349011001000065],[79.010108,31.382168],[79.018034,31.390985],[79.018892,31.426718],[79.037122,31.433224],[79.049737,31.425628],[79.060767,31.429558],[79.075166,31.459016],[79.086036,31.450417001000062],[79.099114,31.454677],[79.14234300100003,31.432088001000068],[79.154661,31.40907],[79.170909,31.399064],[79.17725,31.385491],[79.168664,31.374394],[79.170612,31.36313300100005],[79.213412,31.35398500100007],[79.236496,31.334996],[79.220248,31.31650200100006],[79.250069,31.293649001000063],[79.249211,31.284667],[79.226325,31.260592001000077],[79.260604,31.239786001000027],[79.282697,31.238895],[79.300861,31.219047],[79.312353,31.148275],[79.352082,31.12245],[79.412762,31.108019],[79.41306149500008,31.072992732000046],[79.427466,31.022924001000035],[79.471443,31.034764001000042],[79.506865,31.03239],[79.509077,31.015118],[79.519518,31.005522],[79.516038,30.997456001000046],[79.55320870900005,30.95688034500006],[79.60313565400008,30.93988246200007],[79.663156,30.96445],[79.665555,30.982895],[79.70073300100006,30.970731],[79.734932,30.97951500100004],[79.752312,31.005804001000058],[79.775642,30.986541],[79.792081,30.986171],[79.816588,30.971682],[79.866039,30.971783],[79.882148,30.955117001000076],[79.888784,30.917653001000076],[79.908398,30.914693001000046],[79.930972,30.880540001000043],[79.961515,30.88854100100008],[79.996644,30.865864],[80.008171,30.86624500100004],[80.031916,30.84083],[80.054002,30.838813001000062],[80.087505,30.79561700100004],[80.112388,30.779679001000034],[80.12696000100004,30.780004],[80.142769,30.79210400100004],[80.154251,30.789567001000023],[80.158219,30.806937],[80.172791,30.809018],[80.200472,30.775873],[80.197187,30.76566000100007],[80.21254,30.752681],[80.238638,30.762319],[80.248781,30.720413001000054],[80.233103,30.7088],[80.232973,30.690488],[80.197811,30.686161],[80.192574,30.66602700100003],[80.219409,30.64277],[80.207926,30.588318],[80.21834500100005,30.58015],[80.23656000100004,30.578621001000045],[80.254515,30.564569],[80.28328600100008,30.569839],[80.31539,30.564537001000076],[80.319131,30.545443],[80.345478,30.520332001000043],[80.36456,30.527527001000067],[80.385411,30.517508],[80.41829500100005,30.523591],[80.416051,30.517345001000024],[80.445976,30.496886001000064],[80.488522,30.484623001000045],[80.499158,30.487941],[80.540747,30.449059],[80.558912,30.45382500100004],[80.565157,30.46381000100007],[80.60663,30.471487],[80.61362300100006,30.45928900100006],[80.623869,30.462867],[80.688435,30.415020001000073],[80.707301,30.417394],[80.734136,30.400610001000075],[80.785464,30.353478],[80.801598,30.323033001000056],[80.83475692200005,30.313003398000035],[80.860895,30.31425],[80.873613,30.301174],[80.90708400100004,30.303679],[80.914594,30.286827],[80.930361,30.278452001000062],[80.929421,30.265847],[80.98244598400004,30.271106850000024],[81.03086,30.247088001000066],[81.02580875400008,30.226493205000054],[81.04468894800004,30.205898054000045],[80.99710948000006,30.185989259000053],[80.97496729700003,30.19161444200006],[80.93294923900004,30.177139844000067],[80.92362057200006,30.193719900000076],[80.93033391400007,30.213330840000026],[80.91987168800006,30.22612268000006],[80.90995089600005,30.22332310300004],[80.88020812100007,30.181196466000074],[80.86256374600003,30.169459365000023],[80.87148032600004,30.160910286000046],[80.87766970400008,30.12869111300006],[80.84486281300008,30.11613593800007],[80.84516534500005,30.102429994000033],[80.83701822100005,30.097559665000063],[80.81535001600008,30.09646192200006],[80.77937475100003,30.056764731000044],[80.76113880300005,30.04961015400005],[80.74689273400008,30.00604862800003],[80.71950464000008,30.000419863000047],[80.67403605600003,29.957289810000077],[80.64854314900003,29.956024366000065],[80.63019112500007,29.96527344100008],[80.60288113900003,29.958508751000068],[80.57419879700007,29.923576698000034],[80.57258701700005,29.89536896800007],[80.55265180400005,29.850513379000063],[80.50721503800008,29.823213533000057],[80.49364811200007,29.795958644000052],[80.44410982100004,29.799242096000057],[80.43469471600008,29.806128783000077],[80.42887668500003,29.798216319000062],[80.40684009900008,29.794564622000053],[80.39748790700008,29.759399793000057],[80.36574144000008,29.747885964000034],[80.36601420000005,29.724964627000077],[80.37531762400005,29.72038957600006],[80.38445630800004,29.67451907900005],[80.39806299100007,29.658968800000025],[80.41447070700008,29.654098151000028],[80.42018491700009,29.639256990000035],[80.42089327400004,29.629904081000063],[80.40566218900005,29.61296070700007],[80.40794146800005,29.595506146000048],[80.38788676800004,29.57188522200005],[80.37905859900007,29.571609660000036],[80.37878176500004,29.561456091000025],[80.36359249900005,29.56419686600003],[80.36397781500006,29.55674409100004],[80.34264201700006,29.55304712900005],[80.34178493900004,29.540450105000048],[80.35794359300007,29.53265949200005],[80.34959955000005,29.519042666000075],[80.31381014600004,29.499185225000076],[80.31301319200008,29.48465298700006],[80.29903062000005,29.49071970700004],[80.28658915700004,29.47700965100006],[80.30244936800005,29.453234258000066],[80.28043492900008,29.451050984000062],[80.27616233900005,29.458678726000073],[80.26912654500006,29.45517572700004],[80.27423200600003,29.449659461000067],[80.25808353600007,29.45192752300005],[80.24290889100007,29.443909268000027],[80.24159635400008,29.411730571000078],[80.27460549200003,29.39315687900006],[80.27887204400008,29.37869233500004],[80.27107456200008,29.364653945000043],[80.27928994700005,29.359580623000056],[80.28008816600004,29.34639414000003],[80.29615537800004,29.324363534000042],[80.31686947700007,29.314911790000053],[80.31790421300008,29.301784790000056],[80.30424360300003,29.285430907000034],[80.30030311800004,29.24225989000007],[80.29064564100008,29.231727010000043],[80.29723532600008,29.205230762000042],[80.28719118400005,29.19534070800006],[80.27495042600003,29.20721190100005],[80.26076806000003,29.206861378000042],[80.24827184100008,29.22115797200007],[80.24075629400005,29.20260571800003],[80.25787889700007,29.18749639200007],[80.25830713400006,29.16592788500003],[80.27161651500006,29.142237426000065],[80.25403963000008,29.138107598000033],[80.23324432100003,29.118618551000054],[80.20967270000006,29.121996007000064],[80.18342113900007,29.137242551000043],[80.14483035500007,29.10428895600006],[80.12846459200006,29.06121937300003],[80.13644991400008,29.05904090300004],[80.12478428100007,29.012962736000077],[80.13542248200008,29.00735661400006],[80.12671870600008,29.006058934000066],[80.11810093600008,28.981915941000068],[80.10022538400005,28.986647857000037],[80.05846989600008,28.916583330000037],[80.06479615600006,28.837602265000044],[80.07521678000006,28.824454545000037],[80.11809615700008,28.82895486900003],[80.17092330900005,28.782491526000058],[80.21609269600003,28.75554704800004],[80.25438047100005,28.755523874000062],[80.26532633400006,28.74224946100003],[80.25649144500005,28.72923170200005],[80.27876777500006,28.709140792000028],[80.29346861600004,28.71143403700006],[80.31614999900006,28.70059999800003],[80.32577174300008,28.66644565400003],[80.36058524100008,28.645671598000035],[80.36068559800003,28.634568673000047],[80.37657290800007,28.62866906800008],[80.41637275600004,28.639583366000068],[80.45147897100009,28.628722195000023],[80.46380138500007,28.615168838000045],[80.46848249400006,28.583126364000066],[80.48015063300005,28.587602423000078],[80.51704941700007,28.55183950000003],[80.53072733800008,28.572420304000048],[80.52167060500005,28.57673273900008],[80.50353420200008,28.66493322200006],[80.53971816700005,28.690659913000047],[80.56854935200005,28.68804499600003],[80.59037711500008,28.679953072000046],[80.58019955900005,28.66140041500006],[80.59756041200006,28.65601844500003],[80.58984278400004,28.648151360000043],[80.60621912100004,28.652459168000064],[80.61226534500008,28.63935238700003],[80.64150079500007,28.643364158000054],[80.65128437200008,28.634137731000067],[80.66758939900006,28.642097728000067],[80.67953658900007,28.62060208400004],[80.67750273300004,28.604433291000078],[80.69582932100008,28.603454291000048],[80.69044160000004,28.587701698000046],[80.71457874100008,28.568379152000034],[80.72440685500004,28.575240843000074],[80.73852398900004,28.56637855400004],[80.73834734500008,28.574837029000037],[80.76794269900006,28.566148488000067],[80.76940305500005,28.549961609000036],[80.78929115000005,28.543519668000044],[80.78861327900006,28.52477000400006],[80.81534618200004,28.52075454000004],[80.84472878100007,28.495619844000032],[80.86601700500006,28.489574429000072],[80.86161295500006,28.504387515000076],[80.87552259100005,28.510699285000044],[80.89612783900003,28.506964048000043],[80.90864862200004,28.49792013900003],[80.90297444700008,28.47766843000005],[80.91564624100005,28.45797471700007],[80.91420852200008,28.468354356000077],[80.91742980400005,28.46020037900007],[80.93069615300004,28.45803022700005],[80.94263021300003,28.46878509000004],[80.93210403400008,28.458832019000056],[80.95145855600003,28.455733417000033],[80.95172822300003,28.447556001000066],[80.96701679900008,28.457078895000052],[80.98017118700005,28.45512270900008],[80.96495981300006,28.437747753000053],[80.97880693400003,28.43404460100004],[80.97764671800007,28.442312315000038],[80.98908815200008,28.441496763000032],[80.99981632900005,28.45371771500004],[81.01768152100004,28.45180891900003],[81.01289367700008,28.438165862000062],[81.01904713700003,28.43170657400003],[81.02944503000003,28.438707374000046],[81.03371612200004,28.42802409500007],[81.01663709900004,28.415863124000055],[81.03354709200005,28.397493525000073],[81.03566522700004,28.413785620000056],[81.07977817400007,28.385027415000025],[81.21059096100004,28.360782764000078],[81.23435375500003,28.324730300000056],[81.23254873700006,28.289069080000047],[81.32087341600004,28.197488156000077],[81.32193131300005,28.169513988000062],[81.30154967500005,28.166285377000065],[81.31130154000004,28.155575932000033],[81.32037729300004,28.16029749000006],[81.32804589700004,28.148095314000045],[81.31834924900005,28.14524934700006],[81.31794719400006,28.133663459000047],[81.37134516400005,28.142648859000076],[81.37825139600005,28.155900276000068],[81.36708527700006,28.165359184000067],[81.37460027700007,28.176993808000077],[81.41657988700007,28.17396453300006],[81.44658543300005,28.161052978000043],[81.44994412000005,28.14080152100007],[81.48403457000006,28.118569638000054],[81.47824606400007,28.082768202000068],[81.62476587500004,28.001333987000066],[81.69845320300004,27.988194279000027],[81.80498600500005,27.903369584000075],[81.83289016400005,27.89800770100004],[81.88492524100008,27.856965091000063],[81.92583662800007,27.859605153000075],[81.92528390300004,27.87564406300004],[81.96813561900007,27.929154941000036],[82.07002449300006,27.92367366800005],[82.12111377500008,27.86585596200007],[82.15009203100004,27.85818844100004],[82.15407124100005,27.866611576000025],[82.20899129300005,27.842924535000066],[82.30343181000006,27.772724161000042],[82.36796931100008,27.742496217000053],[82.40187060800008,27.703529244000038],[82.44871346200006,27.679329058000064],[82.47315594000008,27.67644934300006],[82.51660424700003,27.690607028000045],[82.54137656400007,27.685736836000046],[82.59374676700008,27.69681648900007],[82.60520962900006,27.706046231000073],[82.61896989500008,27.702205323000044],[82.66434019500008,27.722692918000064],[82.66582982200003,27.716021889000046],[82.68094838300004,27.713988112000038],[82.69915908200005,27.72236535600007],[82.70515153100007,27.71656214400008],[82.70790201800008,27.722829140000044],[82.70433568200008,27.70392062600007],[82.71931471900007,27.678752902000042],[82.71237027300003,27.662967707000064],[82.73167346300005,27.653848165000056],[82.72989859000006,27.64302371900004],[82.73598110600005,27.64608299200006],[82.73846978200004,27.637409853000065],[82.73120689800004,27.631533647000026],[82.74001589100004,27.631802634000053],[82.73282888200004,27.62951478800005],[82.74042624600008,27.625343116000067],[82.73502154600004,27.611008059000028],[82.75802049400005,27.585802639000065],[82.74248238900003,27.56075968400006],[82.74878462000004,27.55591744700007],[82.73811956800006,27.551867481000045],[82.74968279000007,27.52253784100003],[82.73667758600004,27.517833256000074],[82.73557302200004,27.502320116000078],[82.80139401000008,27.49643440500006],[82.92930520500005,27.501211478000073],[82.95411204300007,27.46775011400007],[83.03457303800008,27.448792368000056],[83.18789854500005,27.45438975600007],[83.21888742000004,27.41625894200007],[83.27219630000008,27.383426257000053],[83.26537763500005,27.36542518500005],[83.27243990400007,27.35268492700004],[83.29449666500005,27.333367458000055],[83.31725852600005,27.330045768000048],[83.31785937600006,27.337364016000038],[83.33731307000005,27.332619693000026],[83.35905113800004,27.34290690100005],[83.35782751100004,27.350683894000042],[83.37351259900004,27.356956036000042],[83.37449209500005,27.36995785000005],[83.38767809900008,27.375460995000026],[83.38453150300006,27.390282832000025],[83.40949370000004,27.41264107300003],[83.38432262100008,27.435990411000034],[83.40172585300007,27.457166178000023],[83.40237488400004,27.466056930000036],[83.38842328300007,27.47062035700003],[83.39330948100007,27.476098428000057],[83.38813376800005,27.479801416000043],[83.61426213700008,27.469482328000026],[83.83068724100008,27.369801351000035],[83.86373317700009,27.345854425000027],[83.88444471900004,27.37727661200006],[83.83317181900009,27.425722189000055],[83.84743525700009,27.445351754000058],[83.88459142500005,27.433144628000036],[83.93352963100006,27.450359217000027],[83.94607825900005,27.44191573300003],[83.96767565300007,27.44695277200003],[83.97787007300008,27.43897060300003],[83.99614808200005,27.44647241800004],[84.02391130900008,27.432584999000028],[84.03176330600007,27.441898843000047],[84.05179539800008,27.442735709000033],[84.06998799800004,27.481094840000026],[84.09530575000008,27.48979547500005],[84.09769779900006,27.517233789000045],[84.10846791000006,27.521832646000064],[84.12379774100003,27.51132221900008],[84.15071261700007,27.51692663400007],[84.14863168900007,27.48611509400007],[84.20565787200007,27.470214767000073],[84.20815277000008,27.44245511500003],[84.21985760900003,27.441154906000065],[84.23133912300005,27.456481156000052],[84.25410897400008,27.454130985000063],[84.27802880400003,27.41592378200005],[84.27639345000006,27.39646639800003],[84.29172543200008,27.385073815000055],[84.30016390800006,27.390886329000068],[84.34773565300009,27.374633386000028],[84.44079526300004,27.370519870000066],[84.46913774800004,27.355283196000073],[84.47681599900005,27.362404877000074],[84.62000823300008,27.338758593000023],[84.68901201300008,27.22064725300004],[84.68120626500007,27.20073145200007],[84.68520231200006,27.182193360000042],[84.67515451300005,27.171359362000032],[84.68344748100003,27.155328500000053],[84.67679327400003,27.115258260000076],[84.66946987200004,27.10821831000004],[84.67478205400005,27.09686279300007],[84.64614610600006,27.075667622000026],[84.64330299000005,27.046176426000045],[84.756749,27.002891264000027],[84.77327741000005,27.017786613000055],[84.78875845500005,27.00955254200005],[84.78616626700006,26.998558381000066],[84.79314757600008,26.995919782000044],[84.80795467500008,27.007690145000026],[84.80860140600004,27.018292932000065],[84.82531793600003,27.020997675000046],[84.85435135000006,27.008279814000048],[84.85567696200008,26.986517968000044],[84.88858693900005,26.977358724000055],[84.89173476600007,26.969757190000053],[84.96252606400003,26.960515951000048],[84.97815870100004,26.940640635000022],[84.96906282500004,26.91601197400007],[84.99988629100005,26.911959719000038],[85.00238984700007,26.903461374000074],[84.99262665400005,26.903037898000036],[85.00470679100005,26.89477658900006],[85.05270291100004,26.88924383600005],[85.04877733700005,26.878185587000075],[85.02502934100005,26.873287661000063],[85.03269513100008,26.859509822000064],[85.02401837800005,26.854442214000073],[85.05737039900004,26.84920337500006],[85.05758545200007,26.855978336000078],[85.06312730700006,26.857957597000052],[85.06379234500008,26.849518450000062],[85.07714114200007,26.858799533000024],[85.08686471700008,26.852792546000046],[85.08650251400007,26.86725222900003],[85.11127510500006,26.872382962000074],[85.19065592600003,26.86997931700006],[85.19104517000005,26.83090911000005],[85.17653387600006,26.809812203000035],[85.18026289500006,26.79589831900006],[85.19285092400008,26.79051759600003],[85.19713015000008,26.769751993000057],[85.21148764600008,26.758273405000068],[85.23988491000006,26.76204299500006],[85.33397401900004,26.741596908000076],[85.35455786800009,26.759954263000054],[85.37527183600008,26.761215384000025],[85.40753049500006,26.791426106000074],[85.45172999100004,26.78152725800004],[85.47764922300007,26.792955753000058],[85.47965303500007,26.802433988000075],[85.49535361000005,26.797174104000078],[85.49781608200004,26.812306144000047],[85.51965394700005,26.814463214000057],[85.54312525300008,26.83835541600007],[85.55347412800006,26.834523819000026],[85.55764061900004,26.844278702000054],[85.56578472100006,26.84109405600003],[85.57542801600005,26.861013979000063],[85.58555567900004,26.856070466000062],[85.58553644000006,26.847339608000027],[85.62696668200005,26.873467138000024],[85.63439292800007,26.872255170000074],[85.64232378600008,26.853168611000058],[85.70412458900006,26.83229099400006],[85.72888434500004,26.808067399000038],[85.73386282100006,26.737334168000075],[85.72563265300005,26.720845797000038],[85.72354720400006,26.674332974000038],[85.73665591400004,26.664291478000052],[85.73401043000007,26.650828345000036],[85.76970995800008,26.629947233000053],[85.80155327700004,26.62432586600005],[85.81750094200004,26.60284714900007],[85.83040275000008,26.601660105000065],[85.83102351800005,26.61147879300006],[85.85113455900006,26.608659384000077],[85.85791232800005,26.589920687000074],[85.84838917300004,26.577028424000048],[85.85159826600005,26.56802974200008],[85.88785226500005,26.583216461000063],[85.89101797100005,26.594378733000042],[85.92650418200003,26.60954090900003],[85.92827421000004,26.61679626800003],[85.94709891500008,26.612998281000046],[85.95851504200004,26.65127056600005],[85.97506053700005,26.658458885000073],[86.00964858700007,26.65398322200008],[86.02693705600007,26.666811359000064],[86.06936510200006,26.657574760000045],[86.11934636400008,26.630102572000055],[86.13867132800004,26.62886244300006],[86.13618613200003,26.60644192500007],[86.17201351800009,26.61706360000005],[86.19193569200007,26.614921765000076],[86.19619002600007,26.593853333000027],[86.21745313600007,26.58856613100005],[86.23436808400004,26.59076884900003],[86.25261827600008,26.617185844000062],[86.33311697600004,26.61910596900003],[86.34493649000007,26.61674808500004],[86.33870525700007,26.607251704000078],[86.39756118000008,26.59308035500004],[86.39475314500004,26.585177696000073],[86.45571951800008,26.567991821000078],[86.49755187700003,26.542392610000036],[86.54161867900007,26.538706293000075],[86.57000954100005,26.49650390100004],[86.61465510500005,26.48681814100007],[86.62945440600004,26.477711061000036],[86.62561575700005,26.467914748000055],[86.63360978800006,26.463686497000026],[86.69381028400005,26.451208603000055],[86.69986883800004,26.43717469300003],[86.71991928400007,26.43499220600006],[86.73055498900004,26.42264711200005],[86.74677468900006,26.42887723000007],[86.74350073700003,26.43560940900005],[86.76564946700006,26.45930005100007],[86.83356219400008,26.43902922500007],[86.86140020700003,26.45779291300005],[86.87268254100007,26.454034960000058],[86.89373599200007,26.46204621700008],[86.89143124200007,26.48611386300007],[86.92959190100004,26.48975977300006],[86.93269703700008,26.517395615000055],[87.01515331400003,26.532159385000057],[87.04231013700007,26.568432391000044],[87.04450941200008,26.587331121000034],[87.07156674700008,26.58583126800005],[87.07264849900008,26.542094827000028],[87.09147501300004,26.450375503000032],[87.16238082900009,26.403982635000034],[87.18883233200006,26.40553564800007],[87.18566140800004,26.41429867200003],[87.21250860000004,26.413231223000025],[87.21860934000006,26.403136068000038],[87.22910386500007,26.41372222800004],[87.26035105800008,26.40961485300005],[87.26605975000007,26.405702950000034],[87.26577855400006,26.37393331100003],[87.30138743500004,26.366178989000048],[87.31232664500004,26.371561651000036],[87.34062448100008,26.347374245000026],[87.35817726400006,26.361157484000046],[87.35629229200003,26.388473419000036],[87.36865191100009,26.40802855000004],[87.46580776200005,26.44040377500005],[87.54750350300003,26.418462868000063],[87.55295331500008,26.405815921000055],[87.58269198600004,26.39380053600007],[87.58666184200007,26.382055215000037],[87.60461826600005,26.38093376000006],[87.61210154100007,26.390211591000025],[87.65168414900006,26.393644985000037],[87.64999996500006,26.406032931000027],[87.67794557900004,26.415937859000053],[87.67745268000004,26.43562928800003],[87.71166366800009,26.427514372000076],[87.73372471500005,26.407691945000067],[87.73910122300003,26.417680319000056],[87.74808423800005,26.41799101600003],[87.75364615500007,26.40807671500005],[87.76712776200009,26.410670379000067],[87.77855300500005,26.434802476000073],[87.77212607900003,26.44967118900007],[87.79276065700003,26.46886218800006],[87.82952515700003,26.450084083000036],[87.82811269500007,26.440102815000046],[87.84864993500008,26.436530037000068],[87.86143549300004,26.44899966500003],[87.85819639600004,26.463948775000063],[87.88578566300004,26.476503838000042],[87.88808114400007,26.48688320800005],[87.90965234100008,26.457698616000073],[87.89857471400006,26.44885162500003],[87.92449447000007,26.446477867000056],[87.91599775900005,26.43167035700003],[87.92585807300009,26.427635120000048],[87.92692339900003,26.41762432200005],[87.96574934700004,26.397287204000065],[87.99170829100007,26.39269814000005],[87.99139530600007,26.370428423000078],[88.00842245600006,26.36126273800005],[88.03015026900005,26.36490974000003],[88.03124708100006,26.38853969200005],[88.09059519000004,26.42600514700007],[88.09774235800006,26.450993407000055],[88.08812339300005,26.462490772000024],[88.10550750700008,26.469085585000073],[88.09828048800006,26.481394856000065],[88.10602026200007,26.488568487000066],[88.09365414000007,26.509492601000034],[88.10446652300004,26.527932821000036],[88.09664025300003,26.535530148000078],[88.11138931500005,26.54519289600006],[88.10529972100005,26.560913784000036],[88.11264874700004,26.557982409000033],[88.11203990100006,26.57159934400005],[88.13010606600005,26.57366406500006],[88.12980517500006,26.601317063000067],[88.13905365400007,26.60688784000007],[88.14194346800008,26.625774061000072],[88.16028144600006,26.636598208000066],[88.16707515100006,26.699614754000038],[88.18627205800004,26.73849049100005],[88.18770249000005,26.77230948400006],[88.17406642700007,26.834153489000073],[88.16735622100003,26.83796474600007],[88.17357264800006,26.865412381000056],[88.13619948400003,26.898592087000054],[88.14586719500005,26.921014709000076],[88.12030716900006,26.950430177000044],[88.12271903700008,26.969055850000075],[88.13531510700005,26.98506552400005],[88.11464287700005,26.988730632000056],[88.09158865000006,27.00510882900005],[88.07754383200006,27.035255449000033],[88.05952264100006,27.029246641000043],[88.03724305000009,27.036817344000042],[88.01557194800006,27.073963813000034],[88.02063369700005,27.087600071000054],[88.00297722200008,27.10456957300005],[87.99131269100008,27.10558635800004],[87.98727764700004,27.119423088000076],[88.01922124700008,27.17117928700003],[88.01226304500005,27.177741043000026],[88.01224214800004,27.216023543000063],[88.03127198600004,27.25221932900007],[88.03162378700006,27.286275053000054],[88.04467858700008,27.29366662800004],[88.04139104800004,27.30415043100004],[88.06652060600004,27.336025559000063],[88.04166112000007,27.371958489000065],[88.05059348600008,27.412813349000032],[88.07481741200007,27.43210036200003],[88.06676804900007,27.458054745000027],[88.04373987400004,27.478340901000024],[88.04367652400003,27.49591905500006],[88.06730559200008,27.52632200200003],[88.05893025800003,27.53535224500007],[88.07992783200007,27.563151308000045],[88.07498791200004,27.572199151000063],[88.08279267400007,27.587005846000068],[88.11339845400005,27.61015866400004],[88.11992395300007,27.64540792400004],[88.14431039300007,27.664097612000035],[88.15408467300006,27.691593116000035],[88.14743618500006,27.702681477000056],[88.15563248200004,27.735195661000034],[88.17799636100006,27.746601765000037],[88.18135215500007,27.775828619000038],[88.19701746800007,27.79104337600006],[88.17301347100005,27.820604398000057],[88.20090778100007,27.837366399000075],[88.19615528300005,27.853995912000073],[88.13944571200005,27.878336644000058],[88.138581,27.89078500100004],[88.117999,27.91806800100005],[88.136749,27.937342001000047],[88.130086,27.950191001000064],[88.142459,27.965277],[88.18743100100005,27.942672],[88.20699,27.94067300100005],[88.208847,27.962374],[88.237638,27.969512],[88.251327,27.941664],[88.264717,27.956529001000035],[88.279254,27.95478],[88.284173,27.965164001000062],[88.304169,27.965452],[88.315957,27.977829],[88.331861,27.975937],[88.3404,27.985807],[88.377328,27.989267],[88.389845,27.976505],[88.413592,27.981077001000074],[88.417354,27.999983],[88.468154,28.016892],[88.47546,28.036264],[88.494911,28.055118],[88.524626,28.035325],[88.545952,28.034001],[88.553562,28.039430001000028],[88.554446,28.082288],[88.568186,28.09091200100005],[88.583278,28.084152],[88.602365,28.089627001000053],[88.612479,28.11072900100004],[88.63725597800004,28.11823462700005],[88.670614,28.074115],[88.68962,28.079257],[88.730446,28.072635],[88.754741,28.080301],[88.804286,28.030004],[88.836082,28.015297],[88.84413718500008,27.989201636000075],[88.83623311700006,27.92784835200007],[88.86084275000007,27.92716432900005],[88.867636,27.919711001000053],[88.888121,27.856407001000036],[88.880435,27.830465],[88.857085,27.815528001000075],[88.854203,27.764587],[88.867002,27.742706],[88.859116,27.738374],[88.856733,27.717185001000075],[88.838506,27.705407001000026],[88.847953,27.696127],[88.842402,27.682617],[88.84823,27.668192],[88.83174500100006,27.647231001000023],[88.814822,27.646914],[88.804257,27.624333],[88.81122900100007,27.61936],[88.808754,27.603060001000074],[88.788219,27.58585700100008],[88.79180600100005,27.574232],[88.763302,27.566424],[88.777113,27.532565001000023],[88.793572,27.526935],[88.776827,27.469292],[88.793479,27.447159],[88.794721,27.429081],[88.808243,27.423149],[88.80569100100007,27.407046],[88.82109,27.404662],[88.821635,27.393774],[88.837896,27.37961000100006],[88.861137,27.386304001000042],[88.86289,27.37013],[88.881362,27.360534],[88.88278285900003,27.346034014000054],[88.89532132700003,27.332933667000077],[88.92136938200008,27.32728762800008],[88.90883784000005,27.304201980000073],[88.91467092000005,27.29074896000003],[88.90628904100004,27.274365],[88.87934448000004,27.260822481000048],[88.83180530900006,27.262600415000065],[88.80238330800006,27.24877281700003],[88.80303204000006,27.219096001000025],[88.78907484000007,27.18531],[88.76506716100005,27.17777502100006],[88.75730304000007,27.165255031000072],[88.76008188000009,27.15299298000008],[88.74555333400008,27.141983681000056],[88.78175792500008,27.13470564200003],[88.80249395500005,27.139300220000052],[88.84239653800006,27.11100308600004],[88.87162796200005,27.108796158000075],[88.88084716000003,27.06229329300004],[88.86893612200004,26.994294721000074],[88.87525710200003,26.943214074000025],[88.92126792700003,26.99421736100004],[88.95222989800004,26.96848381600006],[88.95413719700008,26.947926876000054],[88.94511095200005,26.933495684000036],[88.97911335700007,26.91788721300003],[89.02144473800007,26.940731284000037],[89.03003114600006,26.923051416000078],[89.05112166300006,26.916244603000052],[89.04851626300007,26.899327304000053],[89.06987851100007,26.904022561000033],[89.09567442800005,26.891723870000078],[89.09252630700007,26.87289422200007],[89.10651914200008,26.859727645000078],[89.10105542700006,26.844086988000072],[89.13363346900007,26.80747167800007],[89.17609738100003,26.819111217000057],[89.19370563800004,26.810676622000074],[89.22817282900007,26.818379419000053],[89.26253994600006,26.814192185000024],[89.27466714500008,26.828595122000024],[89.31878198100009,26.851631461000068],[89.32678752200007,26.843345372000044],[89.37893863900007,26.862298718000034],[89.38987227500007,26.841926225000066],[89.43938284400008,26.840516749000074],[89.45047433000008,26.830816823000077],[89.45018217400008,26.81810537100006],[89.46961294700003,26.802712841000073],[89.49668984800007,26.803358358000025],[89.51436726800006,26.81409502500003],[89.55736462200008,26.813404040000023],[89.56608753500007,26.799099940000076],[89.61482493500006,26.786601165000036],[89.62108210500008,26.778299293000032],[89.64975208900006,26.776981613000032],[89.65288347100005,26.767180993000068],[89.64307053500005,26.760202095000068],[89.64344554300004,26.748691804000032],[89.61712917200003,26.728998707000073],[89.62608248500004,26.723471226000072],[89.65810062900005,26.71868472600005],[89.67051831900005,26.73958671200006],[89.68957029500007,26.73300342700003],[89.70008058900004,26.737708704000056],[89.72403754900006,26.72321792100007],[89.75501569700003,26.73384562600006],[89.77468881700008,26.702067016000058],[89.80642622700003,26.710798322000073],[89.86094973300004,26.702020985000047],[89.86171676000004,26.737626401000057],[89.89707702400005,26.724581111000077],[90.04565510000003,26.729652842000064],[90.19390049200007,26.773501085000078],[90.18754956700008,26.807093542000075],[90.20115481800008,26.83581896000004],[90.23044997500006,26.859034574000077],[90.30030484200006,26.848434461000068],[90.34601558400004,26.874301397000067],[90.35550192800008,26.90084841500004],[90.41733490200005,26.90481919100006],[90.54644762900006,26.816758936000042],[90.63399696500005,26.79420730700008],[90.64597808200006,26.777701382000032],[90.67622299900006,26.785316186000045],[90.69360593100004,26.772240087000057],[90.71723202200008,26.769856059000062],[90.95180728100007,26.78541805900005],[90.95208493000007,26.77902544400007],[90.99226331100004,26.794863625000062],[91.05278516500005,26.782927322000035],[91.09679815400006,26.821954678000054],[91.14459580700003,26.810979341000063],[91.23555992400009,26.812483779000047],[91.29583700100005,26.787366029000054],[91.33644189000006,26.780441344000053],[91.37501966600007,26.79528700700007],[91.40756251600004,26.840185776000055],[91.46374809300005,26.80258999700004],[91.49509453900004,26.79155232000005],[91.59235566300003,26.805481676000056],[91.62533957200009,26.821082231000048],[91.68973216000006,26.806690139000068],[91.72060704500007,26.81204095100003],[91.82436113300008,26.864503296000066],[91.85919748800006,26.913390219000064],[91.89239792300003,26.92055232000007],[91.96386106500006,26.883922298000073],[91.98277374600008,26.859588736000035],[92.05643146600005,26.847273689000076],[92.10256094600004,26.86745690200007],[92.10126783700008,26.880742740000073],[92.11716218100008,26.89921246800003],[92.11278996000004,26.95090896000005],[92.12134608000008,26.960671981000075],[92.119599,26.972130960000072],[92.105262,26.980378021000035],[92.10338712000004,27.00401499000003],[92.07795204000007,27.01796598100003],[92.08170288000008,27.040574970000023],[92.04470604000005,27.051982020000025],[92.031192,27.08003898100003],[92.02309812000004,27.11020104000005],[92.03596992000007,27.13725504100006],[92.02692708000006,27.16857396100005],[92.056923,27.18828504000004],[92.07183816000008,27.234779041000024],[92.05934616000008,27.252090001000056],[92.03769288000007,27.25848504000004],[92.04674112000004,27.26927397000003],[92.074059,27.27853704000006],[92.08702512000008,27.269422020000036],[92.11952412000005,27.270891001000052],[92.12328396000004,27.286608960000024],[92.06491284000003,27.327294],[92.04768504000003,27.362250991000053],[92.05614684000005,27.39993399000008],[92.03713040300005,27.418333759000063],[92.04224403100005,27.435887628000046],[92.02224886000005,27.447002334000047],[92.01666420200007,27.480615111000077],[91.99456416600003,27.478571730000056],[91.98887592200003,27.46737537000007],[91.96078555000008,27.460113361000026],[91.94348901600006,27.459833204000063],[91.92302778300007,27.474193522000064],[91.87256868500003,27.470376217000023],[91.86215649000007,27.484766844000035],[91.84868229800009,27.486509229000035],[91.82807685600005,27.468139266000037],[91.80569730900004,27.475955999000064],[91.76742280600007,27.464913774000024],[91.76527352200009,27.474213298000052],[91.73015413000007,27.46942671200003],[91.70890438900005,27.476511990000063],[91.71763447800004,27.49812014400004],[91.69452792000004,27.50556798100007],[91.65199400300008,27.48330172900006],[91.64690288000008,27.500595693000037],[91.62354735700006,27.51262103600004],[91.61244343200008,27.543699760000038],[91.59426414700005,27.542269280000028],[91.56572219100008,27.583620221000047],[91.58448492000008,27.608437981000066],[91.56233196000005,27.631447020000053],[91.572849,27.660834],[91.62929446200008,27.70001447900006],[91.62710267000006,27.715666575000057],[91.63763732300004,27.730463454000073],[91.63512757000007,27.746204933000058],[91.64299604700005,27.761111],[91.84766436100006,27.761110694000024],[91.87350328500008,27.721965478000072],[91.90320669000005,27.729227810000054],[91.92439506600005,27.716514477000032],[91.96539853300004,27.739084475000027],[91.98268088800006,27.777340708000054],[92.00301613200008,27.78374927400006],[92.01739208200007,27.776526962000048],[92.05690316700009,27.780001691000052],[92.06255469300004,27.78981333300004],[92.11096530300006,27.803375206000055],[92.14288790300003,27.83503041000006],[92.16440128600004,27.831144523000034],[92.17400832200008,27.847315063000053],[92.18663796400006,27.84690643700003],[92.21349535000007,27.86331202100007],[92.21318112200004,27.87320193100004],[92.24365691800006,27.88816751400003],[92.25606413400004,27.879904760000045],[92.26649897700008,27.88688348900007],[92.29335240800003,27.872482427000023],[92.303027,27.852902],[92.297394,27.833469],[92.316405,27.81699300100007],[92.31908,27.797418],[92.364847,27.8046],[92.407798,27.82079500100008],[92.423851,27.834877001000052],[92.426809,27.803474],[92.455818,27.79333500100006],[92.477645,27.834314001000052],[92.500317,27.851212],[92.511724,27.84741],[92.527073,27.85388800100003],[92.532706,27.865998001000037],[92.580304,27.88163],[92.594668,27.910357],[92.606919,27.916835],[92.646349,27.912610001000075],[92.676766,27.949083],[92.72957400100006,27.978233001000035],[92.732391,27.985697],[92.720855,27.999410001000058],[92.736325,28.037778],[92.731518,28.054471],[92.701802,28.068193001000054],[92.668328,28.068106],[92.656442,28.07999200100005],[92.67733,28.150960001000044],[92.691664,28.150173],[92.71724609400007,28.167669372000034],[92.73904343900006,28.15372374100008],[92.74924785900004,28.162373118000062],[92.76299571400006,28.16066641100008],[92.77357177900006,28.169310589000077],[92.77068059600003,28.178432498000063],[92.784394,28.18670600100006],[92.832726,28.175169],[92.882893,28.201564001000065],[92.921611,28.200690001000055],[92.935857,28.21703300100006],[92.928253,28.225598],[92.932273,28.248759001000053],[92.946869,28.261607],[92.991267,28.273143],[93.00228,28.29446900100004],[93.050611,28.31055],[93.060225,28.304607],[93.07709300100004,28.32497100100005],[93.14915321800004,28.366877346000024],[93.14591597500004,28.37951991400007],[93.16749815200006,28.414122183000075],[93.16819661300008,28.454792089000023],[93.19239160700005,28.49403817900003],[93.20176528600007,28.494516275000024],[93.25103939400003,28.545398797000075],[93.37059743800006,28.599726831000055],[93.42563159700006,28.661985712000046],[93.48042437300006,28.67401848700007],[93.51124979800005,28.667373476000023],[93.62284377500004,28.685467998000036],[93.637254,28.65453000100007],[93.688514,28.678325001000076],[93.712243,28.664707001000068],[93.784275,28.713301],[93.789848,28.737021001000073],[93.84114700100008,28.748739001000047],[93.859867,28.742308001000026],[93.896591,28.757455],[93.914596,28.741022001000033],[93.919311,28.746452],[93.912166,28.773174],[93.974898,28.821472],[93.987044,28.808326],[93.988044,28.795037001000026],[94.019745,28.793489],[94.018584,28.828327001000048],[94.028261,28.852809],[94.058163,28.85871200100007],[94.059228,28.87497],[94.078678,28.882711],[94.131708,28.888905],[94.1619,28.90448500100007],[94.174771,28.911839],[94.166448,28.923839],[94.178641,28.935935001000075],[94.230994,28.927613001000054],[94.260509,28.931677],[94.274734,28.952483],[94.27396,28.967869],[94.309474,28.993997001000025],[94.341892,29.001932001000057],[94.366375,29.025931],[94.360375,29.034253],[94.32757,29.04054300100006],[94.313345,29.06618700100006],[94.315571,29.07586400100007],[94.276863,29.093863001000045],[94.275992,29.112733],[94.295249,29.13450700100003],[94.293217,29.15231200100004],[94.378907,29.154127],[94.390519,29.18417400100003],[94.448073,29.183376001000056],[94.456855,29.213132001000076],[94.491982,29.207762],[94.510635,29.231204],[94.540972,29.219737],[94.568406,29.241220001000045],[94.571527,29.256243],[94.619065,29.283895],[94.626468,29.295798],[94.697159,29.315394],[94.715521,29.291516],[94.734899,29.286943],[94.751664,29.22968],[94.770752,29.218285001000027],[94.79434,29.217705],[94.803702,29.20841500100005],[94.797388,29.186061],[94.807259,29.16486800100006],[94.847539,29.182577001000027],[94.88419100100003,29.179093],[94.917577,29.157465],[94.964824,29.158844001000034],[94.992331,29.145998],[94.999581,29.132322001000034],[95.021816,29.127475],[95.01103451300008,29.152442420000057],[94.98650295600004,29.173229226000046],[94.994651,29.173582001000057],[95.042117,29.15068700100005],[95.097212,29.142038],[95.101003,29.128293],[95.119368,29.112416],[95.100885,29.101397],[95.103847,29.096066001000054],[95.13015,29.09808],[95.13595700100007,29.088483001000043],[95.211549,29.107559],[95.230389,29.103649001000065],[95.23655,29.085757],[95.258825,29.08030700100005],[95.262616,29.06834],[95.271384,29.073198],[95.271858,29.103175],[95.282996,29.109928],[95.277545,29.11609],[95.299347,29.136469],[95.37885000100005,29.136824001000036],[95.397333,29.124857],[95.412736,29.125924001000044],[95.409419,29.144289],[95.419016,29.180664001000025],[95.433945,29.192749],[95.45385,29.176398],[95.448756,29.160758],[95.457879,29.136824001000036],[95.480509,29.14109],[95.503614,29.12604200100003],[95.515344,29.143222001000026],[95.502074,29.192157],[95.529088,29.189194],[95.54874975800004,29.19688397300007],[95.57382683100008,29.179853086000037],[95.595676,29.18801],[95.603496,29.19583],[95.59461,29.20673],[95.596269,29.223792],[95.605629,29.235996],[95.648046,29.21040300100003],[95.66416,29.223555],[95.698284,29.224740001000043],[95.708829,29.20400500100004],[95.743189,29.225688],[95.730275,29.239669],[95.752431,29.276162001000046],[95.737147,29.297963],[95.757408,29.322608],[95.77683900100004,29.322964],[95.812326,29.34753],[95.838883,29.353088],[95.841083,29.321233001000053],[95.877492,29.314569],[95.892604,29.331228],[95.938816,29.348921001000065],[95.941527,29.3658],[95.965675,29.375780001000066],[95.980953,29.361981],[95.994629,29.368634],[96.016531,29.362545],[96.053699,29.382748],[96.136324,29.34558],[96.15231031800005,29.29635786500006],[96.17032940700005,29.294952224000042],[96.19509426100007,29.26562393000006],[96.21502539800008,29.265676545000076],[96.22530207200003,29.256155911000064],[96.26436636100004,29.24600963300003],[96.26025350700007,29.217342358000053],[96.28683290600009,29.209023479000052],[96.28438127100009,29.202574167000023],[96.30280976100005,29.192280071000027],[96.29850684000007,29.151878127000032],[96.28782298700008,29.132101248000026],[96.24925342700004,29.111791508000067],[96.21287243700004,29.113513002000047],[96.19961729300007,29.098763919000078],[96.21497838700009,29.06932095700006],[96.18482629900006,29.04560555300003],[96.18681774100008,29.03730968900004],[96.20690982500008,29.032565464000072],[96.21242233400005,29.048047016000055],[96.23702225100004,29.067077668000024],[96.24436274000004,29.08735400200004],[96.25690025500006,29.083039014000065],[96.27399434400007,29.098036645000036],[96.29900409900006,29.098821844000042],[96.30841001500005,29.114561970000068],[96.33020086900007,29.113145902000042],[96.35085934600005,29.081379706000064],[96.36603110800007,29.081482470000026],[96.36401580200004,29.042266661000042],[96.41448848900006,29.02381532800007],[96.44410350900006,28.99510445900006],[96.43593519600006,28.970601345000034],[96.44848715500007,28.940254063000054],[96.46695466400007,28.933006082000077],[96.50341202600003,28.948591882000073],[96.52169447700004,28.938938956000072],[96.52864397300004,28.917127175000076],[96.51669152300008,28.907707149000032],[96.52658729100006,28.880585823000047],[96.52283977100006,28.86207670500005],[96.55025486100004,28.849534540000036],[96.57154155200004,28.822643292000066],[96.58888945900009,28.819478808000042],[96.57327636300005,28.783491307000077],[96.60281780700006,28.78088834500005],[96.60263123100003,28.759303492000072],[96.61535886600007,28.740577905000066],[96.63180951800007,28.73370733300004],[96.62862376500004,28.70479920300005],[96.64675204100007,28.69142816300007],[96.64112553400008,28.679902765000065],[96.60296776900003,28.673436564000042],[96.57690346700008,28.683313050000038],[96.56266121500005,28.69777526300004],[96.55577753900008,28.68588506100008],[96.54472497900008,28.687396764000027],[96.53748955100008,28.677618190000032],[96.54377382300004,28.65103389500007],[96.52567750800006,28.643284838000056],[96.52802414600006,28.61956775400006],[96.51021516300005,28.60985613300005],[96.51781395500007,28.593631034000055],[96.51403104500008,28.582337403000054],[96.49006027500008,28.58423063400005],[96.47540895400005,28.57333926700005],[96.48177866600008,28.558987959000035],[96.46227778700006,28.545465764000028],[96.46562781100005,28.522886251000045],[96.43859811000004,28.517712610000046],[96.40918320900005,28.524471047000077],[96.40645336900008,28.505854386000067],[96.43058630800004,28.510683236000034],[96.45566557400008,28.486041121000028],[96.47448057200006,28.495633369000075],[96.48982811200005,28.46146023400007],[96.49194051700005,28.43077605900004],[96.49810578900008,28.42899383200006],[96.51194505100005,28.45346448300006],[96.50573406000007,28.48754874100007],[96.49756946000008,28.495008606000056],[96.50790469300006,28.520293972000047],[96.49314397700005,28.541797246000044],[96.51949858900008,28.556811934000052],[96.55121203200008,28.56180893800007],[96.56064791000006,28.582533502000047],[96.59125768800004,28.59783231800003],[96.61397175500008,28.620385486000032],[96.64759778100006,28.618743178000045],[96.68694619100006,28.589768968000044],[96.71188336700004,28.611443849000068],[96.72244736100004,28.578770165000037],[96.74969665900005,28.568506787000047],[96.76201648900008,28.55314302100004],[96.75089625500004,28.541699425000047],[96.76004121900007,28.51940910500008],[96.80058595400004,28.50394576900004],[96.82096490700008,28.50472473700006],[96.86061133600003,28.48304571700004],[96.86195851200006,28.45297101600005],[96.89344742200007,28.418109800000025],[96.88361822800005,28.403252288000033],[96.88781688700004,28.387294402000066],[96.92236637300005,28.36430618000003],[96.92512187800008,28.35261858100006],[97.00058185900008,28.325061419000065],[97.02537295300004,28.330334136000033],[97.07781486500005,28.37082144200008],[97.12642688500006,28.361892004000026],[97.16693244900006,28.329392761000065],[97.17950154700009,28.332813524000073],[97.20547210900008,28.303090290000057],[97.23720902900004,28.294226810000055],[97.24257606200007,28.265826278000077],[97.26441128000005,28.265117822000036],[97.26995998200005,28.24508085700006],[97.28095106800004,28.245520787000032],[97.28441290500007,28.231426843000065],[97.29811319500004,28.23340124300006],[97.36007440300006,28.20480506800004],[97.35360260900006,28.17669533700007],[97.35870632100006,28.163196234000054],[97.32510448300008,28.13842737400006],[97.32910583600005,28.127141531000063],[97.32266648200005,28.11301755200003],[97.33201340200009,28.105763765000063],[97.32381785500007,28.10257587700005],[97.32712228900004,28.08426571700005],[97.31226575000005,28.06206809500003],[97.33801795600004,28.058424824000042],[97.35448816800005,28.066836059000025],[97.37755703300007,28.022555966000027],[97.39535870500004,28.01174180000004],[97.38455419600007,28.000041398000064],[97.38389546000008,27.98607084400004],[97.36750815100004,27.97709428400003],[97.36314760700009,27.965320817000077],[97.37710134800005,27.949768212000038],[97.36692674500006,27.936541230000046],[97.37913626700004,27.89206368600003],[97.36619998800006,27.87723783900003],[97.36024057800006,27.873167998000042],[97.34250770100005,27.885522871000035],[97.31910611800004,27.888575252000066],[97.30664518900005,27.913440098000024],[97.29810330500004,27.916077355000027],[97.24747647300006,27.900083961000064],[97.22599583800007,27.873629513000026],[97.18192742300005,27.840768945000036],[97.18478400200007,27.832082245000038],[97.16515097000007,27.828196537000053],[97.16457682200007,27.814772257000072],[97.11325999900004,27.785314284000037],[97.09709852400005,27.765698706000023],[97.08772925400007,27.734184302000074],[97.06151666500006,27.748625034000042],[97.04753802000005,27.739300468000067],[97.03154292100004,27.74948657500005],[96.98540899500006,27.68586824700003],[96.98302330500007,27.666495058000066],[96.93511696400009,27.66165912500003],[96.92139809000008,27.632923721000054],[96.90353920700005,27.61384974400005],[96.89287647800006,27.615910867000025],[96.88981200500007,27.605873904000077],[96.89021073100008,27.57938186000007],[96.90837267100005,27.579384395000034],[96.90668564200007,27.544315204000043],[96.91957413000006,27.53668133700006],[96.93534055800006,27.50831100700003],[96.92601976400005,27.507973337000067],[96.91046729500005,27.486679989000038],[96.90338067900007,27.452783631000045],[96.93235317000006,27.431350941000062],[96.93473643700008,27.41532585500005],[96.96237739300005,27.401618291000034],[96.96762186200004,27.381182328000023],[96.96209540600006,27.372932847000072],[96.98100106700008,27.345833035000055],[96.99024188400006,27.34406260800006],[96.99841325400007,27.318788709000046],[97.02809067200008,27.30848420500007],[97.04054654700008,27.28221165900004],[97.05471615200008,27.275189227000055],[97.05490456300004,27.265365850000023],[97.08822169200005,27.238837072000024],[97.09049570600007,27.21356266600003],[97.12187527300006,27.190377480000052],[97.12455194500006,27.174702239000055],[97.14696447400007,27.165316783000037],[97.15101693300005,27.149341082000035],[97.16356689600008,27.14218257300007],[97.16159109200004,27.123234327000034],[97.14954961500007,27.11761752600006],[97.13821021200005,27.091486874000054],[97.10042551500004,27.108965514000033],[97.09681444700004,27.096755719000043],[97.07659159900004,27.099202757000057],[97.07090460700005,27.089831115000038],[97.06344080800005,27.091770747000055],[97.03386361400004,27.118498036000062],[97.03055997500007,27.13137116100006],[96.99287127300005,27.140227512000024],[96.98415817800009,27.15436664500004],[96.90133518300007,27.168556628000033],[96.86766541600008,27.184722442000066],[96.85677954600004,27.19247377100004],[96.85468092400004,27.21077993700004],[96.88560906800006,27.226930691000064],[96.88427232300006,27.26018752500005],[96.86283016800007,27.259663079000063],[96.84687782700007,27.271643236000045],[96.84807042100005,27.290384778000032],[96.82215907600005,27.309132456000043],[96.79673918700007,27.345819246000076],[96.76681921100004,27.357351770000037],[96.75131887900005,27.35264251500007],[96.70421722000003,27.372258742000042],[96.69768535200006,27.357702826000036],[96.60565245400005,27.365828888000067],[96.59115706700004,27.347965445000057],[96.59615071300004,27.333571514000027],[96.55089638800007,27.318296744000065],[96.52362776300004,27.286293487000023],[96.50758151300005,27.299008702000037],[96.44064730800005,27.306334967000055],[96.42139181400006,27.301438631000053],[96.40770666400005,27.28775320400007],[96.40255279200005,27.293243595000035],[96.38623735900006,27.284741540000027],[96.35223924000007,27.294888640000067],[96.34019911600006,27.28486705100005],[96.30744643800006,27.294218568000076],[96.27419672800005,27.283387997000034],[96.27144964700005,27.271395006000034],[96.22858935200009,27.27880082200005],[96.20947635700009,27.261361373000057],[96.19390941200004,27.261496217000058],[96.18530990900007,27.249169564000056],[96.15510488200005,27.248412100000053],[96.08991019900009,27.223237065000035],[96.07716792100007,27.208205908000025],[96.02263678700007,27.179952335000053],[96.01014823400004,27.14231909700004],[95.96740113700008,27.098469933000047],[95.94573464500007,27.05138822300006],[95.90402032600008,27.03906710700005],[95.87021788900006,27.013119112000027],[95.84262872300008,27.01424576900007],[95.83097566100008,27.007488202000047],[95.80225633400005,27.015073313000073],[95.78118987000005,26.977690325000026],[95.76840937500003,26.976977823000027],[95.75523562900008,26.953950147000057],[95.75982421100008,26.93669826400003],[95.74793515200008,26.92613423800003],[95.74496625800003,26.896256383000036],[95.72305902800008,26.88147771000007],[95.70579864700005,26.880555342000036],[95.66722369000007,26.90290870800004],[95.64393916400007,26.876071515000035],[95.63153701600004,26.873745692000057],[95.62660267200005,26.842799953000053],[95.60800371700003,26.81319194400004],[95.56962024800004,26.81633703600005],[95.55655813500005,26.83263200300007],[95.54317248100006,26.83543677700004],[95.52464955800008,26.822662482000055],[95.52237557300003,26.813535330000036],[95.50647870600005,26.808094046000065],[95.48236090100005,26.746451980000074],[95.45929117600008,26.742859776000046],[95.43224585000007,26.715231578000044],[95.43058529200005,26.700023479000038],[95.37403263900006,26.684014950000062],[95.36022709300005,26.670932266000023],[95.33513305800005,26.673635627000067],[95.30339233400008,26.650843802000054],[95.25957412600008,26.655351561000032],[95.25734240700007,26.676131544000043],[95.24923954000008,26.683894959000042],[95.23391968200008,26.68245857000005],[95.20845447100004,26.647811343000058],[95.18103530200005,26.64297519200005],[95.16657459900006,26.63412278800007],[95.16346979600007,26.62154486700007],[95.14910719700003,26.616014375000077],[95.14669364900004,26.593230435000066],[95.15427184300006,26.582821366000076],[95.13929304600003,26.556116084000053],[95.12530387000004,26.55770313900007],[95.10721692000004,26.54147550400006],[95.11410003500004,26.51835988600004],[95.07294557100005,26.472541697000054],[95.06174856200005,26.44951591800003],[95.06608427100008,26.44155383100008],[95.08443803400007,26.447317388000045],[95.10399892300006,26.420552530000066],[95.09979659400005,26.39401941500006],[95.12528425700003,26.388020350000033],[95.13219898200003,26.377741581000066],[95.12108987100004,26.34958147800006],[95.12823928300008,26.339580553000076],[95.12230654600006,26.30720337200006],[95.12824764600003,26.29318352400003],[95.11941315700005,26.26486725500007],[95.12723099300007,26.253723496000077],[95.11445564900004,26.232724808000057],[95.14253367500004,26.211553251000055],[95.12191156000006,26.184922873000062],[95.12655740300005,26.17807340400003],[95.11711867600008,26.15869840000005],[95.12636044300007,26.129211498000075],[95.11558724200006,26.112877342000047],[95.11774097800009,26.101248414000054],[95.15056784900008,26.08661601600005],[95.16470153000006,26.09253972700003],[95.18568340300004,26.073299559000077],[95.16398585500008,26.04879692700007],[95.15886509600006,26.024818327000048],[95.12576825300005,25.986202277000075],[95.11674985900004,25.985027788000025],[95.08924516600007,25.95055731900004],[95.05823555500007,25.940558358000033],[95.04382095100004,25.92692511300004],[95.03098874900007,25.931326010000078],[95.02843907900007,25.91396545500004],[95.01159345900004,25.897953100000052],[95.01902201200005,25.88099641200006],[95.00885122900007,25.866905071000076],[95.02933243100006,25.840266480000025],[95.03292913200005,25.814345006000053],[95.04976397000007,25.80091507800006],[95.04395560000006,25.77369909600003],[95.04867076100004,25.759796779000055],[95.04045723300004,25.741718667000043],[95.00337147900007,25.728597842000056],[94.97023248400006,25.68856154300005],[94.93548290000007,25.666830455000024],[94.92256525100004,25.645373637000034],[94.91483458000005,25.60745016900006],[94.88185007500005,25.590757275000044],[94.89823108200005,25.565570274000038],[94.84564451300008,25.56132522400003],[94.82527014900006,25.542406138000047],[94.82484471400005,25.523804356000028],[94.81197932000003,25.511546002000046],[94.80785056400003,25.49389040500006],[94.78895355700007,25.489533739000024],[94.78383434500006,25.48064382900003],[94.76196405800005,25.482074229000034],[94.75173904700006,25.493772662000026],[94.74416377500006,25.481242061000046],[94.71808284500008,25.469163193000043],[94.68342586100005,25.466157673000055],[94.67123982600003,25.44226846300006],[94.67042032600006,25.418725447000043],[94.66012049900007,25.40552260100003],[94.63474079500008,25.395189526000024],[94.63437322700008,25.355691921000073],[94.62235306300005,25.345824738000033],[94.58511962100005,25.266754443000025],[94.58577782000003,25.22910313700004],[94.57563994500003,25.213862879000033],[94.60598369700006,25.181372862000046],[94.62002676500003,25.186824339000054],[94.64006269500004,25.16609660200004],[94.66419298600005,25.16275827900006],[94.68014113300006,25.148907636000047],[94.68947069700005,25.157611969000072],[94.69745102300004,25.15494099400007],[94.70238183500004,25.14551947800004],[94.73647672100003,25.135052565000024],[94.74094483300007,25.12657570400006],[94.73632009800008,25.110133484000073],[94.74467192900005,25.080128073000026],[94.73769370400004,25.065592308000078],[94.74461135000007,25.060085205000064],[94.74408123000006,25.03700764100006],[94.72697021300007,25.00003900400003],[94.70711728200007,24.987118802000055],[94.69634850000006,24.96826069900004],[94.71360261100006,24.935002558000065],[94.70179475300006,24.929577694000045],[94.68764498300004,24.889338432000045],[94.65692905900005,24.871313162000035],[94.63224271200005,24.839631067000028],[94.62961372700005,24.80535033600006],[94.61790237400004,24.780570648000037],[94.62911273100008,24.757130029000052],[94.61241431000008,24.74072299200003],[94.60499971600007,24.712627368000028],[94.58554420900003,24.70594172400007],[94.57764543400003,24.711239730000045],[94.57973243900005,24.72488965900004],[94.56816322500003,24.705926593000072],[94.55880190100004,24.713305099000024],[94.54187205800008,24.70435850900003],[94.54826896200007,24.683822887000076],[94.53991036100007,24.644312702000036],[94.50862226400005,24.593900449000046],[94.46794827900004,24.571688510000058],[94.45648102800004,24.573120346000053],[94.42575021600004,24.481315477000066],[94.39822657300004,24.482340220000026],[94.39707145800008,24.454365573000075],[94.40849100800006,24.439883610000038],[94.39502271200007,24.40959404000006],[94.36085567600009,24.394423544000063],[94.37845611000006,24.37973377800006],[94.34993069300003,24.33441255500003],[94.32195413700003,24.328911100000028],[94.32191793200008,24.27721962000004],[94.30329452700005,24.235534748000077],[94.29234423700007,24.23397024800005],[94.27638399000006,24.173277765000023],[94.25991113800006,24.165469452000025],[94.25160153700006,24.126415763000068],[94.25450976800005,24.082472391000067],[94.23916907600005,24.052066747000026],[94.22770050700007,24.056688197000028],[94.23736572400009,24.035416405000035],[94.20187657000008,23.982562744000063],[94.18993157600005,23.933472707000078],[94.16960480500006,23.92867751700004],[94.15658726800007,23.847907993000035],[94.14558045500007,23.849710020000032],[94.14375621000005,23.835236833000067],[94.12606123300009,23.83347797400006],[94.11345853700004,23.843331858000056],[94.11308368900006,23.86297376600004],[94.09606395700007,23.88918801400007],[94.08169005400003,23.88211553700006],[94.06814687800005,23.889973748000045],[94.04902576200004,23.887240167000073],[94.04048803200004,23.91073342100003],[94.01673290500008,23.926910951000025],[93.99815764300007,23.921787350000045],[93.98866742700005,23.92864044600003],[93.96036471800005,23.928407952000043],[93.94408637700008,23.94625001000003],[93.93010819200003,23.95003953300005],[93.89338235100007,23.952934666000033],[93.85913248700007,23.93210180400007],[93.80776267500005,23.92676020300007],[93.79786369300007,23.947347405000073],[93.77196655400007,23.96902017900004],[93.75430185200008,24.005539799000076],[93.72332489900003,23.997537462000025],[93.69043256200007,24.009097621000024],[93.65642432500005,24.002006549000043],[93.65235690500003,24.009705723000025],[93.62375862200008,24.011372566000034],[93.61198126300008,23.997176482000043],[93.60852581100005,23.971912549000024],[93.59924092200004,23.97264916900008],[93.59185325600004,23.96069216500007],[93.55954430800006,23.982026521000023],[93.55033922800004,23.959547780000037],[93.52498339600004,23.956073914000058],[93.51499153200007,23.942834056000038],[93.50511773500006,23.94249383500005],[93.46335653100004,23.973610938000036],[93.46133627600005,23.998260753000068],[93.45268026000008,23.999590193000074],[93.45245495400007,24.01408613700005],[93.43313657200008,24.024325530000056],[93.41395397000008,24.074131132000048],[93.39856053300008,24.085391317000074],[93.35794214800006,24.09126162700005],[93.34869904000004,24.10498611400004],[93.34283103700005,24.097420869000075],[93.35393245800003,24.090607463000026],[93.33534533500006,24.090275422000047],[93.32846535900006,24.081022520000033],[93.33838218400007,24.06205074500008],[93.32597594300006,24.046465690000048],[93.33788530800007,24.040360097000075],[93.32595546600004,24.02975138100004],[93.33891571600003,24.021944250000047],[93.32977694600004,24.020720320000066],[93.33724925400008,23.989679571000067],[93.32870989000008,23.985032569000055],[93.35128434200004,23.961379933000046],[93.35137833300007,23.941458030000035],[93.36122796900008,23.94471068000007],[93.36936404700003,23.929914024000027],[93.38108574500006,23.934626722000075],[93.39515867700004,23.923936394000066],[93.38490322600006,23.848234836000074],[93.39027786800006,23.817721950000077],[93.40426545800005,23.80675693200004],[93.39176069400008,23.75618526900007],[93.41087750400004,23.729315315000065],[93.40728394000007,23.707161919000043],[93.43768739600006,23.68680691800006],[93.41588974100006,23.64701298400007],[93.42799493500007,23.58821520400005],[93.42168303000005,23.571141503000035],[93.40972234900005,23.56432948400004],[93.41827734200007,23.540116897000075],[93.39482188100004,23.503758179000044],[93.39246915100006,23.47869686100006],[93.39910334500007,23.472020258000043],[93.39456918000008,23.447946692000073],[93.38765942200007,23.44554391300005],[93.38810190700008,23.420479345000047],[93.40143293900007,23.384218932000067],[93.38635857700007,23.374359941000023],[93.38769315600007,23.359462565000058],[93.35537106100008,23.35260581600005],[93.37248727100007,23.329387428000075],[93.36640127500004,23.321462862000033],[93.37114383500005,23.31362336500007],[93.36327399700008,23.31290616600006],[93.37133045900003,23.309387538000067],[93.36463453600004,23.305938283000046],[93.36964104100008,23.28712716800004],[93.36209838700006,23.27993040000007],[93.38797556200007,23.216466747000027],[93.37474764300003,23.204546164000078],[93.38041158200008,23.18694170400005],[93.36811752100004,23.175373612000044],[93.36752973600005,23.144236669000065],[93.38556078100004,23.144517844000063],[93.38530227900009,23.134666222000078],[93.35532389200006,23.116608081000038],[93.35344980800005,23.096747909000044],[93.34413504300005,23.092593627000042],[93.33853699500008,23.07417083000007],[93.35139146200004,23.070508951000022],[93.33995705100006,23.067584513000043],[93.34299261200005,23.058775964000063],[93.33410434500007,23.05948088300005],[93.31315319400005,23.019112740000025],[93.30527495200005,23.020729346000053],[93.29362002300007,23.006661672000064],[93.22877069500004,23.01155790100006],[93.22921296200008,23.019891767000047],[93.21479755200005,23.026921682000022],[93.20993053800004,23.047923560000072],[93.18785757800003,23.052254789000074],[93.18463149900003,23.059487039000032],[93.15519961600006,23.043454189000045],[93.15123922800007,23.054043989000036],[93.14050914100005,23.053286309000043],[93.13637261500008,23.060757285000022],[93.13492626000004,23.04820434000004],[93.12650077500007,23.044013930000062],[93.11974023900007,23.00237148700006],[93.14034548200004,22.989659653000047],[93.13773455500007,22.951018114000078],[93.14770661000006,22.92569602100008],[93.16418540700005,22.911484248000022],[93.13968314200008,22.914229086000034],[93.13100372200006,22.906968689000053],[93.13386120100006,22.892170081000074],[93.11708128100008,22.863793196000074],[93.11767182300008,22.84250875200007],[93.10308954600004,22.82405150200003],[93.11033740600004,22.818930367000064],[93.09420983500007,22.80620829700007],[93.10713543300005,22.75094016500003],[93.09090132900008,22.704757932000064],[93.10200533700004,22.683090286000038],[93.09449144900003,22.680639032000045],[93.09544565800007,22.67228697400003],[93.10962547000008,22.655844803000036],[93.10769226600007,22.63693549800007],[93.12831084100009,22.623964958000045],[93.14015578300007,22.592715179000038],[93.11186030400006,22.557766541000035],[93.10641475800008,22.52688795100005],[93.12835422800003,22.52364390200006],[93.12373873600006,22.508495322000044],[93.13485540500005,22.492102050000028],[93.13117338400008,22.46787374300004],[93.13887293600004,22.454220441000075],[93.16317234000007,22.45118455200003],[93.18522542600004,22.427690126000073],[93.18572883200005,22.339879797000037],[93.19656376400008,22.328971774000024],[93.18907637900008,22.32313788600004],[93.19573858800004,22.314404316000036],[93.18978947100004,22.300495887000068],[93.19923872000004,22.294076889000053],[93.19372770300004,22.28824006900004],[93.20204103400005,22.26413440600004],[93.17711902400004,22.245998625000027],[93.14173988100003,22.245657640000047],[93.14829046900007,22.211754100000064],[93.16121254400008,22.196513522000032],[93.15069134100008,22.176314817000048],[93.12364429300004,22.174011715000063],[93.11089999500007,22.20430841700005],[93.08849637100008,22.196820435000063],[93.06266720000008,22.20775306200005],[93.03775719800007,22.195408832000055],[93.04883370800007,22.169394607000072],[93.03664211100005,22.144838158000027],[93.05668555700004,22.12202491000005],[93.05917615200008,22.10122813600003],[93.00453860400006,22.104735953000045],[93.01190642400007,22.088861721000058],[92.99410298100008,22.04219604000008],[93.00441728100003,22.017066159000024],[93.00508783400005,21.98715812000006],[92.99718997700006,21.978781871000024],[92.98142270200003,21.980749373000037],[92.97797017600004,21.998245342000075],[92.95123519300006,22.03001828300006],[92.93979442700004,22.014079711000022],[92.92663699300005,22.01540300100004],[92.93502072600006,22.006081961000064],[92.91549523900005,21.979815448000068],[92.90620677000004,21.94142130800003],[92.89126182100006,22.011464810000064],[92.86413814800005,22.02501953700005],[92.86253176200006,22.062930488000063],[92.85199715800007,22.06674465800006],[92.84085588000005,22.05949045600005],[92.83647961300005,22.072173992000046],[92.81834212800004,22.07521834100004],[92.81002481100006,22.096268783000028],[92.79781628100005,22.09394394700007],[92.79008729100008,22.105409431000055],[92.77101623700008,22.10948387800005],[92.76000252300008,22.12581203800005],[92.73509155600004,22.134240068000054],[92.72701841000008,22.149098501000026],[92.69954201400003,22.155041426000025],[92.69154646500004,22.13409740000003],[92.69029978600008,22.072288737000065],[92.68776723000008,22.103839907000065],[92.68155487900003,22.103465071000073],[92.68538946300004,22.041736153000045],[92.67963540400007,22.011523013000044],[92.65179312800007,22.016342318000056],[92.63463420500005,21.983543630000042],[92.60254291500007,21.97812090900004],[92.61269760300007,21.991364824000073],[92.59797534000006,22.008832012000028],[92.60015164600009,22.02858154100005],[92.59256966300006,22.037892063000072],[92.60251947600005,22.061962920000042],[92.59227130200009,22.064966250000055],[92.57501914200003,22.115733377000026],[92.56220777800007,22.12784769600006],[92.57985936000006,22.143012862000035],[92.59201530100006,22.139180665000026],[92.59336889400004,22.126005731000078],[92.60620574600006,22.123784835000038],[92.60940805600006,22.164340881000044],[92.60741408000007,22.17206321200007],[92.59484016600004,22.174612832000037],[92.58128199700008,22.322106102000077],[92.55934097100004,22.38203270200006],[92.55986018500005,22.402107202000025],[92.55210503000006,22.409003893000033],[92.55055067600006,22.423717886000077],[92.55672356400004,22.424492042000054],[92.54318343700004,22.490681766000023],[92.55021610800009,22.497141791000047],[92.54280510200005,22.498990845000037],[92.55140876600007,22.51336266800007],[92.54382055500008,22.51340643800006],[92.53992005600008,22.541025146000038],[92.52183973200005,22.560211021000043],[92.52731597500008,22.57319308700005],[92.53832581700004,22.575427631000025],[92.53291783500003,22.587666124000066],[92.53938229800008,22.589285612000026],[92.52735258000007,22.62100682700003],[92.53238760000005,22.633069695000074],[92.52479147000008,22.640055244000052],[92.52888085900008,22.664660386000037],[92.51368086200006,22.70827590700003],[92.51681699200003,22.72225762000005],[92.50544931500008,22.73920105800005],[92.47412736900009,22.74673604000003],[92.47919180200006,22.752905179000038],[92.46913382100007,22.782650819000025],[92.47199631200004,22.796420761000036],[92.45439779500003,22.819092124000065],[92.46202,22.830838802000073],[92.45280553700007,22.842753953000056],[92.46370941800006,22.842040114000042],[92.45654488500008,22.851306172000022],[92.46451489000003,22.85427930800006],[92.45205020200007,22.862790166000025],[92.46031883000006,22.870944579000025],[92.44778858700005,22.877024101000075],[92.44983611400005,22.89387901200007],[92.43418164000008,22.885416459000055],[92.42029489800007,22.918911998000056],[92.40059911700007,22.911867737000023],[92.39684191600008,22.930320531000064],[92.37637035400007,22.929277660000025],[92.37141616400004,22.93624985300005],[92.37807627600006,22.953060746000062],[92.37425010200008,22.97118510000007],[92.38500764600008,22.986204260000022],[92.38220312500005,23.033152777000055],[92.39237418400006,23.056404219000058],[92.37995368000009,23.086617985000032],[92.35816538500006,23.103213821000054],[92.36806224000009,23.127338859000076],[92.35682239900007,23.134302998000067],[92.36469199100009,23.156658669000024],[92.35444672700004,23.178998120000074],[92.36135740400005,23.18238436400003],[92.35375092600003,23.184573589000024],[92.35398471400003,23.221584222000047],[92.34651589700007,23.23646578900008],[92.40419903300005,23.240833360000067],[92.38096278200004,23.285220414000037],[92.38584163100006,23.306092654000054],[92.36432800100005,23.322965013000044],[92.38056927600007,23.35142087500003],[92.37895373700007,23.361857486000076],[92.37068502100004,23.373553533000063],[92.36396639500003,23.366074250000054],[92.35654522900006,23.372040494000032],[92.36495549900008,23.37985337500004],[92.35260337900007,23.381172568000068],[92.35735587600004,23.410562723000055],[92.34753239400004,23.41311468200007],[92.34631650500006,23.433222456000067],[92.33388145400005,23.428539277000027],[92.32694556400008,23.44882196700007],[92.33311169400008,23.456059940000046],[92.32533130400003,23.459331296000073],[92.33171649600007,23.466379218000043],[92.31687929600008,23.471645632000047],[92.32608392600008,23.478806381000027],[92.31594190700008,23.48678099600005],[92.32192289900007,23.49085926400005],[92.31337064900003,23.516053146000047],[92.31769477100005,23.52638379600006],[92.30622354600007,23.535040680000066],[92.31342652200004,23.555867376000037],[92.30817895500007,23.578032036000025],[92.30135312900006,23.592881744000067],[92.29669797300005,23.58808594900006],[92.28715924200009,23.596112498000025],[92.28745856300009,23.616875853000067],[92.29616759700008,23.621447922000073],[92.28313359900005,23.630425226000057],[92.27857920400004,23.624875583000062],[92.28207017900007,23.63848944500006],[92.27296827400005,23.642206633000058],[92.29126532300006,23.681457850000072],[92.27997442200007,23.71938024800005],[92.25746658100007,23.725283486000023],[92.24124947100006,23.720386606000034],[92.23320401400008,23.667464979000044],[92.21468217500006,23.652100954000048],[92.20616774200005,23.672611062000044],[92.21378422600009,23.685245997000038],[92.20296172000008,23.70580152100007],[92.17803466600003,23.707696003000024],[92.17108301700006,23.73914295000003],[92.14828412900005,23.735563891000027],[92.12082997500005,23.692883669000025],[92.10707741100003,23.68934685000005],[92.10022561200003,23.67671086400003],[92.08338731300006,23.67998008400008],[92.07649292500008,23.668166043000042],[92.07934763500003,23.64868535000005],[92.04709199600006,23.64578414600004],[92.00085160600008,23.670697218000043],[91.97812698200005,23.733210834000033],[91.95703390200003,23.734121667000068],[91.94822932600005,23.714211829000078],[91.95803343000006,23.694632786000057],[91.94160933900008,23.693685396000035],[91.93399603400007,23.684657237000067],[91.94662857200007,23.646361634000073],[91.94236116100006,23.633907564000026],[91.95414818900008,23.609559449000074],[91.95675559600005,23.551265193000063],[91.96453242500007,23.535323917000028],[91.95592852500005,23.527133105000075],[91.97094604500006,23.50342749500004],[91.97026695700004,23.478289090000033],[91.95841466500008,23.47947859900006],[91.94712202400007,23.46614085400006],[91.93715907000006,23.466623369000047],[91.94325011600006,23.43544647300007],[91.89957496700004,23.440801564000026],[91.87264055300005,23.413998263000053],[91.84509785400007,23.406255414000043],[91.83772755900009,23.37116164100007],[91.82571451300004,23.36349571200003],[91.82486156000004,23.353879533000054],[91.81260262700005,23.35375437700003],[91.80269229200007,23.334454703000063],[91.79302574200005,23.33510909100005],[91.76200484200007,23.300122160000058],[91.76121508400007,23.277103600000032],[91.77700643400004,23.269293013000038],[91.77613629400008,23.24327415700003],[91.78332716700004,23.24321268700004],[91.79116505100006,23.22692458000006],[91.78899830300008,23.204305714000043],[91.81001433300008,23.165343205000056],[91.80617552900009,23.15753667000007],[91.81405730400007,23.14597665100007],[91.80826705200008,23.135394059000078],[91.81457450000005,23.133805060000043],[91.81109113700006,23.121569176000037],[91.81801089500004,23.11210707200007],[91.81315466400008,23.098569901000076],[91.83565923100008,23.092363774000034],[91.81625650200004,23.082728987000053],[91.81866856200008,23.072585486000037],[91.80629019200006,23.063446873000032],[91.79403198700004,23.062470071000064],[91.78940263600003,23.07184761800005],[91.77433953800005,23.069461209000053],[91.78396511100004,23.03999926800003],[91.78013877200004,23.028998327000068],[91.77412220800005,23.027290681000068],[91.77422937100005,23.038908642000024],[91.76820526900008,23.040895102000036],[91.77179604800006,23.033234599000025],[91.72444747300005,22.99785288000004],[91.72066122200005,22.987613450000026],[91.70989530000008,22.98821014300006],[91.70844270400005,22.981763585000067],[91.69409536300003,22.988349224000046],[91.67899645800009,22.976106994000077],[91.67572790400004,22.982696205000025],[91.65155720700005,22.976477720000048],[91.64533455300005,22.984812189000024],[91.63544622700005,22.961130601000036],[91.62461315600007,22.961984139000037],[91.62557256800005,22.94425431700006],[91.61858158800004,22.937311046000048],[91.61560169500007,22.951696927000057],[91.60010502700004,22.954806200000064],[91.60492966200007,22.96225425700004],[91.61357501200007,22.958388609000053],[91.60589520900004,22.971835958000042],[91.59040853600004,22.977043940000044],[91.57657578100003,22.96518254500006],[91.55727649600004,22.978560508000044],[91.55697304800003,22.99668580200006],[91.54250850100004,22.99967385000008],[91.54817361700003,23.019335217000048],[91.53825612500003,23.019311939000033],[91.55030913800005,23.038487271000065],[91.53020797200008,23.038386925000054],[91.53622658200004,23.054624990000036],[91.52504678700006,23.05541725200004],[91.53525984800007,23.063456451000036],[91.52512457500006,23.082912632000046],[91.52974276800006,23.09175579400005],[91.51889337900008,23.094257588000062],[91.52230131500005,23.104116285000032],[91.51126432700005,23.104355187000067],[91.51225321100009,23.113342057000068],[91.52034912300007,23.11457944500006],[91.51748079000004,23.12555852400004],[91.50312954100008,23.130629449000025],[91.51527606100007,23.144928423000067],[91.49984311800006,23.142000663000033],[91.49482290000003,23.14723867300006],[91.50718156100004,23.154359741000064],[91.49093334400004,23.157764574000055],[91.49819997400004,23.171757657000057],[91.49169495200005,23.177679038000065],[91.50748963200004,23.18379287600004],[91.50105622100006,23.185365542000056],[91.50317201400009,23.19221261200005],[91.48489825900003,23.188321622000046],[91.47076796200008,23.196535021000045],[91.48241038000003,23.19854670600006],[91.48442383400004,23.209322289000056],[91.47536745200006,23.220483949000027],[91.45839380200005,23.213349677000053],[91.45049577500004,23.21929687100004],[91.47028082300005,23.227768152000067],[91.45786318000006,23.246158920000028],[91.44785526000004,23.243851221000057],[91.45417392200005,23.260417708000034],[91.42113813200007,23.26195498000004],[91.41826999500006,23.25562876200007],[91.41952619800009,23.27331189000006],[91.41151586900008,23.284141969000075],[91.41133884100003,23.255728928000053],[91.39751792200008,23.26518203100005],[91.40869549100006,23.247731862000023],[91.39243651600003,23.245937756000046],[91.40079365000008,23.22924686400006],[91.38644375000007,23.227667303000032],[91.39210256800004,23.220178755000063],[91.38071934800007,23.208565331000045],[91.38770016400008,23.208005503000038],[91.37988733000003,23.184588060000067],[91.40339618600007,23.11385571200003],[91.40022584000008,23.096539766000035],[91.40600842500004,23.097024571000077],[91.40807203700007,23.08354524600003],[91.41723918400004,23.082604341000035],[91.41083804400006,23.066289665000056],[91.41723718900005,23.06465444500003],[91.39584414700005,23.056202330000076],[91.36974623900005,23.070501225000044],[91.34695723700008,23.102435425000067],[91.34757925400004,23.118887892000032],[91.34173480200008,23.11790406500006],[91.33314694400008,23.152988512000036],[91.32338946100003,23.158207751000077],[91.31868953500003,23.245613866000042],[91.32653210100005,23.252462277000063],[91.31802502300008,23.253074655000034],[91.30980710000006,23.276528760000076],[91.31700767100006,23.281953891000057],[91.30023492000004,23.292611588000057],[91.30710897200004,23.29996766200003],[91.31500744200008,23.296837810000056],[91.31314238700008,23.30650380800006],[91.28989335700004,23.318625265000037],[91.29614908300005,23.340782844000046],[91.31081081600007,23.34256819600006],[91.32008820200008,23.360244743000067],[91.29107280300008,23.350677562000044],[91.29479447200004,23.361364293000065],[91.28429614000004,23.371084586000052],[91.29447123900007,23.37559898300003],[91.27972922000004,23.376604732000033],[91.27644042900005,23.414817414000026],[91.26341010700008,23.42382125200004],[91.27062792500004,23.429917688000046],[91.25149677800005,23.452892030000044],[91.24928789400008,23.490278253000042],[91.23632970700004,23.489140786000064],[91.23552225400005,23.501908181000033],[91.21992555500003,23.49841232800003],[91.22355711500006,23.514171660000045],[91.20781262600008,23.51225398400004],[91.20074173200004,23.520218207000028],[91.21292659700003,23.55052976500008],[91.19442231200009,23.547444529000074],[91.18723735100008,23.577613194000037],[91.17515626500006,23.585708073000035],[91.17712134000004,23.593296037000073],[91.16246519100008,23.595082724000065],[91.15964018800008,23.61058891400006],[91.15631873500007,23.670900698000025],[91.19958065000009,23.646522051000034],[91.20840395100004,23.686518110000065],[91.19551302700006,23.692262878000065],[91.15343387300004,23.688765043000046],[91.14970617600005,23.71242604400004],[91.15714019700005,23.742230234000033],[91.16726140100008,23.749763149000046],[91.19666997700006,23.75118731200007],[91.21031866700008,23.749233201000038],[91.21897527900006,23.736579436000056],[91.23067284600006,23.764997358000073],[91.22632831300007,23.79075706100008],[91.23300967500006,23.811107468000046],[91.25414120100004,23.837166197000045],[91.22965082600007,23.88113512900003],[91.22850819400009,23.898648496000078],[91.24630134700004,23.913724456000068],[91.23275406500005,23.92722044800007],[91.27621528800006,23.922664189000045],[91.26423067300004,23.944363103000057],[91.28482450500007,23.982694552000055],[91.28743105900008,23.96813009300007],[91.29978480800008,23.972308920000046],[91.30393450600008,23.99829047000003],[91.314989,23.99050100100004],[91.330191,23.99258700100006],[91.34112000800008,23.982077],[91.36169100100005,23.98628],[91.37930140000003,23.975371623000058],[91.373229,24.002935],[91.39140882500004,24.02674031400005],[91.396535,24.049774],[91.37706899800008,24.08001600600005],[91.37448333500004,24.10754047200004],[91.400232,24.10764],[91.41230518400005,24.11587912300007],[91.44223580200008,24.096756714000037],[91.47447496900008,24.100253518000045],[91.54539243200009,24.07439529100003],[91.57446267700004,24.08011624100004],[91.58611486900008,24.07272385300007],[91.59953657600005,24.085475976000055],[91.59098439600007,24.091344368000023],[91.59573033500004,24.097293929000045],[91.611261,24.091873001000067],[91.63818670500007,24.104203647000077],[91.63451840700009,24.13836211200004],[91.64656534200003,24.156699082000046],[91.64659721600003,24.179338726000026],[91.65561733400006,24.176284301000067],[91.66005699300007,24.189794643000027],[91.647689,24.218768001000058],[91.66587,24.233536],[91.667205,24.211353],[91.688134,24.162177001000032],[91.702022,24.164248],[91.70592,24.154342],[91.72141,24.153125001000035],[91.728512,24.1434],[91.76256404300005,24.141801557000065],[91.74477299600005,24.247415879000073],[91.78918799700006,24.221376374000045],[91.80654826700004,24.220969144000037],[91.816477,24.210090001000026],[91.837832,24.218765001000065],[91.83677827800005,24.22546232700006],[91.85047801500008,24.22375242100003],[91.84562790100006,24.217236897000078],[91.85538630500008,24.21233453800005],[91.84194539700007,24.200544900000068],[91.84528900100008,24.19138500200006],[91.87402499100006,24.173988003000034],[91.88494530900005,24.138710125000046],[91.90157744200008,24.136646037000048],[91.91452208700008,24.15367253900007],[91.91177830200007,24.168211877000033],[91.94049720900006,24.268447937000076],[91.91990751800006,24.33708581600007],[91.95728011200003,24.356627412000023],[91.98160845000007,24.323162233000062],[91.99572208800004,24.32219869000005],[91.99822442600004,24.33483100500007],[91.97839393100008,24.357416646000047],[91.98475010500005,24.361047669000072],[91.96713113800007,24.379052315000024],[91.96969471200003,24.384666097000036],[91.98564593300006,24.37591039800003],[91.98769867500005,24.391112057000043],[91.99666976400005,24.39384110700007],[92.00776595000008,24.381387906000043],[92.01999691800006,24.386708001000045],[92.04394575900005,24.374939905000076],[92.09727103300008,24.37252546800005],[92.10176261900006,24.382786251000027],[92.12192304800004,24.382376648000047],[92.11890689200004,24.390344199000026],[92.13491151200003,24.406824224000047],[92.13663922600006,24.425124873000073],[92.16396380000003,24.418627160000028],[92.16928656300007,24.427995234000036],[92.15344803700003,24.472044794000055],[92.15454270700008,24.52321445800004],[92.16931878700007,24.53189775800007],[92.21235583100008,24.503686410000057],[92.22368369600008,24.517395948000058],[92.25436188600008,24.678084973000068],[92.29640370200008,24.73665300500005],[92.27911425500008,24.74557690300003],[92.29259555300007,24.75665471600007],[92.28527963100004,24.769023894000043],[92.28877851900006,24.788013484000032],[92.27296300300009,24.799520605000055],[92.27303155800007,24.827591014000063],[92.24992303800008,24.830304726000065],[92.25468751600005,24.83857989100005],[92.24141898500005,24.842169175000038],[92.23507426900005,24.861819832000037],[92.24626886600004,24.86757411600007],[92.24812431800007,24.886062137000067],[92.23179514400005,24.900259246000076],[92.24770181300005,24.90897442800008],[92.28076207800007,24.905844553000065],[92.29943972000007,24.915979703000062],[92.33945537800008,24.87829410300003],[92.34683895000006,24.893888856000046],[92.36317847500004,24.872302036000065],[92.37500955500008,24.873657293000065],[92.38446906000007,24.85268003400006],[92.39981651000005,24.848697345000062],[92.40628965600007,24.859347772000035],[92.43864751600006,24.856362584000067],[92.44255919500006,24.870899862000044],[92.47623698800004,24.867963299000053],[92.49797999300006,24.876450844000033],[92.49185056700009,24.87834548400008],[92.49472492800004,24.918368634000046],[92.48427230500005,24.928867843000035],[92.48871096900007,24.948458576000064],[92.44940650500007,24.93987309700003],[92.45124916300006,24.95168020600005],[92.46549495300007,24.95538510600005],[92.46914496800008,24.964049682000052],[92.45694878100005,24.97153660300006],[92.44788049500005,24.964756865000027],[92.41897331400008,24.966542100000026],[92.42270203900006,24.989811572000065],[92.41623197900003,24.99131948200005],[92.42544509900006,25.03030276100003],[92.36936387500003,25.04096660400006],[92.36296793400004,25.050055282000073],[92.33961150400006,25.050237094000067],[92.34745960400005,25.073563625000077],[92.33475039200005,25.07867846000005],[92.31080999900007,25.06943757500005],[92.22735501600005,25.093164494000064],[92.20723871700005,25.111436162000075],[92.20933084600006,25.118593418000046],[92.22066878200008,25.113761245000035],[92.22733595000005,25.11751464500003],[92.19353132400005,25.12643385100006],[92.18846705100003,25.135911736000025],[92.18193575000004,25.119151069000054],[92.17850967300006,25.126351450000072],[92.16457707200004,25.126344264000068],[92.15903397500006,25.132249044000048],[92.16405660000004,25.13604648200004],[92.13409067400005,25.142711509000037],[92.14053334600004,25.154726803000074],[92.13263735000004,25.160112913000034],[92.06169323600005,25.18784878100007],[92.02541830300004,25.17934643600006],[92.00370682800008,25.18600962100004],[91.97616737900006,25.168344095000066],[91.96453405000005,25.177095877000056],[91.91927244900006,25.182449319000057],[91.88052262400004,25.17304867300004],[91.82736016200005,25.177460805000067],[91.77577978300008,25.16331868000003],[91.75214351300008,25.176106676000074],[91.74471442200007,25.169645657000046],[91.74686389400006,25.14050552300006],[91.70308811000007,25.159313551000025],[91.69181222700007,25.13730713700005],[91.66964298000005,25.137975063000056],[91.66428532800006,25.129396040000074],[91.63776497500004,25.122705732000043],[91.62302658500005,25.128047309000067],[91.62133945100004,25.143563030000053],[91.60188351700003,25.142947798000023],[91.59883108000008,25.15947375500008],[91.61523241000003,25.17023346700006],[91.61245606400007,25.176299528000072],[91.57723411500007,25.172849421000024],[91.57064449400008,25.16489462000004],[91.57602585100005,25.160425841000063],[91.56287270500007,25.160821335000037],[91.55704934000005,25.14990336900007],[91.50933356600007,25.14759168300003],[91.49979785500005,25.135724577000076],[91.47040640000006,25.13393579500007],[91.46397113200004,25.135104209000076],[91.46847375100003,25.152004800000043],[91.44029863800006,25.150132856000027],[91.41452239700004,25.171313130000044],[91.41035295000006,25.163330703000042],[91.37511861300004,25.168430320000027],[91.36274199500008,25.178397940000025],[91.35364811100004,25.171409512000025],[91.28619796500004,25.185585781000043],[91.29207348200003,25.193247378000024],[91.26791197000006,25.207313843000065],[91.25039363900004,25.196279356000048],[91.07476259600008,25.19765846300004],[90.92546341600007,25.162053252000078],[90.88408658600008,25.166559047000078],[90.86212194000007,25.15769656200007],[90.80584234800006,25.166031633000046],[90.80562193100008,25.173698595000076],[90.78041653300005,25.186217088000035],[90.76264406500007,25.177711471000066],[90.76011611700005,25.168366904000038],[90.73430430000008,25.166590214000053],[90.74153623300003,25.16075199000005],[90.73321,25.155145787000038],[90.71013937900005,25.16888880600004],[90.69791209200008,25.157055851000052],[90.68241263300007,25.16476647500008],[90.68560580300004,25.174974887000076],[90.67361128500005,25.17640052200005],[90.66607127400005,25.165861242000062],[90.66326208600003,25.197454393000044],[90.65644412200004,25.185156994000067],[90.64903656700005,25.193720986000073],[90.65020473100003,25.182108593000066],[90.64021017400006,25.18372329400006],[90.64113508400004,25.17489814000004],[90.50876655400003,25.176744599000074],[90.50958375400006,25.170392951000053],[90.49905870600008,25.172019499000044],[90.44093790600004,25.144644119000077],[90.40409587500005,25.16017201300008],[90.37042986400007,25.16298077500005],[90.33014421300004,25.193805243000043],[90.31029832500008,25.18889499900007],[90.22508837900006,25.200834248000035],[90.17203768400003,25.222528642000043],[90.11879594200008,25.22328697100005],[90.05497874600007,25.260452180000073],[90.03361580200004,25.262835505000055],[90.00458136000003,25.280413203000023],[89.98054459700006,25.280923630000075],[89.97716272300005,25.296281647000058],[89.96654892400005,25.30377334700006],[89.94905213500004,25.292848899000035],[89.94373141300008,25.30463798200003],[89.93894296400003,25.299146157000052],[89.90864538400007,25.308182561000024],[89.87647984200004,25.285412119000057],[89.83831201100008,25.293235523000078],[89.83112935300005,25.29618381100005],[89.84106518700008,25.316565627000045],[89.82297118700006,25.349012628000025],[89.81982959600003,25.38184013800003],[89.83293868800007,25.438199759000042],[89.85217518700006,25.465998628000023],[89.84913347000008,25.492537339000023],[89.86008218700005,25.51725362700006],[89.85121018800004,25.538719628000024],[89.86593118700006,25.54645062700007],[89.88238180000008,25.617284813000026],[89.87099004300006,25.662583020000056],[89.84642070900009,25.695827473000065],[89.85100046100007,25.711607989000072],[89.83528743500005,25.71598377500004],[89.82741112200006,25.732275402000027],[89.84097548400007,25.761152237000033],[89.82590734400009,25.81056390200007],[89.81646806400005,25.815496937000034],[89.83452834900004,25.84036323500004],[89.83244889600007,25.870688004000044],[89.87816955200003,25.924442053000064],[89.88694158400006,25.945342663000076],[89.84255186900003,25.940213162000077],[89.82534059800008,25.945455321000054],[89.83025185500009,25.95534628200005],[89.84904048100003,25.94906442000007],[89.83859322600006,25.968198947000076],[89.87158871900004,25.974116140000035],[89.87112341700004,25.981070680000073],[89.85083887900004,25.98958743000003],[89.83535655200006,26.01073864600005],[89.83591998900005,25.982352002000027],[89.81947701200005,25.98808100100007],[89.819208,26.02596200100004],[89.80881271900006,26.04330087900007],[89.79041920000003,26.017849829000056],[89.80166699100005,26.040348746000063],[89.79346750500008,26.042392715000062],[89.79037397900004,26.03385597600004],[89.78814630800008,26.040313732000072],[89.77353074800004,26.037732960000028],[89.78838246000004,26.048630450000076],[89.78517937700008,26.056820148000043],[89.79859165000005,26.05930937900007],[89.79646529700005,26.076403260000063],[89.79043774800004,26.075336669000023],[89.79457682300006,26.087991586000044],[89.78117783600004,26.083519091000028],[89.78420818900008,26.10523534200007],[89.75631088900008,26.10913536000004],[89.76609554600003,26.13080347600004],[89.74749562300008,26.157527592000065],[89.72039640000008,26.15637025600006],[89.71461477600008,26.168908034000026],[89.70185614700006,26.15192882300005],[89.68145173200008,26.163720942000054],[89.70126404700005,26.173507044000075],[89.68747183900007,26.181572446000075],[89.68636368300008,26.198296178000078],[89.67338187800004,26.20173212000003],[89.67592562800007,26.208773609000048],[89.68578918500003,26.206559533000075],[89.69172539100003,26.212840482000047],[89.68449092200007,26.20839390900005],[89.67984791700007,26.214018769000063],[89.67879028800007,26.223640789000058],[89.68940643300004,26.221395201000064],[89.67925021200006,26.23830765400004],[89.67186582400007,26.219944405000035],[89.63426549000008,26.229220989000055],[89.63263304200007,26.210020720000045],[89.64949446000008,26.190263919000074],[89.64357356100004,26.185129714000027],[89.63014086200008,26.195893021000074],[89.62768999600007,26.184076891000075],[89.65535004700007,26.18153578700003],[89.64924749200009,26.164534541000023],[89.63189066500007,26.172382233000064],[89.63699873900003,26.178901191000023],[89.62471492900005,26.171298764000028],[89.62372092100009,26.179237528000044],[89.60906039100007,26.18060820900007],[89.61535920000006,26.174761773000057],[89.61118607300006,26.168686147000074],[89.61928394600005,26.16759243200005],[89.61038374700007,26.154722605000075],[89.590835,26.157303],[89.597606,26.153872],[89.59636802900008,26.134988943000053],[89.60747953400005,26.125106835000054],[89.60384940200004,26.117601019000062],[89.611926,26.127901001000055],[89.619832,26.119834],[89.625768,26.128724],[89.630087,26.118513],[89.615813,26.106692],[89.59785307500005,26.112907476000032],[89.596279,26.098562],[89.608856,26.08874200100007],[89.60982199500006,26.095993991000057],[89.61690599900004,26.095206001000065],[89.614029,26.104082],[89.62977500300008,26.107281003000026],[89.639646,26.090162001000067],[89.633674,26.080755],[89.65011799400008,26.062830990000066],[89.630518,26.062879001000056],[89.620624,26.053477],[89.60508,26.063649],[89.61269628800005,26.05265412800003],[89.59217802900008,26.044899627000063],[89.59722661100005,26.037902227000075],[89.58677219400005,26.038419798000064],[89.58532756900007,26.02642017900007],[89.57864205100003,26.026348875000053],[89.58662027400004,25.980825934000052],[89.57377722600006,25.980119657000046],[89.57743572400005,25.96909953200003],[89.56880450900007,25.967811777000065],[89.56597997000006,25.98038871600005],[89.55755631300008,25.965422800000056],[89.54007546200006,25.970168577000038],[89.53504471500008,25.989131808000025],[89.54812022800007,26.00018385100003],[89.54075784000008,26.005988012000046],[89.49117081200006,26.00624930200007],[89.48055442100008,25.99689349600004],[89.43080182900007,26.011148459000026],[89.432664,26.038316],[89.42350537300007,26.047571334000054],[89.40700215300006,26.04149699900006],[89.40668364400005,26.030769535000047],[89.39077247200004,26.02303584200007],[89.39315923800007,26.006505068000024],[89.35639535500007,26.007682971000065],[89.30032219700007,26.050421613000026],[89.27561535400008,26.049128084000074],[89.28050318700008,26.065687626000056],[89.26962118700004,26.059649628000045],[89.25397645100009,26.06404808800005],[89.26651446100004,26.09391761200004],[89.25118980800005,26.09139766100003],[89.25157435900007,26.101465569000027],[89.22911615200007,26.11660011300006],[89.22973118700008,26.123886628000037],[89.20308587500006,26.129397994000044],[89.19243111000009,26.124201624000023],[89.15532718700007,26.138323627000034],[89.14899148900008,26.158502035000026],[89.15715450500005,26.16323963700006],[89.14093178900004,26.169354790000057],[89.13448413000003,26.18122438900008],[89.14926532700008,26.20884354100008],[89.14208660500003,26.214644591000024],[89.14086500800005,26.23585481200007],[89.11975112900006,26.252767971000026],[89.12517090500006,26.263564682000037],[89.09999533600006,26.279583002000038],[89.10713944000008,26.290964829000075],[89.09935710500008,26.303770960000065],[89.10467711800004,26.315917900000045],[89.12250429500006,26.286530282000058],[89.13622174100004,26.32019396000004],[89.11270615600006,26.318551135000064],[89.09712390000004,26.32933643700005],[89.09183302000008,26.320232084000054],[89.08432023100005,26.322234801000036],[89.10130084300005,26.33661369200007],[89.09335122300007,26.353023501000052],[89.09782362400006,26.359112056000072],[89.07952977500008,26.362964904000023],[89.08834897300005,26.365780654000048],[89.09623050300007,26.390958402000024],[89.08014735500007,26.389977920000035],[89.08737670600004,26.39772767200003],[89.07447136500008,26.391131767000047],[89.06311994000004,26.400830257000052],[89.03496170700004,26.395173507000038],[89.03005049000006,26.407022190000077],[89.01932089400003,26.404264649000027],[89.02209211800005,26.413944405000052],[89.00714256400005,26.41284752300004],[89.00585106100004,26.42151996000007],[88.99353646800006,26.42308367800007],[88.99849672100004,26.413996876000056],[88.99372705600007,26.41286950500006],[88.98069147800004,26.425384371000064],[88.98317575500005,26.446614976000035],[88.95650194400008,26.459670042000027],[88.96518203200009,26.451299866000056],[88.94610922300006,26.448048822000032],[88.95124197000007,26.435136037000063],[88.94469633200003,26.425700606000078],[88.92614157900005,26.432150353000054],[88.93271637300006,26.426914942000053],[88.92321560300007,26.423572233000073],[88.92643782900006,26.40711963800004],[88.90465913400004,26.408623376000037],[88.91811457700004,26.400491615000078],[88.90896905100004,26.38016395300008],[88.92073391400004,26.37870411600005],[88.91026695800008,26.370383914000058],[88.91996049300008,26.36634758300005],[88.91887368600004,26.35945024700004],[88.92700068700003,26.364632954000058],[88.94673354900004,26.355616626000028],[88.94971523500004,26.366035440000076],[88.95833039700005,26.361788706000027],[88.94623680000007,26.346411080000053],[88.95895098800008,26.34363655100003],[88.95212583000006,26.342435129000023],[88.95237916000008,26.331595238000034],[88.96282839100007,26.336391122000066],[88.96133970100004,26.352427007000074],[88.98717159500006,26.348419629000034],[88.98545610400004,26.332863565000025],[89.00087378300003,26.329878922000034],[88.99142324600007,26.322342641000034],[88.99699549600007,26.313894729000026],[88.98464744500006,26.31780812200003],[88.98261083200003,26.31001988400004],[88.98481073400006,26.300680605000025],[88.99749196000005,26.299764313000026],[88.99586848000007,26.290087061000065],[89.00671023800004,26.30476862300003],[89.01830516300004,26.289785057000074],[89.01466979000008,26.300359138000033],[89.02107990000007,26.30920453300007],[89.02681175100008,26.305512201000056],[89.01913840900005,26.28925282600005],[89.02743726000006,26.28255600500006],[89.04051892500007,26.28590579300004],[89.03978523000006,26.276637188000052],[89.04794346900007,26.280544255000052],[89.04571818700003,26.295589626000037],[89.06015634400006,26.293121540000072],[89.06284116300003,26.27833342100007],[89.05417233200006,26.27741381100003],[89.06270901000005,26.271018123000033],[89.06255737200007,26.25364347900006],[89.05188517200008,26.256129023000028],[89.05069676000005,26.241748631000064],[89.02741802700007,26.24776630100007],[88.95894737700007,26.24020966300003],[88.92620526600007,26.283921127000042],[88.89834418700008,26.288767627000027],[88.87574818700006,26.286587628000063],[88.86174218700006,26.273474626000052],[88.86141918600003,26.25204162500006],[88.87771118700005,26.242259628000056],[88.87781518700007,26.233550627000056],[88.84151397700003,26.23086317800005],[88.82754219300006,26.239727474000063],[88.82922097100004,26.250145805000045],[88.81310802500008,26.25546887300004],[88.80993044900003,26.277028081000026],[88.81901822000003,26.29459094500004],[88.79344918700008,26.310058627000046],[88.76405002400008,26.29896304500005],[88.75645289300007,26.310911585000042],[88.74723663200007,26.31105309800006],[88.74456849900008,26.289326026000026],[88.71970949100006,26.293107519000046],[88.71883571200004,26.28208238700006],[88.68542027600006,26.279695806000063],[88.69224445700007,26.26929965200003],[88.68311260300004,26.260956630000067],[88.66617335700005,26.262827625000057],[88.67213026300004,26.268842694000057],[88.66792019300004,26.297300661000065],[88.68075038600006,26.29557900800006],[88.68612682900005,26.282147785000063],[88.70878740400008,26.288066662000062],[88.68425795000007,26.294594897000025],[88.67499888300006,26.320188461000043],[88.69564704800007,26.32880315700004],[88.69033952600006,26.322609371000055],[88.69706748200008,26.312159301000065],[88.74644106400007,26.32243099200008],[88.74865807000003,26.331717619000074],[88.73406383200006,26.328737275000037],[88.74541889800008,26.347919586000046],[88.73314334300005,26.353923318000056],[88.73581605600003,26.348092270000052],[88.72601849500006,26.34136569900005],[88.71263818900007,26.343723474000058],[88.70914543800006,26.33342362600007],[88.70260681600007,26.33454107800003],[88.70396925500006,26.341684550000025],[88.69420047600005,26.346302870000045],[88.69617818600005,26.362041797000074],[88.68090133800007,26.379813868000042],[88.70220428200008,26.388560976000065],[88.68736141700003,26.386782895000067],[88.68906136600003,26.395796459000053],[88.66963427700006,26.39718918600005],[88.68731722200005,26.40106918600003],[88.68593436400005,26.41301508300006],[88.66776312200005,26.407286875000068],[88.64443918700005,26.41898962700003],[88.64973919300007,26.42971435000004],[88.62376618600007,26.435062627000036],[88.62288918700006,26.471018628000024],[88.59434118700005,26.470861628000023],[88.59266504600004,26.449990271000047],[88.55989318700006,26.45757562800003],[88.56060418700008,26.473522626000033],[88.55213918700008,26.47694762800006],[88.55682351100006,26.48533993700005],[88.52649322000008,26.480720314000052],[88.52138856500005,26.51057103100004],[88.50706466300005,26.516485653000075],[88.48942818700004,26.510224626000024],[88.48457218700008,26.54130262800004],[88.45880110400003,26.54720832600003],[88.45638244900005,26.536954741000045],[88.44809878000007,26.53536864000006],[88.43585721300008,26.545146720000048],[88.42132251600003,26.570597219000035],[88.41602349900006,26.631677883000066],[88.39946918700008,26.626634627000044],[88.38692618700009,26.610796626000024],[88.39770462800004,26.60176641100003],[88.37681518700003,26.593530627000064],[88.37097821700007,26.560464698000033],[88.35716419300007,26.542781625000032],[88.35919218700008,26.529127628000026],[88.33211918700005,26.49495362700003],[88.33159218200007,26.481949627000063],[88.34698876100003,26.468397739000068],[88.35306886700005,26.44765470400006],[88.36571780800006,26.471142330000077],[88.36023725600006,26.484267119000037],[88.37158053200005,26.487974526000073],[88.38841820200008,26.478287262000038],[88.40469828600004,26.48598389700004],[88.41946969700007,26.465864730000078],[88.43412978200007,26.472700246000045],[88.43672457300005,26.466067869000028],[88.48513701400003,26.460404261000065],[88.47851086900005,26.452470353000024],[88.49702386700005,26.43646760200005],[88.48933173800003,26.431058335000046],[88.49869923600005,26.42625600300005],[88.49408110200005,26.418671751000034],[88.50350393800005,26.41767985300004],[88.49577103300004,26.408951158000036],[88.50298185600008,26.403029039000046],[88.50984058400007,26.408171482000057],[88.50439429700003,26.39871559100004],[88.51250256900005,26.387727657000028],[88.51999592000004,26.390221791000045],[88.51260219300008,26.376981217000036],[88.51792084000004,26.370322412000064],[88.52504478200007,26.37545259600006],[88.51475094600005,26.36469749300005],[88.52421833900007,26.359436569000025],[88.50439023400008,26.348747384000035],[88.50770978500003,26.362624269000037],[88.488215,26.360359001000063],[88.492197,26.351125],[88.48022993100005,26.35070481200006],[88.45874,26.362254001000053],[88.45763647300004,26.376638554000067],[88.43419991100006,26.335233793000043],[88.41267499500003,26.337453991000075],[88.403346,26.328951],[88.41560539200003,26.324432237000053],[88.41482627300007,26.315164312000036],[88.38412917800008,26.313202903000047],[88.34953841300006,26.282336025000063],[88.34843951800008,26.250241447000064],[88.35980060000009,26.24264746600005],[88.35024697500006,26.220340529000055],[88.33015716900007,26.217231819000062],[88.32592106000004,26.204828337000038],[88.30089386000003,26.196621934000063],[88.28544532000006,26.200681408000037],[88.26930130200003,26.186390611000036],[88.24712560900008,26.190668548000076],[88.23312970900008,26.184586120000063],[88.23838094400008,26.178143831000057],[88.22731092600009,26.168000646000053],[88.21463958900006,26.170088344000078],[88.21634710700005,26.162787239000068],[88.20482798400008,26.15856653800006],[88.19599922100008,26.163788345000057],[88.19561010300004,26.152059004000023],[88.17701260900003,26.147980919000076],[88.17290715500008,26.12725143800003],[88.17963321000008,26.124774856000045],[88.15791521200003,26.09698561400006],[88.16551652900006,26.087443996000047],[88.15745742600006,26.079484688000036],[88.16826113300004,26.08304854100004],[88.18413223200008,26.072515031000023],[88.18547671700009,26.062268119000066],[88.17563526800006,26.058562049000045],[88.17857372500004,26.046629300000063],[88.16906749300006,26.045864017000042],[88.17050416400008,26.03301829000003],[88.18348048200005,26.025152465000076],[88.13955209400007,26.013115682000034],[88.14375791300006,26.000817917000063],[88.12959729300007,25.997003348000078],[88.12945731800005,25.980193327000052],[88.11924363400004,25.971585178000055],[88.12422125800003,25.96636912200006],[88.11506070400009,25.962477383000078],[88.12230363000003,25.948063667000042],[88.11258852100008,25.943451251000056],[88.11139916000008,25.933325471000046],[88.09546139000008,25.932271697000033],[88.08574236000004,25.916805381000074],[88.09382639200004,25.909889860000078],[88.08922500100005,25.896296191000033],[88.10294606800005,25.888894023000034],[88.09327243900003,25.873780416000045],[88.10158218700008,25.871975426000063],[88.10094856400008,25.86229205500007],[88.10783349100006,25.86971769400003],[88.11208783400008,25.865151190000063],[88.11348386300006,25.852397325000027],[88.10026131000006,25.84344406200006],[88.10882414900004,25.83770269000007],[88.10105197200005,25.829041389000054],[88.11146903700006,25.821705574000077],[88.10692301400007,25.81512550900004],[88.11996876200004,25.812553609000076],[88.11445669600005,25.79831712400005],[88.14435186000009,25.794026555000073],[88.14107190200008,25.78061165500003],[88.15085196200005,25.77566357300003],[88.15979917100003,25.78764448000004],[88.17326494900004,25.786593166000046],[88.18370427900004,25.801976164000052],[88.20992234500005,25.78696173000003],[88.21477419400009,25.80065674100007],[88.23059457900007,25.79641356700006],[88.23659555800003,25.810122874000058],[88.24683050700008,25.806079375000024],[88.24853290100003,25.81350487800006],[88.25954976500003,25.81396468400004],[88.26942121200005,25.808334443000035],[88.26643707500006,25.782593846000054],[88.31416247000004,25.755086160000076],[88.32065558500005,25.737513725000042],[88.33745541600007,25.73771971900004],[88.37438272200006,25.71692497400005],[88.37133118900005,25.69657966500006],[88.39143493700004,25.693606385000066],[88.39012539700008,25.684094191000042],[88.40413476400005,25.685579312000073],[88.40187717100008,25.67263289400006],[88.45376355400003,25.66496877000003],[88.456182,25.628639001000067],[88.445,25.615523],[88.44966522200008,25.604580918000067],[88.44414700800007,25.596975995000037],[88.45845604800007,25.598678951000068],[88.47002194200007,25.583163452000065],[88.49995685500005,25.584040752000078],[88.49346243700006,25.558867976000045],[88.50892103600006,25.54425481900006],[88.51899631600008,25.545157201000052],[88.52349218700004,25.535218972000052],[88.53321688000005,25.542137964000062],[88.53989558000006,25.508401583000023],[88.55214816400007,25.52081596000005],[88.55614385100006,25.51399308400005],[88.59546300100004,25.506102],[88.60897712000008,25.516433729000028],[88.60673695300005,25.508492094000076],[88.62242351500004,25.497019780000073],[88.64846197600008,25.496880218000058],[88.64265494300008,25.49281064400003],[88.646864,25.477937],[88.66013533500006,25.481915669000045],[88.66294499500003,25.47377880600004],[88.69931608600007,25.47132793800006],[88.71030852400008,25.480755289000058],[88.70748258800006,25.499980793000077],[88.71380908200007,25.495700525000075],[88.74224558700007,25.50514871000007],[88.74415095800003,25.488257648000058],[88.76730003300008,25.49774950400007],[88.77002289900008,25.50358830500005],[88.75746880100007,25.509363179000047],[88.75983107800005,25.525557370000058],[88.78231086400007,25.51523998600004],[88.81046735600006,25.523295449000045],[88.81319823500007,25.48922938100003],[88.82961389900004,25.490358150000077],[88.83930063300005,25.458243967000044],[88.82616090600004,25.444606977000035],[88.83426636600007,25.431822786000055],[88.82992162100004,25.41706598500008],[88.81821986600005,25.418216243000074],[88.81260289400007,25.410518945000035],[88.84076243300007,25.397271009000065],[88.84087768000006,25.363885735000054],[88.86883775700005,25.352294636000067],[88.86649671000004,25.342975868000053],[88.88426083600007,25.325841940000032],[88.88761392200007,25.33719601300004],[88.90616979400005,25.337773552000044],[88.91510521200007,25.31249559300005],[88.92832230700003,25.316801458000043],[88.92936350700006,25.30422389100005],[88.98523074800005,25.30604513700007],[88.98510409700003,25.298722874000077],[89.00041309400007,25.295133561000057],[89.00893854800006,25.303065660000073],[89.00840368700005,25.264385059000062],[88.98666003500006,25.274545269000043],[88.98236849800008,25.265232440000034],[88.95616102900004,25.25515861200006],[88.95156450700006,25.232578643000068],[88.96134350800008,25.208515224000053],[88.93632979700004,25.210596636000048],[88.93358983500008,25.199663601000054],[88.94747494400008,25.19456985900007],[88.94855540700007,25.177873102000035],[88.94065696500007,25.17356029800004],[88.93336055100008,25.181810926000026],[88.92303214100008,25.16511072800006],[88.91165978300006,25.168269447000057],[88.91084116800005,25.18018943900006],[88.89009692800005,25.18481969800007],[88.88980672300005,25.178489971000033],[88.87505681600004,25.179161414000077],[88.87475044900003,25.196233364000022],[88.86405884000004,25.19014185700007],[88.86487924400006,25.200751103000073],[88.85147451200004,25.200646380000023],[88.84383755100004,25.21390168100004],[88.80581283500004,25.17061909800003],[88.77389423300008,25.179667735000066],[88.76930776700004,25.189944635000074],[88.74914370100004,25.176735720000067],[88.75090996000006,25.18319843200004],[88.73443593000007,25.184713170000066],[88.73293262300007,25.198837565000076],[88.71130041000004,25.207742276000033],[88.67999218700004,25.209058209000034],[88.66927018700005,25.198198627000068],[88.64290624200004,25.20647562700003],[88.61270094000008,25.204213801000037],[88.59782818700006,25.190894627000034],[88.59028047700008,25.194783897000036],[88.59113518700008,25.185496627000077],[88.57961014900008,25.176909812000076],[88.56555023000004,25.175200312000072],[88.55588719600007,25.17919862900004],[88.55745293900009,25.192762688000073],[88.53392845700006,25.187778883000078],[88.53792413700006,25.197867471000052],[88.49992982500004,25.203523175000043],[88.49929493100007,25.21020420700006],[88.47540866700007,25.21344137400007],[88.47203446900005,25.19758202400004],[88.46356917000008,25.19493510600006],[88.44047001500007,25.200890612000023],[88.43725371200009,25.198699375000047],[88.44171511000008,25.21049722300006],[88.43537494400005,25.199668235000047],[88.44344577700008,25.19524220200003],[88.44175399200003,25.173569539000027],[88.45765218700006,25.164646627000025],[88.46212818700008,25.149737627000036],[88.45928971800004,25.13532142500003],[88.44136725500005,25.127865935000045],[88.44601979900006,25.083008628000073],[88.45269976100008,25.079182655000068],[88.43502932000007,25.055968],[88.43780089300003,25.042813955000042],[88.45265318700007,25.037146627000027],[88.43848118700004,25.022283627000036],[88.43642117700006,25.006493625000076],[88.42724218700005,25.00775562700005],[88.42712991500008,25.01296006900003],[88.42523867900007,25.01625251300004],[88.42056458300004,24.999435885000025],[88.41188941100006,24.99867742500004],[88.41736903900005,24.97451334400006],[88.40512518300005,24.979823950000025],[88.39522681900007,24.969169960000045],[88.39898723200008,24.945242002000043],[88.38056008000007,24.939279980000038],[88.36373049600007,24.95344297300005],[88.35442527200007,24.941927029000055],[88.34042719100006,24.94040761800005],[88.33660718700008,24.91875262700006],[88.32422818500004,24.91623562700005],[88.33240518800005,24.897429628000054],[88.34359318700007,24.899785628000075],[88.34714018700004,24.892456628000048],[88.33030518700008,24.870182628000066],[88.31775840800003,24.88392898400008],[88.30185374200005,24.871861825000053],[88.30187858700003,24.885962677000066],[88.27799034100008,24.88817644900007],[88.27613497400006,24.897867002000055],[88.26712527700005,24.878348653000046],[88.25715851800004,24.877962645000025],[88.26103782000007,24.91774452800007],[88.22383926000003,24.961778528000025],[88.17520584700009,24.946342220000076],[88.17015614000007,24.950413600000047],[88.15737155700003,24.933507444000043],[88.13789451100007,24.93630703100007],[88.13999328900007,24.914024948000076],[88.16892573700005,24.892976760000067],[88.15258489800004,24.88444695100003],[88.17502237800005,24.86021921400004],[88.16204235000004,24.858241061000058],[88.16022304800003,24.848508035000066],[88.14527373300007,24.851393346000066],[88.14098415600006,24.83442388900005],[88.13220073900004,24.83613744200005],[88.13642182800004,24.80533944000007],[88.13059434200005,24.804809162000026],[88.12349354200006,24.82316096900007],[88.10546961500006,24.801138131000073],[88.10606408000007,24.77970050500005],[88.08895806200007,24.782991263000042],[88.07784477300004,24.769136941000056],[88.06827105900004,24.76923026000003],[88.07448284000003,24.76085516300003],[88.06567444400008,24.750757743000065],[88.07239250200007,24.74368666600003],[88.06211295000008,24.72091583200006],[88.00861437300006,24.66781802500003],[88.03624198100005,24.645829151000044],[88.09535222100004,24.558505515000036],[88.14156474800006,24.51073846500003],[88.17327851300007,24.493252874000063],[88.20348456200009,24.459996481000076],[88.27205735400008,24.44057625000005],[88.33388901200004,24.381516876000035],[88.38857175100009,24.371491396000067],[88.42566531500006,24.38324353200005],[88.44497251400009,24.378910590000032],[88.50911613800008,24.34327086600007],[88.52649199300004,24.344767469000033],[88.55506786200004,24.293414609000024],[88.57004837700003,24.32707478900005],[88.58705479400004,24.325377802000048],[88.58774022700004,24.314591310000026],[88.60079034000006,24.31074084200003],[88.62347454600007,24.31552408600004],[88.62956446900006,24.30600245000005],[88.64869014300007,24.311535520000064],[88.65244758200004,24.305176706000054],[88.65867793900009,24.31502828500004],[88.69879447100004,24.313680822000038],[88.72220957500008,24.300466880000045],[88.73540308600008,24.27907464200007],[88.74031998300006,24.252135699000064],[88.73131780100005,24.173327027000028],[88.74609443500003,24.146976434000067],[88.70708163700004,24.11927800500007],[88.69867986900005,24.120655087000046],[88.72445539000006,24.06828113000006],[88.74250810600006,24.055393388000027],[88.74179032100005,24.04844660300006],[88.72382850700006,24.04739657700003],[88.74083814900007,24.035894916000075],[88.72897845800009,23.994210946000067],[88.75790899100008,24.006977276000043],[88.76944418000005,23.98206857400004],[88.73785010500006,23.98323768100005],[88.73240894100007,23.961267727000063],[88.74245794300003,23.951144670000076],[88.74333779300008,23.929787477000048],[88.73494238600006,23.93304690900004],[88.73340133300007,23.911088532000065],[88.70632290200007,23.916395341000054],[88.69928510900007,23.910239971000067],[88.70525583400007,23.90022503600005],[88.68839521100006,23.901591521000057],[88.68290181800006,23.88871586700003],[88.66427315000004,23.882501672000046],[88.66755506100003,23.869615860000067],[88.63728520400008,23.871607664000067],[88.62712013500004,23.865148567000062],[88.61756325600004,23.876879544000076],[88.60879025400004,23.873056559000077],[88.60834316300009,23.862950666000074],[88.58768368100004,23.871775350000064],[88.57548031900006,23.861822158000052],[88.57838255600007,23.850738961000047],[88.59111013800003,23.85260957500003],[88.58644326200005,23.831147544000032],[88.60201516100005,23.81701062600007],[88.59464468400006,23.808859875000053],[88.58947591500004,23.81368130000004],[88.58507728200004,23.81378823500006],[88.59613423700006,23.80503456200006],[88.58103726900003,23.796979555000064],[88.57795624900007,23.786733683000023],[88.55605349500007,23.78462595600007],[88.57953761200008,23.774799398000027],[88.58096919400003,23.760574751000036],[88.57014009200003,23.748219482000025],[88.57627917000008,23.73325919900003],[88.56470359900004,23.71209758300006],[88.57383449100007,23.667046179000067],[88.55827060800004,23.649230768000052],[88.56237198700006,23.63710943800004],[88.59377755500003,23.640900217000024],[88.59421228300005,23.61696739000007],[88.58533404400004,23.61653279500007],[88.58039040200003,23.60279812600004],[88.59724057100004,23.602045257000043],[88.59718914400008,23.606221601000072],[88.60629024000008,23.61047211500005],[88.60570188500003,23.600240873000075],[88.64611158300005,23.609160624000026],[88.63869294300008,23.590849348000063],[88.65055526600008,23.58530062600005],[88.65379822400007,23.556411558000036],[88.68291410600006,23.541847666000024],[88.69555820700003,23.517304614000068],[88.71371525300003,23.508595651000064],[88.72451416200005,23.512153601000023],[88.74143439700003,23.47974753400007],[88.76083026600008,23.478719698000077],[88.75589215200006,23.48705969100007],[88.76149310700004,23.490750579000064],[88.77463526100007,23.480206647000045],[88.77028421500006,23.497594571000036],[88.78652157000005,23.507194681000044],[88.78521231700006,23.498033460000045],[88.79220373700008,23.503159614000026],[88.80079316600006,23.497288345000072],[88.79460805000008,23.485835233000046],[88.80017293500003,23.48226794800007],[88.78747571600007,23.46987683100008],[88.79542416100008,23.443103475000044],[88.78540546700003,23.44487325500006],[88.78029732500005,23.43774714500006],[88.77297177500003,23.44884694900003],[88.76386039500005,23.448046384000065],[88.75437825000006,23.416517948000035],[88.76065699700007,23.409197842000026],[88.74946752800008,23.400912253000058],[88.75274436000007,23.389336163000053],[88.76285831900003,23.387334459000044],[88.75858629400005,23.373863146000076],[88.76541516700007,23.36734968500008],[88.75744414500008,23.359755681000024],[88.74769113000008,23.36223370600004],[88.74599111200007,23.349015613000063],[88.73207916500007,23.352244658000075],[88.73902323700008,23.343160687000022],[88.73300218000008,23.327694566000048],[88.74968820200007,23.321409648000042],[88.74550211200005,23.307786707000048],[88.73135915900008,23.30840059800005],[88.73026113000003,23.319792610000036],[88.72562023800003,23.298702569000056],[88.70668015400008,23.303911585000037],[88.71078326300005,23.312909560000037],[88.69619120800007,23.302177706000066],[88.69738210900005,23.292038621000074],[88.70936018400005,23.28958758400006],[88.71154014900009,23.278036651000036],[88.72418726700005,23.272060689000057],[88.71875613000003,23.255148691000045],[88.75205888800008,23.239995176000036],[88.76945911200005,23.244912012000043],[88.77801444700003,23.23606285900007],[88.77437063900004,23.224528184000064],[88.78974632400008,23.21844395200003],[88.81145183600006,23.221677372000045],[88.80589079900005,23.237931746000072],[88.81152207100007,23.25618756500006],[88.82912039400009,23.244831624000028],[88.82412620800005,23.233879611000077],[88.83659512700007,23.24381568600006],[88.84451786400007,23.230684004000068],[88.87328706300008,23.234487219000073],[88.88601257100004,23.22607861700004],[88.90678026700004,23.236051984000028],[88.91687534300007,23.223463723000066],[88.91463212900004,23.213504467000064],[88.92097600400007,23.216449012000055],[88.91664524400005,23.219962417000033],[88.92658284400005,23.218018393000023],[88.94262325700004,23.20617971400003],[88.97081198700005,23.22272306900004],[88.97853644200006,23.215099444000032],[88.97598140100007,23.22454932900007],[88.97949691900004,23.215991987000052],[88.98262193000005,23.221956826000053],[88.99582104300003,23.215008691000037],[88.97989214400008,23.212366618000033],[88.98768819400004,23.20275158000004],[88.98010255300005,23.18260085600008],[88.96649858900008,23.193776856000056],[88.93887414700004,23.177374410000027],[88.93415028800007,23.161838154000066],[88.92757077500005,23.16273891700007],[88.93074729300008,23.14309526900007],[88.92327609300008,23.145357777000072],[88.89972505800006,23.111352587000056],[88.88266703100004,23.11122791200006],[88.88349291200007,23.104615610000053],[88.86871721500006,23.10099255500006],[88.87451369600007,23.09002469400008],[88.86096835000006,23.077404285000057],[88.87407189600003,23.065878620000035],[88.87489396600006,23.044466078000028],[88.88412584100007,23.04034610900004],[88.87215317200008,23.016924610000046],[88.87997114100006,23.006928686000037],[88.84490326900004,23.009240583000064],[88.86531823300004,23.000904614000035],[88.87112823300004,22.978858700000046],[88.85594324200008,22.96566357000006],[88.85951611200005,22.942686595000055],[88.87933713400008,22.954264686000045],[88.89396925400007,22.952409603000035],[88.88708720900007,22.933609665000063],[88.90815914700005,22.919674584000063],[88.89535612400005,22.913753607000046],[88.90936109200004,22.879908906000026],[88.92325681900007,22.880618535000053],[88.92930478100004,22.872090353000033],[88.94528386300004,22.880810972000063],[88.96852226000004,22.844968693000055],[88.95660521600007,22.81220789300005],[88.95875936000004,22.79725067800007],[88.93739760300008,22.79301926200003],[88.91154045400003,22.757252471000072],[88.92051540200004,22.75308084900007],[88.91632743600007,22.736736368000038],[88.92784551000005,22.718209444000024],[88.96231336100004,22.694466328000033],[88.94503094100008,22.662275145000024],[88.92610967100006,22.65211308000005],[88.93453431900008,22.61811646800004],[88.96033010600007,22.61607159700003],[88.93903958000004,22.59084823300003],[88.93763167900005,22.56014770300004],[88.96061611300007,22.550271705000057],[88.97638616100005,22.494300709000072],[88.99620416600004,22.469406624000044],[88.98982922600004,22.444897603000072],[89.00008716600007,22.429581686000063],[88.97234323400005,22.41127862700006],[88.99035422900005,22.39209640100006],[88.98329419100008,22.374726658000043],[88.98950920400006,22.36441758600006],[88.98477326100004,22.326188563000073],[89.00015321500007,22.32376954700004],[89.02437322900005,22.29582361100006],[88.99879719100005,22.296612682000045],[88.99597818900008,22.285745546000044],[89.01869817600004,22.269936606000044],[89.01512312800008,22.253800605000038],[89.03315025400008,22.25850955800007],[89.03961923900005,22.22820160200007],[89.07073521000007,22.196899552000048],[89.06304615500005,22.16969860000006],[89.07140811000005,22.148553573000072],[89.08950011200005,22.159632604000024],[89.09803221900006,22.15508961300003],[89.03993624200007,22.102491663000023],[89.04369354200009,22.04911041200006],[89.03366851800007,22.045804978000035],[89.04538726800007,22.04244422900007],[89.07640707000007,21.997500776000038],[89.06361696000005,21.936538980000023],[89.03083212000007,21.925229041000023],[89.00746917700008,21.94022178800003],[89.00283050500008,21.952333451000072],[89.01875305200008,21.96819496300003],[89.01911163300008,21.97611045900004],[88.99452972400007,21.95080566400003],[88.99622344900007,21.940805435000073],[89.01866196000003,21.923694991000048],[89.01670716000007,21.899402011000063],[88.99333191000005,21.904582977000075],[88.98574829100005,21.895555496000043],[88.98750305200008,21.88791656500007],[89.03208160400004,21.863193513000056],[89.03455352800006,21.852333069000053],[89.02371978700006,21.845638275000056],[89.03369140600006,21.839000703000067],[89.02950286900005,21.820693970000036],[89.00202941900005,21.809028626000043],[89.02083587700008,21.810249328000054],[89.02539062500006,21.755722046000074],[89.06036376900005,21.72816658000005],[89.06080627500006,21.721082687000035],[89.05369567900004,21.72066688500007],[89.06791687000003,21.71480560300006],[89.07533264100005,21.701528550000035],[89.07119751000005,21.687360763000072],[89.09122467000003,21.675693512000066],[89.09955596900005,21.637332917000037],[89.07241821300005,21.613611221000042],[89.05741882300003,21.61194419800006],[89.03125,21.63400077800003],[89.03121948200004,21.65483284100003],[89.01997375500008,21.660305024000024],[89.02700042700008,21.629028322000067],[89.04205322300004,21.618165970000064],[89.02664184600008,21.59863853400003],[89.00408172600004,21.599416733000055],[89,21.619472503000054],[88.98494720500008,21.608722687000068],[88.95747375500008,21.617082595000056],[88.94041442900004,21.644971847000022],[88.94955444300007,21.66247177100007],[88.94474792500006,21.665750503000027],[88.93785858200005,21.665027618000067],[88.91999816900005,21.63036155800006],[88.88625335700004,21.65827751100005],[88.87208557100007,21.70580482500003],[88.88539123500004,21.743278505000035],[88.87875366200007,21.765832902000056],[88.85997009300007,21.777055740000037],[88.83916473400006,21.777055740000037],[88.83186340300006,21.76774978800006],[88.86708068800004,21.75747299300008],[88.84291839600007,21.709972382000046],[88.84703064000007,21.672472],[88.86460876500007,21.63580513100004],[88.84997558600008,21.62288856500004],[88.84625244100005,21.63830566400003],[88.84913635300006,21.61619377100004],[88.81747436500007,21.623722076000035],[88.80955505400004,21.63413810800006],[88.82624816900005,21.659111024000026],[88.81866455100004,21.68391609300005],[88.81208038300008,21.683305740000037],[88.81124877900004,21.660833358000048],[88.80080413900004,21.654582978000064],[88.75330352800006,21.66955566400003],[88.75872039800004,21.660833358000048],[88.75164032000004,21.658721925000066],[88.72250366200007,21.67788887100005],[88.69791412300003,21.74250030500008],[88.71205902100007,21.77663803100006],[88.71372222900004,21.80330467300007],[88.72203064000007,21.80419349700003],[88.70705413800005,21.815805435000073],[88.70913696300005,21.82536125300004],[88.71916961700003,21.825387955000053],[88.70830535900006,21.827054978000035],[88.70417022700008,21.821222307000028],[88.69789123500004,21.83913803100006],[88.70835876500007,21.852916719000063],[88.72039032000004,21.852500915000064],[88.70666503900009,21.854583742000045],[88.70163726800007,21.844554901000038],[88.70036315900006,21.85666656500007],[88.71785736100009,21.902471542000058],[88.72791290300006,21.899972916000024],[88.71958160400004,21.913305283000057],[88.72203064000007,21.926639557000044],[88.73044586200007,21.93011093100006],[88.72372436600006,21.94083404500003],[88.72702789300007,21.975000382000076],[88.75164032000004,21.97622299300008],[88.75830841100003,21.967889787000047],[88.75375366200007,21.981637956000043],[88.76455688500005,21.995805740000037],[88.76280212400007,22.01072311400003],[88.77864074700005,22.014055253000038],[88.76283264200003,22.018249513000058],[88.75111389100005,22.045722961000024],[88.76280212400007,22.04988861100003],[88.74944305400004,22.054056167000056],[88.75485992500006,22.075332641000045],[88.72652435400005,22.052804948000073],[88.70905304000007,22.05866623000003],[88.69824981700003,22.07449913100004],[88.68530273400006,22.067388536000067],[88.69149780300006,22.05197143500004],[88.73530578600008,22.029888154000048],[88.73783111600005,22.01069450400007],[88.71988677900003,22.002805711000065],[88.67736053400006,22.020334245000072],[88.66363525400004,22.020750046000046],[88.65616607700008,22.064083099000072],[88.63905334500004,22.076194764000036],[88.62616729800004,22.061582567000073],[88.63780212400007,22.03988838300006],[88.61907959000007,22.017833710000048],[88.60322570800008,22.01861190900007],[88.59864044200003,22.03069496200004],[88.60030365000006,22.01738929800007],[88.61360931400003,22.012443543000074],[88.60124969500004,21.964971542000058],[88.61663818400007,21.929527284000073],[88.57872009300007,21.975805284000046],[88.58039093000008,21.954166414000042],[88.59494781500007,21.947082520000038],[88.61372375400003,21.920804979000025],[88.60708618100006,21.90497207800007],[88.58583068900003,21.88872146700004],[88.57077789300007,21.907054901000038],[88.57955932700008,21.88830566400003],[88.57624816900005,21.857500077000054],[88.56375122100008,21.830833435000045],[88.55494689900007,21.830389022000077],[88.55496978800005,21.815361024000026],[88.53461456300005,21.84000015400005],[88.55208587600004,21.875778198000035],[88.52661132800006,21.852056505000064],[88.49958038300008,21.875804902000027],[88.50125122100008,21.88830566400003],[88.52788543700007,21.919137956000043],[88.52788543700007,21.935832977000075],[88.51830291700009,21.947916031000034],[88.5,21.95541572700006],[88.51125335700004,21.938278198000035],[88.50460815400004,21.914138794000053],[88.48244476300005,21.90619468700004],[88.47580719100006,21.892889023000066],[88.45788574200003,21.895805359000065],[88.48205566400009,21.884971619000055],[88.49124908400006,21.84086036800005],[88.47416687000003,21.835388185000056],[88.44875335700004,21.811639786000057],[88.45249939000007,21.80041694600004],[88.47791290300006,21.78750038100003],[88.46622467000003,21.72497177100007],[88.45996856700003,21.720388412000034],[88.45708465500007,21.725805282000067],[88.45625305100003,21.709972382000046],[88.47291565000006,21.67083358800005],[88.45085907000004,21.612054826000076],[88.42958068800004,21.606695176000073],[88.44041442900004,21.623332977000075],[88.42038726800007,21.65327835200003],[88.41955566400009,21.68666648800007],[88.43455505400004,21.701639175000025],[88.42416381800007,21.71875],[88.42871856700003,21.70002746600005],[88.41371917700008,21.68666648800007],[88.41288757300003,21.651611329000048],[88.43369293200004,21.619943619000026],[88.41497039800004,21.611221313000044],[88.40955352700007,21.592472077000025],[88.39661407500006,21.591249466000022],[88.38622283900008,21.607444763000046],[88.39122009300007,21.623361587000034],[88.38455200200008,21.625833512000042],[88.37955474800003,21.67497253500005],[88.39955902100007,21.69830513000005],[88.40208435000005,21.71997261200005],[88.37247467000003,21.722055435000073],[88.36499786400003,21.731250764000038],[88.36746978700006,21.719583513000032],[88.39705658000008,21.714166641000077],[88.36833190900006,21.682056427000077],[88.34872436500007,21.692472459000044],[88.33955383300008,21.70833397000007],[88.34333038300008,21.72041702200005],[88.32666778500004,21.722026825000057],[88.32869720500008,21.709167480000076],[88.31663513200004,21.70708274800006],[88.30619812000003,21.714166641000077],[88.30747222900004,21.730388641000047],[88.29497528100006,21.705415725000023],[88.27494812000003,21.733722687000068],[88.28119659400005,21.70999908400006],[88.30952453600008,21.674943925000036],[88.30288696300005,21.650806427000077],[88.29455566400009,21.647472383000036],[88.29958343500005,21.64583397000007],[88.28622436600006,21.599138261000064],[88.30958557100007,21.579166413000053],[88.29080200200008,21.556249618000038],[88.24663543700007,21.561222076000035],[88.21536254800003,21.61252784800007],[88.23458099400005,21.635833742000045],[88.23288726800007,21.66663932800003],[88.19875335700004,21.680833818000053],[88.19955444400006,21.688360214000056],[88.21958160500003,21.69830513000005],[88.21202850400005,21.727500916000054],[88.21955871600005,21.761693955000055],[88.20285797100007,21.812444688000028],[88.16872406000005,21.869138718000045],[88.17624664300007,21.92583274800006],[88.15621948200004,21.955804826000076],[88.19288635300006,21.995000840000046],[88.22447204600007,22.074943542000028],[88.21616363500004,22.11824989400003],[88.20703125000006,22.129917146000025],[88.20866394000006,22.149110794000023],[88.18077850300006,22.191194534000033],[88.11997222900004,22.206193925000036],[88.07408142100007,22.207000734000076],[88.05647277800006,22.224332811000068],[88.04827881000006,22.21619415300006],[88.01955413800005,22.222917557000073],[88.01552581800007,22.210889818000055],[88.02161407500006,22.20036125200005],[88.03744506800007,22.207834244000026],[88.06747436600006,22.186166763000074],[88.10414123500004,22.190332414000068],[88.13327789300007,22.18366623000003],[88.18872070300006,22.117416382000044],[88.19033050700006,22.104110717000026],[88.14830780000005,22.059499740000035],[88.07244110100004,22.014528274000043],[88.04827881000006,22.014499664000027],[88.04877471900005,21.994138717000055],[88.02541351300005,21.96166610800003],[88.01288604700005,21.914167406000047],[87.97374725300006,21.854166032000023],[87.91913604800004,21.801250458000027],[87.89328002900004,21.792888641000047],[87.87564086900005,21.81738853400003],[87.89125061100003,21.78997230500005],[87.88710785000006,21.777444839000054],[87.79455566400009,21.699138641000047],[87.80744171200007,21.70122146600005],[87.80416870100004,21.69622230500005],[87.77749633800005,21.690389633000052],[87.75083160400004,21.696193696000023],[87.75413513100006,21.68458366400006],[87.70916748000008,21.660417558000063],[87.65747070300006,21.646223070000076],[87.64202880900007,21.649166107000042],[87.64580535900006,21.65791702200005],[87.63416290300006,21.643722534000062],[87.56747436700005,21.632055282000067],[87.55747222900004,21.63619422900007],[87.54000091500006,21.62455558700003],[87.43413543700007,21.596250534000035],[87.38747406000005,21.57122230500005],[87.34750366200007,21.582916260000047],[87.34049987800006,21.577749253000036],[87.34163665800008,21.570417404000068],[87.37496948200004,21.560417177000033],[87.37666320800008,21.55041694700003],[87.27997589100005,21.556249618000038],[87.19999694800003,21.549583435000045],[87.17996978800005,21.542888643000026],[87.19711303700007,21.554971695000063],[87.18746948300009,21.554582596000046],[87.17208099300007,21.549972534000062],[87.16955566400009,21.538305284000046],[87.20122528100006,21.545000076000065],[87.12752533000008,21.512945175000027],[87.12078094400005,21.518749237000065],[87.12494659400005,21.516222],[87.13291931200007,21.518333436000034],[87.12244415300006,21.520389557000044],[87.10913848800004,21.518749237000065],[87.09247589100005,21.53705596900005],[87.09827423100006,21.52375030500008],[87.11791992200006,21.51413917700006],[87.10874939000007,21.501638412000034],[87.07583618100006,21.472917557000073],[87.05999755900007,21.482055665000075],[87.03874969500004,21.47833251900005],[87.06044769300007,21.469999314000063],[86.99244690000006,21.415416719000063],[86.91999816900005,21.336221695000063],[86.91210937500006,21.33833313100007],[86.91541290300006,21.33161163400007],[86.89619445900007,21.313304901000038],[86.83833313000008,21.204526901000065],[86.83208465600006,21.212444307000055],[86.83455657900004,21.196611404000066],[86.82375335700004,21.17497253500005],[86.83036041300005,21.15913963400004],[86.82707977300004,21.136638641000047],[86.85377502400007,21.065805435000073],[86.89208221400008,21.010026932000073],[86.91291809100005,20.95249939000007],[86.93705749500003,20.91663932800003],[86.96125030600007,20.863277436000033],[86.95375061000004,20.853305818000024],[86.96083068800004,20.854583740000066],[86.97455596900005,20.82077789300007],[86.96749877900004,20.782054902000027],[86.88749695000007,20.797111511000026],[86.86914062600005,20.78791618500003],[86.86761474600007,20.775222778000057],[86.89244079600007,20.767026901000065],[86.99580383300008,20.769611358000077],[87.01122283900008,20.73830604500006],[87.00336456300005,20.712083816000074],[86.94249725400005,20.716222763000076],[86.92578125000006,20.710416793000036],[86.98122406000005,20.70499992400005],[86.96416473400006,20.694555282000067],[86.98580932700008,20.702861787000074],[87.00744628900009,20.701250078000044],[86.99330902100007,20.69874954200003],[86.99835968000008,20.695417405000057],[87.02244567900004,20.697055818000024],[87.06958007800006,20.720806121000066],[86.86911010700004,20.590415956000072],[86.86083221500007,20.592945099000076],[86.85997009300007,20.587083817000064],[86.86711120600006,20.58827781800005],[86.79666900700005,20.540416719000063],[86.76914215100004,20.502861024000026],[86.73163604700005,20.534610748000034],[86.76208496100008,20.502500534000035],[86.74580383300008,20.46875],[86.73830413800005,20.479583741000056],[86.71583557100007,20.47875022900007],[86.73789215200009,20.476667405000057],[86.73124694800003,20.44416618300005],[86.73542022700008,20.41583251900005],[86.72583007800006,20.396249771000043],[86.70791625900006,20.409139633000052],[86.72000122000009,20.39377784800007],[86.73000335700004,20.393722534000062],[86.73580932600004,20.402915954000036],[86.74663543700007,20.40041732700007],[86.73913574200003,20.382888794000053],[86.74580383300008,20.394556046000048],[86.75919342200007,20.39869499300005],[86.75791931200007,20.39163971100004],[86.74461364900003,20.380777360000025],[86.74497222900004,20.377056123000045],[86.76083374000007,20.392110826000078],[86.77913665800008,20.395416261000037],[86.78458404700007,20.385833740000066],[86.76872253500005,20.36997222900004],[86.78788757300003,20.37663841400007],[86.76830291700009,20.328777314000035],[86.73750305200008,20.31122207800007],[86.72914123500004,20.315416337000045],[86.73208618100006,20.309139251000033],[86.72164154200004,20.302083969000023],[86.68955230700004,20.306110382000043],[86.68419647200005,20.291221619000055],[86.67377471900005,20.294137955000053],[86.68833160400004,20.285444260000077],[86.72413635400005,20.293750763000048],[86.78830719000007,20.33952713000002],[86.80541992200006,20.364166260000047],[86.79875183100006,20.346666336000055],[86.73252868700007,20.294584275000034],[86.68166351300005,20.26791572600007],[86.67205810600007,20.274166107000042],[86.67913818300008,20.259611129000064],[86.60583496100008,20.22788810700007],[86.55916595500008,20.19622230500005],[86.53500366200007,20.194555282000067],[86.52085876500007,20.18458366400006],[86.51372528100006,20.170110704000024],[86.54291534400005,20.187528610000072],[86.53910827600004,20.19288825900003],[86.55419159000007,20.19375038100003],[86.52122497600004,20.163305284000046],[86.47789001500007,20.09163856500004],[86.43955230700004,20.05747222900004],[86.43455505400004,20.019138336000026],[86.42253112800006,20.002056121000066],[86.38622284100006,19.976638795000042],[86.38244628900009,19.96544456500004],[86.37458038400007,19.977443695000034],[86.38249969500004,19.98452758700006],[86.37833404500003,19.99124908400006],[86.36660766600005,19.97788810800006],[86.34252929700006,19.980443954000066],[86.32680511500007,19.99358368000003],[86.31500244100005,19.98791694600004],[86.31580352900005,19.980388641000047],[86.32330322200005,19.984556199000053],[86.35083007800006,19.96291732700007],[86.37330627500006,19.958749771000043],[86.37163543700007,19.95208358900004],[86.31166839600007,19.942916870000033],[86.23750305200008,19.90622139000004],[86.24541473400006,19.91247177100007],[86.24333190900006,19.921222687000068],[86.21958160400004,19.910804748000032],[86.23538971000005,19.90413856600003],[86.21663665800008,19.894556047000037],[86.06996917700008,19.851194382000074],[86.05791473400006,19.851667404000068],[86.07377624500003,19.855806350000023],[85.91161346500007,19.823778152000045],[85.91958618100006,19.82083320600003],[85.76583099400005,19.773750306000068],[85.60539245600006,19.713333130000024],[85.67497253400006,19.744527817000062],[85.65583038300008,19.742916107000042],[85.63333130000007,19.72708320600003],[85.63327789300007,19.732915879000075],[85.54000091600005,19.69622230500005],[85.52786254800003,19.679306031000067],[85.59208679200003,19.70327758800005],[85.34327697700007,19.58122253500005],[85.14830780000005,19.44702720600003],[85.09960937500006,19.405805589000067],[85.08330535900006,19.377861023000037],[85.06327819800003,19.370361328000058],[85.04747009300007,19.37708282500006],[85.03794097900004,19.391666412000063],[85.03622436500007,19.37913894600007],[85.05000305100003,19.36788940400004],[85.06663513100006,19.366222381000057],[85.08208465600006,19.374195100000065],[85.00497436500007,19.329526901000065],[84.91747283900008,19.259611131000042],[84.90914154200004,19.278722764000065],[84.90705871600005,19.263334274000044],[84.91539001500007,19.25830650300003],[84.83705902100007,19.184972763000076],[84.79497528100006,19.116222383000036],[84.79750061000004,19.13122177100007],[84.77747345000006,19.10791587800003],[84.74580383300008,19.117055893000042],[84.73705291700009,19.09497261000007],[84.72624969500004,19.09083366400006],[84.74083709700005,19.08791732800006],[84.74583435100004,19.07455635200006],[84.75955200200008,19.08663940400004],[84.76166534400005,19.099582672000054],[84.79289245600006,19.11411094600004],[84.69039154200004,18.966667175000055],[84.58955383300008,18.86330604500006],[84.56122589100005,18.81080627600005],[84.55791473400006,18.790000915000064],[84.47122192400008,18.71166610800003],[84.44208526600005,18.65747261000007],[84.37205505400004,18.594165803000067],[84.36205291800007,18.567472458000054],[84.35327911400003,18.563749315000052],[84.34539032000004,18.572471620000044],[84.35663604900003,18.583749771000043],[84.33455658000008,18.576665879000075],[84.34919738800005,18.560417175000055],[84.33830261200006,18.567888260000075],[84.33750152600004,18.553722382000046],[84.32205200200008,18.549999237000065],[84.30625152500005,18.533306122000056],[84.33916473400006,18.543693544000064],[84.36083221400008,18.565389633000052],[84.35955810500008,18.554138184000067],[84.24414062500006,18.460416793000036],[84.16458129800003,18.385833741000056],[84.13833618200005,18.351222992000032],[84.09955596900005,18.350000383000065],[84.13202667200005,18.343334198000036],[84.12916564900007,18.309555053000054],[84.04166412300003,18.259555817000034],[83.98916626000005,18.242055893000042],[83.99455261300005,18.237499237000065],[83.95166778600003,18.21372223000003],[83.92455291800007,18.229166032000023],[83.94002532900004,18.209554672000024],[83.88744354200009,18.19372177100007],[83.85916900600006,18.17041587800003],[83.81410980300006,18.15455627600005],[83.80661010800003,18.16205596900005],[83.81044769300007,18.154167176000044],[83.67996978800005,18.087028503000056],[83.66830444300007,18.087888717000055],[83.67833709700005,18.08372306900003],[83.58663940400004,18.018749237000065],[83.57041931300006,18.019138337000072],[83.57788848900003,18.01416587800003],[83.56663513200004,18.012083055000062],[83.55625152600004,18.025806428000067],[83.55541992200006,18.01330566400003],[83.57041931300006,18.006639482000026],[83.54372406000005,17.964166642000066],[83.45661163400007,17.90041732800006],[83.46041870100004,17.91419410700007],[83.45958709700005,17.920000076000065],[83.45452880800008,17.92333412100004],[83.45788574200003,17.909973145000038],[83.44541931200007,17.909944534000033],[83.45207977300004,17.902471542000058],[83.44541931200007,17.900833130000024],[83.45664215100004,17.897888183000077],[83.45625305200008,17.890832901000067],[83.44000244200004,17.867860794000023],[83.41541290300006,17.851667405000057],[83.41122436500007,17.808305741000027],[83.38249969600008,17.77291679500007],[83.35038757400008,17.74916648800007],[83.34410858300004,17.722026826000047],[83.29497528100006,17.68872261000007],[83.28289032000004,17.68913841400007],[83.29911041200006,17.685417175000055],[83.29792022700008,17.67583275000004],[83.23791503900009,17.628360748000034],[83.23874664300007,17.614166259000058],[83.21494293200004,17.590389252000023],[83.17747497600004,17.575387955000053],[83.16583252000004,17.562889099000074],[83.02661132800006,17.50958251900005],[83.00622558600008,17.494138717000055],[82.99580383300008,17.473722458000054],[82.88249969500004,17.424583435000045],[82.89622497600004,17.445861818000026],[82.89163971000005,17.447111131000042],[82.87163543700007,17.425416948000077],[82.85494232100007,17.425416948000077],[82.86914062500006,17.415416719000063],[82.75164032000004,17.365417480000076],[82.60166931100008,17.283750535000024],[82.46414184500009,17.188749314000063],[82.30619812100008,17.038333893000072],[82.29119110100004,17.017471313000044],[82.27455902100007,16.944139480000047],[82.25041961700003,16.93580627600005],[82.24786377000004,16.911638260000075],[82.25622558600008,16.895805359000065],[82.25077819800003,16.87536048900006],[82.26164245600006,16.885389329000077],[82.26869201700003,16.871639252000023],[82.28497314400005,16.872055054000043],[82.27664184600008,16.85455513100004],[82.28916931200007,16.866222383000036],[82.30333709700005,16.863721847000022],[82.31708526600005,16.850833892000026],[82.31580352800006,16.841222763000076],[82.32580566400003,16.854583741000056],[82.35583496100008,16.851222992000032],[82.35955810500008,16.824972153000033],[82.36538696300005,16.850000383000065],[82.36208343500005,16.943277359000035],[82.32958221400008,16.98413848900003],[82.33330535900006,16.988750458000027],[82.36289215100004,16.962444305000076],[82.37124633800005,16.909139633000052],[82.36205291700009,16.815834047000067],[82.34191894500003,16.736280441000076],[82.31249511800007,16.731312934000073],[82.29282362300006,16.707800157000065],[82.26891465900007,16.706697727000062],[82.28968858500008,16.696069607000027],[82.33888454900006,16.713484565000044],[82.34519195600006,16.703729631000044],[82.33396148700007,16.698259354000072],[82.33351898200004,16.687620163000076],[82.35532379100005,16.71051979200007],[82.33995056200007,16.716730119000033],[82.35938263000008,16.709419252000032],[82.36609649700006,16.71865081900006],[82.34483337400007,16.727590561000056],[82.36248016400003,16.73208999600007],[82.37001037600004,16.724039078000033],[82.36860656900006,16.71302986300003],[82.32872009300007,16.66554069500006],[82.30885314900007,16.597469330000024],[82.28427978500008,16.641275364000023],[82.25847602100004,16.64961249600003],[82.26598632800005,16.673883192000062],[82.25823486400003,16.68866265300005],[82.25537543400003,16.648010525000075],[82.28231608100003,16.630113255000026],[82.30039215000005,16.584943773000077],[82.29083252000004,16.57122230500005],[82.25872039800004,16.56080627600005],[82.26161194000008,16.55538940400004],[82.29750061100003,16.56458282600005],[82.28369140600006,16.557500839000056],[82.29244232200006,16.557056427000077],[82.30247497600004,16.567888260000075],[82.30455780000005,16.55994415300006],[82.23416900700005,16.542943955000055],[82.02999877900004,16.44124984700005],[82.04958343500005,16.453306199000053],[82.03958129900008,16.463306427000077],[82.04458618200005,16.45413970900006],[82.02619171100008,16.442472458000054],[82.02749633800005,16.43872261200005],[81.96163940500008,16.397054672000024],[81.96350097700008,16.436138154000048],[81.95080566400003,16.39291572600007],[81.87666320800008,16.380388261000064],[81.71910858100006,16.308721542000058],[81.72621917700008,16.34997177100007],[81.72455596900005,16.362472534000062],[81.71708679200003,16.36463928300003],[81.71702575700004,16.32502746600005],[81.70539093000008,16.310832977000075],[81.71163940400004,16.31125068800003],[81.70996856700003,16.30541610800003],[81.69452667300004,16.31247139100003],[81.68830871600005,16.330389024000056],[81.67744445800008,16.324583053000026],[81.54660797100007,16.345388412000034],[81.54164123500004,16.352916719000063],[81.55583190900006,16.348749162000047],[81.56208038300008,16.366638183000077],[81.55747222900004,16.36205482500003],[81.55327606200007,16.372055055000033],[81.55335998600003,16.35208320600003],[81.54247283900008,16.356250764000038],[81.53747558600008,16.35041618400004],[81.47747039800004,16.352916719000063],[81.39785766600005,16.34244537400002],[81.31916809100005,16.30958366400006],[81.27166748100007,16.27702713000002],[81.26747131300004,16.292888641000047],[81.26791381800007,16.273305893000042],[81.22702789400006,16.224166871000023],[81.20708465600006,16.174999238000055],[81.20827484200004,16.193750383000065],[81.19786071800007,16.174139022000077],[81.19997406000005,16.143777847000024],[81.18791961700003,16.14244461000004],[81.20455932600004,16.13830566400003],[81.19125366200007,16.09250068800003],[81.14791870100004,16.013334275000034],[81.15208435000005,15.971666336000055],[81.13666534400005,15.972944260000077],[81.12622070300006,15.99330520600006],[81.13874816900005,15.965000154000052],[81.06455230700004,15.904138566000029],[80.99708557300005,15.822472572000038],[81.00955200200008,15.81000042100004],[81.00830841000004,15.804528238000046],[80.99494171100008,15.817083360000026],[81.00622558600008,15.776638986000023],[81.02744293200004,15.76624965800005],[81.02744293200004,15.789555551000035],[81.03455352800006,15.782500268000035],[81.03125,15.76080513100004],[80.98161315900006,15.774639130000025],[80.99586486800007,15.758749962000024],[81.01291656500007,15.756667138000068],[80.99661254900008,15.741222381000057],[80.97580719000007,15.73791694700003],[80.97538757300003,15.753333093000037],[80.95913696300005,15.758749962000024],[80.97125244200004,15.749972343000024],[80.95749664300007,15.740416528000026],[80.95163726800007,15.732055665000075],[80.97413635200007,15.749555588000078],[80.96869659400005,15.730833053000026],[80.93830871600005,15.710389138000039],[80.89791870100004,15.755000116000076],[80.89538574300008,15.749194145000047],[80.92669677700007,15.719583511000053],[80.92330932600004,15.714583398000059],[80.83164215100004,15.70127773400003],[80.83544158900008,15.750805856000056],[80.81253051700008,15.742083551000064],[80.78458404500003,15.808361055000034],[80.78128051800007,15.854166984000074],[80.78666687000003,15.853694917000041],[80.78871917700008,15.818333626000026],[80.81080627400007,15.779555322000022],[80.80872345000006,15.800000192000027],[80.81625366200007,15.81166648900006],[80.80535888700007,15.842472076000035],[80.76999664300007,15.869527818000051],[80.68250274700006,15.880389213000058],[80.67749786400003,15.889555931000075],[80.67666626000005,15.880389213000058],[80.63996887200005,15.876250267000046],[80.63246917700008,15.884555816000045],[80.62916565000006,15.874555588000078],[80.53580474800003,15.848722458000054],[80.53705596900005,15.854971887000033],[80.52244567900004,15.857083320000072],[80.52833557100007,15.84702777800004],[80.47833252000004,15.828722001000074],[80.37496948300003,15.772083284000075],[80.31122589100005,15.715806007000026],[80.27083587600004,15.667055130000051],[80.26419067400008,15.672082902000056],[80.25958252000004,15.653306007000026],[80.25038909900007,15.651666641000077],[80.26288604700005,15.651638985000034],[80.24041748100007,15.609138488000042],[80.22789001400008,15.542444229000068],[80.21833038300008,15.531222343000024],[80.23208618200005,15.542471885000054],[80.21538543700007,15.508305550000046],[80.20419311500007,15.51205539700004],[80.20705413800005,15.50747203900005],[80.19291687000003,15.501638412000034],[80.20038604700005,15.498332979000054],[80.19747161900005,15.48958301700003],[80.20835876500007,15.492055893000042],[80.21458435000005,15.504166604000034],[80.20452880900007,15.468333244000064],[80.12875366200007,15.375833511000053],[80.09958648600008,15.320805549000056],[80.09913635200007,15.31038856500004],[80.10788726800007,15.328277588000049],[80.08291626000005,15.262527465000062],[80.08958435100004,15.207500459000073],[80.08166504000008,15.182083130000024],[80.06455230700004,15.189999581000052],[80.08041381800007,15.180832864000024],[80.06291961800008,15.14411067900005],[80.04792022700008,15.074138642000037],[80.05374908400006,15.010805130000051],[80.08875274700006,14.878305436000062],[80.09291839600007,14.813333513000032],[80.07788848900003,14.809139253000069],[80.09083557100007,14.803722381000057],[80.09497070300006,14.812083244000064],[80.10871887200005,14.756610872000067],[80.12958526600005,14.728333473000077],[80.11247253400006,14.745388986000023],[80.11374664300007,14.724139213000058],[80.11914062600005,14.733750345000033],[80.13458251900005,14.717444421000039],[80.13955688400006,14.70161151900004],[80.13410949700005,14.692055702000062],[80.14119720500008,14.700833320000072],[80.14038848800004,14.715806007000026],[80.16874694800003,14.62077808500004],[80.18541717500005,14.596666336000055],[80.18161010800003,14.585416794000025],[80.13996887200005,14.565388681000059],[80.18416595500008,14.567916870000033],[80.19580841100003,14.577944755000033],[80.18291473500005,14.522500038000032],[80.16786193900003,14.339138985000034],[80.14538574200003,14.287500383000065],[80.13747406000005,14.244583130000024],[80.13161468500005,14.256221771000071],[80.12208557200006,14.255833626000026],[80.12958526600005,14.25166702200005],[80.12580871500006,14.247916223000061],[80.10372161900005,14.252499581000052],[80.10994720400004,14.241277694000075],[80.11328125000006,14.247083664000058],[80.13708496100008,14.24163913700005],[80.12789154100005,14.184139252000023],[80.14208221400008,14.072472572000038],[80.12622070300006,14.065833092000048],[80.14372253400006,14.069167137000022],[80.15455627500006,14.020805360000054],[80.14875030500008,14.017499925000038],[80.16124725300006,14.009166719000063],[80.24372100800008,13.81416702200005],[80.22497558600008,13.818694114000039],[80.24497222900004,13.812055589000067],[80.25711059600008,13.781639100000064],[80.23791503900003,13.722472192000055],[80.23622131300004,13.644139291000045],[80.31041717500005,13.466666222000072],[80.30541992200006,13.454138757000067],[80.31625366200007,13.434971809000047],[80.30999755900007,13.425389291000045],[80.31580352800006,13.427055359000065],[80.32122039800004,13.415805816000045],[80.31791687000003,13.409138681000059],[80.32707977300004,13.396666526000047],[80.32208252000004,13.389166833000047],[80.33249664300007,13.37622261200005],[80.32202911400003,13.443333625000037],[80.32791900700005,13.439999580000062],[80.34455871500006,13.344166757000039],[80.34622192300003,13.283305169000073],[80.32791900700005,13.232500078000044],[80.31747436500007,13.22955513100004],[80.31372070300006,13.246639252000023],[80.30916595500008,13.20208358900004],[80.32125091600005,13.224166871000023],[80.33125305100003,13.226666452000075],[80.29458618200005,13.121666908000066],[80.29577636700003,13.086222650000025],[80.30330657900004,13.099583626000026],[80.30455780100004,13.090806009000062],[80.28666687000003,13.065416336000055],[80.27622222900004,13.068333626000026],[80.28455352800006,13.06336116700004],[80.27952575700004,13.015805244000035],[80.26413726800007,13.011221885000054],[80.27705383300008,13.006667138000068],[80.25705719000007,12.919166565000069],[80.24916839600007,12.802861213000028],[80.24580383300008,12.825416566000058],[80.24205780000005,12.804972649000035],[80.23294067400008,12.84497261000007],[80.23872375500008,12.803305626000054],[80.22961425800008,12.786611558000061],[80.24036407400007,12.78499984800004],[80.23874664300007,12.79749965800005],[80.24666595500008,12.792083741000056],[80.24747467000003,12.800389290000055],[80.25622558600008,12.780833244000064],[80.18785858100006,12.572444916000052],[80.16455841100003,12.510833740000066],[80.15538787900005,12.511666298000023],[80.16288757500007,12.507499695000035],[80.15625,12.462444305000076],[80.13414001500007,12.431194305000076],[80.11541748100007,12.444167137000022],[80.11497497600004,12.453694343000052],[80.11289215100004,12.44330597000004],[80.13124847400007,12.425805092000076],[80.04460907000004,12.315833091000059],[80.01455688500005,12.264166832000058],[79.97164154200004,12.234582901000067],[79.97580719000007,12.227889061000042],[80.01200103800005,12.258694649000063],[79.87288665800008,12.039972305000049],[79.84541320800008,11.968305587000032],[79.83122253400006,11.903306007000026],[79.82955932600004,11.912500383000065],[79.82416534400005,11.91705513100004],[79.82788848900003,11.90747261000007],[79.81955719000007,11.905777933000024],[79.82961273200004,11.899971962000052],[79.82624816900005,11.881638527000064],[79.81208038300008,11.880777360000025],[79.81578063900008,11.871277809000048],[79.82458496100008,11.876638413000023],[79.80541992100007,11.820805549000056],[79.78285980200008,11.709972383000036],[79.77835846000005,11.70374965800005],[79.77452850300006,11.710778236000067],[79.75875091500006,11.671610832000056],[79.77958679200003,11.700805664000029],[79.75624847400007,11.578305244000035],[79.76288604700005,11.526666641000077],[79.77541351400004,11.50747203800006],[79.76538848900003,11.48499965800005],[79.78169250500008,11.499583246000043],[79.80958557100007,11.437527657000032],[79.83208465600006,11.360777856000027],[79.8125,11.370416641000077],[79.81416320800008,11.362083436000034],[79.77500152600004,11.386221886000044],[79.76125335700004,11.379166603000044],[79.83875274600007,11.352499961000035],[79.83705902100007,11.298333169000045],[79.85705566400003,11.195805550000046],[79.85205841000004,10.837499620000074],[79.84872436500007,10.827500345000033],[79.82702636700003,10.817472459000044],[79.85041809100005,10.824972153000033],[79.86624908400006,10.392472267000073],[79.87872314400005,10.326666832000058],[79.86875152600004,10.341666223000061],[79.87625122100008,10.318333626000026],[79.87494659400005,10.310388566000029],[79.86958313000008,10.321639061000042],[79.87202453600008,10.297472001000074],[79.87872314400005,10.31166649000005],[79.87752532900004,10.322916984000074],[79.88122558600008,10.310832977000075],[79.86080932600004,10.280444145000047],[79.79333496100008,10.272889139000029],[79.81119537400008,10.286639213000058],[79.79830932700008,10.304555894000032],[79.72911071700008,10.325416565000069],[79.68997192400008,10.324583055000062],[79.67250061100003,10.331222534000062],[79.66249847400007,10.347888948000048],[79.66874694800003,10.326611520000029],[79.65833282500006,10.32288932800003],[79.64122009300007,10.335805893000042],[79.63913726800007,10.365416528000026],[79.62541961800008,10.343305588000021],[79.63372039800004,10.340806009000062],[79.62958526600005,10.335805893000042],[79.61413574200003,10.336194040000066],[79.58080291700009,10.312055588000021],[79.55833435000005,10.315388679000023],[79.56038665700004,10.326666832000058],[79.56661224400005,10.332888603000072],[79.59249877900004,10.328694343000052],[79.60500335700004,10.346278192000057],[79.54541778500004,10.349971771000071],[79.54792022700008,10.34163856500004],[79.53958130000007,10.337471962000052],[79.55202484100005,10.325833321000061],[79.54333496100008,10.323721885000054],[79.53494262700008,10.332055093000065],[79.52083587700008,10.329583168000056],[79.51747131300004,10.340416908000066],[79.50830841100003,10.342916488000071],[79.49583435100004,10.331250190000048],[79.49833679200003,10.341250419000062],[79.47914123500004,10.339555742000073],[79.46163940400004,10.349583627000072],[79.45919799800004,10.341250419000062],[79.49205780100004,10.328305244000035],[79.46121978800005,10.328332901000067],[79.46833038400007,10.322055818000024],[79.52413940400004,10.314555169000073],[79.51083374000007,10.308694839000054],[79.39330291700009,10.320361137000077],[79.38208007800006,10.314971924000076],[79.37830352800006,10.296222688000057],[79.33916473400006,10.287083627000072],[79.29413604700005,10.26038932800003],[79.27122497500005,10.233277322000049],[79.27872467100008,10.210805893000042],[79.24285888700007,10.182499887000063],[79.24208068900003,10.157444],[79.23124694800003,10.146666528000026],[79.23039245600006,10.13661098600005],[79.23958587700008,10.129138948000048],[79.22955322400009,10.097472192000055],[79.24038696300005,10.075805665000075],[79.25375366200007,10.069167137000022],[79.25291442800005,10.052472116000047],[79.26791381800007,10.039972305000049],[79.24500274600007,10.026249887000063],[79.15625,9.930805207000049],[79.15458679200003,9.917471887000033],[79.12875366300005,9.893333435000045],[79.12208557100007,9.864999771000043],[79.11205291900006,9.863333702000034],[79.12455749500003,9.855833053000026],[79.09122467000003,9.825778007000054],[79.06122589100005,9.776666641000077],[79.03538513200004,9.761638641000047],[78.99539184600008,9.711667061000071],[78.97372436500007,9.669972421000068],[78.96458435000005,9.629166604000034],[78.94541931200007,9.614999772000033],[78.93125152500005,9.586667061000071],[78.91955566400003,9.492527962000054],[78.90039062500006,9.486666679000052],[78.92202758800005,9.435028077000027],[78.99955749500003,9.347472191000065],[78.99455261400004,9.340777397000068],[78.99874877900004,9.333360673000072],[78.99494171100008,9.331250191000038],[78.95919799800004,9.340416908000066],[78.99583435100004,9.32955551300006],[79.00119781500007,9.33333301500005],[78.99749755900007,9.342055321000032],[79.00416564900007,9.341221810000036],[79.06080627500006,9.298722267000073],[79.12664032000004,9.28705596900005],[79.14080810500008,9.292888641000047],[79.18914031900005,9.280388833000075],[79.09083557100007,9.258749962000024],[78.96583557200006,9.271222116000047],[78.93083190900006,9.266194343000052],[78.91083526700004,9.24788856500004],[78.86086273200004,9.251277925000068],[78.73332977300004,9.207916260000047],[78.71958160400004,9.19669437400006],[78.72002410900006,9.18538856500004],[78.66664123500004,9.188777925000068],[78.64622497600004,9.17249965800005],[78.65958404600008,9.152444839000054],[78.60830688400006,9.143750192000027],[78.58335876400008,9.127111435000074],[78.53250122100008,9.132888794000053],[78.48625183100006,9.124138832000028],[78.49291992200006,9.13080596900005],[78.49166870100004,9.141222001000074],[78.48244476300005,9.123722078000071],[78.41580200200008,9.108722687000068],[78.37244415300006,9.07708358800005],[78.36830902100007,9.092055321000032],[78.37039184600008,9.075027466000051],[78.36247253400006,9.067028046000075],[78.27252960200008,9.001194],[78.26875305200008,9.01333332200005],[78.28041839600007,9.012444497000047],[78.26583099400005,9.017916681000031],[78.26705932600004,9],[78.20625305200008,8.953305244000035],[78.17202758800005,8.884139061000042],[78.16955566400003,8.82411098600005],[78.15958404600008,8.800805092000076],[78.16371917700008,8.756667137000022],[78.16000366200007,8.752055168000027],[78.13246917900005,8.762916566000058],[78.12538909900007,8.761666298000023],[78.16002655000005,8.749583244000064],[78.16541290300006,8.754166604000034],[78.16913604700005,8.770416260000047],[78.19083404500003,8.763750076000065],[78.19791412400008,8.772472381000057],[78.19372558600008,8.785805702000062],[78.20122528100006,8.784999847000051],[78.19877624500003,8.758305550000046],[78.16958618100006,8.743277549000027],[78.15621948200004,8.709972381000057],[78.13705444300007,8.690833091000059],[78.12955474800003,8.648333551000064],[78.12377929700006,8.650805473000048],[78.12666320800008,8.639527322000049],[78.10955810600007,8.639166832000058],[78.12836456300005,8.637944223000034],[78.13627624500003,8.59749984900003],[78.11833190900006,8.589555741000027],[78.11494445900007,8.580416681000031],[78.13416290300006,8.59375],[78.13955688500005,8.588333130000024],[78.12372589100005,8.52747249600003],[78.13122558600008,8.494999887000063],[78.06952667400003,8.421694755000033],[78.06041717500005,8.384944917000041],[78.04830932600004,8.388722420000022],[78.04372406000005,8.383333207000021],[78.06999969400005,8.373722076000035],[78.00749969500004,8.35122203800006],[77.89669799800004,8.273722649000035],[77.80666351300005,8.24038887000006],[77.78708648700007,8.223333359000037],[77.77869415400005,8.19497203900005],[77.74666595400004,8.175416946000041],[77.70747375500008,8.162888528000053],[77.62580871600005,8.152916909000055],[77.58413696200006,8.13705539800003],[77.56375122100008,8.118305208000038],[77.55960845900006,8.092499733000068],[77.56708526600005,8.088333130000024],[77.55000305200008,8.073694230000058],[77.45083618200005,8.092027664000057],[77.33666992100007,8.12622261000007],[77.31666564900007,8.12288856500004],[77.28833007800006,8.154555322000022],[77.24333190900006,8.17288875600002],[77.18291473400006,8.216666223000061],[77.16413879400005,8.249610902000029],[77.16580200200008,8.238750459000073],[77.01247406000005,8.350388527000064],[76.99666595400004,8.373777389000054],[76.97208404500003,8.388360977000048],[76.97372436500007,8.396666527000036],[76.95619201700003,8.420000076000065],[76.97125244100005,8.409944535000022],[76.95539093000008,8.439999581000052],[76.94955444400006,8.4375],[76.95502471900005,8.423749925000038],[76.69955444300007,8.736694337000074],[76.64038848900003,8.824972153000033],[76.60166931200007,8.865444184000069],[76.57746887200005,8.87874984900003],[76.56833648700007,8.875389099000074],[76.54619598400006,8.899999618000038],[76.54413604700005,8.932055473000048],[76.56327820000007,8.925416948000077],[76.56911468500005,8.912888527000064],[76.57164001500007,8.920389175000025],[76.60294342100008,8.934166909000055],[76.59244537400008,8.941277504000027],[76.58999633800005,8.932027817000062],[76.57291412300003,8.926638604000061],[76.59711456300005,8.946639061000042],[76.59997558600008,8.971194267000044],[76.60622406000005,8.96997261000007],[76.60663604700005,8.951250078000044],[76.61708069000008,8.95913887000006],[76.60958099400005,8.962499620000074],[76.61416626000005,8.967916488000071],[76.62702941900005,8.964138986000023],[76.62208557100007,8.954972267000073],[76.62913513200004,8.947083475000056],[76.64538574200003,8.951666832000058],[76.63124847400007,8.953332901000067],[76.63327789300007,8.968694688000028],[76.63578033400006,8.960416794000025],[76.64244079600007,8.966250420000051],[76.65164184500003,8.957083703000023],[76.66000366300005,8.963694572000065],[76.66249847500006,8.953694343000052],[76.67205810500008,8.964166642000066],[76.66288757300003,8.964944840000044],[76.66830444400006,8.973722458000054],[76.65249633800005,8.967055322000022],[76.65249633800005,8.975388527000064],[76.64663696300005,8.969555855000067],[76.63205719000007,8.979166985000063],[76.65413665700004,8.984582902000056],[76.66122436500007,8.97833347300002],[76.65791320800008,8.989138604000061],[76.66625213600008,8.99416637400003],[76.64705658000008,8.987472535000052],[76.64497375500008,8.998749734000057],[76.63330841100003,8.986222268000063],[76.62750244200004,8.991250038000032],[76.62952423100006,8.983305932000064],[76.61997222900004,8.975417137000022],[76.61080932700008,8.975417137000022],[76.60749816900005,8.990416528000026],[76.59747314400005,8.981194496000057],[76.59786224400005,8.990860939000072],[76.58750152600004,8.993694306000066],[76.56666565000006,8.947055818000024],[76.55916595400004,8.945416452000075],[76.56330871600005,8.954527856000027],[76.54955291700009,8.95833301700003],[76.56372070300006,8.962471962000052],[76.55791473400006,8.967472077000025],[76.57624816900005,8.976638794000053],[76.57247161900005,8.982055665000075],[76.54333496200007,8.957027436000033],[76.53663635200007,8.96119403800003],[76.54544067400008,8.938305856000056],[76.53871917900005,8.934139253000069],[76.51288604800004,9.024138450000066],[76.46035766600005,9.135805130000051],[76.47035980200008,9.11911106100007],[76.47583007800006,9.116222382000046],[76.47997283900008,9.125389100000064],[76.48664093000008,9.11458301500005],[76.48039245700005,9.155027391000033],[76.48419189400005,9.165389061000042],[76.48913574200003,9.163777351000022],[76.49580383300008,9.167888641000047],[76.47789001500007,9.16749954200003],[76.47875213600008,9.147500038000032],[76.47247314400005,9.142083168000056],[76.44374847500006,9.197472572000038],[76.44205474900008,9.23333358800005],[76.42830658000008,9.249555589000067],[76.42294311500007,9.239138603000072],[76.45202636700003,9.173277856000027],[76.44872284000007,9.16669464100005],[76.45786285400004,9.159138679000023],[76.45791626000005,9.141666412000063],[76.38455200200008,9.307499887000063],[76.39583587800007,9.323721887000033],[76.38916778600003,9.337916375000077],[76.38955688500005,9.319999695000035],[76.38202667200005,9.315833092000048],[76.35708618100006,9.364972114000068],[76.31958007800006,9.475028038000062],[76.29705810600007,9.607444763000046],[76.28375244100005,9.74416637400003],[76.28874969500004,9.749944688000028],[76.28291320800008,9.751638412000034],[76.23622131300004,9.95994472600006],[76.24500274700006,9.971221925000066],[76.25661468500005,9.96452808500004],[76.27166748100007,9.930360794000023],[76.27716827400008,9.93322181700006],[76.26875305200008,9.938305856000056],[76.25785827800007,9.970833778000042],[76.27416992200006,9.966250419000062],[76.28800201400009,9.946611404000066],[76.27038574200003,9.99083328200004],[76.27622222900004,10.004972459000044],[76.26711273200004,10.025860788000045],[76.25955200200008,10.022500038000032],[76.27041626000005,10.032500267000046],[76.24402618400006,10.03591633000002],[76.23039245600006,10.01830577800007],[76.23955535900006,10.003333092000048],[76.24083709700005,9.972916604000034],[76.23619079500008,9.986666679000052],[76.21955871600005,9.999111177000032],[76.17958068900003,10.108333587000061],[76.18003082300004,10.11786079500007],[76.19286346500007,10.09997177200006],[76.18708038300008,10.131638527000064],[76.17208099400005,10.139944076000063],[76.18289184600008,10.144166946000041],[76.16789245600006,10.180000306000068],[76.17330932700008,10.182888986000023],[76.17830657900004,10.174555779000059],[76.17833709700005,10.183750152000073],[76.20830535900006,10.195388794000053],[76.19580841100003,10.200388910000072],[76.15958404500003,10.18666648900006],[76.16163635200007,10.17788887000006],[76.15625,10.184166909000055],[76.11122131300004,10.349971771000071],[76.04497528100006,10.499555588000021],[76.05916595400004,10.475388528000053],[76.05955505400004,10.488305093000065],[76.03375244200004,10.527500154000052],[76.05664062500006,10.533749580000062],[76.06333160400004,10.524582864000024],[76.05369568000003,10.541666984000074],[76.0625,10.536250116000076],[76.06536102300004,10.54330539800003],[76.04497528100006,10.552055360000054],[76.04705810500008,10.534166336000055],[76.03121948200004,10.534166336000055],[76.02835846000005,10.527860642000064],[75.94288635200007,10.722499847000051],[75.94541931200007,10.752471924000076],[75.93827819800003,10.733722688000057],[75.93035888700007,10.76577758700006],[75.91955566400003,10.778333665000048],[75.95500183100006,10.803722381000057],[75.95788574300008,10.816638946000069],[75.94419097900004,10.801221849000058],[75.91664123500004,10.793722153000033],[75.92038726800007,10.807499886000073],[75.91000366200007,10.827055931000075],[75.91619110100004,10.806638717000055],[75.91208648700007,10.784944534000033],[75.88208007800006,10.936638832000028],[75.83786010700004,11.101638794000053],[75.82622528100006,11.11997223000003],[75.84124755800008,11.127471925000066],[75.84833526600005,11.141222],[75.86624908400006,11.124972343000024],[75.86460876500007,11.115805627000043],[75.86955261300005,11.124111175000053],[75.84666442900004,11.143750191000038],[75.82583618100006,11.123722076000035],[75.80538940500008,11.154944421000039],[75.80999755900007,11.16125011400004],[75.82872009300007,11.156611444000077],[75.81372070300006,11.162444116000074],[75.82711029000006,11.17913913700005],[75.81663513200004,11.179555894000032],[75.80371856700003,11.162471771000071],[75.78041839600007,11.222499847000051],[75.78747558600008,11.233722687000068],[75.80083465600006,11.231222153000033],[75.80166626000005,11.233750343000054],[75.78666687000003,11.23705577800007],[75.77791595400004,11.228361130000053],[75.74708557100007,11.316638946000069],[75.73542022700008,11.33080577800007],[75.73705291700009,11.351638794000053],[75.74541473400006,11.344944001000044],[75.74705505400004,11.35499954200003],[75.75791931200007,11.359972],[75.73542022700008,11.356638909000026],[75.73371887200005,11.346638679000023],[75.71875,11.389972688000057],[75.68872070300006,11.439944267000044],[75.65997314400005,11.463749886000073],[75.64913940500008,11.467888833000075],[75.63580322300004,11.461277961000064],[75.62041473400006,11.475832939000043],[75.59622192400008,11.54994487700003],[75.60208129800003,11.544944764000036],[75.59958648600008,11.569999695000035],[75.58663940500008,11.590389251000033],[75.59208679200003,11.575805664000029],[75.58958435100004,11.570805551000035],[75.53205871600005,11.701611520000029],[75.54291534400005,11.710778236000067],[75.52749633700006,11.706222534000062],[75.51125335700004,11.727499962000024],[75.49708557100007,11.73333358800005],[75.47541809100005,11.763278007000054],[75.48997497600004,11.76458358800005],[75.47541809100005,11.768278123000073],[75.48666381900006,11.780444146000036],[75.46830749500003,11.765360832000056],[75.45625305100003,11.77244472600006],[75.46453094500004,11.780805589000067],[75.46294403100006,11.804139139000029],[75.46208190900006,11.78166675600005],[75.45294189400005,11.782500268000035],[75.45502472000004,11.777889253000069],[75.38333129800003,11.857889177000061],[75.36666870100004,11.851249695000035],[75.35541534400005,11.861666679000052],[75.33702850300006,11.89416694700003],[75.31791687000003,11.905805588000021],[75.32125091600005,11.915778161000048],[75.30041503900003,11.94330597000004],[75.30413818300008,11.949583053000026],[75.34455871600005,11.93333339700007],[75.31791687000003,11.952500343000054],[75.30958557100007,11.965806007000026],[75.31455230800003,11.970000267000046],[75.30369567800005,11.970027923000032],[75.31416320800008,11.950416566000058],[75.28080749500003,11.995416642000066],[75.30455780000005,11.954166412000063],[75.29250335700004,11.952055932000064],[75.23205566400003,12.021666526000047],[75.20124816900005,12.004111291000072],[75.12041473400006,12.194999696000025],[75.12496948300003,12.202055931000075],[75.13021850600006,12.197860719000062],[75.13122558600008,12.212499620000074],[75.11711120700005,12.214638710000031],[75.12374878000008,12.203305244000035],[75.11791992200006,12.202444078000042],[75.04877471900005,12.369972229000041],[75.00455474800003,12.43747234400007],[75.00538635200007,12.441666604000034],[75.01000213600008,12.442055702000062],[75.01413726800007,12.447055817000034],[75.00333404500003,12.44124984900003],[74.98538971000005,12.47749996300007],[75.00333404500003,12.468694687000038],[75.00205230700004,12.491611480000074],[75,12.47455596900005],[74.98247528000007,12.497083664000058],[74.98538971000005,12.481638908000036],[74.97961425800008,12.487472534000062],[74.93369293200004,12.593305588000021],[74.93035888700007,12.604971887000033],[74.94208526600005,12.585833549000029],[74.93622589100005,12.614138604000061],[74.92913818300008,12.607083320000072],[74.88869476300005,12.699972152000043],[74.89244079600007,12.703722001000074],[74.90041351300005,12.692472459000044],[74.89541626000005,12.704166412000063],[74.88372039800004,12.706639291000045],[74.82538604700005,12.83833313100007],[74.84330749500003,12.822889329000077],[74.84703064000007,12.82830524600007],[74.84002685600007,12.832027435000043],[74.86955261200006,12.833305359000065],[74.86663818300008,12.841221811000025],[74.84580230700004,12.838749885000027],[74.83210754400005,12.847472191000065],[74.82289123500004,12.899999618000038],[74.81391906700003,12.907527924000021],[74.83041381900006,12.845805169000073],[74.82211303700007,12.849194526000076],[74.80705261200006,12.914972305000049],[74.82041931100008,12.927444458000025],[74.80452728200004,12.929166794000025],[74.77536010700004,13.064999580000062],[74.77583313000008,13.074583055000062],[74.78083038300008,13.058750154000052],[74.78119659400005,13.08997249600003],[74.77744293200004,13.09541702200005],[74.77500152600004,13.077055931000075],[74.71871948200004,13.279972076000035],[74.71455383300008,13.317472458000054],[74.69541931100008,13.343277931000046],[74.71372222900004,13.334972381000057],[74.69622039800004,13.348333360000026],[74.69125366200007,13.444167138000068],[74.69499969500004,13.451222421000068],[74.69622039800004,13.41499996300007],[74.70747375500008,13.409555436000062],[74.70288848900003,13.43333339700007],[74.71414184600008,13.433750154000052],[74.71871948200004,13.439138412000034],[74.71958160500003,13.452472687000068],[74.70664215100004,13.437055589000067],[74.69875335700004,13.446639061000042],[74.69955444400006,13.467472077000025],[74.69705200200008,13.454166414000042],[74.68877410900006,13.462471962000052],[74.66625213600008,13.630861284000048],[74.67205810500008,13.632472040000039],[74.68000030500008,13.605388641000047],[74.67913818400007,13.63374996300007],[74.70249939100006,13.637110710000059],[74.70083618300004,13.626250267000046],[74.70666503900003,13.637110710000059],[74.72083282500006,13.632861138000067],[74.72205352800006,13.63833332200005],[74.69830322200005,13.653750420000051],[74.67952728300008,13.649999618000038],[74.68622589100005,13.65586090000005],[74.67958068900003,13.656639099000074],[74.67791748100007,13.681694031000063],[74.66911315900006,13.663749695000035],[74.67461395300006,13.648305894000032],[74.66958618100006,13.636666299000069],[74.65039062500006,13.664138795000042],[74.62622070300006,13.796667099000047],[74.58452606200007,13.920805932000064],[74.58958435100004,13.919138910000072],[74.58583069000008,13.922916412000063],[74.57624816900005,13.923305511000024],[74.56749725300006,13.945388795000042],[74.54744720600007,13.944555282000067],[74.54577636700003,13.954555511000024],[74.51291656600006,13.986639023000066],[74.50289154000006,14.023305893000042],[74.51419067400008,14.026277543000049],[74.52666473400006,14.020444871000052],[74.52919769300007,14.022055627000043],[74.50958252000004,14.030777931000046],[74.50749969500004,14.042111398000031],[74.50205230700004,14.026638986000023],[74.48869323700006,14.088277817000062],[74.48122406000005,14.090833664000058],[74.48708343500005,14.099111558000061],[74.46705627500006,14.191694260000077],[74.45455932600004,14.197527887000035],[74.44372558600008,14.220000267000046],[74.42710876400008,14.277500153000062],[74.45497131300004,14.245388986000023],[74.47250366200007,14.252916336000055],[74.49083709700005,14.242888450000066],[74.51708221400008,14.24163913700005],[74.49291992200006,14.254944801000022],[74.48625183100006,14.265805245000024],[74.49372101000006,14.267472267000073],[74.48169708300003,14.277028084000051],[74.44249725400005,14.27208328200004],[74.42871856700003,14.288277626000024],[74.42744445800008,14.30872249600003],[74.42205810500008,14.299972534000062],[74.43038940400004,14.283305168000027],[74.42202758800005,14.285805703000051],[74.39372253400006,14.413305284000046],[74.40502929600007,14.417916297000033],[74.40916442900004,14.408749582000041],[74.40955352800006,14.414999962000024],[74.40577697800006,14.419583320000072],[74.38291931100008,14.416666984000074],[74.37205505400004,14.46997261200005],[74.36044311500007,14.496639251000033],[74.34958648700007,14.50163841400007],[74.37744140600006,14.525888444000032],[74.37122345000006,14.535805702000062],[74.37747192400008,14.538749695000035],[74.38333130000007,14.530388832000028],[74.38288879400005,14.539111137000077],[74.36289215100004,14.540778160000059],[74.36666870100004,14.547916414000042],[74.37708282400007,14.545805931000075],[74.36458587800007,14.550777436000033],[74.37161254900008,14.562055588000021],[74.35330200200008,14.537083625000037],[74.34580230700004,14.542916298000023],[74.35330200200008,14.518722534000062],[74.34163665700004,14.511221886000044],[74.31080627400007,14.517916680000042],[74.31291961600004,14.541666984000074],[74.29205322300004,14.594139099000074],[74.30080413800005,14.587055208000038],[74.31996917700008,14.600360872000067],[74.34994506800007,14.597861290000026],[74.34958648700007,14.60413932800003],[74.32744598400006,14.608722687000068],[74.31416320800008,14.59955596900005],[74.32208251900005,14.609167100000036],[74.31327820000007,14.61538887000006],[74.31119537300003,14.600000383000065],[74.29000091600005,14.596194268000033],[74.26791381800007,14.62416648900006],[74.27911377000004,14.623722077000025],[74.28247070300006,14.64124965600007],[74.29333496200007,14.636221887000033],[74.29621887200005,14.638305664000029],[74.27874755900007,14.647500038000032],[74.27705383300008,14.655805587000032],[74.29119110100004,14.659999847000051],[74.27622222900004,14.659138679000023],[74.28035736000004,14.673333168000056],[74.26541900600006,14.700833320000072],[74.25455474900008,14.704944612000077],[74.27830505400004,14.708749772000033],[74.28372192400008,14.712499618000038],[74.26997375500008,14.71205520600006],[74.26916503900003,14.721249580000062],[74.26125335700004,14.709972382000046],[74.24788665800008,14.735805511000024],[74.23336029000006,14.744610788000045],[74.22247314400005,14.732916832000058],[74.20372009400006,14.734167099000047],[74.20586395200007,14.713749885000027],[74.19041442900004,14.723333360000026],[74.17996978800005,14.744583130000024],[74.16291809100005,14.749194146000036],[74.16911316000005,14.76038932800003],[74.15413665800008,14.742083551000064],[74.15455627400007,14.758333207000021],[74.13872528100006,14.775833129000034],[74.11750030600007,14.771222116000047],[74.11497497600004,14.783721924000076],[74.10916900600006,14.780388832000028],[74.09208679200003,14.800805092000076],[74.11250305200008,14.801221849000058],[74.11080932600004,14.793749809000076],[74.12000274700006,14.798722268000063],[74.12580871600005,14.83705520600006],[74.16416931200007,14.837082863000035],[74.16163635300006,14.817083359000037],[74.17124938900008,14.837444305000076],[74.15869140600006,14.842499733000068],[74.16747283900008,14.849611283000058],[74.16471862800006,14.85855579500003],[74.13249969500004,14.842055322000022],[74.11830902100007,14.847916604000034],[74.12702941900005,14.83997249600003],[74.11538696400004,14.840806009000062],[74.09705352800006,14.891638757000067],[74.07663726800007,14.907055855000067],[74.05833435200003,14.90625],[74.04122161900005,14.917471887000033],[74.04294586200007,14.946639062000031],[74.05458068800004,14.954972267000073],[74.03375244100005,14.980833055000062],[74.05127716100003,14.984167100000036],[74.03710937500006,14.983305931000075],[74.03538513100006,14.997471809000047],[74.01914215100004,15.014611246000072],[74.01496887300004,15.009583473000077],[73.99202728300008,15.018333435000045],[73.98419189500004,15.053750039000022],[73.97663879400005,15.048722267000073],[73.95497131400003,15.072055816000045],[73.93080902100007,15.083722115000057],[73.91291809100005,15.083277702000032],[73.92624664300007,15.095805169000073],[73.92038726800007,15.10827732100006],[73.93708038300008,15.114166261000037],[73.93708038300008,15.131610870000031],[73.94666290300006,15.140388490000078],[73.95708465700005,15.135833740000066],[73.95627594000007,15.15747261000007],[73.94919586200007,15.142861366000034],[73.89785766600005,15.328305244000035],[73.87750244200004,15.367083549000029],[73.84330749500003,15.357083320000072],[73.80836486800007,15.375444413000025],[73.80708313000008,15.391666412000063],[73.79244232200006,15.392916680000042],[73.78455352800006,15.408305168000027],[73.79666900700005,15.412917138000068],[73.80828094500004,15.39788913700005],[73.81833648700007,15.409583092000048],[73.82583618200005,15.402916910000044],[73.84413909900007,15.408749581000052],[73.84661102300004,15.398722650000025],[73.86830902100007,15.402111053000056],[73.87664032000004,15.396222114000068],[73.88583374100006,15.40041637400003],[73.88522339000008,15.427555084000062],[73.86413574200003,15.427916526000047],[73.84827423100006,15.450388908000036],[73.80247497600004,15.45036125200005],[73.78874969400005,15.45913887000006],[73.80625152600004,15.464166641000077],[73.80955505400004,15.486694337000074],[73.82608032200005,15.503833772000064],[73.81913757300003,15.508722307000028],[73.80997467000003,15.494610786000067],[73.78166961700003,15.49788856500004],[73.78791809000006,15.494138719000034],[73.76999664400006,15.489555360000054],[73.76127624500003,15.532444],[73.73377990700004,15.588305475000027],[73.73750305300007,15.607916832000058],[73.75077819800003,15.604555130000051],[73.75788879400005,15.61330509100003],[73.74872589100005,15.62083339700007],[73.78958129800003,15.652444841000033],[73.77586364800004,15.650416375000077],[73.73371887200005,15.614944458000025],[73.69122314400005,15.713305473000048],[73.71580505400004,15.722916604000034],[73.71624755900007,15.729166985000063],[73.70749664300007,15.733722687000068],[73.69580841000004,15.71872234500006],[73.68080902100007,15.718750001000046],[73.65288543700007,15.740805626000054],[73.66830444300007,15.754555702000062],[73.67622375600007,15.751667023000039],[73.66999816900005,15.758749962000024],[73.66458129900008,15.754166603000044],[73.65541839600007,15.788332940000032],[73.66625213700007,15.808305740000037],[73.65580749500003,15.79125023000006],[73.63869476300005,15.813305855000067],[73.62958526600005,15.849166871000023],[73.61127471900005,15.862500191000038],[73.62919616700003,15.871222497000076],[73.61166381800007,15.865416526000047],[73.59038543800006,15.90747261100006],[73.59752655000005,15.921222687000068],[73.58747100800008,15.909583093000037],[73.57328033500005,15.911250116000076],[73.53833007800006,15.939611435000074],[73.53500366200007,15.932055473000048],[73.51122283900008,15.938333511000053],[73.50375366200007,15.95330524600007],[73.50872039800004,15.961667061000071],[73.50910949700005,15.989555360000054],[73.49872589100005,15.984167100000036],[73.50497436500007,15.96372223000003],[73.48705291700003,15.988305093000065],[73.49208068900003,16.014110566000056],[73.48208618200005,16.038333893000072],[73.45705413800005,16.05330467300007],[73.47372436500007,16.072471618000066],[73.46663665700004,16.072082520000038],[73.45952606200007,16.085805893000042],[73.47619628900003,16.09577751200004],[73.46702575700004,16.105833053000026],[73.47372436500007,16.131639482000026],[73.46663665700004,16.140417100000036],[73.46247100800008,16.091222764000065],[73.43875122000003,16.19416618300005],[73.44750213700007,16.190389633000052],[73.44622039800004,16.200834274000044],[73.45625305200008,16.212499620000074],[73.44958496100008,16.215026857000055],[73.45161438000008,16.22541618500003],[73.43044281000005,16.199167251000063],[73.41294097900004,16.272472382000046],[73.41666412400008,16.281221389000052],[73.42749786300004,16.279582977000075],[73.43499755900007,16.283721925000066],[73.42247009300007,16.282083511000053],[73.41913604700005,16.289583207000078],[73.40869140600006,16.274166107000042],[73.38539123600003,16.335805894000032],[73.39083099400005,16.35952758800005],[73.39997100900007,16.353750228000024],[73.42788696300005,16.371639252000023],[73.40663909900007,16.359556199000053],[73.39416503900003,16.367027282000038],[73.37413787800006,16.358722687000068],[73.36708068900003,16.379167557000073],[73.37080383400007,16.38872146600005],[73.375,16.37622261000007],[73.38830566400003,16.39291572600007],[73.40164184500003,16.38958358900004],[73.41000366200007,16.407083512000042],[73.46875,16.413305282000067],[73.42580413800005,16.409555436000062],[73.40750122100008,16.415388109000048],[73.39663696300005,16.399583818000053],[73.36997223000003,16.39455604500006],[73.35788726800007,16.44083404500003],[73.36750030500008,16.436195375000068],[73.38788604800004,16.44836044400006],[73.35327911400003,16.442916871000023],[73.32707977300004,16.510833740000066],[73.31708526600005,16.51080513000005],[73.31288909900007,16.53997230500005],[73.32080841000004,16.554555893000042],[73.32419586100008,16.549583435000045],[73.33669281000005,16.560417176000044],[73.34791564900007,16.528305055000033],[73.36458587700008,16.51416587800003],[73.35208129800003,16.51330566400003],[73.35291290200007,16.499139785000068],[73.36244201600005,16.477945329000022],[73.35541534400005,16.499971389000052],[73.36083221500007,16.50708389400006],[73.41833496100008,16.51038932800003],[73.44374847400007,16.499971389000052],[73.42497253400006,16.512056350000023],[73.40000152600004,16.510416031000034],[73.36247253400006,16.523721695000063],[73.35747528100006,16.53705596900005],[73.37544250500008,16.537500383000065],[73.35416412400008,16.541221620000044],[73.34911346600006,16.554555893000042],[73.37249755800008,16.547056198000064],[73.38835907000004,16.552055359000065],[73.40002441400003,16.543693542000028],[73.40955352800006,16.556638717000055],[73.35913848900003,16.552917480000076],[73.35874939000007,16.56416702200005],[73.34833526600005,16.56372261200005],[73.34416961700003,16.577054977000046],[73.33164215100004,16.57622146700004],[73.31874847400007,16.598333359000037],[73.33249664400006,16.606250763000048],[73.35414123500004,16.59291648800007],[73.34291839600007,16.60580635200006],[73.35453033500005,16.611639023000066],[73.35497283900008,16.62208366400006],[73.37330627400007,16.628723146000027],[73.38372039800004,16.61330604500006],[73.38041687000003,16.598304748000032],[73.40077972400007,16.588750839000056],[73.38455200200008,16.600860597000064],[73.38996887200005,16.614555358000075],[73.40211486800007,16.615804672000024],[73.39080810600007,16.63538932800003],[73.37503051900006,16.630388260000075],[73.37163543800006,16.636222841000063],[73.34916687000003,16.619556427000077],[73.33286285400004,16.619138717000055],[73.34208679200003,16.632472992000032],[73.33333587600004,16.63958358700006],[73.32666778600003,16.634527207000076],[73.32455444500005,16.64330482400004],[73.33458709700005,16.647443773000077],[73.33208465600006,16.682500841000035],[73.34291839600007,16.68247223000003],[73.34539032000004,16.691667556000027],[73.33080291800007,16.685417176000044],[73.32160949700005,16.69372177300005],[73.30708313000008,16.728305817000034],[73.31038665800008,16.785833359000037],[73.31958007800006,16.804166794000025],[73.33166504000008,16.809583665000048],[73.34291839600007,16.785804748000032],[73.34622192400008,16.79497146700004],[73.33122253400006,16.82250023000006],[73.34625244100005,16.828306198000064],[73.33247375500008,16.827917099000047],[73.31663513200004,16.805389405000028],[73.29702758800005,16.813333511000053],[73.28874969500004,16.840805054000043],[73.28871917700008,16.856637955000053],[73.29624938900008,16.86083412200003],[73.28874969500004,16.879138948000048],[73.29750061100003,16.88872146600005],[73.31708526600005,16.883333207000078],[73.29836273200004,16.898721695000063],[73.27791595500008,16.890806198000064],[73.28624725500003,16.913305282000067],[73.28205871600005,16.92830467400006],[73.29035949700005,16.931638718000045],[73.28291320800008,16.95247268600002],[73.29372406000005,16.955833436000034],[73.29666900700005,16.980417252000052],[73.30622100800008,16.958333969000023],[73.33164215100004,16.944555283000057],[73.33041381800007,16.96750068800003],[73.31414032000004,16.961221695000063],[73.31333160400004,16.97705650300003],[73.30750274600007,16.971221924000076],[73.30500030500008,16.982084274000044],[73.29080200200008,16.988750458000027],[73.27202606200007,16.986639024000056],[73.27036285400004,16.995000839000056],[73.28333282500006,16.997917175000055],[73.28624725500003,17.01080513100004],[73.27833557100007,17.023721696000052],[73.25914001400008,17.019527435000043],[73.25705719000007,17.047527313000046],[73.27958679200003,17.034166337000045],[73.27711486800007,17.025833129000034],[73.28958129900008,17.010833740000066],[73.28749847400007,16.99875068600005],[73.29792022700008,17.01997184800007],[73.29122161900005,17.033361435000074],[73.31749725300006,17.029556274000072],[73.32541656500007,17.040000917000043],[73.30419158900008,17.037944794000055],[73.29252624500003,17.04955482500003],[73.28163910000006,17.03791618300005],[73.29122161900005,17.074138641000047],[73.29666900700005,17.067083359000037],[73.31541443000003,17.084167480000076],[73.30664062500006,17.07708358700006],[73.28538513200004,17.07913970900006],[73.29164123500004,17.113750459000073],[73.28291320800008,17.10913848900003],[73.28500366200007,17.100444794000055],[73.26869201700003,17.10913848900003],[73.27461242800007,17.12249946700007],[73.26538848900003,17.150028230000032],[73.27208709700005,17.149944305000076],[73.25250244100005,17.190416337000045],[73.23369598400006,17.19580650300003],[73.25125122100008,17.194999696000025],[73.24791717500005,17.21997261200005],[73.22538757300003,17.24583244300004],[73.22250366200007,17.268749238000055],[73.21083068900003,17.27708244400003],[73.20752716000004,17.266222001000074],[73.20539093000008,17.284166336000055],[73.19122314400005,17.29663848900003],[73.19664001500007,17.303693773000077],[73.20664215100004,17.297082901000067],[73.22333526600005,17.299583436000034],[73.22785949700005,17.28086090100004],[73.25080871700004,17.28041649000005],[73.24958038300008,17.27083397000007],[73.26164245600006,17.257917404000068],[73.26039123600003,17.284111023000037],[73.27077484100005,17.289556505000064],[73.27749633700006,17.27955627600005],[73.28913879400005,17.28705596900005],[73.29750061100003,17.282028198000035],[73.29955291800007,17.29163932800003],[73.27916717500005,17.287027359000035],[73.25669097900004,17.29624939100006],[73.23952484100005,17.29083251900005],[73.24372100800008,17.314971925000066],[73.22127532900004,17.32749939000007],[73.23124694800003,17.333333969000023],[73.21702575700004,17.34497261000007],[73.22791290300006,17.351667405000057],[73.21871948200004,17.354972840000073],[73.21291351300005,17.380777359000035],[73.18164062500006,17.38372230600004],[73.17205810600007,17.39916610800003],[73.19039154000006,17.413278579000064],[73.19163513200004,17.429582597000035],[73.21372222900004,17.43327713000002],[73.18872070300006,17.440805435000073],[73.19535827600004,17.464166641000077],[73.18460846000005,17.500833513000032],[73.19119262800007,17.510833741000056],[73.18333435100004,17.50374984800004],[73.14375305100003,17.544137956000043],[73.13955688500005,17.557500840000046],[73.14827728300008,17.569528580000053],[73.16416931100008,17.566223146000027],[73.18164062500006,17.577917099000047],[73.19083404500003,17.572916032000023],[73.21658325300007,17.588806152000075],[73.19999694800003,17.59541702200005],[73.19750213600008,17.587888718000045],[73.17082977300004,17.585388183000077],[73.17077636700003,17.579555511000024],[73.13794708200004,17.610000610000043],[73.13036346600006,17.63580513000005],[73.14375305100003,17.637472152000043],[73.11619567900004,17.68000030500002],[73.11833190900006,17.694555284000046],[73.13872528100006,17.702472688000057],[73.13705444300007,17.713306427000077],[73.11122131400003,17.78499984700005],[73.12041473400006,17.780805588000078],[73.09294128400006,17.808361053000056],[73.08872222900004,17.83413887200004],[73.12955474800003,17.834194183000022],[73.09833526600005,17.847084047000067],[73.09080505400004,17.839555740000037],[73.07205200200008,17.884971618000066],[73.07585907000004,17.89372253500005],[73.08535766600005,17.89416694600004],[73.07830810600007,17.90041732800006],[73.06586456300005,17.887083054000072],[73.05371856700003,17.90163803200005],[73.05455780000005,17.924139023000066],[73.07083129900008,17.926250458000027],[73.09208679200003,17.940000535000024],[73.05500030500008,17.92708397000007],[73.04080200200008,17.931249618000038],[73.03125,17.949167251000063],[73.04244232200006,17.97788810700007],[73.07160949700005,17.985416412000063],[73.08580780000005,17.981250763000048],[73.09094238200004,17.990360261000035],[73.04205322200005,17.99166679500007],[73.04499816900005,17.98538970900006],[73.03414154000006,17.99288940400004],[73.04164123600003,17.981222153000033],[73.01958465600006,17.990804672000024],[73.01791381900006,18.00666618300005],[73.00372314600008,18.019945146000055],[73.02999877900004,18.024583816000074],[73.03871917700008,18.03333282500006],[73.02661132800006,18.027055741000027],[73.02375030600007,18.036666871000023],[73.04039001400008,18.051639558000034],[73.02539062500006,18.044944763000046],[73.01833343500005,18.02708244300004],[73.00830841100003,18.050388336000026],[72.99208068900003,18.05247306800004],[73.00125122000003,18.069139482000026],[72.99869537300003,18.080833435000045],[72.97288513200004,18.12994384700005],[72.98291778600003,18.134971620000044],[72.99291992300004,18.15747261100006],[72.98119354300007,18.184999466000022],[72.98958587700008,18.191667557000073],[72.95664215100004,18.216222763000076],[72.93291473400006,18.217472076000035],[72.94372558600008,18.243333816000074],[72.93627929700006,18.27997207800007],[72.96666717500005,18.27874946700007],[72.97666931300006,18.244556428000067],[73.02083587600004,18.242944717000057],[73.07286071900006,18.217472076000035],[73.07211303700007,18.205833435000045],[73.05791473300008,18.190834046000077],[73.05958557100007,18.18247222900004],[73.07624816900005,18.16749954200003],[73.07577514600007,18.153722763000076],[73.10208129900008,18.142444612000077],[73.09036254900008,18.17083358700006],[73.06288910000006,18.190805435000073],[73.08122253400006,18.21583366400006],[73.08041382000005,18.235000610000043],[73.06205749600008,18.25494384800004],[73.06872558600008,18.270833969000023],[73.05205535900006,18.280834198000036],[73.04455566400003,18.29583358800005],[73.04747009300007,18.302917480000076],[73.08247375400003,18.29955482500003],[73.08621978800005,18.31916618500003],[73.08419799900008,18.324583054000072],[73.06747436500007,18.30288887000006],[73.04582977300004,18.304582597000035],[73.04122161800007,18.293277742000043],[73.05541992100007,18.26916694600004],[73.02997589100005,18.262887955000053],[73.01502990700004,18.284584047000067],[73,18.282083511000053],[72.99416351300005,18.272888185000056],[72.98538970900006,18.290805817000034],[72.95791626000005,18.313360215000046],[72.95913696300005,18.317028046000075],[72.96827697800006,18.314556122000056],[72.97083282500006,18.317916871000023],[72.96086120600006,18.31872177100007],[72.93785858100006,18.346639633000052],[72.92121887200005,18.34749984700005],[72.91452789300007,18.36916732800006],[72.92666625900006,18.37038803100006],[72.92874908500005,18.381639482000026],[72.90702819800003,18.408306122000056],[72.90791320900007,18.43413925300007],[72.89538574200003,18.45666694600004],[72.91208648600008,18.512472152000043],[72.90705871600005,18.539943695000034],[72.91333007800006,18.528722763000076],[72.94244384900003,18.537944795000044],[72.96497344900007,18.535417558000063],[72.97458648700007,18.49916648900006],[73.00583648700007,18.462888719000034],[73.00624847400007,18.466667175000055],[72.96833038300008,18.539583207000078],[72.95330810600007,18.54538917700006],[72.92455291700003,18.54163932800003],[72.88539123700008,18.625804901000038],[72.88664245600006,18.635416031000034],[72.89958190900006,18.634166717000028],[72.89083099400005,18.64125061200002],[72.88333129900008,18.634555816000045],[72.87119293300003,18.639139175000025],[72.85708618100006,18.69416618500003],[72.86536407500006,18.724138260000075],[72.86791992200006,18.800806046000048],[72.90249633800005,18.802917480000076],[72.91330719000007,18.792083740000066],[72.93916320800008,18.825387954000064],[72.96414184500003,18.796249389000025],[72.99705505400004,18.778305055000033],[72.98039245600006,18.752471925000066],[73,18.722917556000027],[73.01625061100003,18.71500015400005],[72.99622345000006,18.73247146600005],[72.98958587700008,18.749139785000068],[73.00208282400007,18.779167175000055],[72.97875213600008,18.799972534000062],[73.01288604700005,18.802499771000043],[73.00289154200004,18.805833817000064],[73.01000213600008,18.812915803000067],[72.99500274700006,18.804555893000042],[72.98455810500008,18.81080627600005],[72.98916626000005,18.865417480000076],[72.94664001500007,18.84372139100003],[72.92747497600004,18.849582673000043],[72.90708160500003,18.884971618000066],[72.90875244100005,18.897443773000077],[72.92919158900008,18.911222458000054],[72.93538665800008,18.892471315000023],[72.94750213800006,18.891222],[72.94208526600005,18.907444001000044],[72.94914245600006,18.910388948000048],[72.95749664300007,18.901250839000056],[72.96538543700007,18.916666031000034],[72.94872283900008,18.93499946700007],[72.95038604700005,18.945806504000075],[72.96997070300006,18.951250077000054],[72.98078155500008,18.940416336000055],[72.98666381800007,18.942888260000075],[72.97416687000003,18.95955467400006],[72.95664215100004,18.96205520600006],[72.95705413800005,18.969165802000077],[72.97413635200007,18.962083816000074],[72.98583221400008,18.971250535000024],[72.99500274700006,18.96791648900006],[73.01958465600006,18.979999543000076],[73.02249908400006,18.989555359000065],[73.03247070300006,18.986221313000044],[73.03497314400005,19.00122261000007],[73.05416870100004,18.997055055000033],[73.04621887200005,19.00830650300003],[73.05416870100004,19.01544380200005],[73.06708526600005,19.003360748000034],[73.06038665800008,19.01744461100003],[73.06705474800003,19.020805359000065],[73.04911041300005,19.018722534000062],[73.02997589100005,19.001249314000063],[73.02330780000005,19.01286125200005],[73.01744079600007,18.997917175000055],[73.00833129900008,18.99788856500004],[73.00919342000003,19.008750915000064],[73.00122070300006,19.00413894600007],[73.00538635300006,19.02913856600003],[72.99705505400004,19.061611176000042],[72.98455810500008,19.06830596900005],[72.99874877900004,19.09163856600003],[72.98835754400005,19.08372306800004],[72.98294067400008,19.09749984800004],[72.99036407400007,19.101638795000042],[72.97872161900005,19.102500915000064],[72.97958374000007,19.120000839000056],[72.98789215100004,19.112443924000047],[72.98711395200007,19.12666702300004],[72.98039245600006,19.12833404500003],[72.98580932600004,19.18952751100005],[72.97372436600006,19.141666412000063],[72.96585846000005,19.132055284000046],[72.95788574200003,19.137472153000033],[72.96128082200005,19.142444612000077],[72.95622253400006,19.13997268600008],[72.95627594000007,19.13666725300004],[72.96458435100004,19.127471925000066],[72.96121978700006,19.115777969000078],[72.95580291800007,19.106250764000038],[72.94660949700005,19.11124992400005],[72.95541381800007,19.093334199000026],[72.94086456300005,19.09541702300004],[72.93328094500004,19.09205627500006],[72.93038940400004,19.087499618000038],[72.95044708300003,19.089971544000036],[72.95788574200003,19.06830596900005],[72.94291687000003,19.059139251000033],[72.95958709700005,19.064138413000023],[72.95791626000005,19.037445068000068],[72.93580627400007,19.024583816000074],[72.91419220000006,18.99708366400006],[72.89333343500005,18.99788856500004],[72.88502502400007,19.011222839000027],[72.86577606200007,19.00622177200006],[72.86538696300005,18.99416732800006],[72.85788726800007,18.994943618000036],[72.86205291800007,18.980833054000072],[72.85038757300003,18.96997261200005],[72.84622192400008,18.92747306800004],[72.83708190900006,18.926694870000063],[72.84122467000003,18.919166566000058],[72.81497192500007,18.89291572600007],[72.80622100800008,18.893333435000045],[72.80541992200006,18.909166336000055],[72.81497192500007,18.907028198000035],[72.81458282500006,18.914138794000053],[72.82536315900006,18.918333053000026],[72.81791687000003,18.921638490000078],[72.82291412300003,18.93666648900006],[72.80916595400004,18.950387955000053],[72.79247283900008,18.93538856500004],[72.79039001500007,18.947471619000055],[72.80538940400004,18.975805283000057],[72.81536102300004,18.97913932800003],[72.81749725300006,19.023750306000068],[72.82830810500008,19.018749238000055],[72.83872222900004,19.043306350000023],[72.83496856700003,19.052917481000065],[72.81788635300006,19.043306350000023],[72.82205200200008,19.075805665000075],[72.83458709700005,19.087499618000038],[72.83458709700005,19.090805054000043],[72.82749939000007,19.08372306800004],[72.82041931200007,19.124139786000057],[72.80458068800004,19.143333435000045],[72.82333374000007,19.162889482000026],[72.83205413800005,19.16161155800006],[72.83125305200008,19.179971696000052],[72.80580902100007,19.15041732800006],[72.80080413800005,19.153722763000076],[72.79705810700005,19.129138948000048],[72.78869628900003,19.129972458000054],[72.78878021200006,19.148305894000032],[72.77958679200003,19.154111863000026],[72.78247070300006,19.16705513000005],[72.79413604700005,19.17124939000007],[72.79877471900005,19.199138641000047],[72.84122467000003,19.254138947000058],[72.81869506800007,19.24497223000003],[72.81952667200005,19.235805511000024],[72.79208374000007,19.20249939100006],[72.79452514600007,19.194999695000035],[72.78327941900005,19.192054748000032],[72.78622436500007,19.203332901000067],[72.77622222900004,19.205804826000076],[72.78208160400004,19.210805893000042],[72.77625274700006,19.225833893000072],[72.78624725400005,19.304971695000063],[72.79497528100006,19.311222076000035],[72.80997467100008,19.292083740000066],[72.82919311500007,19.309555054000043],[72.85744476300005,19.315416336000055],[72.89746856700003,19.288749695000035],[72.91210937500006,19.288333893000072],[72.85416412400008,19.35041618500003],[72.85494232300005,19.33958244300004],[72.83413696300005,19.338693619000026],[72.81330871700004,19.323778152000045],[72.77708435100004,19.348333358000048],[72.75875091700004,19.371639252000023],[72.77080535900006,19.39619445900007],[72.76455688500005,19.39749908400006],[72.74455261300005,19.45994377100004],[72.77833557100007,19.492082596000046],[72.82169342200007,19.492027282000038],[72.84833526600005,19.521249771000043],[72.88877868700007,19.52413940400004],[72.84583282500006,19.54125022900007],[72.82913970900006,19.509555816000045],[72.78077697700007,19.50374984700005],[72.78749847400007,19.523721695000063],[72.77666473400006,19.507888794000053],[72.76330566400003,19.50622177100007],[72.73039245600006,19.529167177000033],[72.71622467000003,19.591667176000044],[72.74786377000004,19.59911155800006],[72.73041534500004,19.601667405000057],[72.70788574200003,19.674999238000055],[72.71541595400004,19.694139481000036],[72.69541931200007,19.725833893000072],[72.70874786300004,19.728361130000053],[72.71494293200004,19.74461174000004],[72.70744323900004,19.73538971000005],[72.69208526600005,19.739139557000044],[72.68794250500008,19.785778047000065],[72.69705200200008,19.801666259000058],[72.68914032000004,19.80374908600004],[72.68830871600005,19.793693544000064],[72.65544128400006,19.833305360000054],[72.66080474900008,19.847888948000048],[72.67455291800007,19.849138261000064],[72.67996978700006,19.86291694600004],[72.69210815500003,19.86330604500006],[72.68119812000003,19.86666679500007],[72.67955780100004,19.917444230000058],[72.66577911400003,19.933721542000058],[72.68788909900007,19.940776825000057],[72.68952941900005,19.956638336000026],[72.71083068900003,19.96872139000004],[72.72455596900005,19.966667176000044],[72.73625183100006,19.94330596900005],[72.74627685600007,19.941638947000058],[72.73708343500005,19.94744491600005],[72.73625183100006,19.95913887000006],[72.74500274700006,19.96372223000003],[72.73083496100008,19.962110520000067],[72.71871948200004,19.97249984800004],[72.72372436500007,19.996639252000023],[72.70788574200003,20.071666717000028],[72.71250152600004,20.080389023000066],[72.72708129900008,20.082445145000065],[72.73791503900003,20.114999771000043],[72.74791717500005,20.20166587800003],[72.76333618200005,20.21372222900004],[72.78289032000004,20.210832596000046],[72.76330566400003,20.216249466000022],[72.74705505300005,20.206638336000026],[72.74124908400006,20.242471695000063],[72.75711059500003,20.26330566400003],[72.75080871600005,20.262887955000053],[72.75375366200007,20.290000917000043],[72.77371978800005,20.30333328200004],[72.77711486900006,20.335832597000035],[72.78910827600004,20.350444795000044],[72.81330871700004,20.354583740000066],[72.83708190900006,20.372472764000065],[72.82202911400003,20.370000839000056],[72.82872009300007,20.40500068600005],[72.85253143300008,20.408750535000024],[72.82955932700008,20.414138795000042],[72.83039093000008,20.442472457000065],[72.85877990700004,20.46663856600003],[72.87161254900008,20.492889406000074],[72.89205932600004,20.50333404500003],[72.88625335700004,20.53000068700004],[72.90044403000007,20.53000068700004],[72.88705444500005,20.54249954200003],[72.89955902100007,20.58252716000004],[72.88961029100005,20.627471924000076],[72.91294097900004,20.636638641000047],[72.88661193800004,20.637083055000062],[72.89044189500004,20.65999984700005],[72.87622070300006,20.660804748000032],[72.84502410900006,20.743749618000038],[72.87666320800008,20.734556199000053],[72.91413879400005,20.74538803100006],[72.93041992200006,20.75913810800006],[72.90249633800005,20.752889633000052],[72.89416503900003,20.743722916000024],[72.85666656500007,20.75202751300003],[72.84622192400008,20.792499543000076],[72.85330200200008,20.796194076000063],[72.86708068900003,20.788278581000043],[72.85041809100005,20.80080604500006],[72.85414123500004,20.82374954200003],[72.83750152500005,20.79205513000005],[72.82624816900005,20.794137954000064],[72.82961273200004,20.815805436000062],[72.78289032000004,20.91916656500007],[72.80169677700007,20.919584274000044],[72.81330871700004,20.931194305000076],[72.82414245600006,20.91452789400006],[72.81622314400005,20.940027238000027],[72.82414245600006,20.949583053000026],[72.86416626000005,20.946250917000043],[72.83333587700008,20.959554672000024],[72.84958648700007,20.971639633000052],[72.79582977300004,20.942916871000023],[72.77627563500005,20.941610338000032],[72.77661132800006,20.947082521000027],[72.75833129900008,20.928777695000065],[72.73371887200005,20.998277665000046],[72.72830200300007,21.053722381000057],[72.73913574200003,21.04125022900007],[72.76333618200005,21.04794502200008],[72.78247070300006,21.04291725300004],[72.77791595500008,21.053277971000057],[72.79164123500004,21.05622291700007],[72.79619598400006,21.04411125200005],[72.81160736100003,21.042888643000026],[72.82166290300006,21.032054901000038],[72.84872436500007,21.03247261000007],[72.83580780000005,21.043722152000043],[72.82502746600005,21.037027360000025],[72.79788971100004,21.049999238000055],[72.79955291900006,21.069110872000067],[72.81916809100005,21.090415956000072],[72.83000183100006,21.082056046000048],[72.82788848900003,21.091667175000055],[72.81166839600007,21.09369468700004],[72.77830505400004,21.06538963400004],[72.76333618200005,21.065361023000037],[72.76333618200005,21.07374954200003],[72.74666595500008,21.085388183000077],[72.73169708300003,21.077110292000043],[72.70703125000006,21.087499620000074],[72.70960998500004,21.130832672000054],[72.71916961600004,21.140417100000036],[72.74747467100008,21.143722534000062],[72.78869628900003,21.18000030500008],[72.75252533000008,21.17869377100004],[72.74622344900007,21.150806428000067],[72.73330688400006,21.143749237000065],[72.67747497500005,21.15791702300004],[72.66210937600005,21.13586044300007],[72.66210937600005,21.100805284000046],[72.65036010700004,21.08913803200005],[72.66455841000004,21.088306428000067],[72.63999938900008,21.080389023000066],[72.62455749600008,21.098333359000037],[72.62202453600008,21.137472154000022],[72.63502502400007,21.127916336000055],[72.65125274600007,21.14663887000006],[72.64749908500005,21.150388719000034],[72.63333129900008,21.13122177200006],[72.62044525100004,21.169166566000058],[72.62083435100004,21.17874908600004],[72.63291931200007,21.169166566000058],[72.63786315900006,21.206611633000023],[72.65416717600004,21.208723070000076],[72.66249847400007,21.226222992000032],[72.67375183100006,21.219165802000077],[72.67708587600004,21.202444078000042],[72.69002532900004,21.203722001000074],[72.69494628900003,21.192888260000075],[72.72250366200007,21.202917099000047],[72.73664093000008,21.19708251900005],[72.74166870100004,21.19788932800003],[72.72833251900005,21.20458412100004],[72.70500183100006,21.203750610000043],[72.70036315900006,21.210805893000042],[72.70583343500005,21.212888718000045],[72.68166351300005,21.225389481000036],[72.67747497500005,21.22041702200005],[72.66913604800004,21.23291587800003],[72.63996887200005,21.235361099000045],[72.62960815500003,21.24997139100003],[72.64624786400003,21.26744461100003],[72.62580871600005,21.25374984700005],[72.61791992100007,21.26830482500003],[72.62247467000003,21.285417558000063],[72.63788604700005,21.285861969000052],[72.63872528100006,21.29830551200007],[72.62747192400008,21.291221618000066],[72.62002563500005,21.302055359000065],[72.61914062500006,21.29538917700006],[72.60749816900005,21.303722383000036],[72.60166931100008,21.28705596900005],[72.59786224400005,21.29830551200007],[72.60663604800004,21.316194534000033],[72.63625335700004,21.319139480000047],[72.63708496100008,21.324943542000028],[72.62374877900004,21.325000763000048],[72.62664032000004,21.34286117700003],[72.65333557200006,21.330389023000066],[72.65333557200006,21.346221924000076],[72.66997528100006,21.34375],[72.68624877900004,21.35499954200003],[72.66077423100006,21.34708404500003],[72.66288757300003,21.35747146700004],[72.65502929700006,21.35202789400006],[72.64619445800008,21.38666725300004],[72.66535949800004,21.38997268600008],[72.66041564900007,21.400777817000062],[72.67708587600004,21.42830467400006],[72.69877624500003,21.442499162000047],[72.69911193900003,21.46291732800006],[72.73249816900005,21.467082977000075],[72.73122406000005,21.446666717000028],[72.73913574200003,21.434555053000054],[72.74080657900004,21.445417404000068],[72.75250244100005,21.437889099000074],[72.75122070300006,21.44497299300008],[72.76244354300007,21.44788932800003],[72.75333404500003,21.458778382000048],[72.73999786400003,21.449527740000065],[72.74874877900004,21.470806123000045],[72.72750091500006,21.477916718000074],[72.69750213600008,21.469583511000053],[72.65752410900006,21.444555283000057],[72.64577484200004,21.44622230600004],[72.64125061200008,21.45499992300006],[72.66541290300006,21.472473146000027],[72.67958068800004,21.500833513000032],[72.70666503900003,21.528722764000065],[72.72753143300008,21.538749695000035],[72.77500152600004,21.59708404500003],[72.79586029100005,21.592027664000057],[72.82250213600008,21.61038970900006],[72.83625030500008,21.63333320600003],[72.82875061000004,21.655834198000036],[72.83416748100007,21.666276931000027],[72.85077667300004,21.67124939000007],[72.89416503900003,21.66291618500003],[72.92788696300005,21.675777435000043],[72.86916351300005,21.690416337000045],[72.82328033600004,21.668722154000022],[72.78416442800005,21.66372299300008],[72.75910949700005,21.672056199000053],[72.74749755900007,21.688749314000063],[72.73750305200008,21.690389633000052],[72.71499633800005,21.68038940400004],[72.60919189500004,21.68458366400006],[72.55496978800005,21.658721925000066],[72.53666687000003,21.66286087000003],[72.52791595500008,21.673334123000075],[72.52708435100004,21.710832597000035],[72.53622436600006,21.73247146700004],[72.55333709700005,21.737083436000034],[72.55625152600004,21.746639251000033],[72.54958343500005,21.747499466000022],[72.56122589100005,21.756639480000047],[72.55374908500005,21.75994491600005],[72.56708526600005,21.780805589000067],[72.56202697700007,21.784973146000027],[72.57208251900005,21.79330635100007],[72.56961059600008,21.81247139000004],[72.57749938900008,21.811222077000025],[72.59122467100008,21.82999992400005],[72.58374786400003,21.837444306000066],[72.59703064000007,21.84997177300005],[72.61872100800008,21.90586090100004],[72.63957977300004,21.911638260000075],[72.64038848900003,21.93247223000003],[72.65164184600008,21.947082520000038],[72.67919159000007,21.954584123000075],[72.68916320900007,21.94124984900003],[72.71414184600008,21.936277389000054],[72.74127960200008,21.95413970900006],[72.74958038300008,21.973278047000065],[72.73705291800007,21.982528686000023],[72.74330902100007,21.987943649000044],[72.73083496100008,21.987943649000044],[72.73458099400005,21.95747184800007],[72.72666931100008,21.95208358700006],[72.71583557200006,21.952861786000028],[72.70330810500008,21.971221924000076],[72.66830444400006,21.96205520600006],[72.64746856700003,21.96544456500004],[72.53747558600008,21.89622306800004],[72.51041412300003,21.921667099000047],[72.51039123500004,21.959167481000065],[72.52371978800005,21.967445373000032],[72.50788879500004,21.975805284000046],[72.52625274700006,21.976667404000068],[72.52502441400003,21.983749389000025],[72.51288604700005,21.98500061200008],[72.52786254900008,21.99416732700007],[72.51291656500007,21.99830627600005],[72.52536010700004,22.00333404500003],[72.51580810600007,22.01286125200005],[72.52788543700007,22.010833741000056],[72.51457977300004,22.02913856500004],[72.52872467100008,22.058305740000037],[72.54788970900006,22.148305893000042],[72.56205749500003,22.179138183000077],[72.58583068800004,22.204555511000024],[72.61585998700008,22.216222763000076],[72.64583587600004,22.216222763000076],[72.70166778600003,22.183750152000073],[72.76080322200005,22.17374992300006],[72.77999877900004,22.201250076000065],[72.79413604700005,22.19622230600004],[72.79705810700005,22.19830513000005],[72.78041839600007,22.210805894000032],[72.79413604700005,22.231250764000038],[72.80247497600004,22.226249695000035],[72.80664062500006,22.226194381000028],[72.80041503900003,22.23580551200007],[72.80830383300008,22.234582901000067],[72.82166290300006,22.238721847000022],[72.80288696300005,22.241638183000077],[72.81333160400004,22.25208282500006],[72.82583618200005,22.24788856500004],[72.82955932700008,22.250000001000046],[72.81874847500006,22.256639480000047],[72.83413696300005,22.25708389400006],[72.87580871600005,22.230388641000047],[72.87249755800008,22.23705482500003],[72.89580535900006,22.243722915000035],[72.91205596900005,22.264972687000068],[72.89077758800005,22.26705551300006],[72.86914062500006,22.284610749000024],[72.83997345000006,22.282028199000024],[72.76335907000004,22.233694078000042],[72.74830627500006,22.231250764000038],[72.71080780000005,22.242082597000035],[72.64502716100003,22.28372192300003],[72.60580444400006,22.28538894600007],[72.56580352800006,22.304582597000035],[72.53502655000005,22.289556505000064],[72.53500366200007,22.305389405000028],[72.52625274700006,22.304166794000025],[72.53372192400008,22.285804750000068],[72.47083282500006,22.252056121000066],[72.43080902100007,22.204526901000065],[72.42202758800005,22.21333313100007],[72.42869567900004,22.221639633000052],[72.43000030500008,22.238750458000027],[72.42202758800005,22.233278274000043],[72.42539215100004,22.22077751300003],[72.40872192400008,22.209972381000057],[72.41210937500006,22.257499694000046],[72.37999725300006,22.33705520700005],[72.37252807600004,22.33872222900004],[72.34958648800006,22.310832978000064],[72.35583496100008,22.285417556000027],[72.34827423100006,22.293722153000033],[72.34586334200003,22.28288841400007],[72.33086395200007,22.287860871000078],[72.33208465600006,22.300777437000022],[72.32622528100006,22.308305741000027],[72.32788848900003,22.288333892000026],[72.33791351300005,22.28247261000007],[72.33496856700003,22.264554978000035],[72.32910919300008,22.27208328200004],[72.32955932800007,22.265832902000056],[72.32125091600005,22.267471313000044],[72.33460998600003,22.261611938000044],[72.33122253500005,22.248332979000054],[72.31497192400008,22.23205566400003],[72.30705261200006,22.236639023000066],[72.31041717500005,22.239166260000047],[72.31038665700004,22.243333816000074],[72.30583191100004,22.247055055000033],[72.30913543700007,22.24038887000006],[72.30249786400003,22.237888336000026],[72.28997039900008,22.248722077000025],[72.28289032000004,22.244943619000026],[72.30124664300007,22.23247146700004],[72.29208374100006,22.215805054000043],[72.30786132800006,22.14663887000006],[72.29872131400003,22.103332521000027],[72.28121948200004,22.09250068700004],[72.28038787800006,22.075000764000038],[72.24211120600006,22.031665802000077],[72.23497009200008,22.012111665000077],[72.22247314500004,22.01958274900005],[72.21330261200006,22.007083893000072],[72.20246887300004,22.021249771000043],[72.1875,22.013750078000044],[72.18202972400007,22.02249908400006],[72.18583679200003,22.011278152000045],[72.20163726900006,22.016250610000043],[72.21002960200008,22.002916336000055],[72.22747039800004,22.009555818000024],[72.23791503900003,22],[72.24705505400004,21.924165725000023],[72.23166656500007,21.944555283000057],[72.21166992200006,21.953722],[72.19000244200004,21.942916871000023],[72.18247222900004,21.953750610000043],[72.16330719000007,21.959554672000024],[72.1875,21.94122314400005],[72.21080780000005,21.950387954000064],[72.22666931100008,21.94372177100007],[72.24952697800006,21.910804750000068],[72.24705505400004,21.902500153000062],[72.25791931200007,21.886638641000047],[72.25202941900005,21.88247299300008],[72.25708007800006,21.837499618000038],[72.24955749500003,21.809972764000065],[72.23833465600006,21.806249620000074],[72.21458435000005,21.824972153000033],[72.21955871500006,21.837499618000038],[72.21499633800005,21.857084274000044],[72.21453094500004,21.83413887100005],[72.20294189400005,21.839971543000047],[72.20872497600004,21.826665880000064],[72.19830322300004,21.828722],[72.19747161900005,21.837083818000053],[72.19247436500007,21.829526902000055],[72.18830871600005,21.840415954000036],[72.16619110100004,21.809999466000022],[72.19416809000006,21.821250917000043],[72.20077514600007,21.802110673000072],[72.20827484200004,21.804527283000027],[72.21538543700007,21.795804977000046],[72.22039031900005,21.77583313100007],[72.23750305200008,21.766277313000046],[72.22875213600008,21.761638643000026],[72.23955535900006,21.76166725300004],[72.22455596900005,21.746665956000072],[72.24294281000005,21.713333130000024],[72.23791503900003,21.709194185000058],[72.24827575600006,21.706249238000055],[72.25160980200008,21.695360183000048],[72.28121948200004,21.690000534000035],[72.28375244200004,21.66333389400006],[72.30291748000008,21.644971847000022],[72.30625152600004,21.62666702300004],[72.26791381800007,21.57250022900007],[72.26622009300007,21.541639329000077],[72.23627471900005,21.454111099000045],[72.12875366200007,21.334167480000076],[72.11038970900006,21.30083275000004],[72.10247039800004,21.312055588000078],[72.08916473400006,21.31544494800005],[72.11289215100004,21.297500610000043],[72.10414123500004,21.278722763000076],[72.09416961700003,21.285417558000063],[72.10458374000007,21.272472381000057],[72.08374786400003,21.246610641000075],[72.08705902100007,21.230806350000023],[72.10877990700004,21.211610794000023],[72.11127471900005,21.199111938000044],[72.01830291800007,21.152915956000072],[72.00916290300006,21.13458251900005],[71.98664093000008,21.136472703000038],[71.97372436500007,21.128555298000038],[71.97663879400005,21.122304916000076],[71.95747375500008,21.123167039000066],[71.94163513200004,21.11322212300007],[71.89833069000008,21.113250734000076],[71.88327789300007,21.08913803200005],[71.82166290300006,21.070861818000026],[71.79416656500007,21.05088806300006],[71.79958343500005,21.068805696000027],[71.78166961700003,21.060916900000052],[71.77830505400004,21.067556382000078],[71.78247070300006,21.04513931300005],[71.80249786400003,21.04588890200006],[71.80830383300008,21.03672218300005],[71.77661132800006,21.039249420000033],[71.77371978800005,21.062139512000044],[71.76494598400006,21.065944673000047],[71.76455688500005,21.05386161800004],[71.75372314400005,21.05299949700003],[71.75538635200007,21.041389467000045],[71.74294281000005,21.034694671000068],[71.76413726900006,21.03258323800003],[71.77497100800008,21.03922271700003],[71.78375244100005,21.032222748000038],[71.76583099300007,21.020971298000063],[71.72164154100005,21.020999909000068],[71.67958068900003,21.00230598400003],[71.67994690000006,20.994556427000077],[71.66163635200007,20.99788856600003],[71.62916565000006,20.983778001000076],[71.62535858100006,20.973333360000026],[71.63163757300003,20.982084274000044],[71.63166809100005,20.969583511000053],[71.59997558600008,20.965415954000036],[71.56666564900007,20.948722839000027],[71.53494262700008,20.94375038100003],[71.55747222900004,20.95458412200003],[71.58247375500008,20.987916948000077],[71.53994751000005,20.95369529800007],[71.51416778600003,20.95541572600007],[71.49202728300008,20.934972763000076],[71.49705505400004,20.932500839000056],[71.49038696200006,20.924972534000062],[71.49872589100005,20.91916656500007],[71.48377990700004,20.91497230500005],[71.50038909900007,20.916610718000072],[71.48208618100006,20.904972076000035],[71.47955322300004,20.888305665000075],[71.44249725300006,20.867916107000042],[71.40166473500005,20.862943651000023],[71.39163970900006,20.87375068800003],[71.375,20.867082596000046],[71.36452484100005,20.87244415300006],[71.38541412400008,20.854972841000063],[71.32414245700005,20.844554902000027],[71.23078155500008,20.801250459000073],[71.20835876500007,20.806249618000038],[71.20417022700008,20.787027359000035],[71.16000366200007,20.777055740000037],[71.15080261300005,20.764610292000043],[71.13833618200005,20.77122306900003],[71.12374878000003,20.762472152000043],[71.14827728300008,20.76291656500007],[71.14746856700003,20.75794410700007],[71.09080505500003,20.75622177300005],[71.08666992200006,20.76958274800006],[71.08125305200008,20.76499939000007],[71.08625030500008,20.75666618300005],[71.07624816900005,20.75827789300007],[71.08286285400004,20.754999160000068],[71.07458496100003,20.751667024000028],[71.07833099400005,20.743694305000076],[71.06625366200007,20.752445222000063],[71.08288574200003,20.739166259000058],[71.07250213600008,20.732915879000075],[71.04666900700005,20.72869491600005],[71.01252746600005,20.737888336000026],[70.98999786400003,20.720388412000034],[70.97247314600008,20.72788810700007],[70.99788665700004,20.713306428000067],[70.98083496100003,20.70041656500007],[70.92414093000008,20.708749771000043],[70.91497039800004,20.697027207000076],[70.89833068900003,20.697055818000024],[70.89330291700003,20.70536041400004],[70.87377929700006,20.708333969000023],[70.87750244100005,20.727916717000028],[70.87039184700006,20.72500038100003],[70.87458038300008,20.703332901000067],[70.84333038400007,20.705389024000056],[70.83538818400007,20.699972153000033],[70.83875274600007,20.689945222000063],[70.82205200200008,20.69083404500003],[70.78916931200007,20.712110519000078],[70.74830627400007,20.71791648900006],[70.70080566400003,20.738695145000065],[70.67038726800007,20.75580596900005],[70.67791748100007,20.758306504000075],[70.67414093000008,20.765388488000042],[70.66913604700005,20.757888795000042],[70.65327453600008,20.75872230500005],[70.66625213600008,20.774139405000028],[70.65911102300004,20.779527665000046],[70.65416717500005,20.772888184000067],[70.63661193800004,20.774583816000074],[70.63416290300006,20.766250610000043],[70.61583709700005,20.76958274800006],[70.44997406000005,20.848722458000054],[70.41208648700007,20.875833511000053],[70.42539215100004,20.882499695000035],[70.42208099500004,20.89330482500003],[70.40916442900004,20.877916337000045],[70.38996887200005,20.89458274800006],[70.36250305200008,20.902055740000037],[70.34705352800006,20.914167405000057],[70.35336303700007,20.92288971100004],[70.34163665700004,20.915416719000063],[70.31414032000004,20.93288803200005],[70.26166534500004,20.969583511000053],[70.23786163500006,20.992471696000052],[70.24083709700005,20.997917175000055],[70.22830200200008,20.995361329000048],[70.15577697800006,21.054555893000042],[70.13625335700004,21.074138641000047],[70.15127563500005,21.073333740000066],[70.14414215100004,21.082111360000056],[70.13414001400008,21.077054977000046],[70.09166717500005,21.11124992500004],[70.00289154000006,21.200834274000044],[69.77705383300008,21.454944612000077],[69.81083679200003,21.448722839000027],[69.80503082300004,21.45958328200004],[69.78666687000003,21.45455551300006],[69.77580261400004,21.464555740000037],[69.77497101000006,21.457889558000034],[69.61164093000008,21.627056123000045],[69.57333374000007,21.64286041400004],[69.44452667300004,21.75833320600003],[69.45539093000008,21.757444383000063],[69.44872283900008,21.76830482500003],[69.43660736200007,21.762027741000054],[69.39122009200008,21.805000306000068],[69.37372589100005,21.828277589000038],[69.38246917700008,21.822055816000045],[69.38124847400007,21.84250068700004],[69.38666534500004,21.849582673000043],[69.38996887200005,21.848722459000044],[69.39624786400003,21.853305818000024],[69.39577484100005,21.85455513100004],[69.38410949700005,21.86205482500003],[69.37169647400003,21.829610826000078],[69.35500335800003,21.835388185000056],[69.25958251900005,21.914167406000047],[69.24916839600007,21.932916641000077],[69.20083618200005,21.97705650300003],[69.21044159000007,21.986694336000028],[69.19750213600008,21.981250763000048],[68.97621917700008,22.214971544000036],[68.96705627500006,22.23080635100007],[68.97455596900005,22.22999954200003],[68.95705413800005,22.23911094600004],[68.95705413800005,22.25913810700007],[68.93538665800008,22.306694030000074],[68.94205475000007,22.330833436000034],[68.94999694900008,22.330389023000066],[68.95788574200003,22.34250068700004],[68.95960998500004,22.37330627600005],[68.97663879400005,22.402055742000073],[68.98163604800004,22.398721695000063],[68.98913574300008,22.401250839000056],[68.98039245600006,22.408306123000045],[69.01247406000005,22.44375038100003],[69.06833648600008,22.478721620000044],[69.08288574200003,22.471666337000045],[69.07455444300007,22.454971313000044],[69.04208374000007,22.434165954000036],[69.04621887200005,22.418333053000026],[69.03541564900007,22.389972687000068],[69.04250335700004,22.38538932800003],[69.05083465600006,22.39708328200004],[69.0625,22.384582520000038],[69.07913970900006,22.38538932800003],[69.09333038400007,22.392889023000066],[69.10080719000007,22.407917024000028],[69.11166381800007,22.409584047000067],[69.12911224400005,22.396249772000033],[69.16077423100006,22.41119384700005],[69.15708160400004,22.40500068800003],[69.16410827600004,22.403722764000065],[69.17500305200008,22.422082902000056],[69.19208526600005,22.418333053000026],[69.18538665700004,22.399972915000035],[69.19872284000007,22.399972915000035],[69.19955444400006,22.389110566000056],[69.16752624500003,22.372055053000054],[69.18122100800008,22.36830520600006],[69.16786193800004,22.351638794000053],[69.17497253400006,22.353694915000062],[69.17539215200003,22.344165802000077],[69.16208648700007,22.346666337000045],[69.16791534500004,22.32913970900006],[69.15708160400004,22.309999466000022],[69.17747497600004,22.283777237000038],[69.22747039800004,22.25622177100007],[69.28333282500006,22.270416260000047],[69.29291534400005,22.278305054000043],[69.29083252000004,22.28538894600007],[69.31999969500004,22.292028427000048],[69.33619689900007,22.310832978000064],[69.33080291800007,22.327917099000047],[69.41413879400005,22.31538963400004],[69.45249938900008,22.33372306800004],[69.45666503900003,22.326250076000065],[69.48000335700004,22.33208275000004],[69.49663543700007,22.367082597000035],[69.52413940400004,22.36872291700007],[69.51875305200008,22.375],[69.52541351300005,22.390806199000053],[69.51538848900003,22.401666641000077],[69.52122497600004,22.411638260000075],[69.50705719000007,22.419137956000043],[69.51000213600008,22.425388337000072],[69.52916717700003,22.421249389000025],[69.55122375500008,22.39913940400004],[69.54452514600007,22.39416694600004],[69.55705261300005,22.37497139000004],[69.54538726800007,22.375028610000072],[69.56124877900004,22.363306047000037],[69.55249786400003,22.348722459000044],[69.56416320800008,22.352056504000075],[69.57497406000005,22.369583130000024],[69.59036254900008,22.364999771000043],[69.59124755900007,22.35413932800003],[69.57122039800004,22.34086036800005],[69.56913757500007,22.33208275000004],[69.57875061000004,22.34250068700004],[69.57122039800004,22.32999992300006],[69.57408142100007,22.322082521000027],[69.58122253400006,22.344139100000064],[69.59413909900007,22.35208320600003],[69.59625244200004,22.339166641000077],[69.60539245600006,22.34330558700003],[69.60416412300003,22.33041572700006],[69.60952758800005,22.346611023000037],[69.60705566400003,22.32999992300006],[69.61164093000008,22.336221695000063],[69.61291503900003,22.328306199000053],[69.61042022700008,22.349138260000075],[69.62163543700007,22.36538887000006],[69.65080261200006,22.34788894600007],[69.65455627400007,22.332500459000073],[69.66789245600006,22.323333740000066],[69.65955352800006,22.347444535000022],[69.64622497600004,22.356637956000043],[69.65455627400007,22.359167099000047],[69.66416931200007,22.39458275000004],[69.69872284000007,22.39836120600006],[69.69789123600003,22.41997146600005],[69.70869445800008,22.432500839000056],[69.70291900600006,22.449943543000074],[69.72836303700007,22.47455597000004],[69.74044799800004,22.449972154000022],[69.72955322300004,22.442499162000047],[69.74375152600004,22.434165954000036],[69.73997497600004,22.42874908400006],[69.75080871500006,22.42788887000006],[69.76083374000007,22.44124984900003],[69.78747558600003,22.404527664000057],[69.80833435000005,22.397888183000077],[69.83164215100004,22.449583055000062],[69.86669159000007,22.44622230500005],[69.89833068800004,22.465389252000023],[69.91500091500006,22.445388795000042],[69.91744232200006,22.453750610000043],[69.92080688600004,22.437915803000067],[69.92292022700008,22.449138641000047],[69.90452575700004,22.479110718000072],[69.90789032000004,22.489139558000034],[69.92996978700006,22.509555818000024],[69.94247436500007,22.51205635100007],[69.94455719000007,22.50166702300004],[69.94916534400005,22.507083892000026],[69.96080780000005,22.502889633000052],[69.95539093000008,22.506639482000026],[69.96536254900008,22.51749992400005],[69.95244598400006,22.50872230500005],[69.94622039800004,22.526666643000056],[69.98247528100006,22.536249162000047],[69.98580932600004,22.54455566400003],[70.00247192400008,22.547111512000072],[70.00413513200004,22.536249162000047],[70.00746917800006,22.547056199000053],[70.02752685500008,22.552110672000026],[70.01791381800007,22.53747177100007],[70.02580261200006,22.536222458000054],[70.03294372600004,22.55747222900004],[70.04247283900008,22.560443878000058],[70.06536102300004,22.54997253500005],[70.06578064000007,22.54125023000006],[70.07166290300006,22.551250459000073],[70.08752441400003,22.540416717000028],[70.08789062500006,22.54911041200006],[70.11827850300006,22.55041694600004],[70.12039184500003,22.536693573000036],[70.10747528100006,22.519556047000037],[70.11666870100004,22.52622222900004],[70.11997222900004,22.521249771000043],[70.12288665700004,22.54583358800005],[70.13163757300003,22.552083969000023],[70.14083099400005,22.55036163400007],[70.14416503900003,22.536222458000054],[70.14580535900006,22.555444719000036],[70.17416382000005,22.542028427000048],[70.17788696300005,22.566610336000053],[70.19166564900007,22.580389024000056],[70.20372009300007,22.576639175000025],[70.20502471900005,22.567916870000033],[70.21577453600008,22.570417405000057],[70.20622253400006,22.57913971100004],[70.21166992200006,22.586277008000025],[70.19997406000005,22.58372306900003],[70.19789123600003,22.60083389400006],[70.21497345000006,22.597888948000048],[70.20791626000005,22.609167100000036],[70.25875091500006,22.65661048900006],[70.25460815400004,22.66916656500007],[70.26041412300003,22.670778274000043],[70.25038909900007,22.674972534000062],[70.25538635300006,22.68247222900004],[70.26333618200005,22.68625068800003],[70.26916503900003,22.67288970900006],[70.28414154000006,22.676221847000022],[70.26869201800008,22.684139252000023],[70.26955413800005,22.69750023000006],[70.28375244100005,22.69416618300005],[70.26494598400006,22.699583053000026],[70.27208709700005,22.709167482000055],[70.25955200300007,22.718334199000026],[70.29502868600008,22.729583741000056],[70.31794738800005,22.759166717000028],[70.31958007800006,22.795000076000065],[70.33541870200008,22.824972154000022],[70.35121917700008,22.885000228000024],[70.37666320800008,22.909555435000073],[70.41708374000007,22.92250061200008],[70.41119384800004,22.927499771000043],[70.42788696300005,22.955833435000045],[70.44750213600008,22.957027437000022],[70.44036102300004,22.963306428000067],[70.44750213600008,22.970388412000034],[70.43083190900006,22.96458244300004],[70.43413543700007,22.978721620000044],[70.39583587600004,22.980388642000037],[70.40288543700007,22.963277817000062],[70.39041900800004,22.93580627500006],[70.35166931100008,22.92288970900006],[70.28747558600003,22.944610596000075],[70.23538970900006,22.979139329000077],[70.23124694800003,23.03750038100003],[70.21913909900007,23.05541610800003],[70.21455383300008,23.049139023000066],[70.22122192400008,23.026611329000048],[70.21372222900004,23.024139405000028],[70.21958160500003,23.023305893000042],[70.23288726800007,22.96413803200005],[70.20619201700003,22.977472307000028],[70.22791290300006,22.959972383000036],[70.22413635200007,22.95288848900003],[70.19580841000004,22.942054750000068],[70.14752960200008,22.946250915000064],[70.11961364800004,22.962444305000076],[70.13208007900005,22.979972839000027],[70.13166809100005,22.995861055000034],[70.10702514600007,22.96413803200005],[70.13044738800005,22.94830513100004],[70.11413574200003,22.946250915000064],[70.13747406000005,22.942888260000075],[70.13955688600004,22.93333244400003],[70.10002899200003,22.907861711000066],[70.07083129900008,22.910417557000073],[70.06749725300006,22.919555665000075],[70.01086425800008,22.905361175000053],[70.00413513200004,22.919584276000023],[70.00663757400008,22.904527664000057],[70.00164032000004,22.908750534000035],[69.99747467000003,22.902055742000073],[69.96499633800005,22.89708328200004],[69.94499969400005,22.907888413000023],[69.95625305200008,22.89663887000006],[69.92994690100005,22.89622306800004],[69.89833068800004,22.871276856000065],[69.89035797200006,22.876638412000034],[69.89538574200003,22.914138794000053],[69.89080810700005,22.903722764000065],[69.88497161900005,22.91286087000003],[69.89122009300007,22.890806199000053],[69.87496948200004,22.86711120700005],[69.83916473400006,22.856222152000043],[69.83247375500008,22.863721847000022],[69.82913971000005,22.85288810700007],[69.81244659600003,22.847055436000062],[69.80999755900007,22.853721620000044],[69.79914093000008,22.845417024000028],[69.78414154000006,22.863721847000022],[69.78458404500003,22.85499954200003],[69.77788543700007,22.854972839000027],[69.79039001500007,22.841611863000026],[69.78247070300006,22.834527969000078],[69.77246856700003,22.835388184000067],[69.75003051800007,22.81622314400005],[69.74416351300005,22.83041572700006],[69.74244689900007,22.811222076000035],[69.72875213600008,22.819139481000036],[69.74291992200006,22.804166794000025],[69.74375152600004,22.78747177300005],[69.73410797100007,22.779582977000075],[69.72122192400008,22.797500610000043],[69.71375274700006,22.799139024000056],[69.73124694800003,22.776666641000077],[69.72580719000007,22.764610290000064],[69.71372222900004,22.77416610800003],[69.71663665800008,22.75208282500006],[69.70500183100006,22.760389329000077],[69.71666717500005,22.743694305000076],[69.68291473400006,22.76330566400003],[69.71083068800004,22.737888337000072],[69.66580200200008,22.752861024000026],[69.66410827700008,22.77208328200004],[69.66124725400005,22.758333207000078],[69.65211486900006,22.758333207000078],[69.66083526600005,22.747917175000055],[69.61746978800005,22.759555817000034],[69.60333251900005,22.777889251000033],[69.61330413800005,22.757055284000046],[69.57663726800007,22.759582521000027],[69.56124877900004,22.77416610800003],[69.56911468500005,22.777915954000036],[69.55913543700007,22.77541732800006],[69.55208587600004,22.782499313000073],[69.55413818300008,22.787027359000035],[69.56497192400008,22.790361406000045],[69.56913757500007,22.796222688000057],[69.55500030500008,22.791276933000063],[69.54747009200008,22.782054901000038],[69.49416351300005,22.782054901000038],[69.47080230700004,22.79125022900007],[69.49786377000004,22.776666641000077],[69.45163726800007,22.77541732800006],[69.38246917700008,22.814556122000056],[69.35202789300007,22.81836128200007],[69.37205505400004,22.85494422900007],[69.35827636700003,22.840415956000072],[69.35291290300006,22.845027925000068],[69.36166381800007,22.881195068000068],[69.34869384800004,22.867471695000063],[69.34955597100003,22.84497261000007],[69.35788726800007,22.832500459000073],[69.34999847400007,22.817888261000064],[69.30330658000008,22.830389023000066],[69.32083129900008,22.83619499200006],[69.32622528000007,22.84083366400006],[69.32414245600006,22.84369468700004],[69.27580261300005,22.822055818000024],[69.23041534400005,22.832500459000073],[69.23535919200003,22.83836174100003],[69.22497558600003,22.87622261100006],[69.22708129900008,22.837499618000038],[69.19580841000004,22.836221695000063],[69.19335937500006,22.850389480000047],[69.16997528000007,22.857889175000025],[69.17497253400006,22.848749161000057],[69.12122345000006,22.877500535000024],[69.14247131300004,22.89622306800004],[69.12413787900005,22.883750915000064],[69.11583709700005,22.89205551200007],[69.10832977300004,22.887083055000062],[69.07955932600004,22.907527925000068],[69.08538818400007,22.908306122000056],[69.08249664300007,22.92874908600004],[69.06916809000006,22.91705513000005],[69.07583618100006,22.95208358800005],[69.06416320800008,22.91538810700007],[69.00872039800004,22.947471618000066],[69.01455688500005,22.949193956000045],[69.00705719000007,22.954166413000053],[69.01419067400008,22.982915879000075],[69.00372314500004,22.959167480000076],[69.00705719000007,22.949193956000045],[68.99083709700005,22.953722],[68.96871948300003,22.966693879000047],[68.98247528100006,22.992027283000027],[68.96247100800008,22.967889785000068],[68.81444549500003,23.05655479400008],[68.81571960500008,23.065332414000068],[68.80905914300007,23.059499741000025],[68.75655365100005,23.08036041300005],[68.71408081100003,23.117055893000042],[68.65489196800007,23.14949989300004],[68.63158416700003,23.16866684100006],[68.62989044200003,23.177860260000045],[68.65824890200008,23.151193619000026],[68.71741485700005,23.12536048800007],[68.72110748300008,23.134111406000045],[68.68325042800006,23.14949989300004],[68.66077423100006,23.179527283000027],[68.64405822700007,23.16955566400003],[68.63783264200003,23.17661094600004],[68.64905548100006,23.18036079500007],[68.64824676500007,23.18288803200005],[68.63866424600008,23.185777665000046],[68.63739013800006,23.179527283000027],[68.61658477800006,23.18786048900006],[68.57947540300006,23.227443695000034],[68.59825134400006,23.240360260000045],[68.60199737500005,23.226583482000024],[68.60988617100003,23.230388641000047],[68.61905670100003,23.214527131000068],[68.63033294700006,23.219944],[68.61822509700005,23.21786117700003],[68.60363769500003,23.240833284000075],[68.63075256300004,23.244556427000077],[68.64822387700008,23.257860185000027],[68.65780639600007,23.251611711000066],[68.65032958900008,23.26330566400003],[68.66241455000005,23.272861482000053],[68.63447570800008,23.26658248900003],[68.62783050500008,23.29330635200006],[68.67947387700008,23.301639557000044],[68.65991973900003,23.302055359000065],[68.66200256400003,23.317472458000054],[68.65574646000005,23.301221847000022],[68.63574981700003,23.306167602000073],[68.62619781500007,23.34497261000007],[68.62117004400005,23.339971542000058],[68.62202453600008,23.34749984700005],[68.61196899400005,23.364166260000047],[68.60825347900004,23.367082595000056],[68.61866760200007,23.349166870000033],[68.61902618400006,23.32536125300004],[68.59324646000005,23.335388183000077],[68.58238983200005,23.349527360000025],[68.57575225800008,23.347026825000057],[68.57622528100006,23.358278276000078],[68.56369781500007,23.364944458000025],[68.56908416800007,23.37288856600003],[68.58908081100003,23.37208366400006],[68.59658050600007,23.356222153000033],[68.59947204500008,23.365804672000024],[68.58158111500006,23.382888795000042],[68.58572387700008,23.37288856600003],[68.56363678000008,23.379972459000044],[68.55863952700008,23.391611100000034],[68.57241821300005,23.39705467300007],[68.57408142100007,23.400388719000034],[68.55913543700007,23.395389557000044],[68.53783416700003,23.407499314000063],[68.52241516100008,23.457056047000037],[68.52158355700004,23.44622230500005],[68.49788665800008,23.454111101000024],[68.49283599900008,23.470806122000056],[68.50910949700005,23.493749618000038],[68.48491668700007,23.47788810700007],[68.44872283900008,23.479999543000076],[68.45030212500006,23.498361587000034],[68.48538970900006,23.517471315000023],[68.48410797100007,23.52708244300004],[68.48369598400006,23.51830482500003],[68.46991729700005,23.510416031000034],[68.45372009200008,23.515806198000064],[68.44869232200006,23.53247261200005],[68.46580505300005,23.54538917700006],[68.46913909900007,23.551250459000073],[68.44036102300004,23.529111862000036],[68.44955444300007,23.50494384700005],[68.43244171100008,23.50208282400007],[68.42539215100004,23.509166718000074],[68.42786407500006,23.55833244300004],[68.44574737600004,23.562915802000077],[68.46119689900007,23.57416725300004],[68.44455719000007,23.57083320600003],[68.45283508300008,23.596666336000055],[68.46747589100005,23.59708404500003],[68.47035980200008,23.62002754200006],[68.48369598400006,23.63080597000004],[68.49199676500007,23.654167176000044],[68.54783630400004,23.714166641000077],[68.62958526600005,23.760833740000066],[68.66664123600003,23.812139511000055],[68.67536163300008,23.8125],[68.67994689900007,23.79874992500004],[68.67536163300008,23.81583404500003],[68.68164062500006,23.821277618000067],[68.76489257800006,23.841278076000037],[68.79030609100005,23.860027313000046],[68.79824829100005,23.882917405000057],[68.81080627500006,23.87880516000007],[68.79905700700004,23.88544464200004],[68.78988647400007,23.883777620000046],[68.78705596900005,23.868389130000025],[68.77241516100008,23.858778],[68.77363586500007,23.86922264100008],[68.76239013600008,23.883777620000046],[68.76953125000006,23.86583328200004],[68.74910736100003,23.847110748000034],[68.71661376900005,23.85541725300004],[68.71575164900008,23.847110748000034],[68.69075012200005,23.846250534000035],[68.67994689900007,23.857084276000023],[68.65908050600007,23.85874939000007],[68.68289184500003,23.849166870000033],[68.65908050600007,23.835472107000044],[68.63994598400006,23.844610215000046],[68.63288879400005,23.840055466000024],[68.64324951200007,23.842138290000037],[68.64700317300003,23.834167480000076],[68.63991546600005,23.825445175000027],[68.58161163300008,23.813777923000032],[68.53244781500007,23.75208282600005],[68.52202606200007,23.759166718000074],[68.52449798600003,23.77586174100003],[68.51744079600007,23.78127861100006],[68.51533508300008,23.780027389000054],[68.52116394100005,23.770000459000073],[68.51408386200006,23.745445252000025],[68.49827575700004,23.75794410800006],[68.46577453600008,23.765472413000055],[68.46414184500003,23.77377700900007],[68.45952606200007,23.76916694600004],[68.47702789300007,23.743360521000056],[68.43413543800006,23.736278535000054],[68.43125152600004,23.742500306000068],[68.45288848800004,23.779167175000055],[68.44555664000006,23.81802749600007],[68.42678070100004,23.819360734000043],[68.42236328100006,23.80591583200004],[68.43369293200004,23.776695251000035],[68.42160797100007,23.761222841000063],[68.41327667300004,23.76124954200003],[68.39910888700007,23.751277923000032],[68.41789245600006,23.758361818000026],[68.42038726800007,23.716667175000055],[68.39538574200003,23.654167176000044],[68.39955902100007,23.636693954000066],[68.38410949700005,23.624584198000036],[68.37496948300003,23.638778686000023],[68.36955261200006,23.62416648900006],[68.37702941900005,23.624139786000057],[68.37619781500007,23.617500306000068],[68.37913513100006,23.613721847000022],[68.38158416700003,23.621250152000073],[68.39199829100005,23.60580635100007],[68.38578033400006,23.600444794000055],[68.36413574200003,23.61205482400004],[68.37455749500003,23.597473146000027],[68.34997558600003,23.58205604500006],[68.29328155600007,23.572055816000045],[68.26580810500008,23.556278229000043],[68.26039123500004,23.568277360000025],[68.27205658000008,23.594165803000067],[68.27830505400004,23.58872223000003],[68.28958130000007,23.598304750000068],[68.27449798600003,23.60169410700007],[68.27163696300005,23.62461090200003],[68.27038574400007,23.60333251900005],[68.25413513200004,23.567916870000033],[68.20911407500006,23.577110290000064],[68.17202758800005,23.616666793000036],[68.19083404500003,23.64622306800004],[68.21160888700007,23.64794349600004],[68.19455719000007,23.63666725300004],[68.20163726800007,23.63958358900004],[68.19994354300007,23.632917404000068],[68.21666717600004,23.646249772000033],[68.22747039900008,23.63872146600005],[68.23494720600007,23.637916566000058],[68.24121856700003,23.640806198000064],[68.22824859600007,23.64372253500005],[68.26166534400005,23.65041732800006],[68.28414154100005,23.67461204600005],[68.30205535900006,23.676666261000037],[68.29286193800004,23.68252754300005],[68.31410980200008,23.717082977000075],[68.32746887200005,23.722084047000067],[68.33244323700006,23.71205520600006],[68.32952880900007,23.72336197000004],[68.33908081100003,23.741277694000075],[68.34955596900005,23.730028152000045],[68.33621978700006,23.751722336000057],[68.32030487100008,23.758417129000065],[68.32702636700003,23.733304979000025],[68.29830932600004,23.723722459000044],[68.28538513200004,23.729166031000034],[68.29538726800007,23.71997261000007],[68.27080535900006,23.69797134500004],[68.25869750900006,23.71086120600006],[68.26622009300007,23.72255516000007],[68.26247406000005,23.736305237000067],[68.25538635200007,23.71336174100003],[68.26875305100003,23.6875],[68.24578094500004,23.671222688000057],[68.22705841100003,23.688333511000053],[68.23083496100003,23.707111360000056],[68.22663879500004,23.696250917000043],[68.21583557200006,23.69458389400006],[68.18958282500006,23.72669410700007],[68.20788574200003,23.75752830500005],[68.21536254900008,23.758361818000026],[68.20705413800005,23.834194183000022],[68.23080444300007,23.834611893000044],[68.24578094500004,23.853776931000027],[68.26080322200005,23.83544349700003],[68.26658630400004,23.87125015400005],[68.25708007800006,23.875],[68.25791931300006,23.88252830500005],[68.26675469400004,23.895092006000027],[68.29068952500006,23.892949921000024],[68.279445,23.91706602100004],[68.29358292000006,23.92189299100005],[68.33481408100005,23.916240001000062],[68.35087448100006,23.939590017000057],[68.34633804000003,23.960856960000058],[68.35697642600007,23.974152712000034],[68.36507562300005,23.940377297000055],[68.37955345300003,23.97083066600004],[68.75299125300006,23.971423774000073],[68.76940823300004,24.265541941000038],[68.76469570900008,24.29578863000006],[68.80801,24.313490001000048],[68.82616,24.31736],[68.83080000100006,24.311520001000076],[68.8473,24.238720001000047],[68.85673894000007,24.21388256700004],[68.86602251800008,24.21220308900007],[68.8799,24.216230001000042],[68.90678,24.27983000100005],[68.94538,24.302530001000036],[68.96732,24.27214],[68.98484635500006,24.227665109000043],[69.00342,24.22306000100008],[69.09482,24.27444],[69.19416,24.23639],[69.31276,24.281430001000047],[69.38088,24.269300001000033],[69.44448,24.28048],[69.49398,24.26782],[69.59429,24.29238],[69.73152,24.17104],[70.02502,24.171030001000076],[70.06654000100008,24.19897],[70.10992,24.295000001000062],[70.25388,24.32541],[70.32687,24.352080001000047],[70.36865,24.350910001000045],[70.41166000100003,24.3754],[70.56134,24.42085],[70.6025,24.408150001000024],[70.58046,24.36315],[70.56211,24.354],[70.58466,24.29041],[70.57134000100007,24.25175],[70.64438,24.2248],[70.714,24.215710001000048],[70.80537,24.22083],[70.85156,24.244900001000076],[70.87658,24.24583],[70.90668,24.2594],[70.87519,24.28069],[70.87394,24.29485],[70.94692,24.34852],[70.986,24.36528],[71.0034,24.350870001000033],[71.04204,24.351050001000033],[71.08428,24.394520001000046],[71.11965,24.40245],[71.12577,24.42009],[71.10315,24.43572],[71.03738,24.43209],[70.9985,24.44437],[71.00498,24.523210001000052],[70.98746,24.54352],[70.99265,24.56399],[70.98629,24.59557],[71.00888,24.63541],[71.0746,24.66205],[71.09618,24.68863],[71.06554160800005,24.717392677000078],[71.02668011900005,24.808834672000046],[70.93770561400004,24.938612225000043],[70.88849300900006,25.14810380800003],[70.75167144900007,25.277707719000034],[70.73678626500003,25.33244402500003],[70.66482306000006,25.39689362200005],[70.67855684100005,25.52554221200006],[70.66722957600007,25.53127414200003],[70.67402328600008,25.67580454800003],[70.66014987200003,25.702020599000036],[70.64728049400003,25.71257783200008],[70.60861030600006,25.714852001000054],[70.53016651800004,25.68337284300003],[70.38702330800004,25.673739735000026],[70.26863999100004,25.713643215000047],[70.24695935500006,25.762126634000026],[70.22247405100006,25.79310234600007],[70.17437845800004,25.828356550000024],[70.09980594500007,25.93824066800005],[70.08343540600004,26.08337659600005],[70.14120314900003,26.155970917000047],[70.17515401800006,26.251480162000064],[70.16355627400003,26.29486164900004],[70.18535064700006,26.374242037000045],[70.17696992600008,26.42404724100004],[70.18441667300004,26.484654747000036],[70.17428386300003,26.551333114000045],[70.11744821000008,26.586895322000032],[70.05627817400006,26.600515116000054],[69.88616115800005,26.57873271400007],[69.82316695000003,26.588955524000028],[69.79192582900004,26.598239094000064],[69.72249653300008,26.653371667000044],[69.51030040000006,26.74353908300003],[69.48443677800003,26.80487309500006],[69.51337713100008,27.009928626000033],[69.58682895100003,27.183251056000074],[69.64478942600005,27.22513903400005],[69.70277078800007,27.284251048000044],[69.86288804100008,27.402154334000045],[69.93374998700006,27.497740254000064],[70.02592691800004,27.562868552000054],[70.13255064900005,27.80598063800005],[70.22700036000003,27.90137661800003],[70.29623595700008,27.936015413000064],[70.37223289400004,28.011824310000065],[70.50571426600004,28.036976906000064],[70.58949778400006,28.01046367200007],[70.59861690900004,27.993122705000076],[70.67741425400004,27.92182856900007],[70.68434631100007,27.828200035000066],[70.73984542800008,27.741907025000046],[70.75944449700006,27.721219289000032],[70.87200318500004,27.705547913000032],[70.96316679600005,27.72929980600003],[71.20556892700006,27.83533706000003],[71.38307141300004,27.872526725000057],[71.66648581400005,27.877807285000074],[71.89834746500003,27.96123761700005],[71.92733255200005,28.12170257100007],[72.00431747500005,28.218542482000032],[72.13225751300007,28.312947541000028],[72.20663153800007,28.394757076000076],[72.29930949000004,28.669709459000046],[72.39025312500007,28.76971442000007],[72.40384699200007,28.782950646000074],[72.47949792900005,28.811923679000074],[72.73310188800008,28.948014602000057],[72.94583110500008,29.027797622000037],[73.00439506400005,29.15299678200006],[73.08441976700004,29.23618904800003],[73.28225472000008,29.572061120000058],[73.39699,29.945934],[73.59709933900007,30.018942077000077],[73.80662902500006,30.06796941500005],[73.82618791000004,30.090889080000068],[73.97268913500005,30.198253024000053],[73.95646711000006,30.27603526000007],[73.93095044000006,30.320141833000037],[73.90264713700003,30.349098560000073],[73.87983357100006,30.359761623000054],[73.96437662700004,30.424185712000053],[73.97381689100007,30.44395213400003],[73.92650576800008,30.438913292000052],[73.93724223900006,30.444963423000047],[73.92803812300008,30.46583233800004],[73.93465655900008,30.490159893000055],[73.94778498100004,30.483865612000045],[73.95018916200007,30.460043004000056],[73.96418391700007,30.456433479000054],[73.96981073900008,30.475215008000077],[73.96372743000006,30.484787483000048],[73.98202950900003,30.503972774000033],[73.99276815200005,30.514199784000027],[74.01997644800008,30.51414648800005],[74.01099393700008,30.52105666500006],[74.01192857000007,30.53362491000007],[74.03107179500006,30.526872514000047],[74.03925738300006,30.542547013000046],[74.04985657000003,30.537539965000065],[74.05740099900004,30.518649460000063],[74.07234214900006,30.52288808000003],[74.09091724500007,30.549393551000037],[74.07349447800004,30.554640421000045],[74.10196640400005,30.579164109000033],[74.09528234600003,30.601142431000028],[74.10192711000008,30.610962355000026],[74.09597407600006,30.611426924000057],[74.10505254300006,30.61921866600005],[74.11796467100004,30.607886633000078],[74.12741601100004,30.634755901000062],[74.13775692200005,30.62740923800004],[74.14881931800005,30.631452308000064],[74.19338571200007,30.66512509100005],[74.21918663400004,30.69349926800004],[74.23243394200006,30.72442790200006],[74.26092206200008,30.72308845200007],[74.26840102400007,30.73435687700004],[74.28654764400005,30.735581325000055],[74.27437102300007,30.744157275000077],[74.26115144500005,30.774652194000055],[74.30185500200008,30.779368805000047],[74.30681017900008,30.789197469000044],[74.29474430000005,30.794406610000067],[74.31979074700007,30.827345845000025],[74.32042733300005,30.846555305000038],[74.34824397300008,30.854962002000036],[74.36338618900004,30.847187794000035],[74.36459111400006,30.857321539000054],[74.38217663500006,30.860388495000052],[74.36088770700007,30.873689126000045],[74.36588081900004,30.89297560400007],[74.38301626900005,30.895334912000067],[74.39732336000003,30.909373575000075],[74.42277423100006,30.90777091900003],[74.42433696900008,30.916038597000068],[74.41033092500004,30.923446484000067],[74.42354166100006,30.92074244300005],[74.42877671900004,30.93112895200005],[74.41377585000004,30.929605078000066],[74.41647108500007,30.940328785000077],[74.43949280500004,30.942073806000053],[74.44200880300008,30.951716177000037],[74.46638075400006,30.95676720000006],[74.45696827800003,30.964221576000057],[74.47986683000005,30.974235514000043],[74.50616434800008,30.965946229000053],[74.51627064700006,30.979513635000046],[74.54646998600003,30.99246179100004],[74.54225532700008,31.016584660000035],[74.56827374400007,31.05478404200005],[74.59037012500005,31.049983850000046],[74.59692469400005,31.03763996600003],[74.67113479000005,31.053558586000065],[74.69609569000005,31.07395723600007],[74.69072911100005,31.081384352000043],[74.70238766800003,31.092297562000056],[74.68915468700004,31.127951078000024],[74.66650292300005,31.12440717100003],[74.65912140200004,31.13400677100003],[74.63641804500008,31.118139213000063],[74.63089779900008,31.132711314000062],[74.60244980300007,31.133334128000058],[74.59653935200004,31.127296587000046],[74.60995939600008,31.111705466000046],[74.61058332200008,31.09911461300004],[74.60075251600006,31.087967035000077],[74.58908945900004,31.092445380000072],[74.57129163200005,31.081357119000074],[74.55143836900004,31.08645882600007],[74.54849892200008,31.122038986000064],[74.51040744500006,31.13196294200003],[74.51048893400008,31.180285414000025],[74.51956934700007,31.18409460600003],[74.52608906300003,31.21191020300006],[74.51716907600007,31.228399465000052],[74.53269937400006,31.249402848000045],[74.52113015300006,31.27208187900004],[74.54209555800003,31.303728096000043],[74.52637315800007,31.312426627000036],[74.53482166100008,31.313459812000076],[74.53681700700008,31.33018101600004],[74.54878258500008,31.334845573000052],[74.55173742900007,31.364399503000072],[74.58348845400008,31.37901173700004],[74.60125488000006,31.41993409400004],[74.61931863800004,31.41983962000006],[74.62237765200007,31.430135716000052],[74.64253548700003,31.415946860000076],[74.65467123300004,31.42590946300004],[74.63862896600006,31.444169153000075],[74.65223618200008,31.457207925000034],[74.63632612800006,31.477671523000026],[74.62777334600008,31.476864118000037],[74.63668540000003,31.484739018000027],[74.62228143200008,31.481977076000078],[74.60983278400005,31.49978892400003],[74.58741698800003,31.496080376000066],[74.57535967800004,31.500907168000026],[74.58728733900006,31.50417207600003],[74.58014517500004,31.507002783000075],[74.58422053700008,31.52075205400007],[74.61285685000007,31.52725466700008],[74.61875351300006,31.551550173000066],[74.60671313800003,31.562512010000034],[74.61589012800005,31.569039579000048],[74.59213033100008,31.57408405600006],[74.57543809200007,31.603974317000052],[74.55547120200004,31.607907887000067],[74.54032194400008,31.659942466000075],[74.52883520100005,31.666398895000043],[74.53511201400005,31.67762513200006],[74.50198751900007,31.695623864000027],[74.49929956800008,31.709422731000075],[74.48662495500008,31.715053800000078],[74.50303303200008,31.72844929400003],[74.50389968600007,31.740301956000053],[74.55941881200005,31.757856789000073],[74.55130404800008,31.77867370000007],[74.55557128900006,31.79134933200004],[74.56717492400008,31.79632150900005],[74.55791285400005,31.804785588000072],[74.57309715200006,31.81610259000007],[74.57208490700003,31.839049488000057],[74.58339140400005,31.851898533000053],[74.59069757600008,31.84854179100006],[74.59777753800006,31.86800174800004],[74.60660706300007,31.86849179400008],[74.60739286500007,31.89007904500005],[74.63624719300003,31.884222790000024],[74.65754089100005,31.901887988000055],[74.66671385900008,31.922594478000065],[74.71905531900006,31.92376666800004],[74.71392594500008,31.932164384000032],[74.71993744900004,31.941446916000075],[74.75636989600008,31.94374143500005],[74.75539379700007,31.95582180200006],[74.76848903800004,31.947733903000028],[74.80587737800005,31.96298764000005],[74.81900637600006,31.95870777400006],[74.83124348400008,31.980782589000057],[74.82886037800006,31.999180813000066],[74.85312570000008,32.013394995000056],[74.84831128400003,32.020492475000026],[74.86559676000007,32.02319334600003],[74.86547759400008,32.03042764800006],[74.86878823100005,32.02197696300004],[74.87998683300003,32.031874704000074],[74.86878420100004,32.04185983200006],[74.87942673600008,32.053751256000055],[74.90476227300007,32.05028870900003],[74.93363641200006,32.065646609000055],[74.97396359100003,32.05345623100004],[74.97804452100007,32.04707661900005],[74.97187435500007,32.04252244700007],[75.00297195600007,32.04358016400005],[75.01241127100008,32.03567924400005],[75.02162409100004,32.04862254200003],[75.03397333400005,32.05068162600003],[75.04073097900005,32.042598600000076],[75.06871006500006,32.067175690000056],[75.08398970400003,32.06004470900007],[75.09109564600004,32.07181593800004],[75.10488339100004,32.05867989500007],[75.10668517800008,32.06968352200005],[75.12291460000006,32.081466834000025],[75.15767811100005,32.081826353000054],[75.17427221900004,32.067670960000044],[75.19834119000006,32.082789382000044],[75.20340603100004,32.12022270800003],[75.21567332300003,32.12114560500004],[75.21780853900003,32.10336248100003],[75.22375261400003,32.09813536400003],[75.22704048700007,32.10676219800007],[75.23509647600008,32.10372293000006],[75.22944073500008,32.09326705500007],[75.24026930500008,32.09102958600005],[75.27861031700007,32.116890641000055],[75.28343835600003,32.131815998000036],[75.27739709900004,32.13688450500007],[75.28539630600005,32.151630503000035],[75.29946572900008,32.153353398000036],[75.32231262700003,32.179327655000066],[75.31026779700005,32.19463630200005],[75.32010241700004,32.204147024000065],[75.31622011100006,32.20804104700005],[75.33132719200006,32.21956339800005],[75.35737666500006,32.21801073700004],[75.37231677900007,32.22577782700006],[75.37055394100008,32.25785478800003],[75.38147784500006,32.268787220000036],[75.371647,32.279497],[75.34385311400007,32.27858417900006],[75.35045173600008,32.289959993000025],[75.32080222100006,32.29724518200004],[75.33751271000006,32.32058248200008],[75.32200136400007,32.34369661200003],[75.29899118400004,32.34660761900005],[75.28699842100008,32.360962452000024],[75.28968961900006,32.370112334000055],[75.27282205300008,32.37632730100006],[75.25824992200006,32.37234300100005],[75.25694232900008,32.38940148300003],[75.24542763200003,32.38475310900003],[75.21321628900006,32.40271620800007],[75.20914286200008,32.394731970000066],[75.19281965300007,32.401005127000076],[75.19307099500008,32.411197489000074],[75.20160771900004,32.41527857700004],[75.19177272900004,32.42614947000004],[75.15347665800005,32.42110069300003],[75.13291174600005,32.40883078200005],[75.12750520700007,32.423947412000075],[75.13438153100003,32.42821060800003],[75.10169467500003,32.477465186000074],[75.08522068300005,32.469085876000065],[75.02653009600004,32.49758738600008],[75.01550090700005,32.46438594400007],[74.99202588700007,32.45238409600006],[74.96572151700008,32.45815342100008],[74.95164423500006,32.446473799000046],[74.94312837500007,32.452248223000026],[74.93924939300007,32.47128335200006],[74.91847348000005,32.464049438000075],[74.87637930800008,32.47729332600005],[74.88450332400004,32.490432714000065],[74.87709901800008,32.49391048700005],[74.867609,32.485132],[74.857683,32.494076],[74.846244,32.490118],[74.82002918600006,32.499531010000055],[74.81259404700006,32.48005491500004],[74.75531136300003,32.48290908000007],[74.72716919100003,32.47584421900007],[74.71171532500006,32.478670531000034],[74.71037736800008,32.49286167400004],[74.69168487600007,32.486594549000074],[74.68141605700004,32.492754270000034],[74.69022978300006,32.534256491000065],[74.66188435600003,32.54584495600005],[74.66113925400003,32.55407021800005],[74.67328173300007,32.55360128600006],[74.67309896100005,32.56798135200006],[74.65161734500003,32.562999070000046],[74.65502993000007,32.58094039100007],[74.64844335100008,32.58553198900006],[74.65905730900005,32.596744545000035],[74.64153156200007,32.599573478000025],[74.63848442200003,32.614611307000075],[74.65416447900003,32.615217622000046],[74.65454431800003,32.637138496000034],[74.66957513200003,32.63826911100006],[74.69509979800006,32.660571196000035],[74.69616515600006,32.66588868500003],[74.66623535700006,32.675603799000044],[74.65368861000007,32.69698678300006],[74.66386997000006,32.725748004000025],[74.65447214300008,32.72909944200006],[74.70456353700007,32.81727822400006],[74.70525128500003,32.84195468900003],[74.66552498100003,32.82391136600006],[74.65255002600003,32.82784563200005],[74.63288597900004,32.80891449300003],[74.65863713200008,32.78745845200007],[74.63203359400006,32.776004397000065],[74.63763067800005,32.75147021600003],[74.61749613600006,32.76135818900008],[74.57957038300003,32.74942198400004],[74.56613368100005,32.76006786700003],[74.55559322700003,32.75866948600003],[74.54707642000005,32.745581220000076],[74.54299810000003,32.75144111700007],[74.51429682300005,32.74422007100003],[74.51116903200005,32.76440912900006],[74.48467161400004,32.765227184000025],[74.47525767300004,32.77655368200004],[74.46383549000006,32.77662404000006],[74.44519432006884,32.80408400965739],[74.43951915500008,32.78814239400003],[74.41065134000007,32.77198132800004],[74.37175134000006,32.76958132800007],[74.34935134000006,32.78258132800005],[74.34125134000004,32.80968132800007],[74.08315134000003,32.927981328000044],[74.05295134000005,32.93068132800005],[74.00099,32.954384],[73.925811,33.034085],[73.877765,33.03465],[73.816152,33.010344],[73.776019,33.021084],[73.746061,33.05613],[73.729669,33.064044],[73.653359,33.080436],[73.634141,33.093437],[73.623966,33.114351],[73.625096,33.131874],[73.670317,33.152224],[73.670317,33.21101],[73.627357,33.241534],[73.614357,33.278841],[73.618313,33.289016],[73.60369873000008,33.319091797000056],[73.60827636700003,33.334899902000075],[73.58883378200005,33.34177334200007],[73.57597786500008,33.37740119000006],[73.60192050000006,33.434852],[73.63018350000004,33.456331],[73.61153,33.491943],[73.612095,33.508335],[73.633575,33.526423],[73.62572993800006,33.54507702800004],[73.62848750000006,33.567687],[73.601921,33.606124],[73.571962,33.63043],[73.577049,33.666607],[73.59570250000007,33.680738],[73.60079050000007,33.698826],[73.598529,33.739525],[73.566874,33.797746],[73.59228515600006,33.86267089800003],[73.594573,33.891579],[73.588355,33.907406],[73.543699,33.954322],[73.534655,33.988237],[73.519394,34.000108],[73.52448,34.012543],[73.50141338700007,34.01800203400006],[73.511033,34.018706],[73.514869,34.03685],[73.502999,34.069069],[73.495085,34.135204],[73.499042,34.207557],[73.473606,34.256169],[73.488302,34.279344],[73.480389,34.291215],[73.469649,34.27991],[73.462301,34.287823],[73.451561,34.300259],[73.4493,34.321173],[73.39842630500004,34.37826391800007],[73.412558,34.385613],[73.42782,34.416702],[73.428951,34.46927],[73.444212,34.505447],[73.435734,34.526927],[73.448169,34.535971],[73.453256,34.569321],[73.49565106100005,34.57723363100007],[73.53748050000007,34.571582],[73.56404644000008,34.589669755000045],[73.617745,34.582322],[73.636399,34.564799],[73.656748,34.562538],[73.665792,34.580061],[73.659009,34.599279],[73.699707,34.647892],[73.663531,34.662588],[73.664661,34.669936],[73.686706,34.691981],[73.685576,34.705548],[73.703664,34.719114],[73.727969,34.764334],[73.777712,34.794858],[73.83084750000006,34.79146650000007],[73.838196,34.814076500000056],[73.865326,34.80899],[73.898111,34.819729],[73.927504,34.811251],[73.934287,34.8316],[73.968202,34.835557],[73.977811,34.866081],[74.021903,34.873994],[74.045079,34.890386500000034],[74.038861,34.914127],[74.07164550000005,34.937868],[74.060906,34.988741],[74.097082,35.00061150000005],[74.11121350000008,35.017569],[74.076733,35.04752750000006],[74.08747250000005,35.082573500000024],[74.12857729900003,35.10523316800004],[74.13194850000008,35.11928750000004],[74.11590650000005,35.123447],[74.11234150000007,35.15315450000003],[74.09689195200008,35.146025440000074],[74.080255,35.156126],[74.035694,35.14959],[74.007768,35.170979],[74.003015,35.184645],[73.95786,35.165038],[73.925778,35.21019350000006],[73.871116,35.204846],[73.84735,35.226236],[73.80933519300004,35.242867025000066],[73.76547090800005,35.22089438200004],[73.74990850000006,35.220888],[73.73027090800008,35.27369438200003],[73.71187090800004,35.27969438200006],[73.69286950000003,35.349226],[73.70059350000008,35.352791],[73.698217,35.37121],[73.72733050000005,35.419337],[73.752879,35.432408],[73.75466150000005,35.443103],[73.79447,35.44904450000007],[73.785558,35.463304],[73.78555682400008,35.52448867700008],[73.66494450000005,35.531038],[73.61687090800007,35.54109438200004],[73.49987090800005,35.54289438200004],[73.41787090800005,35.52509438200008],[73.40529850000007,35.529256],[73.395198,35.586889],[73.35598350000004,35.609467],[73.33102950000006,35.662941],[73.29656850000003,35.662347],[73.29062650000003,35.670665],[73.24012350000004,35.657593500000075],[73.23596450000008,35.667694],[73.191997,35.677201],[73.14862350000004,35.71285],[73.126046,35.721168],[73.11000350000006,35.749094],[73.111786,35.759194],[73.120104,35.765136],[73.15813,35.761571],[73.200315,35.78712],[73.200315,35.826928],[73.17833150000007,35.860201],[73.149812,35.843565],[73.12907090800007,35.84589438200004],[73.092179,35.875649],[73.02627090800007,35.842294382000034],[72.99889650000006,35.862578],[72.96037090800007,35.848894382000026],[72.90383150000008,35.841782],[72.89194850000007,35.849506],[72.89076,35.87743150000006],[72.836692,35.87327250000004],[72.81947090800003,35.88809438200008],[72.80947090800004,35.86249438200008],[72.79747090800004,35.86609438200003],[72.78571821600008,35.848077587000034],[72.68336844400005,35.82042800200003],[72.56850036300006,35.851801117000036],[72.55199697400008,35.880254765000075],[72.50990580100006,35.902388047000045],[72.56813340600007,36.01230667200008],[72.56575707500008,36.028942561000065],[72.53010810800004,36.06043320400005],[72.52119633700005,36.07885205200006],[72.52357262000004,36.11152986900004],[72.54258583200004,36.148961738000025],[72.54021023900003,36.19174047200005],[72.549121,36.232737],[72.59368458400007,36.269575264000025],[72.65250625200008,36.26363416000004],[72.68637200300003,36.275517671000046],[72.72175593600008,36.31346446800006],[72.84834443800008,36.37643271500008],[72.85722698500007,36.38827626200003],[72.87148796300005,36.45244463500006],[72.92403518700007,36.47396562400007],[72.96740791600007,36.476936813000066],[72.97037919000007,36.50902063600006],[73.01018755800004,36.52446873400004],[73.04108355800008,36.54764124400003],[73.05474932300007,36.58685557600006],[73.07495089000008,36.609433538000076],[73.04940264700008,36.673008038000035],[73.04940275600006,36.68489096800005],[73.06188028400004,36.697367953000025],[73.12486047700008,36.71103417200004],[73.15219146400005,36.73004718900006],[73.21398342500004,36.71756955800004],[73.26805108700006,36.72113479500007],[73.37440469400008,36.757973083000024],[73.40886596300004,36.75856724300007],[73.44926752800006,36.74133753800004],[73.50690053000005,36.73004888000003],[73.56869266000007,36.73599013900008],[73.57879243300005,36.718760290000034],[73.60374718000008,36.70984746200003],[73.65662679000008,36.706877732000066],[73.67326270300003,36.70984779300005],[73.68752272500006,36.722919784000055],[73.73446036500007,36.71876103200003],[73.77545717000004,36.72826717100003],[73.83427759800003,36.70984856100006],[73.86101455100004,36.72470260000006],[73.86814477900003,36.75500445400007],[73.83903240300003,36.80134904000005],[73.79328281400007,36.812042758000075],[73.78496407800003,36.83462058400005],[73.72079608900003,36.84234423200007],[73.69702986600004,36.85482204500005],[73.650573,36.915757],[73.66987,36.922372],[73.800608,36.900135],[73.842408,36.90725],[73.890434,36.885904],[73.910889,36.888572],[73.945574,36.869004],[73.974922,36.840542],[74.022058,36.841431],[74.040734,36.834316],[74.085201,36.852104],[74.129668,36.857441],[74.151013,36.917923],[74.217713,36.914365],[74.242614,36.90547],[74.277298,36.915254],[74.358227,36.974847],[74.40625,36.989078],[74.424037,37.006866],[74.521861,37.005977],[74.531644,36.998861],[74.53698,36.976625],[74.547651,36.967731],[74.562769,36.971289],[74.576109,37.004198],[74.573441,37.038886],[74.623241,37.059343],[74.631245,37.075353],[74.689049,37.095811],[74.704166,37.09759],[74.720453,37.051813],[74.734752,37.037511],[74.780827,37.034333],[74.79142,37.037511],[74.793538,37.05711],[74.840672,37.065585],[74.846498,37.053402],[74.842791,37.023739],[74.87033,36.998314],[74.902106,36.940578],[74.939176,36.947994],[74.923289,36.983483],[74.937058,36.992488],[74.978895,37.003612],[74.996934,37.00064],[75.033441,37.025859],[75.063627,37.013147],[75.130882,37.020563],[75.145711,37.034335],[75.1706,37.022682],[75.168733,36.999313],[75.241032,36.971832],[75.281808,36.982956],[75.417902,36.959121],[75.418961,36.94482],[75.394073,36.928399],[75.39778,36.90933],[75.4232,36.895558],[75.433261,36.87649],[75.42638,36.784323],[75.460103,36.729847],[75.478276,36.729773],[75.490985,36.746186],[75.503693,36.748835],[75.51501,36.734387],[75.534407,36.734004],[75.539701,36.780087],[75.585772,36.772142],[75.633429,36.780088],[75.67685,36.771084],[75.70373,36.755507],[75.735626,36.753075],[75.846823,36.686336],[75.941074,36.606355],[75.93578,36.575633],[75.969014,36.521542],[75.998261,36.501477],[75.997737,36.488764],[76.02785159262507,36.43963345932904],[76.14928430200024,36.42454783200009],[76.2389945880002,36.31990305600007],[76.31857629400014,36.330083313000046],[76.38885624200014,36.30977447500001],[76.42864709500014,36.239546204000135],[76.4692647710001,36.220012513000114],[76.5682768150001,36.19040191700009],[76.66894250500013,36.19040191700009],[76.71875858600009,36.15991282200008],[76.75865279200019,36.11004506500004],[76.77890995300021,36.03981679300006],[76.77890995300021,35.91026397700006],[76.83906132000016,35.85951772100006],[77.0085600180002,35.81972686800006],[77.06860803200004,35.779936015000146],[77.08958866400013,35.74019683900005],[77.20896122200026,35.709656067000054],[77.3485909430002,35.719784648000115],[77.42135135900008,35.64015126600006],[77.4688936770001,35.65188181600007],[77.5086845300001,35.58015492800007],[77.51873419405028,35.48565732389375]]],[[[93.84583282500006,7.244555475000027],[93.86289215100004,7.236639023000066],[93.85705566400009,7.223277569000061],[93.86250305200008,7.211194515000045],[93.87913513200004,7.212888719000034],[93.88664245600006,7.200361251000061],[93.89372253400006,7.204138757000067],[93.88791656500007,7.174972057000048],[93.89458465500007,7.120805740000037],[93.90286254900008,7.117444515000045],[93.89705658000008,7.088277818000051],[93.91625213700007,7.074972154000022],[93.92580413800005,7.027861118000033],[93.93914032000004,7.027888776000054],[93.96289062500006,7.003333570000052],[93.95500183100006,6.993722439000067],[93.93997192400008,7.011166573000025],[93.92871856800008,6.995777607000036],[93.94125366200007,6.985027790000061],[93.94166564900007,6.96869421100007],[93.95705413900004,6.95913887100005],[93.92627716100009,6.941611290000026],[93.92453002900004,6.909111023000037],[93.90953064000007,6.905000211000072],[93.91461181600005,6.884166718000074],[93.90455627400007,6.863333225000076],[93.90625,6.846666814000059],[93.91002655000005,6.838722229000041],[93.92539215200009,6.83663892900006],[93.91458129900008,6.809999943000037],[93.89499664300007,6.794583320000072],[93.87999725300006,6.817083360000026],[93.86833190900006,6.815444469000056],[93.85289001500007,6.756639004000021],[93.84247589100005,6.752916814000059],[93.82202911400003,6.762499809000076],[93.82794189400005,6.818305493000025],[93.81666565000006,6.814555645000041],[93.80291748000008,6.835027694000075],[93.80955505500003,6.851666452000075],[93.79374694800003,6.860833169000045],[93.78958129900008,6.877472402000024],[93.80247497500005,6.883722305000049],[93.78289032000004,6.893277646000058],[93.77413940400004,6.919555664000029],[93.76291656500007,6.908305645000041],[93.75455474900008,6.926639081000076],[93.76288604700005,6.931638719000034],[93.75785827700008,6.948305608000055],[93.75160980200008,6.960416795000071],[93.74333190900006,6.957055570000023],[93.72961425800008,6.994972229000041],[93.71247100800008,6.997889043000043],[93.69997406000005,7.022055625000064],[93.68416595500008,7.021222116000047],[93.68164062500006,7.013694288000067],[93.66955566400009,7.017444612000077],[93.67624664300007,7.036611080000057],[93.66208648700007,7.104138851000073],[93.67539215100004,7.115833283000029],[93.66247558600008,7.117055416000028],[93.66038513200004,7.128305435000073],[93.68627929700006,7.155777931000046],[93.67955780000005,7.179111004000049],[93.68746948200004,7.187027932000035],[93.73497009300007,7.18869447700007],[93.75247192400008,7.205360889000076],[93.75708007800006,7.201638700000046],[93.76249694800003,7.215333463000036],[93.81038665900007,7.205777645000069],[93.81205749500003,7.236639023000066],[93.83666992200006,7.237027646000058],[93.84583282500006,7.244555475000027]]],[[[93.73622131300004,7.423250200000041],[93.73872375500008,7.400777817000062],[93.77124786400003,7.384944439000037],[93.77500152600004,7.365416526000047],[93.76619720400004,7.363305568000044],[93.75458526600005,7.328277588000049],[93.73872375500008,7.309972286000061],[93.70327758800005,7.294528007000054],[93.68619537300003,7.264111043000071],[93.66413879400005,7.247889042000054],[93.64702606300006,7.264972210000053],[93.65080261300005,7.299555780000048],[93.63788604800004,7.308305741000027],[93.65125274800005,7.321610927000052],[93.64785766600005,7.372444630000075],[93.66327667200005,7.367083549000029],[93.70911407500006,7.391194345000031],[93.72333526600005,7.388694287000021],[93.72083282500006,7.44452762700007],[93.73622131300004,7.423250200000041]]],[[[93.37750244100005,8.021249772000033],[93.40372467000003,8.005833625000037],[93.39702606200007,7.994916439000065],[93.40039062600005,7.968249799000034],[93.41161346400008,7.957055569000033],[93.42661285400004,7.964555740000037],[93.45455932600004,7.932472229000041],[93.46788787800006,7.889944553000021],[93.45916748100007,7.870333195000057],[93.44828033500005,7.871194364000075],[93.42658233600008,7.900333404000037],[93.39583587700008,7.895360948000075],[93.37664032000004,7.877861024000026],[93.33994293300003,7.888694288000067],[93.34122467100008,7.912416458000052],[93.34872436500007,7.920750142000031],[93.34371948300009,7.922416687000066],[93.35869598400006,7.934916496000028],[93.35160827600004,7.932055473000048],[93.34994506800007,7.942055702000062],[93.34539032000004,7.929944515000045],[93.32994079600007,7.927833557000042],[93.32785797100007,7.919083120000039],[93.31872558600008,7.924110889000076],[93.30952453600008,7.954944612000077],[93.32035827700008,7.971611023000037],[93.31950378400006,7.994111061000069],[93.33496856600004,8.008722305000049],[93.35669708300009,8.005416871000023],[93.37750244100005,8.021249772000033]]],[[[93.55705261200006,8.024138452000045],[93.57624816900005,8.022472383000036],[93.59291839600007,7.988305569000033],[93.58994293200004,7.92616653400006],[93.51875305200008,7.983277798000074],[93.52246856700003,7.997860910000043],[93.53080749500003,7.993722439000067],[93.54125213600008,8.005000116000076],[93.54374694800003,8.023305893000042],[93.56244659400005,7.996166707000043],[93.55705261200006,8.024138452000045]]],[[[93.59788513200004,8.112500192000027],[93.59369659400005,8.095833778000042],[93.60205841100009,8.092499733000068],[93.61374664300007,8.049972534000062],[93.60663604700005,8.037917137000022],[93.58460998600003,8.065805435000073],[93.59205627400007,8.079138757000067],[93.57294464100005,8.122528077000027],[93.58833313000008,8.130416870000033],[93.59788513200004,8.112500192000027]]],[[[93.50499725300006,8.227889061000042],[93.55163574200009,8.232889177000061],[93.55791473400006,8.220805169000073],[93.54955291800007,8.180777551000062],[93.52500152600004,8.17536067900005],[93.51541900600006,8.16583347300002],[93.51705932700008,8.15413856500004],[93.50869751000005,8.150805473000048],[93.53128051700008,8.128305436000062],[93.54041290300006,8.101666450000039],[93.55702972500006,8.089166642000066],[93.56122589100005,8.037471771000071],[93.54333496100008,8.046222688000057],[93.53747558600008,8.032111168000029],[93.52083587700008,8.031250001000046],[93.51958465600006,8],[93.51244354400006,7.997889042000054],[93.49955749500003,8.012499811000055],[93.49624633800005,8.042499543000076],[93.51958465600006,8.039138794000053],[93.52083587700008,8.06624984800004],[93.52500152600004,8.047916412000063],[93.54039001500007,8.052499771000043],[93.53705596900005,8.060028077000027],[93.54872131400003,8.065805435000073],[93.53453063900008,8.06830596900005],[93.54458618100006,8.079138757000067],[93.52666473300008,8.083694459000071],[93.52458190900006,8.07250022900007],[93.49705505300005,8.05163860500005],[93.49041748000008,8.085805893000042],[93.50125122100008,8.090806009000062],[93.48288726800007,8.096666336000055],[93.47955322300004,8.120805740000037],[93.47127532900004,8.124944687000038],[93.47705841100009,8.141666412000063],[93.46455383300008,8.149999620000074],[93.46289062500006,8.167471887000033],[93.46666717500005,8.182110786000067],[93.49874877900004,8.202444078000042],[93.50499725300006,8.227889061000042]]],[[[93.24333190900006,8.263750076000065],[93.25455475000007,8.21997261200005],[93.24416351300005,8.21791649000005],[93.22705841100009,8.234972],[93.22538757400008,8.255833627000072],[93.24333190900006,8.263750076000065]]],[[[73.06080627400007,8.277916909000055],[73.04663848900003,8.262916566000058],[73.01791381900006,8.270805358000075],[73.01828002900004,8.27708339700007],[73.02999877900004,8.270416261000037],[73.05416870100004,8.279555320000043],[73.07202911400003,8.315805435000073],[73.07955932600004,8.323361397000042],[73.06080627400007,8.277916909000055]]],[[[93.13085937500006,8.35455513100004],[93.14875030500008,8.345000267000046],[93.13622284100006,8.313305855000067],[93.13372039800004,8.273333551000064],[93.15914154000006,8.242888452000045],[93.21038818300008,8.217472076000035],[93.20246887200005,8.196222305000049],[93.16580200200008,8.202027322000049],[93.12413787900005,8.22622203800006],[93.09541320800008,8.264944077000052],[93.08794403100006,8.294138908000036],[93.09960937500006,8.334166528000026],[93.10910797100007,8.348694802000068],[93.13085937500006,8.35455513100004]]],[[[93.07913970900006,8.428777694000075],[93.06038665700004,8.440833092000048],[93.06669616700003,8.461222648000046],[93.08041381800007,8.453305244000035],[93.07913970900006,8.428777694000075]]],[[[93.62789154100005,8.52913856500004],[93.64372253400006,8.518305780000048],[93.64541626000005,8.46166706200006],[93.63497161900005,8.462888719000034],[93.62955474900008,8.454111099000045],[93.62833404500003,8.417083741000056],[93.62288665800008,8.449138641000047],[93.63044738800005,8.509139061000042],[93.61705780000005,8.540805816000045],[93.61911010700004,8.571249962000024],[93.62789154100005,8.52913856500004]]],[[[92.77580261300005,9.254638672000056],[92.81872558600008,9.214221954000038],[92.83036041300005,9.141694069000039],[92.80413818400007,9.117944719000036],[92.78327942000004,9.117083549000029],[92.77327728300008,9.126277925000068],[92.73911285400004,9.120444299000042],[92.72119140600006,9.141694069000039],[92.72039032000004,9.210833551000064],[92.76408386300005,9.214611055000034],[92.77580261300005,9.254638672000056]]],[[[72.28163909900007,10.032083513000032],[72.27622222900004,10.040805818000024],[72.28500366200007,10.046222687000068],[72.28541565000006,10.03577804500003],[72.28163909900007,10.032083513000032]]],[[[73.65164184600008,10.096249580000062],[73.64871978800005,10.057472229000041],[73.64167022700008,10.055388452000045],[73.63586425800008,10.071194650000052],[73.64538574200003,10.074972153000033],[73.65164184600008,10.096249580000062]]],[[[73.66244506800007,10.127916336000055],[73.65869140700005,10.150805474000038],[73.66163635400005,10.154555321000032],[73.66622161900005,10.141666412000063],[73.66244506800007,10.127916336000055]]],[[[72.61875152500005,10.570833207000021],[72.58580780000005,10.540389061000042],[72.58288574200003,10.54163932800003],[72.60916900600006,10.577917099000047],[72.61875152500005,10.570833207000021]]],[[[72.52246856700003,10.785388948000048],[72.53121948300003,10.779999733000068],[72.52163696300005,10.775388719000034],[72.52246856700003,10.785388948000048]]],[[[73.66244506800007,10.816222192000055],[73.69828033500005,10.816222192000055],[73.70202636700003,10.811638833000075],[73.67580413800005,10.802055359000065],[73.65958404600008,10.809166908000066],[73.66244506800007,10.816222192000055]]],[[[72.19999694800003,10.881250383000065],[72.19538879400005,10.852444650000052],[72.17910766600005,10.841250419000062],[72.17624664300007,10.870805740000037],[72.19999694800003,10.881250383000065]]],[[[92.54914093000008,10.880389213000058],[92.54497528000007,10.86538887100005],[92.55664062500006,10.860416412000063],[92.55036163300008,10.868332862000045],[92.55494689900007,10.880389213000058],[92.58872222900004,10.85333347300002],[92.58458709700005,10.836610794000023],[92.59539032000004,10.789944650000052],[92.56622314400005,10.79583358900004],[92.58750152600004,10.787860870000031],[92.60250091500006,10.76624965800005],[92.59539032000004,10.783277511000051],[92.60416412400008,10.783749582000041],[92.62202453600008,10.761610984000072],[92.61952972400007,10.669944764000036],[92.59539032000004,10.656666757000039],[92.59163665800008,10.63538932800003],[92.57746887200005,10.63538932800003],[92.56372070300006,10.62416648900006],[92.54785919200003,10.592499734000057],[92.55747222900004,10.577055932000064],[92.57080841000004,10.577888489000031],[92.57785797100007,10.56830597000004],[92.54122161900005,10.528333664000058],[92.54039001500007,10.514166832000058],[92.52413940400004,10.507055284000046],[92.48497009200008,10.511194229000068],[92.4375,10.544528007000054],[92.40166473400006,10.52622223000003],[92.38744354200009,10.527055740000037],[92.38369751000005,10.537444115000028],[92.41122436500007,10.588305474000038],[92.41619110100004,10.629138948000048],[92.40413665700004,10.650388718000045],[92.38625335700004,10.65747261000007],[92.38458252000004,10.790805816000045],[92.39663696300005,10.80288887100005],[92.40830230700004,10.78872203800006],[92.43038940400004,10.810832977000075],[92.43372345000006,10.824944497000047],[92.46244812000003,10.842055322000022],[92.46705627500006,10.85999965600007],[92.50333404500003,10.889499664000027],[92.51291656600006,10.888305665000075],[92.51789093000008,10.872471811000025],[92.51247406000005,10.867055894000032],[92.52205658100007,10.869944573000055],[92.51622009300007,10.888278009000032],[92.52491760300006,10.897055627000043],[92.54080200300007,10.895360947000029],[92.54914093000008,10.880389213000058]]],[[[72.29039001500007,10.935805321000032],[72.28458404600008,10.942472458000054],[72.29083251900005,10.945388794000053],[72.29039001500007,10.935805321000032]]],[[[72.72080230700004,11.112889291000045],[72.71871948200004,11.127499581000052],[72.73330688400006,11.136221887000033],[72.73291778600003,11.126638412000034],[72.72080230700004,11.112889291000045]]],[[[72.77872467000003,11.190805435000073],[72.79039001500007,11.239138604000061],[72.80500030600007,11.26124954200003],[72.81583404500003,11.26458358800005],[72.77872467000003,11.190805435000073]]],[[[92.70083618300004,11.235416412000063],[92.70124816900005,11.276638986000023],[92.71416473400006,11.28625011400004],[92.71705627400007,11.259139062000031],[92.70083618300004,11.235416412000063]]],[[[92.73455810500008,11.314167024000028],[92.71577453600008,11.29874992300006],[92.70794677800006,11.304139138000039],[92.71955871600005,11.307499885000027],[92.73163604700005,11.32874965800005],[92.73455810500008,11.314167024000028]]],[[[72.99872589100005,11.494138719000034],[73.01125335700004,11.485027315000025],[73.01080322300004,11.46791649000005],[72.99872589100005,11.494138719000034]]],[[[92.65333557100007,11.50702762700007],[92.68791961700003,11.465833664000058],[92.68372345000006,11.45666694700003],[92.69452667200005,11.42163849000002],[92.65455627400007,11.404999733000068],[92.67414093000008,11.399555207000049],[92.67414093000008,11.390360832000056],[92.68077850300006,11.394583702000034],[92.69869232200006,11.386666299000069],[92.69960784900007,11.364972116000047],[92.67580413800005,11.358722687000068],[92.67244720400004,11.347888948000048],[92.65747070400005,11.353722574000074],[92.64497375500008,11.34291649000005],[92.61083221500007,11.339528084000051],[92.58875274700006,11.364999772000033],[92.60041809200004,11.377471924000076],[92.59747314500004,11.397055627000043],[92.62955474900008,11.399971963000041],[92.63036346400008,11.434139252000023],[92.61958313000008,11.449972153000033],[92.62372589100005,11.488333703000023],[92.64080810500008,11.511221887000033],[92.65333557100007,11.50702762700007]]],[[[92.56625366200007,11.534138679000023],[92.57541656500007,11.52083301500005],[92.57497406000005,11.511249544000066],[92.55869293200004,11.520805359000065],[92.55541992200006,11.53333378000002],[92.56625366200007,11.534138679000023]]],[[[92.60871887200005,11.549139024000056],[92.62869262700008,11.550833703000023],[92.61830902100007,11.526222229000041],[92.60871887200005,11.549139024000056]]],[[[92.59752655000005,11.573749543000076],[92.60336303700007,11.527083398000059],[92.59664154100005,11.528721811000025],[92.59038543700007,11.54330539800003],[92.59752655000005,11.573749543000076]]],[[[92.61869812000003,11.583305359000065],[92.62455749500003,11.569138528000053],[92.62163543700007,11.559556009000062],[92.60788726800007,11.563305855000067],[92.60747528100006,11.583749772000033],[92.61869812000003,11.583305359000065]]],[[[92.21125030500008,11.582500459000073],[92.27333068800004,11.585416795000071],[92.28128051700008,11.574972154000022],[92.28791809100005,11.531639100000064],[92.27413940600007,11.513750076000065],[92.22538757300003,11.526666641000077],[92.21958160400004,11.540833473000077],[92.22374725400005,11.570805551000035],[92.21125030500008,11.582500459000073]]],[[[92.54750061000004,11.604583740000066],[92.55747222900004,11.588749885000027],[92.57955932800007,11.58333301500005],[92.56416320800008,11.557055473000048],[92.54833221400008,11.558750153000062],[92.53913879500004,11.54955577800007],[92.53878021200006,11.597499847000051],[92.54750061000004,11.604583740000066]]],[[[72.19958496100008,11.595805168000027],[72.18580627400007,11.592916488000071],[72.18416595500008,11.605416299000069],[72.19416809000006,11.606249809000076],[72.19958496100008,11.595805168000027]]],[[[72.70122528100006,11.692444801000022],[72.68872070300006,11.68247223000003],[72.69997406000005,11.70208358800005],[72.70122528100006,11.692444801000022]]],[[[93.02419281000005,11.847916603000044],[93.04582977300004,11.83791637400003],[93.07247161800007,11.84291649000005],[93.08208465600006,11.83333301500005],[93.06833648700007,11.809556007000026],[93.05496978800005,11.809556007000026],[93.02041626000005,11.82913875500003],[93.02419281000005,11.847916603000044]]],[[[92.76580810600007,11.967082977000075],[92.77788543700007,11.948305130000051],[92.76411438000008,11.942889214000047],[92.74622345000006,11.947472573000027],[92.75,11.960416795000071],[92.76580810600007,11.967082977000075]]],[[[92.97083282400007,12.047833444000048],[92.98080444300007,12.028666497000074],[92.98208618200005,12.038249969000049],[92.99083709700005,12.04033374900007],[93.01622009300007,12.018305780000048],[93.01457977300004,12.002471925000066],[93.03702545100003,11.95330524600007],[93.04875183100006,11.94330597000004],[93.06122589100005,11.900805473000048],[93.04833221500007,11.87955570400004],[93.03125,11.887499809000076],[93.01457977300004,11.925805093000065],[93.00372314400005,11.934166908000066],[93.00833129900008,11.944582940000032],[93.03289032000004,11.930777549000027],[93.02252960200008,11.946222307000028],[93.01039123500004,11.949166297000033],[93.01953125000006,11.957500459000073],[93.01039123500004,11.975000383000065],[93.00205230700004,11.97913932800003],[93.01622009300007,11.957500459000073],[93.00666809100005,11.948694229000068],[93.00536346400008,11.964166641000077],[92.99541473400006,11.970805169000073],[93.00205230700004,11.949972153000033],[92.98999786400003,11.942889214000047],[92.97875213800006,11.949138642000037],[92.96455383300008,11.980833055000062],[92.94083404500003,11.982916832000058],[92.93044281000005,11.992500306000068],[92.93916320900007,12.005332948000046],[92.95333099400005,12.007805824000059],[92.97083282400007,12.047833444000048]]],[[[93.00583648700007,12.102916717000028],[93.00869750900006,12.062472343000024],[93.00624847400007,12.048305511000024],[92.99749755900007,12.045305252000048],[92.97794342000003,12.055777550000073],[92.98039245600006,12.064083099000072],[92.96871948200004,12.078222276000076],[92.97877502400007,12.087416649000033],[92.96791839600007,12.09405517700003],[92.97083282400007,12.104527473000076],[93.00583648700007,12.102916717000028]]],[[[92.97544097900004,12.147417068000038],[93.00291442900004,12.136666298000023],[93.00455474800003,12.124972343000024],[92.99500274700006,12.112000465000051],[92.96791839600007,12.11824989300004],[92.96205902200006,12.142416954000055],[92.97544097900004,12.147417068000038]]],[[[93.03497314500004,12.16372203800006],[93.03291320800008,12.140805244000035],[93.02246856700003,12.141222],[93.03874969600008,12.131667138000068],[93.03955841100009,12.101638794000053],[93.05874633800005,12.069138528000053],[93.05169677700007,12.044555665000075],[93.01372528100006,12.07999992300006],[93.00794219900007,12.131667138000068],[93.01288604700005,12.148333549000029],[93.03497314500004,12.16372203800006]]],[[[93.07333374000007,12.211250306000068],[93.09625244200004,12.191666603000044],[93.09202575700004,12.14911079500007],[93.10208129900008,12.14411068000004],[93.09202575700004,12.126667023000039],[93.09622192400008,12.09669399300003],[93.08080291700009,12.082055093000065],[93.05625152600004,12.109167099000047],[93.06169128400006,12.117083551000064],[93.04458618100006,12.125805856000056],[93.05458068800004,12.175833702000034],[93.07333374000007,12.211250306000068]]],[[[92.94163513200004,12.192028046000075],[92.93041992200006,12.214083673000061],[92.94330596900005,12.222861291000072],[92.94955444300007,12.214944839000054],[92.94163513200004,12.192028046000075]]],[[[92.70330810600007,12.239527702000032],[92.72039032000004,12.189083099000072],[92.70705413800005,12.16327762700007],[92.74166870100004,12.181166650000023],[92.76372528000007,12.172416688000055],[92.75291442800005,12.114055634000067],[92.74044799800004,12.099055290000024],[92.74708557200006,12.054916383000034],[92.73833465500007,12.057027817000062],[92.73085784900007,12.047833444000048],[92.71208190900006,12.049083711000037],[92.71747589100005,12.042805671000053],[92.73332977300004,12.045305252000048],[92.73913574200003,12.05369472600006],[92.74958038400007,12.051583290000053],[92.74835968000008,12.062027932000035],[92.77205657900004,12.044944764000036],[92.79792022700008,12.050749779000057],[92.78041839600007,12.035750389000043],[92.78375244100005,12.02655601500004],[92.77080535900006,12.020360947000029],[92.76000213700007,12.031999588000076],[92.74291992200006,12.029916763000074],[92.74874878000008,12.028249741000025],[92.74208068900003,12.022388458000023],[92.74955749500003,12.019083023000064],[92.74541473400006,12.01408291000007],[92.75669097900004,12.016166687000066],[92.76166534500004,12.003639221000071],[92.77330780100004,12.012027740000065],[92.77291870100004,12],[92.75205230700004,11.994972229000041],[92.76625061000004,11.986666681000031],[92.76164245600006,11.977055549000056],[92.73330688500005,11.97702789300007],[92.74375152600004,11.964138984000044],[92.72369384800004,11.958305359000065],[92.73371887200005,11.949138642000037],[92.72286224400005,11.923333168000056],[92.73294067400008,11.92913913700005],[92.73288726800007,11.899971962000052],[92.73938751200006,11.892805100000032],[92.75247192400008,11.93036079500007],[92.78997039800004,11.93538856500004],[92.79792022700008,11.91663932800003],[92.79372406000005,11.899971962000052],[92.80039215100004,11.89663887100005],[92.78952789300007,11.888305665000075],[92.79875183100006,11.882527351000022],[92.79538726800007,11.845805169000073],[92.78119659400005,11.810832977000075],[92.77455902100007,11.74502754200006],[92.76291656500007,11.728305817000034],[92.76288604700005,11.697472572000038],[92.75122070300006,11.704972267000073],[92.75455474900008,11.687472343000024],[92.74833679200003,11.682861328000058],[92.74580383300008,11.69211101600007],[92.73247528100006,11.690361023000037],[92.72499847400007,11.700416565000069],[92.72122192400008,11.690833093000037],[92.70913696300005,11.701250078000044],[92.69791412300003,11.692472459000044],[92.71375274700006,11.693333626000026],[92.71121978700006,11.67083358900004],[92.71785736000004,11.665778160000059],[92.69580841000004,11.657888413000023],[92.69330596900005,11.646222116000047],[92.67202758800005,11.647472383000036],[92.67958068900003,11.62083339700007],[92.69000244100005,11.632111549000058],[92.69455719000007,11.616666794000025],[92.69833374000007,11.622860910000043],[92.70330810600007,11.616250038000032],[92.70541381800007,11.64663887000006],[92.72208404500003,11.639139177000061],[92.72080230700004,11.647861482000053],[92.73874664300007,11.653333665000048],[92.72538757400008,11.659999847000051],[92.72916412400008,11.677110672000026],[92.74083709700005,11.667055130000051],[92.75577545200008,11.670416832000058],[92.76291656500007,11.658361435000074],[92.76291656500007,11.639111520000029],[92.74127960200008,11.632499695000035],[92.75872039900008,11.634111404000066],[92.76208496100008,11.608277322000049],[92.74038696300005,11.555832864000024],[92.74291992200006,11.537444116000074],[92.73122406000005,11.52244472500007],[92.73619079600007,11.50747203800006],[92.71916961700003,11.472888946000069],[92.70958709700005,11.49916648900006],[92.68333435000005,11.506221771000071],[92.67580413800005,11.498749733000068],[92.65621948200004,11.514972686000021],[92.65705871600005,11.549139024000056],[92.64955902100007,11.553333284000075],[92.65621948200004,11.566638948000048],[92.64247131300004,11.57455539700004],[92.62625122100008,11.557472229000041],[92.62791442900004,11.572472574000074],[92.61374664300007,11.589972497000076],[92.61458587600004,11.614138604000061],[92.63246917700008,11.61205577800007],[92.63497161800007,11.619583130000024],[92.64330291700009,11.612916948000077],[92.64958190900006,11.629972458000054],[92.64328002900004,11.627055169000073],[92.63994598400006,11.637888908000036],[92.63502502500006,11.624583245000053],[92.61286163300008,11.634139061000042],[92.59952545100003,11.666666985000063],[92.60702514600007,11.68166637400003],[92.60121917700008,11.702500344000043],[92.61289215100004,11.702472687000068],[92.60663604700005,11.71211147300005],[92.60169220000006,11.707111360000056],[92.59580230700004,11.719555855000067],[92.59330749500003,11.712082863000035],[92.58125305200008,11.712471963000041],[92.58125305200008,11.695027353000057],[92.57205200200008,11.691611290000026],[92.56122589100005,11.721693992000041],[92.55869293200004,11.807472229000041],[92.54872131400003,11.813305854000077],[92.55955505300005,11.83080577800007],[92.55708313000008,11.843305589000067],[92.55244445800008,11.826250076000065],[92.54747009200008,11.836222650000025],[92.53333282400007,11.822083473000077],[92.52122497600004,11.843305589000067],[92.53375244200004,11.889139175000025],[92.54708099300007,11.899971962000052],[92.54211425800008,11.90827751300003],[92.55666351500008,11.922082901000067],[92.56166839600007,11.917916298000023],[92.57160949700005,11.94038868000007],[92.59124755900007,11.919166565000069],[92.59375,11.884139061000042],[92.60208130000007,11.889944076000063],[92.60077667300004,11.899582864000024],[92.61122131500008,11.893333435000045],[92.61497497600004,11.847055435000073],[92.62288665700004,11.884111406000045],[92.61538696300005,11.919138908000036],[92.62377929600007,11.93333339700007],[92.62705230700004,11.986611367000023],[92.62036132800006,12.012444496000057],[92.62875366300005,12.02244472500007],[92.62541961700003,12.037416459000042],[92.63291931100008,12.040778160000059],[92.62541961700003,12.073249817000033],[92.62869262700008,12.101638794000053],[92.66872406000005,12.209055901000056],[92.67624664300007,12.209083557000042],[92.68125152600004,12.174111366000034],[92.68208313000008,12.214083673000061],[92.68744659400005,12.222000122000054],[92.69538879400005,12.212416649000033],[92.70330810600007,12.239527702000032]]],[[[92.74038696300005,12.20575046700003],[92.75205230700004,12.219083786000056],[92.75,12.234472276000076],[92.77161407500006,12.22202777800004],[92.77458191100004,12.182416917000069],[92.75413513200004,12.177861215000064],[92.74327850300006,12.192028046000075],[92.73119354300007,12.189944267000044],[92.72958374000007,12.229916574000072],[92.73913574200003,12.240333558000032],[92.74038696300005,12.20575046700003]]],[[[92.90833282500006,12.251166343000023],[92.92288971000005,12.215749742000071],[92.91249847400007,12.228666307000026],[92.89830780000005,12.229527473000076],[92.88872528100006,12.22158336800004],[92.88664245600006,12.206138610000039],[92.87786102300004,12.230777740000065],[92.88294220100005,12.241582872000038],[92.89416503900009,12.238694192000025],[92.90833282500006,12.251166343000023]]],[[[93.11252594000007,12.258722305000049],[93.11080932600004,12.203722001000074],[93.09586334300008,12.226249695000035],[93.06872558600008,12.229166984000074],[93.07624816900005,12.250833511000053],[93.08747100800008,12.25874996300007],[93.09500122100008,12.237083436000034],[93.11252594000007,12.258722305000049]]],[[[93.86080932600004,12.28125],[93.87294769300007,12.274999619000027],[93.87622070300006,12.26333332200005],[93.87000274800005,12.252083779000031],[93.85327911400003,12.247027397000068],[93.84541320800008,12.267499925000038],[93.86080932600004,12.28125]]],[[[92.71747589100005,12.295361520000029],[92.73622131300004,12.292471886000044],[92.72327423100006,12.226972580000051],[92.71369171200007,12.241611482000053],[92.71747589100005,12.295361520000029]]],[[[92.95036315900006,12.277416229000039],[92.93536377000004,12.248250007000024],[92.93252563400006,12.229527473000076],[92.92708587600004,12.265749931000073],[92.90785980200008,12.266611100000034],[92.91124725300006,12.285750389000043],[92.92253112800006,12.288666725000041],[92.93833160500009,12.27622223000003],[92.93875122100008,12.301583290000053],[92.94580841200008,12.307861328000058],[92.94288635200007,12.286611558000061],[92.95036315900006,12.277416229000039]]],[[[92.78083038300008,12.307833671000026],[92.83247375500008,12.297888757000067],[92.87666320800008,12.30116653600004],[92.88205719000007,12.284111023000037],[92.89455413800005,12.28327751200004],[92.89122009300007,12.262416840000071],[92.89875030500008,12.263278009000032],[92.89788818400007,12.254888536000067],[92.86958312900003,12.239083291000043],[92.88874816900005,12.193222046000074],[92.85080719000007,12.194527626000024],[92.85663604800004,12.182861328000058],[92.86247253400006,12.187861443000031],[92.86458587700008,12.164083480000045],[92.85497284000007,12.153694152000071],[92.83166503900009,12.166999817000033],[92.82333374000007,12.15952777800004],[92.83291626000005,12.147417068000038],[92.81913757300003,12.126166344000069],[92.80958557100007,12.126610756000048],[92.81958007800006,12.104916572000036],[92.79208374000007,12.099111557000072],[92.80960845900006,12.08905601500004],[92.77333068800004,12.058666229000039],[92.76496887200005,12.072028160000059],[92.74874878000008,12.078222276000076],[92.74622345000006,12.094083787000045],[92.77788543700007,12.183278084000051],[92.77455902100007,12.204916954000055],[92.78624725300006,12.237444879000066],[92.76916503900009,12.22702789400006],[92.74952697700007,12.246582985000032],[92.76078033400006,12.268722534000062],[92.77416992200006,12.256194116000074],[92.78622436600006,12.276583673000061],[92.78580474800003,12.298694610000041],[92.77541351500008,12.29663849000002],[92.78083038300008,12.307833671000026]]],[[[92.86247253400006,12.407860756000048],[92.88830566400009,12.397832872000038],[92.90039062500006,12.404083253000067],[92.90372467100008,12.397417068000038],[92.89247131400003,12.37030601500004],[92.88661193800004,12.383694650000052],[92.88288879400005,12.375778198000035],[92.87247467000003,12.377027511000051],[92.85291290300006,12.399944305000076],[92.86247253400006,12.407860756000048]]],[[[92.97039032000004,12.412416458000052],[92.95291900700005,12.39744472500007],[92.94163513200004,12.354472160000057],[92.92747497500005,12.360333444000048],[92.93952941900005,12.413222313000063],[92.95324707000003,12.418694497000047],[92.95747375500008,12.412027359000035],[92.95705413800005,12.424083710000048],[92.96747589100005,12.43280601500004],[92.97039032000004,12.412416458000052]]],[[[92.72491455100004,12.825388910000072],[92.72450256300004,12.768250465000051],[92.73699951200007,12.753277780000076],[92.73577880800008,12.740361214000075],[92.73033142100007,12.751610757000037],[92.72699737500005,12.747416498000064],[92.73158264200003,12.715360643000054],[92.72035980200008,12.719083786000056],[92.72119140600006,12.750805854000077],[92.70447540300006,12.791610718000072],[92.71619415200007,12.82411098600005],[92.72491455100004,12.825388910000072]]],[[[92.73991394000006,12.861166954000055],[92.73286438000008,12.836583137000048],[92.72158050500008,12.828722],[92.71700286900005,12.839111328000058],[92.72699737500005,12.859944344000041],[92.73991394000006,12.861166954000055]]],[[[92.90950012200005,12.910778046000075],[92.93033599800003,12.909138681000059],[92.91449737500005,12.88241672600003],[92.93702697800006,12.884083748000023],[92.93702697800006,12.859916687000066],[92.94950103800005,12.853249551000033],[92.94705200200008,12.835749627000041],[92.95705413800005,12.835749627000041],[92.96366882300003,12.790778161000048],[92.94119262700008,12.773278236000067],[92.95869445800008,12.767472268000063],[92.95619201600005,12.759944916000052],[92.97783660900006,12.736639023000066],[92.97369384800004,12.720805169000073],[92.99116516100008,12.708277704000068],[92.97538757300003,12.70161151800005],[92.96785736100009,12.622416496000028],[92.95580291700009,12.622027397000068],[92.94872283900008,12.615750314000024],[92.96785736100009,12.612444879000066],[92.96538543700007,12.599111557000072],[92.98952484100005,12.534916878000047],[92.97621917700008,12.500749589000065],[92.97872161900005,12.488277435000043],[92.96827697700007,12.479499818000022],[92.95827484300008,12.493694307000055],[92.95536041200006,12.480750085000068],[92.94122314400005,12.476555825000048],[92.94327545200008,12.464500427000075],[92.93244171200007,12.463694573000055],[92.94080352800006,12.460361482000053],[92.97039032000004,12.46825027500006],[92.96791839600007,12.457444192000025],[92.95330810500008,12.45866680100005],[92.94705200200008,12.44405555700007],[92.92955780100004,12.43747234400007],[92.93289184600008,12.422416687000066],[92.92247009300007,12.402028084000051],[92.91786193800004,12.419083595000075],[92.89785766600005,12.44077777800004],[92.91036224400005,12.45158291000007],[92.90955352700007,12.457444192000025],[92.89167022700008,12.441971779000028],[92.87244415300006,12.462027551000062],[92.86408233600008,12.459472658000038],[92.85041809100005,12.469916343000023],[92.90705871500006,12.419083595000075],[92.90747070300006,12.41280555800006],[92.89577484200004,12.419528007000054],[92.88830566400009,12.41033363300005],[92.87830352800006,12.423666954000055],[92.85827636700003,12.419528007000054],[92.81827545100003,12.43700027500006],[92.81122589100005,12.43575000900006],[92.81536102300004,12.45158291000007],[92.80991363500004,12.457027435000043],[92.80872345000006,12.43327808500004],[92.84038543700007,12.423305511000024],[92.85121917700008,12.400722503000054],[92.84285736100009,12.398249627000041],[92.85874939000007,12.385749817000033],[92.86624908500005,12.361583710000048],[92.89955902100007,12.345749855000065],[92.90247345000006,12.335361481000064],[92.87541961700003,12.33161068000004],[92.89494323800005,12.329500198000062],[92.89702606200007,12.320750236000038],[92.83496856700003,12.302000046000046],[92.81580352800006,12.31372261000007],[92.80000305200008,12.306194305000076],[92.78083038300008,12.315361024000026],[92.76997375500008,12.297027588000049],[92.76828002900004,12.304555893000042],[92.76455688400006,12.294888496000056],[92.74661254900008,12.296138763000044],[92.74411010700004,12.306138992000058],[92.73744201600005,12.300333023000064],[92.71869659400005,12.307416916000022],[92.71705627400007,12.319889070000045],[92.70625305200008,12.327388765000023],[92.71369171200007,12.387472153000033],[92.70705413800005,12.387472153000033],[92.70705413800005,12.41830539800003],[92.71538543700007,12.452416420000077],[92.70958709700005,12.469916343000023],[92.71785736000004,12.491582870000059],[92.70116424500009,12.518278122000027],[92.71619415200007,12.557444574000044],[92.71038818300008,12.589083671000026],[92.71533203100006,12.597472191000065],[92.69494629000008,12.601972580000051],[92.69369506800007,12.612444879000066],[92.71910858200005,12.61366653400006],[92.72411346500007,12.642833710000048],[92.73244476300005,12.622860910000043],[92.74452972400007,12.638278007000054],[92.74288940400004,12.654916764000063],[92.75910949700005,12.666999817000033],[92.78369140600006,12.665749550000044],[92.79161071700008,12.632861139000056],[92.79616546600005,12.700778009000032],[92.77994537400008,12.671194076000063],[92.74285888700007,12.66911125300004],[92.73786163500006,12.696611406000045],[92.74949646000005,12.696611406000045],[92.74617004400005,12.714138986000023],[92.75205230700004,12.722444534000033],[92.73200225800008,12.779916763000074],[92.73116302500006,12.786639215000037],[92.74285888700007,12.792444230000058],[92.73202514700006,12.793250084000022],[92.73030853400007,12.822472572000038],[92.74288940400004,12.829944612000077],[92.74910736100009,12.809499742000071],[92.74866485600006,12.832471849000058],[92.75325012200005,12.82116699200003],[92.76078033400006,12.842027664000057],[92.77077484100005,12.834500314000024],[92.77822113100007,12.842027664000057],[92.78825378400006,12.824527740000065],[92.80327606200007,12.887888910000072],[92.82658386200006,12.894555092000076],[92.84408569400006,12.884528160000059],[92.85661315900006,12.891194343000052],[92.85614013600008,12.877388954000025],[92.86907959000007,12.875333787000045],[92.88363647400007,12.88327789300007],[92.88494110100004,12.892000198000062],[92.90366363500004,12.894944192000025],[92.90738678000008,12.92369461100003],[92.90950012200005,12.910778046000075]]],[[[92.69821929900007,12.99038887000006],[92.72533416700009,12.976638794000053],[92.72116851900006,12.942472458000054],[92.73449707000003,12.889139177000061],[92.72988891600005,12.877027511000051],[92.72116851900006,12.877416611000058],[92.73030853400007,12.867416383000034],[92.70869445800008,12.844083786000056],[92.70700073200004,12.830778122000027],[92.68536376900005,12.823277473000076],[92.69535827600004,12.819083214000045],[92.69697570800008,12.806583406000073],[92.68533325200008,12.800777437000022],[92.67747497600004,12.77869415300006],[92.66786193800004,12.787416458000052],[92.67533111600005,12.80580520600006],[92.65789032000004,12.857472421000068],[92.67786407500006,12.881610870000031],[92.67700195300006,12.924166680000042],[92.68533325200008,12.939944269000023],[92.67613983100006,12.943277359000035],[92.67700195300006,12.963250161000076],[92.69821929900007,12.99038887000006]]],[[[93.01663970900006,12.993721962000052],[92.99285888700007,12.962416649000033],[92.99783325200008,12.950778007000054],[92.99116516100008,12.927389146000053],[92.98075103700006,12.937055589000067],[92.96160888700007,12.934527397000068],[92.97072601300005,12.944499971000027],[92.98202514600007,12.943249703000049],[92.98116302500006,12.951639177000061],[92.96453094500004,12.95822238900007],[92.97536468500005,12.962416649000033],[92.96282958900008,12.973278047000065],[92.97241973800004,12.986194612000077],[92.98657989500003,12.967027664000057],[92.99491882500007,12.989527703000022],[93.01663970900006,12.993721962000052]]],[[[92.93499755900007,13.02455520600006],[92.95038604700005,13.020805360000054],[92.95075225800008,12.993721962000052],[92.92866516100008,12.999111176000042],[92.92622375500008,13.01080513100004],[92.93499755900007,13.02455520600006]]],[[[92.70244598400006,13.106249810000065],[92.73458099400005,13.090000152000073],[92.71669769300007,13.061249734000057],[92.69791412300003,13.085000039000022],[92.70244598400006,13.106249810000065]]],[[[94.28710937500006,13.446639061000042],[94.30294799800004,13.446666719000063],[94.30538940500008,13.43333339700007],[94.29080200200008,13.41205596900005],[94.27703094500004,13.426638604000061],[94.28710937500006,13.446639061000042]]],[[[93.04872131500008,13.54583358800005],[93.05039215100004,13.479166985000063],[93.04499816900005,13.48036098600005],[93.04083251900005,13.459527969000021],[93.02874755900007,13.457471847000022],[93.04125213600008,13.452472687000068],[93.04205322300004,13.430832864000024],[93.01541900600006,13.427499771000043],[93.02083587700008,13.42036151900004],[93.02416992300004,13.426221848000068],[93.04000091500006,13.423694612000077],[93.05330658000008,13.402055742000073],[93.07044220000006,13.412500382000076],[93.06791687000003,13.395000459000073],[93.07958221400008,13.39916706200006],[93.06041717500005,13.38580513100004],[93.05958557100007,13.375805855000067],[93.09627532900004,13.327500343000054],[93.07164001400008,13.305417061000071],[93.06830596900005,13.324583053000026],[93.04792022700008,13.318277360000025],[93.05166626000005,13.350444793000065],[93.04250335700004,13.340389251000033],[93.01249694800003,13.347916603000044],[92.99663543700007,13.324583053000026],[92.97869110100004,13.34169483100004],[92.97413635300006,13.359582902000056],[92.96289062600005,13.342472078000071],[92.97250366200007,13.322916984000074],[92.98580932600004,13.322916984000074],[93.00622558600008,13.309166909000055],[92.99372100900007,13.296667100000036],[92.99705505300005,13.288332939000043],[93.00622558600008,13.284166336000055],[93.00122070300006,13.292444229000068],[93.01836395200007,13.316222191000065],[93.01625061000004,13.298305511000024],[93.02791595500008,13.29163932800003],[93.02080535900006,13.272916795000071],[93.03166961600004,13.278721811000025],[93.05458068800004,13.274167061000071],[93.04877471900005,13.266666412000063],[93.05416870200008,13.255389213000058],[93.07291412300003,13.263333320000072],[93.06458282500006,13.228305818000024],[93.04958343500005,13.217499733000068],[93.05544281000005,13.203332902000056],[93.04372406000005,13.185805321000032],[93.04621887200005,13.082444191000036],[93.03375244200004,13.069138527000064],[93.04125213600008,13.05747223000003],[93.02291870100004,13.04330539700004],[93.01499939000007,13.023722649000035],[93.00585937500006,13.033694267000044],[92.99414062500006,13.021222116000047],[92.97660827600004,13.031277657000032],[92.98208618200005,13.010833741000056],[92.96994781500007,13.007027626000024],[92.94372558600008,13.034999847000051],[92.95372009300007,13.0625],[92.94541931200007,13.058305740000037],[92.94205474800003,13.07583332200005],[92.94955444300007,13.095805168000027],[92.93791961700003,13.078277588000049],[92.94002532900004,13.050389291000045],[92.92830657900004,13.053722381000057],[92.91036224400005,13.08333301700003],[92.89666748000008,13.088722229000041],[92.89455413800005,13.082471847000022],[92.90416717600004,13.082055092000076],[92.92038726800007,13.056638717000055],[92.90330505400004,13.051221849000058],[92.89497375400003,13.037917137000022],[92.88708496100008,13.040833473000077],[92.89580535900006,13.033721925000066],[92.90833282500006,13.047916412000063],[92.92121887200005,13.041639329000077],[92.91122436500007,13.019139290000055],[92.91444397000004,12.996582986000021],[92.92199707100008,12.995778083000062],[92.92494201700003,12.984527588000049],[92.93910980200008,12.987000465000051],[92.94702911400003,12.966610908000064],[92.93660736000004,12.95202732100006],[92.92910766600005,12.958694459000071],[92.91494751000005,12.944555283000057],[92.91452789400006,12.979110719000062],[92.90613555900006,12.990777971000057],[92.89033508300008,12.969111444000077],[92.88366699200003,12.949083329000075],[92.88783264200003,12.937417032000042],[92.87408447300004,12.930360794000023],[92.86489105200008,12.937861442000042],[92.86872100800008,12.906639100000064],[92.88283538800005,12.904916763000074],[92.87664032000004,12.881194114000039],[92.86074829100005,12.880332948000046],[92.85741424500009,12.895305635000057],[92.84324646000005,12.889499665000073],[92.82575225800008,12.89869403800003],[92.81158447300004,12.896139145000063],[92.80366516100008,12.913249969000049],[92.80705261200006,12.943277359000035],[92.79783630400004,12.957471848000068],[92.79905700700004,12.96619415400005],[92.80696868900009,12.966610908000064],[92.79953002900004,12.974111557000072],[92.80821991000005,12.989527703000022],[92.81491851800007,12.981194496000057],[92.82655334500004,12.98286151900004],[92.83708191000005,13.009166719000063],[92.80744171200007,13.002888679000023],[92.79455566400009,13.013333321000061],[92.80708313000008,13.028333665000048],[92.79872131300004,13.088333130000024],[92.80874633800005,13.085805893000042],[92.81160736100009,13.071222305000049],[92.82244110100004,13.072083473000077],[92.81414032000004,13.076222421000068],[92.81372070300006,13.093333246000043],[92.82250213600008,13.100388528000053],[92.82746887200005,13.091221809000047],[92.83291626000005,13.111666679000052],[92.82250213600008,13.109582901000067],[92.81702423100006,13.12250042100004],[92.83330535900006,13.132055283000057],[92.84999847500006,13.120388984000044],[92.84544372600004,13.132499696000025],[92.85702514700006,13.13500022900007],[92.82749938900008,13.138750076000065],[92.81708526600005,13.151666642000066],[92.82244110100004,13.170389177000061],[92.84124755800008,13.167471887000033],[92.82624816900005,13.17833328200004],[92.83958435000005,13.214166641000077],[92.83039093000008,13.214166641000077],[92.83541870200008,13.233333587000061],[92.84747314500004,13.241222383000036],[92.86208343500005,13.235833168000056],[92.86083221400008,13.252943992000041],[92.84747314500004,13.252055168000027],[92.82958221500007,13.266638756000077],[92.83249664300007,13.287083626000026],[92.84416961700003,13.281222343000024],[92.84955596900005,13.297472001000074],[92.82955932600004,13.308333396000023],[92.84291839600007,13.336638452000045],[92.84791564900007,13.372471809000047],[92.85788726800007,13.371666910000044],[92.85994720500008,13.357889175000025],[92.86289215100004,13.374138832000028],[92.88627624500003,13.38580513100004],[92.86374664300007,13.38247203800006],[92.85208129900008,13.388333320000072],[92.85208129900008,13.399971962000052],[92.85663604800004,13.408721924000076],[92.87664032000004,13.399582863000035],[92.87833404600008,13.409583091000059],[92.88625335700004,13.403333665000048],[92.87786102300004,13.41830539700004],[92.89369201600005,13.429166794000025],[92.88208007800006,13.438305856000056],[92.87872314400005,13.466666222000072],[92.90747070300006,13.476249694000046],[92.90997314500004,13.496250154000052],[92.93791961700003,13.49411106100007],[92.93205261400004,13.504972459000044],[92.91872406000005,13.504166603000044],[92.94125366200007,13.52083301700003],[92.92583465600006,13.521222115000057],[92.92916870100004,13.532083511000053],[92.97669220000006,13.539610864000053],[92.98249816900005,13.529555322000022],[92.99747467100008,13.527889252000023],[92.99288940500008,13.552472116000047],[92.99874877900004,13.565777780000076],[93.01538848900003,13.560832977000075],[93.02246856700003,13.54125023000006],[93.03669738800005,13.57455539800003],[93.04872131500008,13.54583358800005]]],[[[93.02919769300007,13.669583321000061],[93.04374694800003,13.629138946000069],[93.03997039800004,13.622083665000048],[93.02330780000005,13.642916679000052],[92.99583435100004,13.637916566000058],[92.99041748000008,13.650028230000032],[92.99416351300005,13.660416603000044],[93.01580810500008,13.665389061000042],[93.01914215100004,13.659583093000037],[93.02919769300007,13.669583321000061]]],[[[88.19290927100008,21.57372271400004],[88.18785032300008,21.568114431000026],[88.17642891100007,21.572778174000064],[88.17014713400005,21.59105243500005],[88.17776140900008,21.599713673000053],[88.19290927100008,21.57372271400004]]],[[[88.53205463000006,21.581392677000053],[88.52999469300005,21.550226601000077],[88.50906004400008,21.547457432000044],[88.50965630500008,21.557693232000076],[88.50244058700008,21.549596215000065],[88.48166492600006,21.55908299300006],[88.49166461500005,21.596004875000062],[88.49722940600003,21.59974783000007],[88.53205463000006,21.581392677000053]]],[[[88.83433129700006,21.60648567000004],[88.87489336200008,21.59226906400005],[88.89954873500005,21.565724771000077],[88.88403971000008,21.55737375800004],[88.84019689000007,21.564631186000042],[88.83114995900007,21.577058289000036],[88.83433129700006,21.60648567000004]]],[[[88.52410418300008,21.652471542000058],[88.58821968400008,21.606694080000068],[88.58893980800008,21.611996555000076],[88.58988482300003,21.601667404000068],[88.57898890200005,21.580048910000073],[88.54468446400006,21.568526809000048],[88.53821856300004,21.587472916000024],[88.51116562300007,21.60518804000003],[88.52491289900007,21.623332977000075],[88.52410418300008,21.652471542000058]]],[[[88.30031614300003,21.704961569000034],[88.33017863800006,21.704820040000072],[88.34454114900007,21.69168592400007],[88.34956803000006,21.674532961000068],[88.34334078000006,21.664909029000057],[88.35331495300005,21.651269206000052],[88.34249160900004,21.624431904000062],[88.31748731600004,21.60624242700004],[88.30706556300004,21.613381633000074],[88.31617506100008,21.665047893000065],[88.30031614300003,21.704961569000034]]],[[[88.70381020700006,21.684407700000065],[88.74994659400005,21.65041732800006],[88.76881084200005,21.654640588000063],[88.77421497100005,21.61719348300005],[88.79527259000008,21.597888947000058],[88.79101852500008,21.584437188000038],[88.75783682400004,21.580608530000063],[88.74911599200004,21.587202330000025],[88.75188113300004,21.596135865000065],[88.73103621800004,21.576141762000077],[88.70975412000007,21.591259765000075],[88.72082646400008,21.639101914000037],[88.71208190900006,21.663333893000072],[88.68956347800008,21.68291881700003],[88.69710784900008,21.71056134300005],[88.70381020700006,21.684407700000065]]],[[[88.19625091600005,21.68166732800006],[88.22705841100003,21.66830635100007],[88.23291778600003,21.64163970900006],[88.21119689900007,21.620000839000056],[88.21333313000008,21.595388412000034],[88.20205688500005,21.606637955000053],[88.18041992200006,21.68916702300004],[88.18788909900007,21.70999908400006],[88.20500183100006,21.723749161000057],[88.21622467000003,21.699138641000047],[88.19916534400005,21.692888260000075],[88.19625091600005,21.68166732800006]]],[[[88.55887725100007,21.729892035000034],[88.56976328500008,21.732568929000024],[88.60267608400005,21.684177128000044],[88.60284328700004,21.67464658600005],[88.58674190800008,21.66051586800006],[88.60267608400005,21.623148221000065],[88.59648959200007,21.619971374000045],[88.55702980600006,21.635186800000042],[88.55379818300008,21.642737471000032],[88.54432241700005,21.638698052000052],[88.52837704000007,21.658820235000064],[88.53445747000006,21.670132119000073],[88.51778546500003,21.711636245000022],[88.52874137700007,21.719255845000077],[88.54129360500008,21.73676594400007],[88.55887725100007,21.729892035000034]]],[[[88.54485848600007,21.811844189000055],[88.57108071500005,21.789732296000068],[88.56198875600006,21.762790532000054],[88.57133154100006,21.735009414000046],[88.55948401400008,21.730391722000036],[88.53983071500005,21.73767693700006],[88.52272277500003,21.719358063000072],[88.50861123300007,21.74053796000004],[88.50360635000004,21.761400540000068],[88.51360848600007,21.766428311000027],[88.50358346200005,21.76473267800003],[88.50492051300006,21.772259820000045],[88.52902749300006,21.803510983000024],[88.54485848600007,21.811844189000055]]],[[[88.59080289300005,21.852289618000043],[88.60593908200008,21.834688810000046],[88.61766477100008,21.82872728500007],[88.60706724000005,21.81473267100006],[88.61285157700007,21.798719513000037],[88.59089815200008,21.79784199100004],[88.57707761200004,21.816067161000035],[88.58476967500008,21.84577567300005],[88.59080289300005,21.852289618000043]]],[[[88.16872406000005,21.785804750000068],[88.17208099300007,21.73580551300006],[88.15535736100009,21.68166732800006],[88.12786102300004,21.679971695000063],[88.15708160400004,21.674139023000066],[88.15872192400008,21.64749908400006],[88.14871978700006,21.634166719000063],[88.13410949700005,21.62455558700003],[88.11000061100003,21.62288856500004],[88.08666992200006,21.630388260000075],[88.09077453600008,21.637887955000053],[88.07250213600008,21.63122177300005],[88.05166626000005,21.640361787000074],[88.03869628900009,21.665000917000043],[88.05958557100007,21.70994377100004],[88.05208587600004,21.71500015400005],[88.07702636700003,21.752527238000027],[88.07955932800007,21.776666641000077],[88.09041595500008,21.784166336000055],[88.08791351300005,21.794944763000046],[88.10622406000005,21.83499908600004],[88.13664245600006,21.875389099000074],[88.17624664300007,21.809999466000022],[88.16872406000005,21.785804750000068]]],[[[88.63507238600005,21.917562348000047],[88.66740145300008,21.91265089600006],[88.65218511800003,21.872146470000075],[88.64093176100005,21.871728761000043],[88.65305724200005,21.867899753000074],[88.64271462100004,21.78863152300005],[88.63674891200003,21.786186503000067],[88.62007299600003,21.796756608000067],[88.61254278400008,21.81672845500003],[88.62093511800003,21.830867631000046],[88.59507147000005,21.85842309700007],[88.61885229300003,21.895534379000026],[88.62882391100004,21.887174470000048],[88.62340704100006,21.901729447000037],[88.63507238600005,21.917562348000047]]],[[[88.65403343100007,22.019128971000043],[88.71510600600004,22.000548758000036],[88.69299418700007,21.969503056000065],[88.68483535600006,21.975113004000036],[88.69376940200004,21.96470746800003],[88.67442982000006,21.95198959000004],[88.68578131400005,21.952935548000028],[88.67926471600003,21.944316822000076],[88.65572087700008,21.955458102000023],[88.63459448600008,21.95198959000004],[88.62938290800008,21.959014341000056],[88.63915909100007,22.003939096000067],[88.65403343100007,22.019128971000043]]],[[[88.07023948200003,21.92172391200006],[88.04882433300008,21.91601320500007],[88.05929396100004,21.969313132000025],[88.08023321800005,22.009288077000065],[88.14330291700009,22.027860641000075],[88.07023948200003,21.92172391200006]]],[[[68.16786193800004,23.73413848900003],[68.16438293200008,23.76314867900004],[68.19483630100007,23.787611221000077],[68.19291687000003,23.774194719000036],[68.16786193800004,23.73413848900003]]],[[[68.32771812000004,23.93327196100006],[68.31540403900004,23.93392000800003],[68.31497703800005,23.936482013000045],[68.32463754300005,23.940377297000055],[68.32771812000004,23.93327196100006]]]]}},{"type":"Feature","properties":{"name":"Pakistan","iso_a3":"PAK"},"geometry":{"type":"Polygon","coordinates":[[[76.76536765367655,35.66161000219378],[76.81216812168122,35.57133782259699],[76.88056880568809,35.4359295532018],[76.92736927369276,35.34739337705879],[76.9777697776978,35.24670517673928],[77.0029700297003,35.196361076579535],[77.04977049770497,35.10956090389031],[77.0317703177032,35.06268881063812],[76.99936999369993,34.99151266903296],[76.89136891368912,34.93943256541942],[76.78336783367837,34.899504485982376],[76.75816758167582,34.87867244453696],[76.74736747367473,34.84742438236884],[76.69696696966969,34.78666426148638],[76.59616596165961,34.73632016132663],[76.50976509765098,34.74152817168799],[76.45576455764558,34.75541619931826],[76.17136171361716,34.66688002317525],[76.04176041760417,34.67035203008281],[75.93735937359375,34.61306391610793],[75.86175861758619,34.560983812494385],[75.71055710557107,34.50369569851951],[75.60615606156063,34.50195969506572],[75.45135451354514,34.53667976414141],[75.26415264152644,34.60091189193143],[75.18855188551888,34.63910396791469],[75.12015120151202,34.63736796446091],[74.9509495094951,34.646047981729836],[74.78894788947889,34.677296043897954],[74.59454594545946,34.715488119881215],[74.49734497344974,34.73284815441906],[74.29934299342995,34.76583222004096],[74.17334173341735,34.72069613024257],[74.05454054540547,34.680768050805526],[73.96093960939609,34.652991995544966],[73.8817388173882,34.52973575032627],[73.84933849338495,34.48459966052788],[73.81333813338134,34.42210353619163],[73.79533795337954,34.37870344984701],[73.80973809738097,34.32488734277969],[73.92493924939251,34.288431270250214],[73.97173971739718,34.23635116663668],[73.97893978939791,34.19121507683829],[73.93933939339394,34.1443429835861],[73.90333903339035,34.107886911056625],[73.90333903339035,34.07490284543472],[73.92133921339214,34.043654783266604],[73.95013950139503,34.019350734913615],[74.11214112141121,34.00372670382956],[74.20934209342093,34.00372670382956],[74.24534245342454,33.989838676199284],[74.25254252542527,33.946438589854665],[74.21654216542166,33.88741447242599],[74.079740797408,33.838806375720026],[74.00054000540007,33.78846227556028],[73.97533975339755,33.72075814086267],[73.97893978939791,33.66867803724914],[74.00414004140043,33.63222196471966],[74.0689406894069,33.592293885282615],[74.13014130141303,33.54542179203044],[74.15174151741519,33.50722971604718],[74.1409414094141,33.455149612433644],[74.11934119341194,33.38397347082848],[74.05094050940511,33.300645305046814],[73.99333993339934,33.241621187618136],[73.98973989739898,33.220789146172734],[74.00414004140043,33.1895410840046],[74.04734047340474,33.142668990752426],[74.12654126541267,33.074964856054834],[74.22374223742239,33.0211487489875],[74.28494284942849,33.00552471790344],[74.30294302943031,32.99163669027317],[74.32454324543247,32.92740456248315],[74.3317433174332,32.861436431239326],[74.30654306543067,32.81109233107958],[74.35334353343535,32.769428248188746],[74.48294482944831,32.77116425164253],[74.58734587345873,32.75380421710469],[74.63414634146343,32.77116425164253],[74.66294662946629,32.75727622401226],[74.6449464494645,32.607979926986786],[74.65934659346595,32.51944375084378],[74.68454684546847,32.493403699037],[74.78894788947889,32.45694762650753],[74.98694986949872,32.462155636868886],[75.10575105751059,32.42049155397805],[75.23535235352355,32.37188345727209],[75.30375303753038,32.31806735020477],[75.33255332553327,32.27987527422151],[75.32535325353254,32.215643146431475],[75.25335253352534,32.14099499791874],[75.13815138151384,32.104538925389264],[75.06975069750698,32.088914894305205],[74.73854738547385,31.948298614548662],[74.63414634146343,31.889274497119985],[74.55494554945551,31.81809835551482],[74.52614526145263,31.7642822484475],[74.51174511745117,31.712202144833967],[74.58014580145803,31.524713771825233],[74.59454594545946,31.465689654396556],[74.53334533345335,31.260841246849978],[74.5189451894519,31.186193098337256],[74.54054540545405,31.132376991269922],[74.60894608946091,31.113280953278306],[74.6269462694627,31.0681448634799],[74.63414634146343,31.035160797857998],[74.50814508145083,30.96051264934526],[74.38214382143823,30.89280851464767],[74.3389433894339,30.89280851464767],[74.21654216542166,30.769552269428956],[74.0077400774008,30.519567772083988],[73.89973899738999,30.43450360284855],[73.89253892538926,30.394575523411504],[73.8817388173882,30.35291144052067],[73.92493924939251,30.281735298915507],[73.93213932139324,30.22271118148683],[73.88533885338853,30.161951060604366],[73.80973809738097,30.092510922452988],[73.65853658536585,30.03348680502431],[73.46773467734678,29.970990680688075],[73.38133381333813,29.9345346081586],[73.31653316533166,29.77308628695664],[73.2589325893259,29.609901962300896],[73.23013230132301,29.55087784487222],[73.12933129331293,29.363389471863485],[72.94932949329495,29.08910092616553],[72.90252902529025,29.028340805283065],[72.62532625326253,28.896404542795437],[72.34092340923411,28.752316256131323],[72.29052290522907,28.696764145610217],[72.2329223292233,28.566563886576375],[72.1789217892179,28.42247559991226],[72.12852128521286,28.34609144794574],[71.94851948519485,28.17769911292865],[71.88731887318875,28.04749885389481],[71.86931869318695,27.962434684659357],[71.71811718117183,27.91556259140718],[71.5417154171542,27.870426501608776],[71.289712897129,27.854802470524717],[71.18531185311855,27.83223442562553],[70.87570875708758,27.714186190768174],[70.79650796507966,27.708978180406817],[70.73890738907389,27.729810221852233],[70.69210692106921,27.76973830128928],[70.6489064890649,27.835706432533087],[70.62730627306274,27.938130636306383],[70.56970569705697,27.983266726104773],[70.48690486904869,28.02319480554182],[70.40410404104043,28.024930808995606],[70.31770317703177,27.981530722650987],[70.24570245702458,27.93465862939881],[70.19530195301954,27.894730549961764],[70.1449014490145,27.849594460163374],[70.05130051300515,27.695090152776544],[69.89649896498966,27.47288171069212],[69.72369723697238,27.313169392943948],[69.66249662496625,27.26456129623797],[69.6228962289623,27.228105223708496],[69.5688956889569,27.174289116641177],[69.53649536495365,27.122209013027643],[69.49329493294934,26.95381667801054],[69.47169471694718,26.804520380985082],[69.48249482494825,26.771536315363164],[69.50769507695077,26.742024256648833],[69.60129601296015,26.698624170304214],[69.73449734497345,26.62744802869905],[69.91089910899109,26.585783945808217],[70.05850058500585,26.578839931993087],[70.11610116101161,26.54759186982497],[70.14850148501486,26.505927786934137],[70.15570155701559,26.471207717858448],[70.14850148501486,26.347951472639735],[70.1341013410134,26.214279206698336],[70.07650076500767,26.071926923488007],[70.08010080100803,25.990334761160128],[70.10170101701019,25.910478602286034],[70.26370263702637,25.70736619819324],[70.3249032490325,25.68653415674784],[70.44730447304474,25.681326146386482],[70.5049050490505,25.684798153294054],[70.56970569705697,25.70563019473947],[70.61650616506165,25.691742167109183],[70.6489064890649,25.66743811875621],[70.65610656106563,25.625774035865376],[70.65250652506526,25.422661631772584],[70.7029070290703,25.330653448722003],[70.80010800108002,25.20566120004952],[70.87930879308794,25.06330891683919],[70.95130951309514,24.891444574914516],[71.01971019710197,24.757772308973102],[71.04851048510486,24.688332170821724],[71.00171001710018,24.653612101746035],[70.97650976509766,24.618892032670345],[70.96930969309693,24.572019939418155],[70.98010980109802,24.521675839258407],[70.9729097290973,24.486955770182718],[71.00531005310054,24.4435556838381],[71.04491044910449,24.429667656207826],[71.04491044910449,24.400155597493494],[70.98370983709839,24.360227518056448],[70.92970929709298,24.361963521510233],[70.88650886508867,24.34460348697239],[70.80370803708038,24.261275321190723],[70.76770767707677,24.245651290106665],[70.71730717307173,24.238707276291535],[70.65970659706599,24.245651290106665],[70.58050580505807,24.278635355728568],[70.55530555305555,24.330715459342116],[70.56610566105661,24.386267569863207],[70.54810548105482,24.41751563203134],[70.49050490504905,24.41230762166998],[70.28890288902889,24.356755511148876],[70.09810098100982,24.287315372997497],[70.06570065700657,24.240443279745307],[70.02250022500226,24.191835183039345],[69.93249932499324,24.17100314159393],[69.80649806498067,24.165795131232585],[69.71649716497166,24.172739145047714],[69.63369633696337,24.224819248661248],[69.55809558095581,24.273427345367224],[69.4428944289443,24.27516334882101],[69.23409234092341,24.268219335005867],[69.1188911889119,24.268219335005867],[69.05049050490507,24.28557936954371],[68.98568985689857,24.273427345367224],[68.89928899288995,24.292523383358855],[68.86328863288634,24.26648333155208],[68.82728827288273,24.264747328098295],[68.79848798487987,24.3098834178967],[68.78048780487805,24.313355424804257],[68.7588875888759,24.306411410989128],[68.7408874088741,24.292523383358855],[68.72648726487265,24.26648333155208],[68.72288722887231,23.964418730593565],[68.58608586085862,23.96615473404735],[68.4888848888489,23.967890737501136],[68.38088380883809,23.95053070296329],[68.28368283682838,23.92796265806409],[68.23328233282334,23.900186602803544],[68.1648816488165,23.856786516458925],[68.15048150481505,23.797762399030262],[68.11448114481146,23.752626309231857],[68.06768067680679,23.818594440475664],[68.03528035280354,23.84810649919001],[68.00288002880029,23.825538454290808],[67.95247952479525,23.82901046119838],[67.8588785887859,23.90192260625733],[67.81927819278192,23.827274457744593],[67.66807668076683,23.811650426660535],[67.65007650076501,23.86720253718164],[67.64647646476465,23.919282640795174],[67.56367563675639,23.881090564811913],[67.50247502475025,23.94011468224059],[67.47727477274773,24.0182348376609],[67.45567455674558,24.0390668791063],[67.4268742687427,24.065106930913075],[67.36567365673659,24.09114698271985],[67.30807308073082,24.1744751485015],[67.30447304473046,24.26301132464451],[67.29007290072903,24.36717153187159],[67.17127171271713,24.756036305519316],[67.09927099270993,24.79249237804879],[66.70326703267034,24.8601965127464],[66.68166681666818,24.929636650897777],[66.71046710467107,25.111917013545153],[66.69966699666998,25.226493241494936],[66.57006570065701,25.379261545427966],[66.53406534065343,25.485157756108833],[66.42966429664298,25.57542993570563],[66.32526325263254,25.601469987512388],[66.21726217262173,25.5893179633359],[66.16326163261633,25.554597894260212],[66.1308613086131,25.49383777337775],[66.35766357663579,25.50772580100802],[66.40806408064083,25.485157756108833],[66.46926469264693,25.445229676671786],[66.40446404464046,25.446965680125572],[66.3288632886329,25.466061718117203],[66.23526235262352,25.464325714663417],[65.88245882458824,25.419189624865012],[65.68085680856808,25.35495749707499],[65.40725407254072,25.374053535066622],[65.06165061650617,25.311557410730373],[64.77724777247772,25.3080854038228],[64.65844658446585,25.184829158604103],[64.59364593645938,25.20566120004952],[64.54324543245434,25.236909262217637],[64.15084150841508,25.334125455629575],[64.12564125641256,25.374053535066622],[64.0608406084061,25.403565593780954],[63.9888398883989,25.35148549016742],[63.934839348393496,25.34280547289849],[63.72243722437224,25.38620555924311],[63.556835568355694,25.353221493621206],[63.49563495634956,25.2976693831001],[63.4920349203492,25.210869210410863],[63.2868328683287,25.22822924494872],[63.171631716317165,25.25426929675548],[63.01683016830168,25.22475723804115],[62.6640266402664,25.264685317478197],[62.57402574025741,25.25426929675548],[62.44442444424445,25.19698118278059],[62.39042390423904,25.1518450929822],[62.31482314823148,25.134485058444355],[62.250022500225015,25.19698118278059],[62.199621996219975,25.22475723804115],[62.1528215282153,25.207397203503305],[62.0880208802088,25.15531709988977],[61.9080190801908,25.131013051536783],[61.74241742417425,25.137957065351912],[61.56601566015661,25.18656516205789],[61.587615876158765,25.202189193141947],[61.61641616416165,25.2855173589236],[61.64161641616417,25.584109952974543],[61.67041670416705,25.691742167109183],[61.663216632166325,25.75076628453786],[61.67041670416705,25.768126319075705],[61.738817388173885,25.821942426143025],[61.75321753217534,25.84277446758844],[61.7820178201782,25.995542771521485],[61.81081810818108,26.16567110999236],[61.84321843218433,26.226431230874823],[61.86841868418685,26.242055261958882],[62.0880208802088,26.318439413925404],[62.12762127621278,26.368783514085152],[62.23922239222392,26.356631489908665],[62.250022500225015,26.368783514085152],[62.26082260822608,26.42780763151383],[62.31122311223112,26.49030375585008],[62.38682386823868,26.542383859463612],[62.44082440824408,26.561479897455243],[62.635226352263544,26.594463963077146],[62.75042750427505,26.63960005287555],[62.786427864278664,26.64307205978311],[63.09243092430924,26.632656039060407],[63.15723157231574,26.650016073598252],[63.1680316803168,26.66564010468231],[63.18603186031862,26.837504446606985],[63.240032400324026,26.86528050186753],[63.25083250832509,26.879168529497804],[63.2328323283233,26.998952767808944],[63.24363243632436,27.077072923229252],[63.304833048330494,27.12394501648143],[63.30123301233013,27.15172107174199],[63.25803258032582,27.207273182263094],[63.196831968319685,27.24372925479257],[63.1680316803168,27.252409272061485],[62.9160291602916,27.217689202985795],[62.811628116281184,27.229841227162282],[62.761227612276144,27.2506732686077],[62.754027540275416,27.266297299691757],[62.761227612276144,27.301017368767447],[62.76482764827648,27.356569479288552],[62.80082800828009,27.445105655431576],[62.811628116281184,27.49718575904511],[62.7828278282783,27.800986363457397],[62.73962739627396,28.002362764096404],[62.761227612276144,28.202003161281624],[62.75762757627578,28.243667244172457],[62.75042750427505,28.252347261441386],[62.718027180271804,28.252347261441386],[62.56322563225632,28.23498722690354],[62.43362433624338,28.363451482483597],[62.35442354423546,28.41553158609713],[62.13122131221314,28.478027710433366],[62.0340203402034,28.490179734609868],[61.890018900189006,28.545731845130973],[61.75681756817568,28.667252086895886],[61.62361623616238,28.79224433556837],[61.56961569615697,28.870364490988678],[61.50841508415084,29.005772760383863],[61.33921339213393,29.26443727499776],[61.33921339213393,29.332141409695367],[61.31761317613177,29.372069489132414],[61.152011520115224,29.54219782760329],[61.03321033210332,29.663718069368215],[60.842408424084255,29.858150456192078],[61.22401224012242,29.748782238603653],[61.5228152281523,29.665454072822],[62.00162001620018,29.530045803426802],[62.37242372423725,29.425885596199734],[62.476824768247695,29.40852556166189],[63.56763567635676,29.498797741258684],[63.97083970839708,29.42935760310729],[64.10044100441004,29.39116552712403],[64.11844118441186,29.413733572023233],[64.17244172441724,29.460605665275423],[64.26604266042662,29.5074777585276],[64.39204392043922,29.543933831057075],[64.52164521645219,29.56476587250249],[64.70524705247053,29.566501875956277],[64.82764827648276,29.56476587250249],[64.91764917649178,29.552613848326004],[65.09405094050942,29.559557862141133],[65.18045180451804,29.576917896678978],[65.47205472054722,29.651566045191714],[65.66645666456665,29.701910145351476],[65.96165961659617,29.778294297317984],[66.17766177661778,29.835582411292876],[66.23166231662319,29.86509447000722],[66.28566285662856,29.920646580528327],[66.31446314463145,29.96925467723429],[66.24606246062461,30.043902825747026],[66.23886238862389,30.109870956990832],[66.28206282062823,30.193199122772498],[66.30726307263075,30.321663378352554],[66.30006300063002,30.502207737546144],[66.28566285662856,30.608103948226997],[66.3468634686347,30.80253633505086],[66.39726397263973,30.9119045526393],[66.49806498064981,30.963984656252833],[66.56646566465665,30.996968721874737],[66.59526595265953,31.01953676677394],[66.62406624066242,31.0455768185807],[66.73206732067322,31.19487311560617],[66.82926829268294,31.26431325375755],[66.92286922869229,31.305977336648382],[67.02727027270274,31.300769326287025],[67.11727117271172,31.243481212312133],[67.28647286472867,31.217441160505373],[67.45207452074521,31.234801195043218],[67.5960759607596,31.278201281387837],[67.6608766087661,31.312921350463526],[67.73647736477366,31.344169412631643],[67.7328773287733,31.378889481707333],[67.64647646476465,31.41013754387545],[67.5960759607596,31.45353763022007],[67.57807578075781,31.50735373728739],[67.62847628476285,31.538601799455506],[67.74007740077403,31.54901782017822],[68.01728017280175,31.677482075758277],[68.12888128881289,31.762546244993715],[68.16128161281614,31.80247432443076],[68.21528215282154,31.80768233479212],[68.31968319683199,31.767754255355072],[68.44208442084422,31.7538662277248],[68.52128521285215,31.793794307161832],[68.59688596885971,31.80247432443076],[68.67248672486727,31.759074238086143],[68.71208712087122,31.708730137926395],[68.78408784087841,31.646234013590146],[68.87048870488707,31.63408198941366],[68.97488974889751,31.667066055035562],[69.08289082890829,31.738242196640726],[69.18729187291873,31.838930396960237],[69.28089280892809,31.936146590372175],[69.25569255692557,32.24862721205339],[69.24129241292414,32.434379581608326],[69.29169291692918,32.52985977156648],[69.36009360093601,32.59061989244894],[69.40689406894069,32.68262807549952],[69.40329403294035,32.76422023782739],[69.45369453694539,32.83366037597878],[69.50049500495007,33.01941274553373],[69.5688956889569,33.06454883533212],[69.70209702097023,33.09406089404645],[69.92169921699218,33.11315693203808],[70.0909009090091,33.19822110127353],[70.260102601026,33.28849328087033],[70.28530285302853,33.36834943974442],[70.22050220502206,33.455149612433644],[70.1341013410134,33.620069940543175],[70.05490054900551,33.719022137408885],[69.86769867698678,33.8978304931487],[69.88929889298893,34.00719871073713],[69.99369993699938,34.05233480053552],[70.2529025290253,33.975950648569],[70.3249032490325,33.96032661748494],[70.41490414904149,33.94991059676224],[70.65250652506526,33.95164660021602],[70.8469084690847,33.981158658930354],[71.05211052110522,34.04886279362795],[71.09171091710917,34.120038935233126],[71.08811088110883,34.20336710101478],[71.09171091710917,34.272807239166156],[71.09531095310953,34.370023432578094],[71.02331023310234,34.43078355346056],[70.98010980109802,34.48633566398166],[70.96570965709657,34.52973575032627],[71.01611016110161,34.554039798679256],[71.06651066510665,34.599175888477646],[71.11331113311135,34.680768050805526],[71.2249122491225,34.77972024767125],[71.29331293312933,34.86825642381426],[71.35811358113583,34.90992050670508],[71.45531455314554,34.96720862067997],[71.51651516515167,35.050536786461635],[71.54531545315453,35.10088088662138],[71.6029160291603,35.15122498678113],[71.62091620916209,35.18247304894926],[71.60651606516066,35.211985107663594],[71.57771577715778,35.24844118019307],[71.54531545315453,35.288369259630116],[71.54531545315453,35.32829733906716],[71.57051570515705,35.36996142195798],[71.59931599315993,35.40815349794124],[71.58851588515887,35.460233601554776],[71.57051570515705,35.547033774244014],[71.52011520115201,35.59737787440376],[71.48411484114843,35.7154261092611],[71.42651426514266,35.83347434411846],[71.39771397713977,35.88034643737063],[71.34371343713437,35.93937055479931],[71.22131221312213,36.000130675681774],[71.18531185311855,36.04179475857261],[71.23211232112322,36.121650917446686],[71.31131311313115,36.17199501760645],[71.46251462514627,36.29351525937136],[71.54531545315453,36.37684342515301],[71.62091620916209,36.43586754258169],[71.71811718117183,36.427187525312775],[71.77211772117721,36.43239553567412],[71.82251822518225,36.48621164274144],[71.919719197192,36.534819739447414],[72.0961209612096,36.633771936313124],[72.15732157321574,36.70147607101073],[72.25092250922509,36.734460136632634],[72.32652326523265,36.74314015390155],[72.4309243092431,36.76570819880075],[72.53172531725318,36.80216427133023],[72.6217262172622,36.82994032659079],[72.76572765727659,36.83514833695213],[72.99252992529927,36.8507723680362],[73.11853118531187,36.86813240257405],[73.41013410134101,36.88202043020432],[73.73053730537308,36.88722844056568],[73.77013770137702,36.88896444401945],[73.90693906939072,36.852508371489975],[74.00054000540007,36.82299631277564],[74.04014040140402,36.826468319683215],[74.1949419494195,36.89764446128838],[74.43254432544327,36.9844446339776],[74.54054540545405,37.022636709960864],[74.60174601746019,37.03652473759114],[74.69174691746917,37.03652473759114],[74.76734767347673,37.01222068923816],[74.8429484294843,36.97923662361626],[74.88974889748897,36.953196571809485],[74.94734947349474,36.968820602893544],[75.05535055350555,36.987916640885175],[75.14535145351454,36.9740286132549],[75.3469534695347,36.91326849237244],[75.37575375753758,36.88375643365811],[75.42255422554226,36.737932143540206],[75.45855458554587,36.725780119363705],[75.57375573755738,36.75876418498562],[75.66735667356676,36.74140415044778],[75.77175771757717,36.69453205719559],[75.84015840158403,36.6493959673972],[75.88335883358835,36.60078787069122],[75.93375933759339,36.52093171181714],[75.95175951759518,36.45843558748089],[75.97335973359733,36.38205143551437],[75.969759697597,36.16852301069888],[75.93375933759339,36.13380294162319],[75.9049590495905,36.08866685182478],[75.91215912159123,36.048738772387736],[75.94455944559448,36.01749071021962],[76.00936009360095,35.9966586687742],[76.07056070560708,35.98277064114393],[76.1029610296103,35.949786575522026],[76.14616146161461,35.8282663337571],[76.17856178561789,35.810906299219255],[76.25056250562506,35.810906299219255],[76.38736387363872,35.83694635102603],[76.50256502565026,35.87861043391686],[76.5529655296553,35.88729045118578],[76.56376563765639,35.772714223235994],[76.63216632166325,35.72931413689139],[76.7257672576726,35.67897003673163],[76.76536765367655,35.66161000219378]]]}},{"type":"Feature","properties":{"name":"Nepal","iso_a3":"NPL"},"geometry":{"type":"Polygon","coordinates":[[[88.10908109081089,27.870426501608776],[88.1486814868149,27.84265044634823],[88.15588155881562,27.79925036000361],[88.1486814868149,27.748906259843864],[88.10548105481058,27.64301004916301],[88.06948069480694,27.566625897196488],[88.02268022680227,27.4086495829021],[87.98307983079832,27.134361037204144],[87.99387993879941,27.085752940498168],[88.11268112681125,26.92777662620378],[88.15588155881562,26.80799238789264],[88.1630816308163,26.724664222110988],[88.11268112681125,26.585783945808217],[88.05508055080554,26.429543634967615],[88.02628026280263,26.394823565891926],[87.99387993879941,26.38267154171544],[87.84987849878502,26.43648764878276],[87.74907749077494,26.429543634967615],[87.6338763387634,26.398295572799498],[87.51147511475114,26.405239586614627],[87.41427414274142,26.42259962115247],[87.28827288272885,26.360103496816237],[87.16587165871658,26.394823565891926],[87.09027090270905,26.433015641875187],[87.03627036270365,26.542383859463612],[87.01467014670146,26.556271887093885],[86.76266762667626,26.441695659144102],[86.70146701467013,26.434751645328973],[86.54306543065434,26.495511766211422],[86.41346413464134,26.556271887093885],[86.36666366663667,26.57363192163173],[86.2406624066241,26.597935969984718],[86.12906129061292,26.61182399761499],[86.00666006660066,26.650016073598252],[85.85545855458554,26.599671973438504],[85.79425794257946,26.604879983799847],[85.7366573665737,26.63960005287555],[85.70785707857078,26.7125121979345],[85.70065700657005,26.78195233608588],[85.64665646656465,26.828824429338056],[85.56745567455675,26.83924045006077],[85.45585455854558,26.79757636716994],[85.29385293852937,26.740288253195047],[85.23985239852402,26.750704273917762],[85.19305193051929,26.76632830500182],[85.17505175051753,26.78195233608588],[85.14985149851498,26.8461844638759],[85.12465124651249,26.86180849495996],[85.0886508865089,26.863544498413745],[85.02025020250204,26.879168529497804],[84.93744937449378,26.926040622749994],[84.68544685446858,27.040616850699777],[84.6530465304653,27.090960950859525],[84.6530465304653,27.203801175355522],[84.64224642246421,27.2506732686077],[84.60984609846099,27.299281365313675],[84.48024480244806,27.347889462019637],[84.22824228242285,27.42774562089373],[84.09144091440913,27.49197774868375],[84.02304023040233,27.46246568996942],[83.8970389703897,27.43468963470886],[83.8286382863829,27.37740152073397],[83.74583745837458,27.3964975587256],[83.55143551435515,27.455521676154277],[83.4470344703447,27.465937696876978],[83.38223382233821,27.445105655431576],[83.36783367833681,27.410385586355886],[83.28863288632886,27.37045750691884],[83.21303213032132,27.401705569086957],[83.06543065430657,27.445105655431576],[82.93222932229321,27.467673700330764],[82.73422734227341,27.51975380394431],[82.71262712627129,27.59613795591082],[82.67662676626765,27.674258111331127],[82.62982629826297,27.686410135507614],[82.449824498245,27.67252210787734],[82.28782287822878,27.755850273659007],[82.11142111421117,27.865218491247433],[82.03582035820358,27.899938560323122],[81.9890198901989,27.913826587953395],[81.94581945819459,27.899938560323122],[81.89541895418955,27.873898508516348],[81.85221852218524,27.86695449470122],[81.75861758617589,27.913826587953395],[81.63621636216362,27.9797947191972],[81.4850148501485,28.06138688152508],[81.31221312213125,28.175963109474864],[81.24021240212403,28.240195237264885],[81.20781207812081,28.28880333397086],[81.1682116821168,28.335675427223038],[81.01701017010168,28.410323575735774],[80.89460894608948,28.46934769316445],[80.75060750607508,28.540523834769616],[80.72540725407254,28.55441186239989],[80.67140671406713,28.59607594529072],[80.58860588605887,28.64989205235804],[80.51660516605165,28.6655160834421],[80.49500495004952,28.636004024727768],[80.48060480604806,28.604755962559636],[80.41940419404193,28.61169997637478],[80.32580325803258,28.667252086895886],[80.2250022500225,28.72280419741699],[80.14940149401497,28.77662030448431],[80.07020070200701,28.83043641155163],[80.05220052200525,28.870364490988678],[80.08460084600847,28.993620736207376],[80.13140131401315,29.101252950342015],[80.1710017100171,29.123820995241218],[80.23220232202323,29.194997136846382],[80.25740257402578,29.31825338206508],[80.25380253802541,29.424149592745948],[80.31860318603185,29.571709886317635],[80.40140401404017,29.729686200612022],[80.54900549005492,29.89981453908291],[80.61380613806136,29.955366649604017],[80.68580685806859,29.993558725587278],[80.81900819008189,30.11855097425976],[80.8478084780848,30.139383015705178],[80.90900909009093,30.17236708132708],[80.96660966609664,30.17931109514221],[81.00981009810101,30.163687064058152],[81.05661056610569,30.09945493626813],[81.1106111061111,30.036958811931882],[81.17541175411753,30.040430818839454],[81.25461254612549,30.092510922452988],[81.4166141661417,30.337287409436613],[81.64341643416435,30.38763150959636],[81.8558185581856,30.3615914577896],[82.04302043020431,30.326871388713897],[82.10062100621008,30.24527922638603],[82.13662136621366,30.15847905369681],[82.15822158221584,30.11507896735219],[82.21942219422198,30.064734867192442],[82.48582485824858,29.94147862197373],[82.64062640626406,29.830374400931532],[82.85302853028531,29.682814107359846],[83.01503015030153,29.61858197956981],[83.15543155431556,29.613373969208453],[83.23463234632345,29.55434985177979],[83.35343353433535,29.439773623830007],[83.4578345783458,29.306101357888593],[83.58383583835837,29.182845112669895],[83.67023670236705,29.188053123031253],[83.78903789037889,29.227981202468285],[83.93663936639365,29.280061306081834],[84.02304023040233,29.25402125427506],[84.10224102241023,29.21930118519937],[84.12744127441277,29.15680506086312],[84.17424174241745,29.037020822551995],[84.22824228242285,28.91202857387951],[84.31104311043111,28.86862848753489],[84.4118441184412,28.804396359744857],[84.4658446584466,28.752316256131323],[84.64944649446494,28.660308073080742],[84.67824678246785,28.62211599709748],[84.71424714247144,28.59607594529072],[84.76104761047611,28.578715910752877],[84.7970479704797,28.559619872761246],[84.85464854648546,28.55441186239989],[85.07065070650708,28.609963972920994],[85.12465124651249,28.60301995910585],[85.16065160651607,28.59260393838315],[85.16065160651607,28.571771896937733],[85.12105121051212,28.48497172424851],[85.0886508865089,28.372131499752513],[85.12105121051212,28.316579389231407],[85.21105211052111,28.29227534087842],[85.4090540905409,28.27665130979436],[85.67905679056793,28.27665130979436],[85.75825758257582,28.221099199273254],[85.84105841058414,28.136035030037817],[85.92025920259204,27.990210739919917],[85.95265952659526,27.927714615583668],[85.99585995859957,27.910354581045823],[86.06426064260643,27.93465862939881],[86.07506075060752,27.995418750281274],[86.07866078660788,28.083954926424283],[86.13626136261365,28.1152029885924],[86.1758617586176,28.090898940239413],[86.21906219062191,28.021458802088034],[86.32706327063272,27.9589626777518],[86.40986409864098,27.929450619037453],[86.48546485464857,27.93986663976017],[86.51786517865179,27.964170688113143],[86.55386553865537,28.08569092987807],[86.6150661506615,28.103050964415914],[86.6906669066691,28.094370947146984],[86.71946719467195,28.07006689879401],[86.75186751867517,28.021458802088034],[86.84186841868421,27.998890757188832],[86.93546935469357,27.967642695020714],[87.02187021870219,27.929450619037453],[87.14067140671409,27.83917843944066],[87.29187291872921,27.821818404902814],[87.46467464674646,27.8235544083566],[87.5546755467555,27.821818404902814],[87.62307623076231,27.81487439108767],[87.68427684276844,27.821818404902814],[87.86067860678605,27.88605053269285],[87.93267932679328,27.891258543054192],[88.02268022680227,27.882578525785277],[88.10908109081089,27.870426501608776]]]}},{"type":"Feature","properties":{"name":"Bhutan","iso_a3":"BTN"},"geometry":{"type":"Polygon","coordinates":[[[91.63351633516334,27.759322280566565],[91.62631626316266,27.736754235667377],[91.59751597515975,27.6777301182387],[91.57951579515799,27.611761986994892],[91.59391593915939,27.55794587992756],[91.65871658716588,27.493713752137538],[91.74151741517414,27.44336965197779],[91.84951849518495,27.438161641616432],[91.95031950319503,27.45899368306185],[91.98991989919898,27.45031366579292],[92.04392043920438,27.36524949655748],[92.08352083520839,27.290601348044746],[92.02952029520299,27.214217196078224],[92.00432004320044,27.14651306138063],[91.99351993519934,27.09964096812844],[91.99711997119971,27.07880892668304],[92.02952029520299,27.040616850699777],[92.06912069120693,26.974648719455956],[92.0727207272073,26.915624602027293],[92.05112051120511,26.875696522590246],[91.99711997119971,26.85486448114483],[91.9431194311943,26.860072491506187],[91.89991899918999,26.860072491506187],[91.84231842318422,26.853128477691044],[91.75231752317524,26.83056043279184],[91.67311673116734,26.802784377531296],[91.51831518315186,26.80799238789264],[91.45711457114572,26.867016505321317],[91.42831428314287,26.867016505321317],[91.28791287912878,26.790632353354795],[91.1331113311133,26.802784377531296],[90.8559085590856,26.778480329178308],[90.74070740707407,26.771536315363164],[90.62190621906223,26.780216332632094],[90.5607056070561,26.795840363716152],[90.44910449104492,26.851392474237258],[90.34470344703448,26.88958455022052],[90.2439024390244,26.85486448114483],[90.20430204302045,26.847920467329686],[90.12150121501219,26.75417628082532],[89.94149941499415,26.724664222110988],[89.76509765097654,26.702096177211786],[89.71109711097114,26.714248201388273],[89.61029610296106,26.71945621174963],[89.6066960669607,26.740288253195047],[89.61029610296106,26.76285629809425],[89.58509585095851,26.778480329178308],[89.54549545495456,26.795840363716152],[89.47349473494734,26.802784377531296],[89.38349383493835,26.82708842588427],[89.33309333093331,26.847920467329686],[89.14949149491497,26.81667240516157],[89.04149041490416,26.86528050186753],[88.9190891908919,26.932984636565138],[88.85788857888582,26.960760691825683],[88.83628836288364,27.06492089905275],[88.81468814688145,27.09964096812844],[88.76428764287641,27.134361037204144],[88.73908739087392,27.176025120094963],[88.7606876068761,27.217689202985795],[88.88308883088831,27.29754536185989],[88.89028890288904,27.31664139985152],[88.94788947889481,27.464201693423206],[89.0270902709027,27.518017800490526],[89.10269102691029,27.592665949003262],[89.16029160291606,27.710714183860603],[89.27189271892718,27.8339704290793],[89.39429394293944,27.9589626777518],[89.48069480694807,28.059650878071295],[89.53829538295383,28.108258974777257],[89.65349653496537,28.15860307493702],[89.75069750697509,28.18811513365135],[89.81549815498158,28.255819268348944],[89.89829898298984,28.294011344332205],[89.9810998109981,28.31137137887005],[90.10350103501037,28.302691361601134],[90.22230222302227,28.278387313248146],[90.34830348303484,28.243667244172457],[90.3627036270363,28.21589118891191],[90.3519035190352,28.16901909565972],[90.33390333903338,28.118674995499973],[90.33390333903338,28.094370947146984],[90.3519035190352,28.08048291951671],[90.47790477904778,28.07006689879401],[90.6291062910629,28.078746916062926],[90.71550715507158,28.071802902247782],[90.90630906309065,28.026666812449392],[90.96390963909641,27.995418750281274],[91.02151021510218,27.9693786984745],[91.0791107911079,27.974586708835858],[91.15111151111512,28.026666812449392],[91.2267122671227,28.071802902247782],[91.27351273512738,28.078746916062926],[91.3059130591306,28.064858888432653],[91.36711367113674,28.021458802088034],[91.49311493114931,27.981530722650987],[91.60471604716048,27.952018663936656],[91.64071640716406,27.922506605222324],[91.62991629916303,27.800986363457397],[91.63351633516334,27.759322280566565]]]}},{"type":"Feature","properties":{"name":"Bangladesh","iso_a3":"BGD"},"geometry":{"type":"MultiPolygon","coordinates":[[[[89.05229052290525,22.093007007413846],[89.05589055890562,22.186751193918198],[89.04869048690489,22.27528737006122],[88.9730897308973,22.511383839775917],[88.9190891908919,22.631168078087043],[88.92628926289262,22.67109615752409],[88.92268922689226,22.68672018860815],[88.90108901089013,22.842960499448765],[88.86868868688686,22.938440689406903],[88.85068850688509,23.0408648931802],[88.92988929889299,23.1866891832981],[88.89748897488977,23.210993231651088],[88.80748807488078,23.23008926964272],[88.72468724687246,23.254393317995692],[88.70308703087034,23.292585393978953],[88.73908739087392,23.436673680643068],[88.69588695886961,23.492225791164174],[88.63468634686348,23.549513905139065],[88.61668616686165,23.572081950038267],[88.59508595085953,23.6015940087526],[88.56628566285661,23.67450615381155],[88.62388623886238,23.825538454290808],[88.69948699486997,24.002610806576826],[88.71388713887137,24.070314941274432],[88.72828728287283,24.186627172677987],[88.73188731887319,24.23176326247639],[88.72468724687246,24.27516334882101],[88.6418864188642,24.32550744898076],[88.49788497884981,24.346339490426175],[88.39708397083973,24.38973957677078],[88.3358833588336,24.453971704560814],[88.28548285482856,24.480011756367574],[88.22428224282243,24.460915718375944],[88.14508145081453,24.48521976672893],[88.08028080280803,24.549451894518967],[88.02268022680227,24.62757204993926],[88.029880298803,24.664028122468736],[88.04428044280445,24.712636219174712],[88.1486814868149,24.914012619813718],[88.18828188281884,24.920956633628847],[88.27828278282783,24.882764557645586],[88.31428314283141,24.8810285541918],[88.37188371883718,24.960884713065894],[88.4546845468455,25.188301165511675],[88.57348573485734,25.188301165511675],[88.67788677886779,25.179621148242745],[88.74628746287465,25.169205127520044],[88.81828818288182,25.176149141335173],[88.89028890288904,25.195245179326804],[88.92988929889299,25.223021234587364],[88.95148951489517,25.25947730711684],[88.94428944289444,25.290725369284957],[88.85428854288546,25.334125455629575],[88.82188821888218,25.365373517797693],[88.79668796687969,25.455645697394488],[88.76788767887678,25.490365766470177],[88.59508595085953,25.495573776831534],[88.50148501485018,25.537237859722367],[88.45108451084513,25.573693932251842],[88.36468364683645,25.698686180924327],[88.25308253082534,25.78895836052112],[88.1486814868149,25.811526405420324],[88.10548105481058,25.841038464134655],[88.0838808388084,25.887910557386846],[88.09828098280985,25.95561469208444],[88.13068130681307,26.018110816420673],[88.15228152281526,26.087550954572066],[88.23508235082352,26.17782313416886],[88.33228332283323,26.25767929304294],[88.37908379083791,26.31149540011026],[88.44028440284404,26.368783514085152],[88.44748447484477,26.40176757970707],[88.43668436684368,26.43648764878276],[88.38628386283864,26.471207717858448],[88.35028350283505,26.483359742034935],[88.34668346683469,26.50419178348035],[88.36828368283682,26.564951904362815],[88.41868418684186,26.571895918177944],[88.51948519485194,26.518079811110624],[88.62028620286202,26.4312796384214],[88.68148681486815,26.353159483001093],[88.68148681486815,26.292399362118644],[88.7210872108721,26.28198334139593],[88.7606876068761,26.280247337942143],[88.82908829088291,26.252471282681597],[88.89748897488977,26.261151299950512],[88.94068940689408,26.245527268866454],[88.96948969489694,26.25073527922781],[88.98028980289803,26.2854553483035],[88.94788947889481,26.337535451917034],[88.92268922689226,26.375727527900295],[88.95148951489517,26.41218360042977],[88.98388983889839,26.419127614244914],[89.01989019890198,26.410447596975985],[89.06669066690665,26.37746353135408],[89.10269102691029,26.308023393202703],[89.10989109891102,26.202127182521835],[89.18549185491855,26.106646992563697],[89.289892898929,26.037206854412304],[89.3690936909369,26.005958792244186],[89.46629466294667,25.983390747344984],[89.54909549095493,26.005958792244186],[89.59229592295924,26.071926923488007],[89.57429574295742,26.132687044370456],[89.58509585095851,26.186503151437776],[89.61749617496179,26.216015210152122],[89.67149671496713,26.214279206698336],[89.71109711097114,26.170879120353717],[89.82269822698225,25.941726664454166],[89.80109801098013,25.83930246068087],[89.82629826298262,25.559805904621555],[89.79749797497976,25.375789538520408],[89.80109801098013,25.33586145908336],[89.81549815498158,25.30461339691523],[89.83349833498335,25.292461372738742],[89.86589865898662,25.292461372738742],[90.00270002700029,25.257741303663053],[90.11790117901182,25.219549227679792],[90.25110251102512,25.184829158604103],[90.43830438304383,25.157053103343543],[90.55350553505536,25.16746912406626],[90.6147061470615,25.16746912406626],[90.72990729907298,25.15878910679733],[91.03951039510395,25.174413137881388],[91.29151291512915,25.17788514478896],[91.39591395913959,25.1518450929822],[91.47871478714791,25.141429072259484],[91.76311763117633,25.160525110251115],[92.05112051120511,25.169205127520044],[92.2059220592206,25.110181010091367],[92.37512375123754,25.014700820133214],[92.46872468724689,24.94352467852805],[92.48672486724865,24.903596599091003],[92.47592475924762,24.868876530015314],[92.44352443524434,24.849780492023683],[92.38592385923863,24.848044488569897],[92.25272252722527,24.894916581822088],[92.22752227522278,24.8810285541918],[92.23112231122315,24.785548364233662],[92.22752227522278,24.771660336603375],[92.19872198721987,24.686596167367938],[92.11592115921161,24.49389978399786],[92.10152101521015,24.40883561476241],[92.08352083520839,24.386267569863207],[92.06552065520657,24.37411554568672],[92.00072000720007,24.37064353877915],[91.95031950319503,24.356755511148876],[91.93231932319327,24.32550744898076],[91.89991899918999,24.261275321190723],[91.87831878318786,24.195307189946917],[91.84591845918459,24.1744751485015],[91.77391773917742,24.210931221030975],[91.72711727117274,24.205723210669618],[91.66951669516698,24.19009917958556],[91.61191611916121,24.153643107056084],[91.57231572315726,24.106771013803908],[91.52551525515258,24.09114698271985],[91.39231392313923,24.099826999988764],[91.36711367113674,24.09288298617362],[91.34911349113491,24.059898920551717],[91.33471334713346,24.0182348376609],[91.23031230312301,23.92101864424896],[91.19071190711907,23.76304232995456],[91.16191161911621,23.660618126181276],[91.16551165511657,23.580761967307183],[91.25551255512556,23.374177556306833],[91.3167131671317,23.10509702097022],[91.33831338313382,23.077320965709674],[91.35991359913601,23.068640948440745],[91.36711367113674,23.073848958802103],[91.36711367113674,23.131137072776994],[91.3707137071371,23.198841207474587],[91.39951399513996,23.214465238558645],[91.43551435514354,23.200577210928373],[91.47151471514718,23.141553093499695],[91.51111511115113,23.033920879365056],[91.55431554315544,22.992256796474237],[91.61911619116194,22.980104772297736],[91.69471694716947,23.004408820650724],[91.75231752317524,23.053016917356686],[91.77391773917742,23.106833024424006],[91.75951759517596,23.209257228197302],[91.7559175591756,23.287377383617596],[91.78831788317882,23.360289528676546],[91.91791917919181,23.471393749718757],[91.93951939519394,23.504377815340675],[91.9287192871929,23.598122001845027],[91.9287192871929,23.68665817798805],[91.97911979119795,23.691866188349394],[92.04392043920438,23.67797816071912],[92.1267212672127,23.72137824706374],[92.1519215192152,23.72137824706374],[92.18792187921878,23.676242157265335],[92.24552245522455,23.68318617108048],[92.28872288722886,23.492225791164174],[92.33552335523359,23.32383345614707],[92.33552335523359,23.242241293819205],[92.34272342723426,23.07037695189453],[92.36072360723608,22.929760672137988],[92.3931239312393,22.896776606516084],[92.42912429124294,22.82212845800335],[92.46512465124653,22.73359228186034],[92.49032490324902,22.684984185154363],[92.50832508325084,22.52527186740619],[92.53352533525339,22.410695639456407],[92.56232562325624,22.04787091761544],[92.57312573125733,21.978430779464063],[92.58392583925843,21.9402387034808],[92.58392583925843,21.608662043807954],[92.59472594725946,21.46804576405141],[92.62352623526237,21.349997529194056],[92.6307263072631,21.306597442849437],[92.59832598325983,21.270141370319962],[92.56952569525697,21.263197356504833],[92.54072540725406,21.320485470479724],[92.47232472324725,21.362149553370543],[92.37152371523717,21.409021646622733],[92.33192331923323,21.44026970879085],[92.27792277922782,21.428117684614364],[92.20952209522096,21.358677546462985],[92.1807218072181,21.292709415219164],[92.19152191521914,21.20243723562237],[92.21312213122133,21.112165056025574],[92.26352263522637,21.061820955865826],[92.26712267122673,21.004532841890935],[92.28512285122855,20.931620696831985],[92.31032310323104,20.863916562134392],[92.3247232472325,20.791004417075442],[92.30672306723068,20.791004417075442],[92.24912249122491,20.883012600126023],[92.1951219512195,20.98370080044552],[92.05472054720548,21.174661180361824],[92.01152011520117,21.516653860757373],[92.0079200792008,21.685046195774476],[91.91431914319145,21.88295058950591],[91.84951849518495,22.157239135203866],[91.82431824318246,22.22841527680903],[91.85671856718568,22.31695145295204],[91.86391863918641,22.349935518573957],[91.84591845918459,22.342991504758814],[91.79551795517955,22.29785541496041],[91.73431734317342,22.407223632548835],[91.69471694716947,22.504439825960773],[91.52911529115295,22.707552230053565],[91.48231482314822,22.79782440965036],[91.47871478714791,22.884624582339583],[91.41031410314105,22.79782440965036],[91.31311313113133,22.735328285314125],[91.21591215912161,22.64158409880976],[91.15111151111512,22.6138080435492],[90.9459094590946,22.596448009011354],[90.8271082710827,22.721440257683838],[90.65790657906581,23.02524086209614],[90.63270632706326,23.09468100024752],[90.65430654306545,23.273489355987323],[90.6147061470615,23.441881691004426],[90.6147061470615,23.53215387060122],[90.6039060390604,23.591177988029898],[90.57510575105749,23.577289960399625],[90.5607056070561,23.537361880962578],[90.56790567905682,23.47486575662633],[90.55710557105573,23.42104964955901],[90.40950409504097,23.431465670281725],[90.26910269102694,23.4557697186347],[90.39150391503915,23.36723354249169],[90.52110521105215,23.346401501046273],[90.58950589505895,23.266545342172194],[90.60030600306004,23.204049217835944],[90.59670596705968,23.134609079684566],[90.52830528305282,23.084264979524804],[90.46710467104674,23.054752920810472],[90.47790477904778,22.98704878611288],[90.55350553505536,22.905456623785],[90.45990459904601,22.881152575432026],[90.43830438304383,22.827336468364706],[90.43470434704346,22.75268831985197],[90.48150481504814,22.684984185154363],[90.49950499504996,22.634640084994615],[90.48870488704887,22.58950399519621],[90.53190531905318,22.539159895036462],[90.59670596705968,22.434999687809395],[90.6147061470615,22.362087542750444],[90.58950589505895,22.257927335523377],[90.55350553505536,22.21799925608633],[90.4959049590496,22.178071176649283],[90.35550355503557,22.04787091761544],[90.28710287102871,21.89857462058997],[90.22950229502294,21.82913448243859],[90.15750157501577,21.816982458262103],[90.13230132301322,21.84823052043022],[90.07110071100715,21.88642259641348],[90.07110071100715,21.959334741472432],[90.08910089100891,22.016622855447324],[90.20790207902081,22.157239135203866],[90.14310143101432,22.138143097212236],[90.06750067500678,22.09821501777519],[89.95589955899561,22.023566869262453],[89.91629916299166,22.115575052313034],[89.89469894698948,22.20237522500227],[89.89469894698948,22.308271435683125],[89.98469984699847,22.466247749977512],[89.88029880298802,22.388127594557204],[89.85149851498517,22.289175397691494],[89.86589865898662,22.172863166287925],[89.85149851498517,22.09127100396006],[89.81189811898122,21.98363878982542],[89.75789757897581,21.919406662035385],[89.66789667896683,21.877742579144552],[89.62829628296282,21.81351045135453],[89.56709567095675,21.76663835810234],[89.56709567095675,21.860382544606708],[89.54909549095493,21.98363878982542],[89.48429484294843,22.27528737006122],[89.46989469894697,22.212791245724972],[89.50229502295025,22.032246886531382],[89.50229502295025,21.914198651674027],[89.45189451894521,21.82045446516966],[89.3546935469355,21.72150226830395],[89.2790927909279,21.707614240673678],[89.23589235892359,21.72150226830395],[89.16749167491673,21.783998392640186],[89.09549095490956,21.87253456878321],[89.08109081090811,22.014886851993538],[89.05229052290525,22.093007007413846]]],[[[91.15111151111512,22.17459916974171],[91.04311043110431,22.105159031590333],[91.0791107911079,22.520063857044832],[91.15831158311585,22.365559549658016],[91.17991179911797,22.28223138387635],[91.15111151111512,22.17459916974171]]],[[[91.5579155791558,22.38291958419586],[91.51111511115113,22.353407525481515],[91.46791467914682,22.377711573834503],[91.41031410314105,22.47492776724644],[91.4391143911439,22.59818401246514],[91.45711457114572,22.61728005045677],[91.48231482314822,22.577351971019723],[91.52191521915222,22.4905517983305],[91.54711547115471,22.42458366708668],[91.5579155791558,22.38291958419586]]],[[[90.77670776707765,22.089535000506274],[90.6039060390604,22.054814931430585],[90.51390513905142,22.065230952153286],[90.67950679506794,22.327367473674755],[90.67590675906757,22.445415708532096],[90.65070650706508,22.54089589849025],[90.56430564305646,22.61728005045677],[90.5607056070561,22.672832160977876],[90.52110521105215,22.747480309490612],[90.50310503105032,22.83601648563362],[90.59670596705968,22.86379254089418],[90.67230672306727,22.81344844073442],[90.6831068310683,22.785672385473873],[90.69750697506976,22.712760240414923],[90.7371073710737,22.638112091902187],[90.8667086670867,22.485343787969143],[90.8667086670867,22.38986359801099],[90.83070830708306,22.160711142111438],[90.77670776707765,22.089535000506274]]],[[[91.8747187471875,21.832606489346162],[91.83871838718386,21.751014327018282],[91.8207182071821,21.81003844444696],[91.8351183511835,21.884686592959696],[91.84951849518495,21.92635067585053],[91.86031860318604,21.92635067585053],[91.88191881918823,21.88295058950591],[91.8747187471875,21.832606489346162]]],[[[91.95031950319503,21.507973843488443],[91.8891188911889,21.5027658331271],[91.86031860318604,21.53227789184143],[91.8747187471875,21.573941974732264],[91.85671856718568,21.70935024412745],[91.90711907119072,21.723238271757737],[91.93231932319327,21.72150226830395],[91.95031950319503,21.68331019232069],[91.96111961119612,21.61039804726174],[91.95031950319503,21.507973843488443]]],[[[90.64350643506435,22.96274473775989],[90.65790657906581,22.919344651415273],[90.6039060390604,22.945384703222047],[90.5607056070561,22.974896761936378],[90.53550535505354,23.014824841373425],[90.57870578705786,23.03565688281884],[90.64350643506435,22.96274473775989]]]]}},{"type":"Feature","properties":{"name":"Sri Lanka","iso_a3":"LKA"},"geometry":{"type":"MultiPolygon","coordinates":[[[[79.96939969399693,9.630238212694636],[79.9081990819908,9.619822191971934],[79.85779857798576,9.685790323215741],[79.84699846998473,9.715302381930087],[79.85779857798576,9.734398419921718],[79.87219872198722,9.744814440644419],[79.89019890198904,9.741342433736847],[79.91179911799117,9.678846309400612],[79.96939969399693,9.630238212694636]]],[[[79.87579875798758,9.050413059130605],[79.9045990459905,8.975764910617869],[79.82179821798218,9.026109010777617],[79.76779767797677,9.069509097122236],[79.74619746197465,9.104229166197925],[79.86139861398613,9.066037090214664],[79.87579875798758,9.050413059130605]]],[[[79.98379983799839,9.812518575342011],[80.07740077400774,9.807310564980668],[80.18180181801819,9.81078257188824],[80.25380253802541,9.796894544257952],[80.37620376203762,9.642390236871137],[80.71100711007114,9.366365687719394],[80.89460894608948,9.085133128206294],[80.90900909009093,9.024373007323831],[80.93420934209342,8.972292903710297],[80.97740977409774,8.956668872626238],[81.01701017010168,8.93236482427325],[81.19701197011972,8.661548285482866],[81.21861218612185,8.607732178415546],[81.21501215012154,8.548708060986868],[81.22581225812257,8.505307974642264],[81.27621276212761,8.482739929743062],[81.33381333813338,8.47232390902036],[81.37341373413733,8.430659826129528],[81.42381423814237,8.215395397860249],[81.42381423814237,8.147691263162642],[81.43461434614346,8.11817920444831],[81.66501665016654,7.7831305378678906],[81.67941679416793,7.741466454977058],[81.67581675816757,7.71021839280894],[81.6830168301683,7.6841783410021804],[81.72621726217261,7.625154223573503],[81.79821798217984,7.465441905825315],[81.83061830618306,7.42898583329584],[81.87381873818737,7.288369553539297],[81.87741877418773,7.0210250216564845],[81.86301863018633,6.901240783345344],[81.81981819818196,6.755416493227443],[81.76941769417692,6.6148002134709],[81.71181711817121,6.512376009697604],[81.63621636216362,6.425575837008381],[81.38061380613806,6.2415594709072195],[81.30501305013053,6.2033673949239585],[80.97020970209701,6.08879116697419],[80.72540725407254,5.979422949385764],[80.49500495004952,5.949910890671418],[80.26820268202681,6.008935008100096],[80.09540095400956,6.1530232947642105],[80.00900009000088,6.364815716125932],[79.9477994779948,6.5852881547565545],[79.85779857798576,6.830064641740179],[79.79299792997932,7.585226144136456],[79.76059760597605,7.797018565498163],[79.70659706597064,8.066099100834776],[79.71379713797137,8.182411332238331],[79.74979749797501,8.293515553280542],[79.74979749797501,8.048739066296932],[79.78219782197823,8.019227007582586],[79.80739807398072,8.050475069750718],[79.83259832598327,8.303931574003258],[79.85059850598509,8.411563788137897],[79.94059940599408,8.691060344197211],[79.94419944199444,8.74140444435696],[79.92619926199262,8.847300655037813],[79.92979929799299,8.899380758651347],[80.06660066600665,9.09554914892901],[80.09900099000993,9.210125376878779],[80.11700117001169,9.326437608282347],[80.10980109801096,9.453165860408618],[80.08460084600847,9.578158109081102],[80.19620196201964,9.538230029644055],[80.25740257402578,9.49482994329945],[80.31860318603185,9.465317884585104],[80.36900369003689,9.480941915669177],[80.42660426604266,9.480941915669177],[80.38700387003871,9.54864605036677],[80.25740257402578,9.611142174703005],[80.04500045000452,9.649334250686266],[79.98019980199803,9.699678350846028],[79.95499954999553,9.743078437190633],[79.96579965799657,9.79342253735038],[79.98379983799839,9.812518575342011]]]]}},{"type":"Feature","properties":{"name":"Myanmar","iso_a3":"MMR"},"geometry":{"type":"MultiPolygon","coordinates":[[[[100.12240122401226,20.31707547419225],[100.00360003600036,20.3795715985285],[99.95319953199532,20.416027671057975],[99.89199891998919,20.424707688326905],[99.82359823598239,20.384779608889858],[99.77319773197735,20.34137952254524],[99.71919719197194,20.32575549146118],[99.63999639996399,20.320547481099823],[99.53199531995318,20.343115525999025],[99.45999459994601,20.362211563990655],[99.44919449194492,20.351795543267954],[99.48879488794887,20.259787360217373],[99.50319503195033,20.188611218612195],[99.4851948519485,20.150419142628948],[99.45279452794529,20.119171080460816],[99.39879398793988,20.093131028654057],[99.33759337593375,20.07924300102377],[99.28359283592835,20.080979004477555],[99.19719197191972,20.115699073553245],[99.13239132391323,20.11743507700703],[99.07479074790751,20.100075042469186],[99.03879038790387,20.074034990662426],[99.02079020790211,20.041050925040523],[98.98838988389883,19.862242569300705],[98.95958959589598,19.804954455325813],[98.91638916389167,19.773706393157696],[98.87678876788766,19.770234386250124],[98.81918819188195,19.778914403519053],[98.76158761587618,19.770234386250124],[98.49518495184952,19.700794248098745],[98.45558455584558,19.6938502342836],[98.37278372783732,19.68864222392226],[98.29358293582936,19.686906220468472],[98.23958239582396,19.690378227376044],[98.10998109981102,19.76155436898121],[98.04878048780489,19.770234386250124],[98.01638016380167,19.749402344804707],[97.99117991179912,19.65392215484657],[97.91557915579159,19.593162033964106],[97.81837818378187,19.459489768022692],[97.79317793177933,19.26505738119883],[97.80397803978042,19.12964911180363],[97.71397713977143,18.99597684586223],[97.7067770677707,18.931744718072196],[97.75357753577538,18.621000099844764],[97.74637746377465,18.58801603422286],[97.72837728377283,18.572392003138802],[97.67077670776706,18.561975982416087],[97.57717577175771,18.528991916794183],[97.51597515975163,18.497743854626066],[97.48357483574836,18.494271847718494],[97.39717397173973,18.516839892617696],[97.37557375573755,18.518575896071482],[97.37917379173791,18.494271847718494],[97.45117451174514,18.358863578323295],[97.5231752317523,18.29636745398706],[97.5987759877599,18.30331146780219],[97.63117631176311,18.291159443625702],[97.62397623976238,18.2581753780038],[97.6527765277653,18.173111208768347],[97.7211772117721,18.037702939373162],[97.73917739177392,17.935278735599866],[97.69957699576997,17.832854531826584],[97.7067770677707,17.79639845929711],[97.72837728377283,17.775566417851692],[97.79317793177933,17.681822231347326],[97.92997929979299,17.532525934321853],[98.06318063180635,17.37281361657368],[98.17478174781746,17.239141350632266],[98.25758257582578,17.147133167581686],[98.43758437584376,16.975268825657025],[98.46998469984703,16.89541266678293],[98.4771847718477,16.732228342127186],[98.52398523985244,16.63848415562282],[98.56358563585638,16.570780020925227],[98.59238592385924,16.51522791040412],[98.6607866078661,16.33121154430296],[98.68958689586896,16.305171492496186],[98.83718837188371,16.418011716992183],[98.86958869588699,16.393707668639195],[98.88758887588875,16.352043585748376],[98.88758887588875,16.298227478681056],[98.86598865988663,16.237467357798593],[98.81918819188195,16.1801792438237],[98.59238592385924,16.04997898478986],[98.57438574385748,15.938874763747648],[98.55998559985602,15.768746425276774],[98.55278552785529,15.560426010822624],[98.56358563585638,15.404185699982008],[98.55638556385566,15.367729627452533],[98.53838538385384,15.350369592914689],[98.45198451984521,15.357313606729832],[98.32958329583295,15.279193451309524],[98.28638286382863,15.272249437494395],[98.23238232382323,15.241001375326263],[98.19278192781928,15.204545302796788],[98.17838178381783,15.147257188821897],[98.20358203582038,14.975392846897236],[98.24678246782469,14.813944525695277],[98.33318333183331,14.695896290837922],[98.40158401584017,14.602152104333555],[98.49518495184952,14.4736878487535],[98.57078570785711,14.359111620803716],[98.72198721987223,14.235855375585018],[98.93438934389343,14.05010300603007],[99.01359013590138,13.947678802256789],[99.08559085590855,13.822686553584305],[99.13599135991359,13.716790342903437],[99.15759157591577,13.576174063146894],[99.17199171991723,13.496317904272814],[99.1755917559176,13.232445379297559],[99.13599135991359,13.173421261868882],[99.10719107191073,13.103981123717503],[99.12519125191255,13.031068978658553],[99.17199171991723,12.961628840507174],[99.17199171991723,12.88177268163308],[99.2187921879219,12.739420398422752],[99.2979929799298,12.652620225733529],[99.37359373593739,12.593596108304851],[99.40599405994061,12.548460018506447],[99.39519395193952,12.47381186999371],[99.4167941679417,12.395691714573417],[99.4311943119431,12.30889154188418],[99.46359463594638,12.190843307026839],[99.52119521195215,12.090155106707329],[99.6147961479615,11.781146491933683],[99.61119611196114,11.749898429765565],[99.57159571595719,11.687402305429316],[99.51399513995142,11.630114191454425],[99.47799477994784,11.61275415691658],[99.4419944199442,11.553730039487903],[99.35919359193593,11.388809711378372],[99.189991899919,11.1058411484115],[99.02439024390247,10.920088778856552],[98.88758887588875,10.788152516368925],[98.78678786787867,10.708296357494845],[98.75798757987582,10.661424264242655],[98.75798757987582,10.623232188259394],[98.77598775987764,10.557264057015587],[98.76878768787691,10.430535804889317],[98.74718747187472,10.350679646015223],[98.71838718387187,10.265615476779786],[98.70398703987041,10.19096732826705],[98.65718657186574,10.178815304090548],[98.56358563585638,10.034727017426434],[98.52038520385207,10.107639162485384],[98.49518495184952,10.18228731099812],[98.52398523985244,10.352415649469009],[98.46638466384667,10.675312291872928],[98.50238502385025,10.718712378217546],[98.53478534785347,10.741280423116748],[98.59958599585997,10.864536668335447],[98.67518675186756,10.98605691010036],[98.68238682386823,11.133617203672046],[98.74358743587436,11.239513414352913],[98.7291872918729,11.329785593949708],[98.73278732787327,11.435681804630562],[98.74718747187472,11.520745973866],[98.739987399874,11.591922115471164],[98.79038790387904,11.664834260530114],[98.87678876788766,11.72038637105122],[98.84078840788408,11.73948240904285],[98.80478804788049,11.779410488479897],[98.69318693186932,11.718650367597434],[98.63558635586355,11.737746405589064],[98.62478624786252,11.8019785333791],[98.63918639186392,11.869682668076692],[98.64638646386464,11.909610747513739],[98.68958689586896,11.95648284076593],[98.68598685986859,12.046755020362724],[98.66438664386646,12.126611179236804],[98.69678696786968,12.225563376102528],[98.63198631986319,12.225563376102528],[98.59958599585997,12.244659414094158],[98.61758617586179,12.300211524615264],[98.67878678786786,12.348819621321226],[98.62478624786252,12.440827804371807],[98.66438664386646,12.539780001237531],[98.66438664386646,12.66303624645623],[98.63558635586355,12.77066846059087],[98.63558635586355,12.848788616011177],[98.5959859598596,12.985932888860148],[98.57438574385748,13.161269237692395],[98.4879848798488,13.293205500180022],[98.41958419584199,13.484165880096313],[98.24678246782469,13.734150377441296],[98.24678246782469,13.84004658812215],[98.23958239582396,13.933790774626516],[98.19998199982001,13.980662867878692],[98.14958149581497,13.647350204752058],[98.10998109981102,13.71331833599588],[98.09918099180993,13.899070705550827],[98.07398073980738,13.98587087824005],[98.09918099180993,14.161207227072282],[97.99837998379985,14.334807572450742],[97.97677976779767,14.461535824577012],[97.90837908379086,14.652496204493303],[97.92997929979299,14.695896290837922],[98.01998019980203,14.652496204493303],[97.93717937179372,14.763600425535515],[97.86877868778691,14.73929637718254],[97.81117811178115,14.859080615493667],[97.80037800378005,15.185449264805158],[97.74277742777429,15.306969506570084],[97.7751777517775,15.430225751788782],[97.71037710377107,15.876378639411413],[97.58437584375844,16.018730922621742],[97.60957609576099,16.143723171294226],[97.6419764197642,16.253091388882652],[97.63477634776348,16.45793979642923],[97.66357663576639,16.52043592076548],[97.72477724777247,16.56904401747144],[97.66717667176675,16.551683982933596],[97.62037620376202,16.537795955303324],[97.50517505175054,16.525643931126822],[97.37557375573755,16.52217192421925],[97.33237332373324,16.671468221244723],[97.26757267572674,16.742644362849887],[97.20997209972103,16.89194065987536],[97.17757177571775,17.06206899834625],[97.19917199171994,17.09505306396815],[97.10197101971022,17.16449320211953],[97.07317073170731,17.206157285010363],[96.96876968769686,17.317261506052574],[96.84996849968502,17.40058967183424],[96.87876878768787,17.341565554405562],[96.91116911169115,17.305109481876087],[96.84996849968502,17.20268527810279],[96.90756907569079,17.03082093617813],[96.85716857168575,16.921452718589705],[96.81036810368107,16.779100435379362],[96.7671676716767,16.709660297227984],[96.62316623166231,16.563836007110083],[96.50796507965083,16.513491906950335],[96.43236432364324,16.504811889681406],[96.36396363963638,16.52043592076548],[96.28116281162812,16.596820072731987],[96.2631626316263,16.659316197068236],[96.2487624876249,16.76521240774909],[96.21996219962199,16.78083643883315],[96.18756187561877,16.76868441465666],[96.23796237962381,16.631540141807676],[96.23796237962381,16.567308014017655],[96.32436324363243,16.444051768798957],[96.29196291962921,16.409331699723268],[96.13356133561336,16.343363568479447],[96.07956079560796,16.353779589202162],[96.04356043560438,16.339891561571875],[96.03276032760328,16.28433945105077],[96.0111601116011,16.253091388882652],[95.76275762757626,16.169763223101],[95.71235712357122,16.072547029689062],[95.679956799568,15.97706683973091],[95.55395553955543,15.838186563428152],[95.38835388353885,15.72361033547837],[95.3487534875349,15.728818345839727],[95.30195301953023,15.756594401100273],[95.3091530915309,15.879850646318971],[95.3631536315363,15.985746856999839],[95.34515345153454,16.09685107804205],[95.33435334353345,16.032618950252015],[95.22635226352264,15.876378639411413],[95.1759517595176,15.826034539251651],[95.07875078750789,15.839922566881938],[94.94194941949422,15.819090525436522],[94.89154891548918,15.978802843184695],[94.89154891548918,16.037826960613373],[94.88074880748809,16.08817106077312],[94.89874898748991,16.140251164386655],[94.89154891548918,16.183651250731273],[94.8591485914859,16.102059088403394],[94.84834848348487,16.032618950252015],[94.79794797947983,15.971858829369552],[94.66114661146611,15.90415469467196],[94.65754657546574,15.98921886390741],[94.65034650346502,16.06560301587392],[94.67914679146793,16.133307150571525],[94.67554675546756,16.24267536815995],[94.71874718747188,16.398915679000552],[94.71514715147151,16.452731786067872],[94.70434704347042,16.51175590349655],[94.67914679146793,16.424955730807326],[94.66474664746647,16.336419554664317],[94.63594635946362,16.308643499403757],[94.58914589145894,16.289547461412127],[94.49554495544959,16.18538725418506],[94.44154441544418,16.095115074588264],[94.29754297542979,16.008314901899027],[94.22554225542257,16.016994919167956],[94.21474214742148,16.126363136756382],[94.27234272342724,16.516963913857907],[94.32634326343265,16.572516024379013],[94.3551435514355,16.640220159076605],[94.39834398343987,16.867636611522386],[94.45234452344522,16.95443678421161],[94.4739447394474,17.1349811434052],[94.49554495544959,17.166229205573316],[94.56394563945639,17.30858148878366],[94.58914589145894,17.56898200685133],[94.56034560345603,17.69918226588517],[94.49554495544959,17.824174514557654],[94.43074430744309,18.200887264028907],[94.26514265142652,18.50642387189498],[94.25074250742506,18.608848075668277],[94.17154171541716,18.732104320886975],[94.24714247142475,18.74078433815589],[94.09234092340927,18.848416552290544],[94.07074070740708,18.893552642088935],[94.03834038340386,19.147009146341475],[94.04554045540459,19.28762542609803],[94.0239402394024,19.2685293881064],[94.00234002340022,19.181729215417164],[93.94113941139415,19.14527314288769],[93.96633966339664,18.994240842408445],[93.96273962739627,18.95778476987897],[93.93033930339305,18.900496655904078],[93.80073800738006,18.961256776786527],[93.70713707137071,19.027224908030348],[93.5991359913599,19.188673229232307],[93.49473494734946,19.369217588425897],[93.5307353073531,19.396993643686457],[93.57753577535777,19.400465650594015],[93.7287372873729,19.266793384652615],[93.82593825938261,19.239017329392055],[93.88713887138874,19.27200139501396],[93.96273962739627,19.32928950898885],[93.99873998739986,19.44039373003106],[93.95913959139591,19.482057812921894],[93.88713887138874,19.504625857821097],[93.84033840338407,19.53413791653543],[93.76833768337684,19.608786065048164],[93.76113761137611,19.64871414448521],[93.73953739537399,19.697322241191173],[93.66753667536676,19.732042310266863],[93.609936099361,19.77544239661148],[93.66033660336603,19.85356255203179],[93.70713707137071,19.912586669460467],[93.58113581135814,19.909114662552895],[93.44073440734411,20.00980286287239],[93.40833408334083,20.03757891813295],[93.36153361533616,20.058410959578367],[93.24993249932498,20.070562983754854],[93.15633156331563,20.041050925040523],[93.19953199531994,19.89869864183018],[93.19233192331922,19.851826548578003],[93.13113131131314,19.858770562393133],[93.00153001530015,20.074034990662426],[93.0411304113041,20.12958710118353],[93.0951309513095,20.181667204797066],[93.06993069930701,20.188611218612195],[93.0159301593016,20.185139211704637],[93.06633066330664,20.377835595074714],[93.03393033930342,20.405611650335274],[93.01953019530197,20.346587532906597],[92.99072990729906,20.28756341547792],[92.8827288272883,20.15215514608272],[92.8287282872829,20.178195197889494],[92.79272792727926,20.211179263511397],[92.8431284312843,20.28235540511656],[92.87192871928721,20.301451443108192],[92.88992889928898,20.339643519091453],[92.85032850328503,20.41429166760419],[92.78552785527859,20.469843778125295],[92.73512735127355,20.561851961175876],[92.709927099271,20.56358796462966],[92.73152731527318,20.454219747041236],[92.72432724327246,20.29624343274685],[92.60912609126092,20.469843778125295],[92.3787237872379,20.71809227201649],[92.3247232472325,20.791004417075442],[92.31032310323104,20.863916562134392],[92.28512285122855,20.931620696831985],[92.26712267122673,21.004532841890935],[92.26352263522637,21.061820955865826],[92.21312213122133,21.112165056025574],[92.19152191521914,21.20243723562237],[92.1807218072181,21.292709415219164],[92.20952209522096,21.358677546462985],[92.27792277922782,21.428117684614364],[92.33192331923323,21.44026970879085],[92.37152371523717,21.409021646622733],[92.47232472324725,21.362149553370543],[92.54072540725406,21.320485470479724],[92.56952569525697,21.263197356504833],[92.59832598325983,21.270141370319962],[92.6307263072631,21.306597442849437],[92.62352623526237,21.349997529194056],[92.59472594725946,21.46804576405141],[92.58392583925843,21.608662043807954],[92.58392583925843,21.9402387034808],[92.57312573125733,21.978430779464063],[92.6307263072631,22.011414845085966],[92.65232652326523,22.049606921069227],[92.67392673926742,22.105159031590333],[92.68832688326881,22.131199083397092],[92.72072720727209,22.13293508685088],[92.77112771127713,22.105159031590333],[92.85392853928539,22.00967884163218],[92.9079290792908,21.988846800186764],[92.96552965529656,22.004470831270822],[93.02313023130233,22.14508711102738],[93.04473044730446,22.18327918701064],[93.06993069930701,22.2093192388174],[93.12033120331205,22.20584723190983],[93.15273152731527,22.230151280262817],[93.16353163531636,22.292647404599066],[93.16353163531636,22.36035153929666],[93.10593105931059,22.547839912305392],[93.08793087930883,22.63290408154083],[93.07713077130774,22.717968250776266],[93.11313113131132,22.80650442691929],[93.16353163531636,22.907192627238786],[93.15273152731527,22.99746480683558],[93.16353163531636,23.03218487591127],[93.20313203132031,23.037392886272627],[93.25353253532535,23.014824841373425],[93.30753307533075,23.030448872457484],[93.35073350733506,23.084264979524804],[93.36513365133652,23.13287307623078],[93.39033390333907,23.339457487231144],[93.40833408334083,23.52868186369365],[93.41553415534156,23.681450167626693],[93.37233372333725,23.773458350677274],[93.30753307533075,24.021706844568456],[93.32553325533257,24.06337092745929],[93.35433354333543,24.073786948182004],[93.45153451534514,23.986986775492767],[93.49473494734946,23.973098747862494],[93.56313563135632,23.98525077203898],[93.63153631536318,24.006082813484397],[93.68193681936822,24.006082813484397],[93.75753757537575,23.976570754770066],[93.85473854738547,23.943586689148162],[94.00954009540095,23.903658609711115],[94.07434074340745,23.872410547542998],[94.12834128341285,23.875882554450556],[94.17154171541716,23.973098747862494],[94.21834218342184,24.113715027619037],[94.29394293942943,24.322035442073187],[94.37674376743769,24.473067742552445],[94.39834398343987,24.514731825443263],[94.49194491944922,24.637988070661976],[94.58554585545858,24.76645232624203],[94.66474664746647,24.931372654351563],[94.70794707947078,25.049420889208903],[94.70434704347042,25.09802898591488],[94.67554675546756,25.137957065351912],[94.61434614346143,25.163997117158686],[94.56754567545676,25.191773172419246],[94.5531455314553,25.21607722077222],[94.5531455314553,25.24385327603278],[94.57834578345785,25.320237427999302],[94.62154621546216,25.410509607596097],[94.66834668346684,25.45911770430206],[94.78714787147874,25.519877825184523],[94.86274862748627,25.597997980604816],[94.94554945549459,25.700422184378112],[94.99234992349926,25.76986232252949],[95.01395013950139,25.91221460573982],[95.03915039150394,25.941726664454166],[95.09315093150934,25.986862754252556],[95.13275132751329,26.040678861319876],[95.12915129151293,26.07019092003422],[95.10755107551074,26.091022961479624],[95.0679506795068,26.191711161799134],[95.04995049950503,26.347951472639735],[95.06075060750607,26.47467972476602],[95.08955089550898,26.525023824925768],[95.12915129151293,26.597935969984718],[95.20115201152015,26.641336056329322],[95.30555305553054,26.672584118497454],[95.46395463954639,26.755912284279106],[95.73755737557377,26.950344671102982],[95.83835838358385,27.014576798893003],[95.90675906759071,27.04582486106112],[95.97155971559715,27.127417023389],[96.06156061560614,27.217689202985795],[96.19116191161913,27.261089289330414],[96.2739627396274,27.27844932386826],[96.66636666366662,27.339209444750708],[96.73116731167312,27.33226543093558],[96.79956799567998,27.295809358406103],[96.87876878768787,27.17776112354875],[96.95436954369546,27.132625033750358],[97.03717037170372,27.101376971582226],[97.10197101971022,27.115264999212513],[97.10197101971022,27.163873095918476],[96.90036900369006,27.439897645070218],[96.88236882368824,27.514545793582954],[96.87516875168751,27.587457938641904],[96.90036900369006,27.64301004916301],[96.96156961569619,27.698562159684116],[97.04797047970482,27.759322280566565],[97.15957159571599,27.837442435986873],[97.22437224372243,27.889522539600407],[97.30717307173074,27.90688257413825],[97.3359733597336,27.938130636306383],[97.34317343173433,27.981530722650987],[97.33957339573396,28.030138819356964],[97.30357303573038,28.08569092987807],[97.31077310773111,28.155131068029448],[97.32157321573214,28.217627192365683],[97.35757357573578,28.254083264895158],[97.43317433174332,28.354771465214668],[97.47637476374763,28.425947606819832],[97.50157501575018,28.45719566898795],[97.53757537575376,28.51101177605527],[97.5987759877599,28.516219786416627],[97.65997659976603,28.50059575533257],[97.69597695976961,28.46934769316445],[97.72837728377283,28.406851568828202],[97.76797767977683,28.356507468668454],[97.81477814778151,28.356507468668454],[97.86517865178655,28.363451482483597],[97.88677886778868,28.356507468668454],[97.93357933579335,28.313107382323835],[98.02358023580234,28.210683178550553],[98.06318063180635,28.186379130197565],[98.09918099180993,28.14297904385296],[98.11718117181175,28.054442867709938],[98.13158131581315,27.967642695020714],[98.23958239582396,27.663842090608426],[98.27558275582754,27.59960996281839],[98.29718297182973,27.549265862658643],[98.35118351183513,27.538849841935942],[98.39078390783908,27.587457938641904],[98.4087840878409,27.639538042255438],[98.45198451984521,27.656898076793283],[98.50598505985062,27.648218059524368],[98.59958599585997,27.59960996281839],[98.64998649986501,27.571833907557846],[98.67518675186756,27.422537610532373],[98.68238682386823,27.245465258246355],[98.67518675186756,27.18991314772525],[98.7147871478715,27.044088857607335],[98.7291872918729,26.877432526044032],[98.739987399874,26.78542434299345],[98.739987399874,26.698624170304214],[98.73278732787327,26.584047942354445],[98.71118711187114,26.429543634967615],[98.67158671586719,26.299343375933773],[98.68598685986859,26.189975158345348],[98.66438664386646,26.1396310581856],[98.57078570785711,26.113591006378826],[98.56358563585638,26.071926923488007],[98.59238592385924,26.0042227887904],[98.65358653586537,25.917422616101177],[98.65718657186574,25.863606509033858],[98.62478624786252,25.827150436504382],[98.55998559985602,25.82367842959681],[98.46638466384667,25.78895836052112],[98.40158401584017,25.67785413947891],[98.33318333183331,25.587581959882115],[98.29718297182973,25.568485921890485],[98.17118171181716,25.59452597369726],[98.14238142381424,25.571957928798057],[98.09918099180993,25.41571761795744],[98.06318063180635,25.349749486713634],[98.00918009180094,25.292461372738742],[97.96237962379627,25.25947730711684],[97.91917919179195,25.236909262217637],[97.81837818378187,25.252533293301695],[97.76797767977683,25.15878910679733],[97.71397713977143,25.033796858124845],[97.71037710377107,24.969564730334824],[97.73917739177392,24.8706125334691],[97.72477724777247,24.842836478208554],[97.67077670776706,24.82026843330935],[97.58437584375844,24.775132343510947],[97.53037530375303,24.631044056846832],[97.53037530375303,24.492163780544075],[97.56277562775631,24.4435556838381],[97.62397623976238,24.422723642392683],[97.66717667176675,24.379323556048078],[97.67077670776706,24.313355424804257],[97.7067770677707,24.22829125556882],[97.69237692376925,24.13107506215688],[97.56997569975698,23.988722778946553],[97.56277562775631,23.910602623526245],[97.63117631176311,23.88629857517327],[97.68517685176852,23.898450599349758],[97.75717757177574,23.93143466497166],[97.83637836378364,23.986986775492767],[98.01638016380167,24.065106930913075],[98.2107821078211,24.11024302071148],[98.36558365583659,24.118923037980394],[98.49878498784989,24.115451031072823],[98.56358563585638,24.098090996534978],[98.58518585185851,24.070314941274432],[98.76518765187654,24.115451031072823],[98.80118801188013,24.118923037980394],[98.83358833588335,24.12065904143418],[98.83358833588335,24.09114698271985],[98.70038700387005,23.964418730593565],[98.67518675186756,23.9053946131649],[98.68238682386823,23.841162485374866],[98.73638736387363,23.783874371399975],[98.78678786787867,23.7370022781478],[98.83358833588335,23.6241620536518],[98.79758797587976,23.520001846424734],[98.81918819188195,23.481809770441473],[98.8587885878859,23.44014568755064],[98.88398883988839,23.381121570121962],[98.88398883988839,23.308209425063012],[98.86238862388626,23.191897193659457],[99.0567905679057,23.131137072776994],[99.2187921879219,23.103361017516434],[99.34119341193411,23.096417003701305],[99.4167941679417,23.068640948440745],[99.46359463594638,23.046072903541557],[99.4959949599496,23.004408820650724],[99.50679506795069,22.95927273085232],[99.46719467194674,22.928024668684202],[99.38439384393843,22.82560046491092],[99.33759337593375,22.688456192061935],[99.34479344793448,22.586031988288653],[99.33759337593375,22.497495812145644],[99.2439924399244,22.37076756001936],[99.20439204392045,22.28223138387635],[99.17199171991723,22.191959204279556],[99.17199171991723,22.153767128296295],[99.19359193591936,22.12599107303575],[99.2331923319233,22.11036704195169],[99.30159301593017,22.099951021228975],[99.38799387993879,22.11036704195169],[99.59319593195931,22.089535000506274],[99.82359823598239,22.049606921069227],[99.91719917199174,22.02877487962381],[99.94959949599496,21.988846800186764],[99.93879938799387,21.90204662749754],[99.92439924399247,21.82045446516966],[99.94239942399423,21.757958340833426],[99.97839978399787,21.70240623031232],[100.03960039600395,21.68331019232069],[100.09720097200972,21.660742147421487],[100.10440104401044,21.617342061076883],[100.09000090000899,21.558317943648206],[100.11520115201154,21.511445850396015],[100.14760147601476,21.480197788227898],[100.21600216002162,21.462837753690053],[100.34920349203492,21.501029829673314],[100.44640446404463,21.48366979513547],[100.53280532805331,21.457629743328695],[100.60480604806048,21.471517770958968],[100.6768067680677,21.504501836580886],[100.83520835208355,21.65553413706013],[101.0188101881019,21.73712629938801],[101.08001080010803,21.75622233737964],[101.11961119611198,21.74580631665694],[101.13041130411307,21.735390295934224],[101.1268112681127,21.705878237219892],[101.14841148411483,21.580885988547408],[101.1376113761138,21.56699796091712],[101.08001080010803,21.46804576405141],[100.9288092880929,21.365621560278115],[100.8208082080821,21.31354145666458],[100.7560075600756,21.311805453210795],[100.7020070200702,21.25104533232833],[100.65880658806589,21.12952509056342],[100.61200612006121,21.06008495241204],[100.56520565205653,21.03751690751284],[100.53640536405368,20.992380817714448],[100.52200522005222,20.92120467610927],[100.55080550805508,20.884748603579794],[100.61920619206194,20.87954059321845],[100.6228062280623,20.858708551773034],[100.56520565205653,20.82572448615113],[100.49320493204931,20.81357246197463],[100.40680406804069,20.823988482697345],[100.32760327603279,20.796212427436785],[100.24840248402484,20.73024429619298],[100.1836018360184,20.589628016436436],[100.12960129601299,20.372627584713356],[100.12240122401226,20.31707547419225]]],[[[98.2107821078211,10.953072844478456],[98.29358293582936,10.77947249910001],[98.28278282782827,10.753432447293235],[98.27198271982724,10.739544419662963],[98.25038250382505,10.74475243002432],[98.21798217982183,10.838496616528673],[98.1567815678157,10.89752073395735],[98.08118081180811,10.887104713234649],[98.14238142381424,10.963488865201171],[98.16758167581679,10.980848899739016],[98.2107821078211,10.953072844478456]]],[[[98.18198181981819,9.934038817106938],[98.13518135181351,9.87501469967826],[98.11718117181175,9.878486706585832],[98.13878138781388,9.973966896543985],[98.2215822158222,10.045143038149149],[98.289982899829,10.052087051964278],[98.28278282782827,10.006950962165888],[98.23238232382323,9.953134855098568],[98.18198181981819,9.934038817106938]]],[[[98.2215822158222,11.47908189097518],[98.21798217982183,11.456513846075978],[98.2107821078211,11.456513846075978],[98.18558185581855,11.472137877160037],[98.19998199982001,11.56761806711819],[98.23958239582396,11.644002219084712],[98.2791827918279,11.75857844703448],[98.30078300783009,11.782882495387469],[98.30798307983082,11.722122374505005],[98.28278282782827,11.59365811892495],[98.26478264782651,11.524217980773571],[98.2215822158222,11.47908189097518]]],[[[98.51678516785171,11.904402737152381],[98.4735847358474,11.899194726791038],[98.45558455584558,12.060643047992997],[98.46638466384667,12.08494709634597],[98.52398523985244,12.005090937471891],[98.61038610386106,11.95648284076593],[98.57798577985778,11.925234778597797],[98.51678516785171,11.904402737152381]]],[[[98.55278552785529,11.744690419404208],[98.52758527585274,11.538106008403844],[98.46638466384667,11.56761806711819],[98.43398433984339,11.56761806711819],[98.39798397983981,11.683930298521744],[98.39798397983981,11.715178360689876],[98.37638376383762,11.791562512656384],[98.52398523985244,11.805450540286671],[98.55278552785529,11.744690419404208]]],[[[98.41238412384126,12.598804118666195],[98.43758437584376,12.571028063405649],[98.46998469984703,12.571028063405649],[98.45918459184594,12.47381186999371],[98.37998379983799,12.354027631682584],[98.33318333183331,12.33666759714474],[98.31518315183155,12.33666759714474],[98.33318333183331,12.512003945976971],[98.30078300783009,12.610956142842696],[98.31158311583118,12.678660277540288],[98.39798397983981,12.64741221537217],[98.41238412384126,12.598804118666195]]],[[[98.13518135181351,12.150915227589792],[98.12438124381242,12.145707217228434],[98.10998109981102,12.14744322068222],[98.07398073980738,12.164803255220065],[98.0379803798038,12.232507389917657],[98.05598055980562,12.279379483169848],[98.07038070380707,12.291531507346335],[98.10638106381066,12.288059500438763],[98.12078120781212,12.279379483169848],[98.12798127981279,12.262019448632003],[98.11718117181175,12.223827372648742],[98.12078120781212,12.190843307026839],[98.13518135181351,12.150915227589792]]],[[[94.47754477544777,15.945818777562792],[94.41274412744127,15.848602584150854],[94.38754387543878,15.994426874268754],[94.49554495544959,16.076019036596634],[94.54594545945463,16.152403188563156],[94.59994599945998,16.206219295630476],[94.6179461794618,16.14198716784044],[94.56754567545676,16.018730922621742],[94.47754477544777,15.945818777562792]]],[[[97.57357573575734,16.253091388882652],[97.53757537575376,16.240939364706165],[97.47997479974799,16.305171492496186],[97.4691746917469,16.4614118033368],[97.51597515975163,16.49613187241249],[97.54117541175412,16.504811889681406],[97.58077580775807,16.485715851689775],[97.59157591575917,16.4614118033368],[97.5987759877599,16.43016374116867],[97.5879758797588,16.397179675546766],[97.57357573575734,16.253091388882652]]],[[[93.68913689136895,18.683496224181013],[93.67473674736749,18.674816206912084],[93.57033570335705,18.75988037614752],[93.48753487534879,18.867512590282175],[93.61713617136172,18.888344631727577],[93.74313743137435,18.86577658682839],[93.74673746737466,18.808488472853497],[93.7179371793718,18.716480289802917],[93.68913689136895,18.683496224181013]]],[[[93.49113491134915,19.89175462801505],[93.51273512735128,19.754610355166065],[93.44433444334442,19.8066904587796],[93.41913419134193,19.877866600384763],[93.4119341193412,19.950778745443714],[93.49113491134915,19.89175462801505]]],[[[93.71433714337144,19.558441964888416],[93.82953829538297,19.47511379910675],[93.87633876338765,19.48032180946811],[93.94473944739451,19.428241705854575],[93.94833948339482,19.40740966440916],[93.93393933939342,19.365745581518325],[93.90153901539014,19.332761515896422],[93.81513815138152,19.298041446820733],[93.75753757537575,19.325817502081293],[93.73233732337326,19.416089681678088],[93.6639366393664,19.459489768022692],[93.64233642336427,19.49420983709838],[93.68913689136895,19.544553937258144],[93.71433714337144,19.558441964888416]]],[[[98.5419854198542,10.961752861747385],[98.52038520385207,10.9600168582936],[98.49878498784989,10.963488865201171],[98.4771847718477,10.97911289628523],[98.52758527585274,11.08674511041987],[98.5419854198542,10.961752861747385]]],[[[98.07398073980738,11.692610315790674],[98.08478084780847,11.637058205269568],[98.01998019980203,11.696082322698246],[98.00918009180094,11.861002650807777],[98.05958059580598,11.756842443580695],[98.08118081180811,11.73253839522772],[98.07398073980738,11.692610315790674]]],[[[98.06678066780671,12.390483704212059],[98.05958059580598,12.354027631682584],[98.00198001980021,12.279379483169848],[97.95157951579517,12.322779569514466],[97.93717937179372,12.345347614413654],[97.99117991179912,12.39395571111963],[98.04518045180453,12.387011697304487],[98.05958059580598,12.397427718027188],[98.06678066780671,12.390483704212059]]],[[[98.31518315183155,13.098773113356145],[98.30798307983082,12.933852785246614],[98.25758257582578,13.013708944120708],[98.25038250382505,13.103981123717503],[98.25398253982542,13.18904529295294],[98.26478264782651,13.202933320583227],[98.26838268382687,13.18904529295294],[98.29718297182973,13.15085321696968],[98.31518315183155,13.098773113356145]]],[[[94.8051480514805,15.819090525436522],[94.78354783547837,15.793050473629748],[94.74394743947443,15.812146511621378],[94.73314733147333,15.822562532344094],[94.82674826748269,15.933666753386305],[94.83754837548378,15.892002670495472],[94.8051480514805,15.819090525436522]]],[[[93.00873008730088,19.924738693636954],[93.02313023130233,19.8292585036788],[92.97632976329766,19.867450579662062],[92.91152911529116,19.99938684214969],[92.91512915129152,20.086187014838913],[92.95832958329584,20.046258935401866],[93.00873008730088,19.924738693636954]]]]}},{"type":"Feature","properties":{"name":"Afghanistan","iso_a3":"AFG"},"geometry":{"type":"Polygon","coordinates":[[[66.52326523265234,37.349005359272354],[66.82926829268294,37.371573404171556],[67.07047070470705,37.33511733164208],[67.19647196471965,37.234429131322585],[67.31887318873189,37.2101250829696],[67.44127441274415,37.25873317967556],[67.51687516875171,37.26741319694449],[67.54567545675457,37.23616513477637],[67.6068760687607,37.222277107146084],[67.70047700477005,37.22748511750744],[67.75447754477545,37.199709062246896],[67.75807758077582,37.171933006986336],[67.76527765277655,37.14068494481822],[67.83367833678338,37.0643007928517],[67.95967959679598,36.972292609801116],[68.06768067680679,36.94972456490191],[68.21168211682118,37.02090070650708],[68.26208262082622,37.01222068923816],[68.28368283682838,37.03652473759114],[68.2980829808298,37.088604841204685],[68.38808388083882,37.13721293791065],[68.54648546485467,37.18408503116282],[68.63648636486366,37.22401311059987],[68.6688866888669,37.25873317967556],[68.72288722887231,37.26741319694449],[68.78048780487805,37.25873317967556],[68.82368823688239,37.27088520385206],[68.83808838088382,37.30213326602018],[68.85608856088561,37.31602129365045],[68.8848888488885,37.32817331782695],[68.91008910089101,37.333381328188295],[68.96048960489605,37.32470131091938],[69.05049050490507,37.2656771934907],[69.180091800918,37.15804497935606],[69.26649266492666,37.107700879196315],[69.30249302493027,37.11638089646523],[69.35289352893531,37.149364962087134],[69.41409414094142,37.20838907951581],[69.42849428494287,37.29171724529748],[69.39969399693999,37.399349459432116],[69.42129421294214,37.48614963212134],[69.49329493294934,37.55385376681893],[69.62649626496267,37.59378184625598],[69.8208982089821,37.60940587734004],[69.93969939699397,37.60072586007112],[69.98649986499865,37.56600579099543],[70.04410044100442,37.5469097530038],[70.11970119701198,37.54343774609623],[70.18810188101881,37.58162982207949],[70.2529025290253,37.66495798786114],[70.25650256502567,37.765646188180654],[70.1989019890199,37.88543042649178],[70.21330213302133,37.92362250247504],[70.23850238502385,37.940982537012886],[70.31410314103141,37.984382623357504],[70.41850418504185,38.074654802954285],[70.51930519305193,38.19270303781164],[70.61650616506165,38.33505532102197],[70.73530735307355,38.421855493711206],[70.87930879308794,38.456575562786895],[71.05211052110522,38.418383486803634],[71.25731257312574,38.30727926576142],[71.3329133291333,38.17013499291244],[71.28251282512826,38.00868667171048],[71.2789127891279,37.91841449211368],[71.31851318513185,37.90105445757584],[71.39051390513907,37.9062624679372],[71.48771487714879,37.93230251974397],[71.55251552515526,37.93230251974397],[71.58131581315814,37.90973447484477],[71.58131581315814,37.864598385046364],[71.54531545315453,37.795158246894985],[71.50571505715058,37.60246186352491],[71.48051480514806,37.43580553196159],[71.45531455314554,37.272621207305846],[71.43371433714339,37.126796917187946],[71.47331473314733,37.015692696145734],[71.5309153091531,36.845564357674846],[71.59571595715957,36.73272413317885],[71.66411664116643,36.69626806064937],[71.73251732517326,36.684116036472886],[71.8009180091801,36.69453205719559],[71.94131941319415,36.76570819880075],[72.15372153721538,36.90111646819595],[72.3589235892359,36.98270863052382],[72.65772657726578,37.02958072377601],[72.75852758527586,37.171933006986336],[72.89532895328955,37.26741319694449],[73.21213212132122,37.40802947670103],[73.38133381333813,37.46184558376835],[73.48213482134821,37.47226160449107],[73.60453604536048,37.44622155268429],[73.63333633336333,37.43754153541538],[73.65853658536585,37.430597521600234],[73.71973719737198,37.41844549742375],[73.73413734137341,37.37504541107913],[73.71613716137162,37.329909321280724],[73.64773647736479,37.29171724529748],[73.62613626136263,37.26220518658313],[73.65493654936552,37.23963714168393],[73.74853748537487,37.23095712441501],[73.95013950139503,37.28303722802855],[74.07614076140763,37.31602129365045],[74.16614166141662,37.329909321280724],[74.20214202142023,37.37330940762534],[74.25974259742597,37.414973490516175],[74.34974349743499,37.41844549742375],[74.44334443344434,37.395877452524545],[74.52254522545226,37.38198942489427],[74.65934659346595,37.39414144907076],[74.73134731347315,37.35768537654128],[74.83214832148323,37.28650923493612],[74.87534875348754,37.241373145137715],[74.88974889748897,37.23095712441501],[74.83934839348393,37.225749114053656],[74.76734767347673,37.24831715895286],[74.73854738547385,37.28650923493612],[74.72774727747279,37.28998124184369],[74.67014670146702,37.26741319694449],[74.55854558545587,37.23616513477637],[74.37134371343714,37.15804497935606],[74.3749437494375,37.13721293791065],[74.49734497344974,37.05735677903655],[74.52614526145263,37.03131672722979],[74.54054540545405,37.022636709960864],[74.43254432544327,36.9844446339776],[74.1949419494195,36.89764446128838],[74.04014040140402,36.826468319683215],[74.00054000540007,36.82299631277564],[73.90693906939072,36.852508371489975],[73.77013770137702,36.88896444401945],[73.73053730537308,36.88722844056568],[73.41013410134101,36.88202043020432],[73.11853118531187,36.86813240257405],[72.99252992529927,36.8507723680362],[72.76572765727659,36.83514833695213],[72.6217262172622,36.82994032659079],[72.53172531725318,36.80216427133023],[72.4309243092431,36.76570819880075],[72.32652326523265,36.74314015390155],[72.25092250922509,36.734460136632634],[72.15732157321574,36.70147607101073],[72.0961209612096,36.633771936313124],[71.919719197192,36.534819739447414],[71.82251822518225,36.48621164274144],[71.77211772117721,36.43239553567412],[71.71811718117183,36.427187525312775],[71.62091620916209,36.43586754258169],[71.54531545315453,36.37684342515301],[71.46251462514627,36.29351525937136],[71.31131311313115,36.17199501760645],[71.23211232112322,36.121650917446686],[71.18531185311855,36.04179475857261],[71.22131221312213,36.000130675681774],[71.34371343713437,35.93937055479931],[71.39771397713977,35.88034643737063],[71.42651426514266,35.83347434411846],[71.48411484114843,35.7154261092611],[71.52011520115201,35.59737787440376],[71.57051570515705,35.547033774244014],[71.58851588515887,35.460233601554776],[71.59931599315993,35.40815349794124],[71.57051570515705,35.36996142195798],[71.54531545315453,35.32829733906716],[71.54531545315453,35.288369259630116],[71.57771577715778,35.24844118019307],[71.60651606516066,35.211985107663594],[71.62091620916209,35.18247304894926],[71.6029160291603,35.15122498678113],[71.54531545315453,35.10088088662138],[71.51651516515167,35.050536786461635],[71.45531455314554,34.96720862067997],[71.35811358113583,34.90992050670508],[71.29331293312933,34.86825642381426],[71.2249122491225,34.77972024767125],[71.11331113311135,34.680768050805526],[71.06651066510665,34.599175888477646],[71.01611016110161,34.554039798679256],[70.96570965709657,34.52973575032627],[70.98010980109802,34.48633566398166],[71.02331023310234,34.43078355346056],[71.09531095310953,34.370023432578094],[71.09171091710917,34.272807239166156],[71.08811088110883,34.20336710101478],[71.09171091710917,34.120038935233126],[71.05211052110522,34.04886279362795],[70.8469084690847,33.981158658930354],[70.65250652506526,33.95164660021602],[70.41490414904149,33.94991059676224],[70.3249032490325,33.96032661748494],[70.2529025290253,33.975950648569],[69.99369993699938,34.05233480053552],[69.88929889298893,34.00719871073713],[69.86769867698678,33.8978304931487],[70.05490054900551,33.719022137408885],[70.1341013410134,33.620069940543175],[70.22050220502206,33.455149612433644],[70.28530285302853,33.36834943974442],[70.260102601026,33.28849328087033],[70.0909009090091,33.19822110127353],[69.92169921699218,33.11315693203808],[69.70209702097023,33.09406089404645],[69.5688956889569,33.06454883533212],[69.50049500495007,33.01941274553373],[69.45369453694539,32.83366037597878],[69.40329403294035,32.76422023782739],[69.40689406894069,32.68262807549952],[69.36009360093601,32.59061989244894],[69.29169291692918,32.52985977156648],[69.24129241292414,32.434379581608326],[69.25569255692557,32.24862721205339],[69.28089280892809,31.936146590372175],[69.18729187291873,31.838930396960237],[69.08289082890829,31.738242196640726],[68.97488974889751,31.667066055035562],[68.87048870488707,31.63408198941366],[68.78408784087841,31.646234013590146],[68.71208712087122,31.708730137926395],[68.67248672486727,31.759074238086143],[68.59688596885971,31.80247432443076],[68.52128521285215,31.793794307161832],[68.44208442084422,31.7538662277248],[68.31968319683199,31.767754255355072],[68.21528215282154,31.80768233479212],[68.16128161281614,31.80247432443076],[68.12888128881289,31.762546244993715],[68.01728017280175,31.677482075758277],[67.74007740077403,31.54901782017822],[67.62847628476285,31.538601799455506],[67.57807578075781,31.50735373728739],[67.5960759607596,31.45353763022007],[67.64647646476465,31.41013754387545],[67.7328773287733,31.378889481707333],[67.73647736477366,31.344169412631643],[67.6608766087661,31.312921350463526],[67.5960759607596,31.278201281387837],[67.45207452074521,31.234801195043218],[67.28647286472867,31.217441160505373],[67.11727117271172,31.243481212312133],[67.02727027270274,31.300769326287025],[66.92286922869229,31.305977336648382],[66.82926829268294,31.26431325375755],[66.73206732067322,31.19487311560617],[66.62406624066242,31.0455768185807],[66.59526595265953,31.01953676677394],[66.56646566465665,30.996968721874737],[66.49806498064981,30.963984656252833],[66.39726397263973,30.9119045526393],[66.3468634686347,30.80253633505086],[66.28566285662856,30.608103948226997],[66.30006300063002,30.502207737546144],[66.30726307263075,30.321663378352554],[66.28206282062823,30.193199122772498],[66.23886238862389,30.109870956990832],[66.24606246062461,30.043902825747026],[66.31446314463145,29.96925467723429],[66.28566285662856,29.920646580528327],[66.23166231662319,29.86509447000722],[66.17766177661778,29.835582411292876],[65.96165961659617,29.778294297317984],[65.66645666456665,29.701910145351476],[65.47205472054722,29.651566045191714],[65.18045180451804,29.576917896678978],[65.09405094050942,29.559557862141133],[64.91764917649178,29.552613848326004],[64.82764827648276,29.56476587250249],[64.70524705247053,29.566501875956277],[64.52164521645219,29.56476587250249],[64.39204392043922,29.543933831057075],[64.26604266042662,29.5074777585276],[64.17244172441724,29.460605665275423],[64.11844118441186,29.413733572023233],[64.10044100441004,29.39116552712403],[63.97083970839708,29.42935760310729],[63.56763567635676,29.498797741258684],[62.476824768247695,29.40852556166189],[62.37242372423725,29.425885596199734],[62.00162001620018,29.530045803426802],[61.5228152281523,29.665454072822],[61.22401224012242,29.748782238603653],[60.842408424084255,29.858150456192078],[61.10521105211052,30.128966994982463],[61.3320133201332,30.363327461243372],[61.55881558815588,30.599423930958082],[61.78561785617856,30.832048393765206],[61.81081810818108,30.91364055609307],[61.814418144181445,31.07335287384126],[61.75681756817568,31.285145295202966],[61.65961659616596,31.382361488614904],[61.346413464134656,31.42228956805195],[61.11241112411125,31.451801626766283],[60.85320853208532,31.4830496889344],[60.8208082080821,31.4952017131109],[60.792007920079215,31.660122041220433],[60.80280802808028,31.73477018973317],[60.78840788407885,31.877122472943498],[60.78840788407885,31.986490690531923],[60.8280082800828,32.1687710531793],[60.8280082800828,32.24862721205339],[60.709207092070926,32.59929990971786],[60.64440644406446,32.793732296541734],[60.5760057600576,32.99510869718074],[60.56160561605617,33.05934082497076],[60.56160561605617,33.13746098039107],[60.716407164071654,33.323213349946016],[60.766807668076694,33.36314142938306],[60.86040860408605,33.45688561588743],[60.918009180091815,33.50549371259339],[60.90720907209072,33.538477778215295],[60.80640806408064,33.55930981966071],[60.65520655206552,33.5610458231145],[60.57240572405726,33.58882187837504],[60.51120511205113,33.639165978534805],[60.48600486004861,33.712078123593756],[60.52560525605256,33.8422783826276],[60.48600486004861,34.09399888342635],[60.5688056880569,34.218991132098836],[60.64440644406446,34.307527308241845],[60.88920889208893,34.319679332418346],[60.80280802808028,34.418631529284056],[60.76320763207633,34.47591964325895],[60.734407344073446,34.491543674343006],[60.72720727207272,34.51758372614978],[60.73800738007381,34.545359781410326],[60.80280802808028,34.554039798679256],[60.84600846008462,34.58702386430116],[60.91440914409145,34.633895957553335],[60.95040950409506,34.652991995544966],[60.95760957609576,34.71028010951986],[60.99000990009901,34.750208188956904],[61.04041040410405,34.798816285662866],[61.080010800108,34.85610439963776],[61.069210692106935,34.92207253088158],[61.10521105211052,35.00192868975566],[61.12321123211234,35.050536786461635],[61.14841148411486,35.09393687280624],[61.126811268112704,35.15643299714249],[61.10521105211052,35.21024910420981],[61.10161101611018,35.27274522854606],[61.14121141211413,35.288369259630116],[61.18801188011881,35.31267330798309],[61.1988119881199,35.361281404689066],[61.22401224012242,35.4237775290253],[61.245612456124576,35.47412162918506],[61.278012780127824,35.514049708622096],[61.28161281612816,35.55397778805914],[61.26361263612637,35.619945919302964],[61.346413464134656,35.62862593657188],[61.378813788137876,35.59390586749619],[61.422014220142216,35.54529777079023],[61.54441544415445,35.458497598101005],[61.62001620016201,35.43245754629423],[61.72081720817209,35.41856951866396],[61.839618396183965,35.430721542840445],[61.93681936819368,35.44808157737829],[61.98361983619836,35.44287356701693],[62.0880208802088,35.3803774426807],[62.2140221402214,35.2901052630839],[62.25362253622538,35.250177183646855],[62.27162271622717,35.18941706276439],[62.30762307623078,35.17032102477276],[62.38682386823868,35.231081145655224],[62.46242462424624,35.25191318710064],[62.534425344253464,35.23976116292414],[62.610026100261024,35.23281714910901],[62.68922689226892,35.25538519400821],[62.72162721627217,35.27100922509227],[62.85842858428586,35.349129380512565],[62.9808298082981,35.40988950139503],[63.05643056430566,35.4463455739245],[63.08523085230854,35.56786581568943],[63.11763117631176,35.63730595384081],[63.1680316803168,35.67897003673163],[63.15003150031501,35.7275781334376],[63.12843128431285,35.76750621287465],[63.1068310683107,35.8178503130344],[63.12843128431285,35.845626368294944],[63.17883178831789,35.857778392471445],[63.30123301233013,35.857778392471445],[63.51723517235172,35.91333050299255],[63.69723697236972,35.96714661005987],[63.8628386283863,36.01228269985826],[63.93843938439386,36.019226713673405],[64.01044010440106,36.01228269985826],[64.0428404284043,36.02443472403476],[64.050040500405,36.06783481037937],[64.09324093240934,36.11297090017777],[64.18324183241833,36.149426972707246],[64.35964359643597,36.22581112467377],[64.5108451084511,36.34038735262354],[64.5648456484565,36.427187525312775],[64.60084600846008,36.553915777439045],[64.6728467284673,36.75008416771669],[64.7520475204752,36.96534859598597],[64.78084780847809,37.05909278249034],[64.8168481684817,37.13200492754929],[64.95004950049503,37.19276504843175],[65.09045090450905,37.23790113823014],[65.30285302853031,37.24658115549907],[65.55485554855551,37.25178916586043],[65.60885608856088,37.368101397263985],[65.64125641256413,37.46705359412971],[65.68445684456844,37.51913369774324],[65.74205742057421,37.560797780634076],[65.76365763657637,37.56947779790299],[65.90045900459006,37.50871767702054],[66.10926109261092,37.414973490516175],[66.35046350463506,37.368101397263985],[66.4728647286473,37.3455333523648],[66.52326523265234,37.349005359272354]]]}},{"type":"Feature","properties":{"name":"China","iso_a3":"CHN"},"geometry":{"type":"MultiPolygon","coordinates":[[[[118.1837818378184,24.495635787451647],[118.14778147781476,24.43661167002297],[118.09018090180905,24.445291687291885],[118.09018090180905,24.488691773636504],[118.07578075780759,24.50084379781299],[118.09378093780941,24.540771877250037],[118.10458104581045,24.552923901426524],[118.16938169381694,24.518203832350835],[118.1837818378184,24.495635787451647]]],[[[121.86301863018633,31.49172970620333],[121.78021780217802,31.46395365094277],[121.52101521015209,31.54901782017822],[121.33741337413375,31.644498010136374],[121.22581225812257,31.757338234632357],[121.21141211412117,31.805946331338333],[121.33741337413375,31.797266314069404],[121.46341463414637,31.75560223117857],[121.49221492214923,31.693106106842336],[121.54261542615427,31.674010068850706],[121.57501575015749,31.63755399632123],[121.80901809018093,31.552489827085793],[121.84501845018451,31.52644977527902],[121.86301863018633,31.49172970620333]]],[[[122.29502295022951,29.96404666687293],[122.28062280622805,29.943214625427515],[122.15822158221584,30.000502739402407],[122.02502025020249,30.012654763578908],[121.97821978219781,30.062998863738656],[121.97101971019714,30.142855022612736],[122.11142111421117,30.139383015705178],[122.28422284222842,30.068206874100014],[122.32382323823242,30.03175080157054],[122.29502295022951,29.96404666687293]]],[[[122.1726217262173,29.679342100452274],[122.16902169021694,29.660246062460644],[122.08262082620826,29.724478190250665],[122.04302043020431,29.736630214427166],[122.06102061020613,29.77308628695664],[122.1186211862119,29.781766304225556],[122.16542165421657,29.70017414189769],[122.1726217262173,29.679342100452274]]],[[[122.40302403024032,29.892870525267767],[122.39582395823959,29.84599843201559],[122.36702367023673,29.85294244583072],[122.33102331023309,29.9345346081586],[122.35262352623528,29.955366649604017],[122.40302403024032,29.95015863924266],[122.40302403024032,29.892870525267767]]],[[[119.82179821798218,25.457381700848273],[119.74619746197465,25.410509607596097],[119.69939699396997,25.433077652495285],[119.69939699396997,25.495573776831534],[119.72459724597246,25.55112588735264],[119.6957969579696,25.591053966789687],[119.7209972099721,25.63966206349565],[119.77859778597787,25.653550091125922],[119.79659796597969,25.62403803241159],[119.8289982899829,25.606677997873746],[119.839798397984,25.591053966789687],[119.839798397984,25.559805904621555],[119.80739807398078,25.50772580100802],[119.83259832598327,25.479949745747476],[119.82179821798218,25.457381700848273]]],[[[110.38610386103863,21.093069018033944],[110.42210422104222,21.058348948958255],[110.5229052290523,21.082652997311243],[110.54090540905412,21.039252910966624],[110.53730537305375,21.018420869521208],[110.50490504905048,20.96807676936146],[110.42210422104222,21.00626884534472],[110.33930339303396,20.99758882807579],[110.28170281702819,21.001060834983363],[110.26370263702637,21.02536488333635],[110.31050310503105,21.073972980042313],[110.38610386103863,21.093069018033944]]],[[[121.25101251012512,28.08569092987807],[121.1646116461165,28.063122884978867],[121.13221132211322,28.063122884978867],[121.13221132211322,28.136035030037817],[121.20421204212045,28.20373916473541],[121.2330123301233,28.181171119836208],[121.25101251012512,28.144715047306732],[121.25101251012512,28.08569092987807]]],[[[113.55413554135544,22.804768423465504],[113.56493564935653,22.757896330213313],[113.48573485734858,22.829072471818478],[113.46413464134645,22.83254447872605],[113.42453424534244,22.858584530532823],[113.40293402934032,22.901984616877428],[113.46413464134645,22.903720620331214],[113.52173521735216,22.85164051671768],[113.55413554135544,22.804768423465504]]],[[[112.7909279092791,21.60171802999281],[112.76932769327692,21.58262199200118],[112.74052740527407,21.617342061076883],[112.73332733327334,21.669422164690417],[112.71172711727121,21.697198219950963],[112.76212762127625,21.733654292480438],[112.78372783727838,21.7718463684637],[112.83772837728378,21.764902354648555],[112.86292862928633,21.752750330472068],[112.81252812528129,21.71282225103502],[112.8017280172802,21.695462216497177],[112.7909279092791,21.60171802999281]]],[[[112.64332643326435,21.63991010597607],[112.54612546125463,21.619078064530655],[112.52452524525245,21.622550071438226],[112.56052560525609,21.67463017505176],[112.64692646926471,21.711086247581235],[112.64332643326435,21.63991010597607]]],[[[107.97407974079744,21.507973843488443],[107.90927909279094,21.56005394710199],[107.80127801278013,21.64511811633743],[107.75807758077582,21.65553413706013],[107.63927639276392,21.61387005416931],[107.47007470074703,21.598246023085252],[107.4340743407434,21.641646109429857],[107.35127351273513,21.608662043807954],[107.27207272072724,21.711086247581235],[107.17847178471789,21.716294257942593],[107.06327063270635,21.7944144133629],[107.02007020070204,21.834342492799948],[107.00567005670058,21.89336661022861],[106.969669696697,21.924614672396743],[106.92646926469268,21.919406662035385],[106.87606876068764,21.950654724203503],[106.79326793267933,21.981902786371634],[106.72846728467283,22.000998824363265],[106.69606696066961,21.985374793279192],[106.66366663666639,21.978430779464063],[106.65646656466566,22.01835885890111],[106.66006660066603,22.13640709375845],[106.6528665286653,22.242303304439304],[106.63486634866348,22.289175397691494],[106.59166591665917,22.323895466767183],[106.55206552065522,22.341255501305028],[106.53766537665376,22.395071608372348],[106.55206552065522,22.5009678190532],[106.58086580865807,22.57387996411215],[106.63486634866348,22.586031988288653],[106.70326703267034,22.638112091902187],[106.73566735667356,22.711024236961137],[106.77886778867787,22.77872837165873],[106.62406624066244,22.874208561616882],[106.54126541265413,22.90892863069257],[106.45126451264514,22.893304599608513],[106.33966339663397,22.86379254089418],[106.27846278462783,22.856848527079038],[106.24966249662498,22.869000551255525],[106.18486184861848,22.955800723944762],[106.1488614886149,22.969688751575035],[106.069660696607,22.974896761936378],[106.00126001260014,22.974896761936378],[105.9616596165962,22.93670468595313],[105.90405904059043,22.92455266177663],[105.8428584285843,22.922816658322844],[105.78165781657816,22.969688751575035],[105.69165691656917,23.030448872457484],[105.54765547655478,23.072112955348317],[105.52965529655296,23.122457055508065],[105.49365493654938,23.181481172936742],[105.43965439654397,23.235297280004062],[105.34965349653498,23.308209425063012],[105.2740527405274,23.344665497592487],[105.23805238052381,23.3220974526933],[105.18765187651877,23.280433369802466],[104.9968499684997,23.193633197113243],[104.91044910449108,23.160649131491326],[104.8636486364864,23.13634508313835],[104.82764827648276,23.099889010608877],[104.81324813248136,23.011352834465853],[104.79524795247954,22.910664634146357],[104.74124741247414,22.86032053398661],[104.68724687246873,22.82212845800335],[104.63324633246333,22.818656451095777],[104.57924579245793,22.820392454549562],[104.52524525245252,22.804768423465504],[104.37044370443704,22.704080223145994],[104.29844298442987,22.712760240414923],[104.23724237242374,22.76831235093603],[104.21204212042119,22.809976433826847],[104.14364143641438,22.799560413104146],[104.0536405364054,22.75268831985197],[104.01404014040139,22.665888147162732],[103.99243992439926,22.586031988288653],[103.97083970839708,22.551311919212964],[103.94203942039422,22.54089589849025],[103.91323913239131,22.537423891582677],[103.63603636036362,22.770048354389814],[103.62163621636216,22.7822003785663],[103.57123571235712,22.73359228186034],[103.52443524435245,22.612072040095413],[103.49203492034923,22.58776799174244],[103.47043470434704,22.59818401246514],[103.3552335523355,22.75442432330574],[103.32643326433265,22.770048354389814],[103.30123301233016,22.764840344028457],[103.26523265232652,22.712760240414923],[103.19323193231935,22.638112091902187],[103.13923139231395,22.592976002103782],[103.13563135631358,22.542631901944034],[103.07443074430745,22.497495812145644],[103.00603006030059,22.45235972234724],[102.9808298082981,22.448887715439668],[102.93402934029342,22.466247749977512],[102.87282872828729,22.52527186740619],[102.82962829628298,22.58776799174244],[102.72162721627217,22.648528112624888],[102.59922599225996,22.70060821623842],[102.51642516425164,22.74053629567547],[102.46962469624697,22.750952316398184],[102.42642426424266,22.73359228186034],[102.40482404824047,22.707552230053565],[102.37602376023762,22.646792109171102],[102.30402304023039,22.546103908851606],[102.23562235622359,22.466247749977512],[102.17442174421745,22.41416764636398],[102.12762127621278,22.37944757728829],[102.0916209162092,22.412431642910192],[102.02322023220233,22.438471694716966],[101.94401944019444,22.440207698170752],[101.84321843218436,22.388127594557204],[101.76041760417604,22.4905517983305],[101.73881738817391,22.495759808691858],[101.70641706417064,22.48707979142293],[101.67041670416705,22.46277574306994],[101.6452164521645,22.405487629095063],[101.62001620016201,22.327367473674755],[101.56961569615697,22.277023373515007],[101.5228152281523,22.254455328615805],[101.53721537215375,22.2093192388174],[101.56241562415624,22.162447145565224],[101.55881558815588,22.12078306267439],[101.5768157681577,22.054814931430585],[101.60201602016019,21.988846800186764],[101.69921699216991,21.88295058950591],[101.73521735217355,21.82566247553102],[101.74241742417428,21.778790382278842],[101.74601746017458,21.60519003690038],[101.74241742417428,21.534013895295217],[101.72441724417246,21.39513361899246],[101.72441724417246,21.315277460118367],[101.7640176401764,21.27882138758889],[101.80361803618035,21.235421301244273],[101.80001800017999,21.212853256345085],[101.78201782017823,21.204173239076155],[101.72801728017282,21.155565142370193],[101.70641706417064,21.150357132008835],[101.66681666816669,21.169453170000466],[101.62001620016201,21.185077201084525],[101.58401584015843,21.204173239076155],[101.54081540815412,21.233685297790487],[101.44361443614434,21.23021329088293],[101.28161281612819,21.18334119763074],[101.24921249212491,21.19722922526101],[101.22401224012242,21.223269277067786],[101.21321213212133,21.27882138758889],[101.22041220412206,21.343053515378912],[101.2060120601206,21.38298159481596],[101.17361173611738,21.407285643168947],[101.19521195211951,21.52186187111873],[101.1376113761138,21.56699796091712],[101.14841148411483,21.580885988547408],[101.1268112681127,21.705878237219892],[101.13041130411307,21.735390295934224],[101.11961119611198,21.74580631665694],[101.08001080010803,21.75622233737964],[101.0188101881019,21.73712629938801],[100.83520835208355,21.65553413706013],[100.6768067680677,21.504501836580886],[100.60480604806048,21.471517770958968],[100.53280532805331,21.457629743328695],[100.44640446404463,21.48366979513547],[100.34920349203492,21.501029829673314],[100.21600216002162,21.462837753690053],[100.14760147601476,21.480197788227898],[100.11520115201154,21.511445850396015],[100.09000090000899,21.558317943648206],[100.10440104401044,21.617342061076883],[100.09720097200972,21.660742147421487],[100.03960039600395,21.68331019232069],[99.97839978399787,21.70240623031232],[99.94239942399423,21.757958340833426],[99.92439924399247,21.82045446516966],[99.93879938799387,21.90204662749754],[99.94959949599496,21.988846800186764],[99.91719917199174,22.02877487962381],[99.82359823598239,22.049606921069227],[99.59319593195931,22.089535000506274],[99.38799387993879,22.11036704195169],[99.30159301593017,22.099951021228975],[99.2331923319233,22.11036704195169],[99.19359193591936,22.12599107303575],[99.17199171991723,22.153767128296295],[99.17199171991723,22.191959204279556],[99.20439204392045,22.28223138387635],[99.2439924399244,22.37076756001936],[99.33759337593375,22.497495812145644],[99.34479344793448,22.586031988288653],[99.33759337593375,22.688456192061935],[99.38439384393843,22.82560046491092],[99.46719467194674,22.928024668684202],[99.50679506795069,22.95927273085232],[99.4959949599496,23.004408820650724],[99.46359463594638,23.046072903541557],[99.4167941679417,23.068640948440745],[99.34119341193411,23.096417003701305],[99.2187921879219,23.103361017516434],[99.0567905679057,23.131137072776994],[98.86238862388626,23.191897193659457],[98.88398883988839,23.308209425063012],[98.88398883988839,23.381121570121962],[98.8587885878859,23.44014568755064],[98.81918819188195,23.481809770441473],[98.79758797587976,23.520001846424734],[98.83358833588335,23.6241620536518],[98.78678786787867,23.7370022781478],[98.73638736387363,23.783874371399975],[98.68238682386823,23.841162485374866],[98.67518675186756,23.9053946131649],[98.70038700387005,23.964418730593565],[98.83358833588335,24.09114698271985],[98.83358833588335,24.12065904143418],[98.80118801188013,24.118923037980394],[98.76518765187654,24.115451031072823],[98.58518585185851,24.070314941274432],[98.56358563585638,24.098090996534978],[98.49878498784989,24.115451031072823],[98.36558365583659,24.118923037980394],[98.2107821078211,24.11024302071148],[98.01638016380167,24.065106930913075],[97.83637836378364,23.986986775492767],[97.75717757177574,23.93143466497166],[97.68517685176852,23.898450599349758],[97.63117631176311,23.88629857517327],[97.56277562775631,23.910602623526245],[97.56997569975698,23.988722778946553],[97.69237692376925,24.13107506215688],[97.7067770677707,24.22829125556882],[97.67077670776706,24.313355424804257],[97.66717667176675,24.379323556048078],[97.62397623976238,24.422723642392683],[97.56277562775631,24.4435556838381],[97.53037530375303,24.492163780544075],[97.53037530375303,24.631044056846832],[97.58437584375844,24.775132343510947],[97.67077670776706,24.82026843330935],[97.72477724777247,24.842836478208554],[97.73917739177392,24.8706125334691],[97.71037710377107,24.969564730334824],[97.71397713977143,25.033796858124845],[97.76797767977683,25.15878910679733],[97.81837818378187,25.252533293301695],[97.91917919179195,25.236909262217637],[97.96237962379627,25.25947730711684],[98.00918009180094,25.292461372738742],[98.06318063180635,25.349749486713634],[98.09918099180993,25.41571761795744],[98.14238142381424,25.571957928798057],[98.17118171181716,25.59452597369726],[98.29718297182973,25.568485921890485],[98.33318333183331,25.587581959882115],[98.40158401584017,25.67785413947891],[98.46638466384667,25.78895836052112],[98.55998559985602,25.82367842959681],[98.62478624786252,25.827150436504382],[98.65718657186574,25.863606509033858],[98.65358653586537,25.917422616101177],[98.59238592385924,26.0042227887904],[98.56358563585638,26.071926923488007],[98.57078570785711,26.113591006378826],[98.66438664386646,26.1396310581856],[98.68598685986859,26.189975158345348],[98.67158671586719,26.299343375933773],[98.71118711187114,26.429543634967615],[98.73278732787327,26.584047942354445],[98.739987399874,26.698624170304214],[98.739987399874,26.78542434299345],[98.7291872918729,26.877432526044032],[98.7147871478715,27.044088857607335],[98.67518675186756,27.18991314772525],[98.68238682386823,27.245465258246355],[98.67518675186756,27.422537610532373],[98.64998649986501,27.571833907557846],[98.59958599585997,27.59960996281839],[98.50598505985062,27.648218059524368],[98.45198451984521,27.656898076793283],[98.4087840878409,27.639538042255438],[98.39078390783908,27.587457938641904],[98.35118351183513,27.538849841935942],[98.29718297182973,27.549265862658643],[98.27558275582754,27.59960996281839],[98.23958239582396,27.663842090608426],[98.13158131581315,27.967642695020714],[98.11718117181175,28.054442867709938],[98.09918099180993,28.14297904385296],[98.06318063180635,28.186379130197565],[98.02358023580234,28.210683178550553],[97.93357933579335,28.313107382323835],[97.88677886778868,28.356507468668454],[97.86517865178655,28.363451482483597],[97.81477814778151,28.356507468668454],[97.76797767977683,28.356507468668454],[97.72837728377283,28.406851568828202],[97.69597695976961,28.46934769316445],[97.65997659976603,28.50059575533257],[97.5987759877599,28.516219786416627],[97.53757537575376,28.51101177605527],[97.50157501575018,28.45719566898795],[97.47637476374763,28.425947606819832],[97.43317433174332,28.354771465214668],[97.35757357573578,28.254083264895158],[97.32157321573214,28.217627192365683],[97.28917289172892,28.236723230357313],[97.14517145171453,28.340883437584395],[97.07677076770767,28.36865949284494],[96.97956979569796,28.337411430676823],[96.8319683196832,28.36171547902981],[96.77436774367743,28.366923489391155],[96.65196651966522,28.45025165517282],[96.60156601566018,28.46066767589552],[96.42876428764288,28.406851568828202],[96.38916389163893,28.36865949284494],[96.36756367563675,28.366923489391155],[96.32076320763207,28.386019527382786],[96.28116281162812,28.41205957918956],[96.27756277562776,28.42768361027362],[96.3279632796328,28.46934769316445],[96.33156331563316,28.497123748424997],[96.3279632796328,28.524899803685557],[96.39636396363966,28.606491966013422],[96.579965799658,28.764468280307824],[96.55116551165514,28.83043641155163],[96.47556475564755,28.958900667131687],[96.46836468364683,29.02313279492172],[96.4359643596436,29.050908850182267],[96.34596345963462,29.02660480182928],[96.16236162361622,28.910292570425725],[96.13716137161373,28.92244459460221],[96.1407614076141,28.964108677493044],[96.12276122761227,29.082156912350385],[96.18036180361804,29.116876981426074],[96.27036270362703,29.16201307122448],[96.33876338763389,29.21062116793044],[96.35676356763571,29.248813243913702],[96.33876338763389,29.260965268090203],[96.23436234362345,29.24534123700613],[96.1947619476195,29.27311729226669],[96.129961299613,29.38074950640133],[96.07956079560796,29.424149592745948],[96.03636036360365,29.446717637645136],[95.88515885158853,29.39116552712403],[95.70875708757086,29.313045371703737],[95.51435514355143,29.207149161022883],[95.51795517955179,29.151597050501778],[95.4927549275493,29.13770902287149],[95.45675456754566,29.1029889537958],[95.42075420754207,29.05438085708984],[95.38835388353885,29.037020822551995],[95.35235352353527,29.03528481909821],[95.28035280352805,29.04917284672848],[95.14355143551438,29.104724957249587],[94.99954999549999,29.14986104704799],[94.96714967149671,29.144653036686634],[94.76914769147692,29.17590109885475],[94.76194761947619,29.201941150661526],[94.73314733147333,29.252285250821274],[94.67554675546756,29.297421340619678],[94.62154621546216,29.313045371703737],[94.46674466744668,29.2158291782918],[94.29394293942943,29.144653036686634],[94.19314193141935,29.059588867451197],[94.11034110341103,28.97626070166953],[94.01674016740168,28.958900667131687],[94.01314013140131,28.906820563518153],[93.97353973539737,28.859948470265962],[93.90153901539014,28.802660356291085],[93.76113761137611,28.729748211232135],[93.6639366393664,28.689820131795088],[93.36153361533616,28.653364059265613],[93.25353253532535,28.629060010912625],[93.20673206732067,28.590867934929364],[93.15633156331563,28.491915738063653],[93.12033120331205,28.401643558466844],[93.03393033930342,28.326995409954122],[92.8827288272883,28.228043213088398],[92.70272702727027,28.14645105076052],[92.65232652326523,28.0926349436932],[92.6451264512645,28.06138688152508],[92.66672666726669,28.049234857348594],[92.68832688326881,28.024930808995606],[92.68832688326881,27.98847473646613],[92.66312663126632,27.948546657029084],[92.54792547925479,27.879106518877705],[92.47952479524798,27.846122453255802],[92.41472414724149,27.825290411810386],[92.34272342723426,27.820082401449028],[92.2707227072271,27.830498422171743],[92.24912249122491,27.840914442894444],[92.22392223922242,27.82702641526417],[92.15912159121592,27.811402384180113],[92.10152101521015,27.80793037727254],[91.97911979119795,27.729810221852233],[91.91071910719108,27.729810221852233],[91.82431824318246,27.747170256390078],[91.71271712717129,27.759322280566565],[91.63351633516334,27.759322280566565],[91.62991629916303,27.800986363457397],[91.64071640716406,27.922506605222324],[91.60471604716048,27.952018663936656],[91.49311493114931,27.981530722650987],[91.36711367113674,28.021458802088034],[91.3059130591306,28.064858888432653],[91.27351273512738,28.078746916062926],[91.2267122671227,28.071802902247782],[91.15111151111512,28.026666812449392],[91.0791107911079,27.974586708835858],[91.02151021510218,27.9693786984745],[90.96390963909641,27.995418750281274],[90.90630906309065,28.026666812449392],[90.71550715507158,28.071802902247782],[90.6291062910629,28.078746916062926],[90.47790477904778,28.07006689879401],[90.3519035190352,28.08048291951671],[90.33390333903338,28.094370947146984],[90.33390333903338,28.118674995499973],[90.3519035190352,28.16901909565972],[90.3627036270363,28.21589118891191],[90.34830348303484,28.243667244172457],[90.22230222302227,28.278387313248146],[90.10350103501037,28.302691361601134],[89.9810998109981,28.31137137887005],[89.89829898298984,28.294011344332205],[89.81549815498158,28.255819268348944],[89.75069750697509,28.18811513365135],[89.65349653496537,28.15860307493702],[89.53829538295383,28.108258974777257],[89.48069480694807,28.059650878071295],[89.39429394293944,27.9589626777518],[89.27189271892718,27.8339704290793],[89.16029160291606,27.710714183860603],[89.10269102691029,27.592665949003262],[89.0270902709027,27.518017800490526],[88.94788947889481,27.464201693423206],[88.89028890288904,27.31664139985152],[88.83268832688327,27.363513493103696],[88.76428764287641,27.429481624347503],[88.74988749887501,27.521489807398083],[88.82908829088291,27.768002297835494],[88.84708847088473,27.868690498155004],[88.82908829088291,27.90688257413825],[88.80388803888042,28.00757077445776],[88.75708757087574,28.040554840079665],[88.62028620286202,28.0926349436932],[88.5770857708577,28.0926349436932],[88.53028530285303,28.05791487461751],[88.48708487084872,28.033610826264535],[88.42588425884259,28.011042781365333],[88.27468274682747,27.9693786984745],[88.14148141481417,27.948546657029084],[88.10908109081089,27.932922625945025],[88.09828098280985,27.90514657068448],[88.10908109081089,27.870426501608776],[88.02268022680227,27.882578525785277],[87.93267932679328,27.891258543054192],[87.86067860678605,27.88605053269285],[87.68427684276844,27.821818404902814],[87.62307623076231,27.81487439108767],[87.5546755467555,27.821818404902814],[87.46467464674646,27.8235544083566],[87.29187291872921,27.821818404902814],[87.14067140671409,27.83917843944066],[87.02187021870219,27.929450619037453],[86.93546935469357,27.967642695020714],[86.84186841868421,27.998890757188832],[86.75186751867517,28.021458802088034],[86.71946719467195,28.07006689879401],[86.6906669066691,28.094370947146984],[86.6150661506615,28.103050964415914],[86.55386553865537,28.08569092987807],[86.51786517865179,27.964170688113143],[86.48546485464857,27.93986663976017],[86.40986409864098,27.929450619037453],[86.32706327063272,27.9589626777518],[86.21906219062191,28.021458802088034],[86.1758617586176,28.090898940239413],[86.13626136261365,28.1152029885924],[86.07866078660788,28.083954926424283],[86.07506075060752,27.995418750281274],[86.06426064260643,27.93465862939881],[85.99585995859957,27.910354581045823],[85.95265952659526,27.927714615583668],[85.92025920259204,27.990210739919917],[85.84105841058414,28.136035030037817],[85.75825758257582,28.221099199273254],[85.67905679056793,28.27665130979436],[85.4090540905409,28.27665130979436],[85.21105211052111,28.29227534087842],[85.12105121051212,28.316579389231407],[85.0886508865089,28.372131499752513],[85.12105121051212,28.48497172424851],[85.16065160651607,28.571771896937733],[85.16065160651607,28.59260393838315],[85.12465124651249,28.60301995910585],[85.07065070650708,28.609963972920994],[84.85464854648546,28.55441186239989],[84.7970479704797,28.559619872761246],[84.76104761047611,28.578715910752877],[84.71424714247144,28.59607594529072],[84.67824678246785,28.62211599709748],[84.64944649446494,28.660308073080742],[84.4658446584466,28.752316256131323],[84.4118441184412,28.804396359744857],[84.31104311043111,28.86862848753489],[84.22824228242285,28.91202857387951],[84.17424174241745,29.037020822551995],[84.12744127441277,29.15680506086312],[84.10224102241023,29.21930118519937],[84.02304023040233,29.25402125427506],[83.93663936639365,29.280061306081834],[83.78903789037889,29.227981202468285],[83.67023670236705,29.188053123031253],[83.58383583835837,29.182845112669895],[83.4578345783458,29.306101357888593],[83.35343353433535,29.439773623830007],[83.23463234632345,29.55434985177979],[83.15543155431556,29.613373969208453],[83.01503015030153,29.61858197956981],[82.85302853028531,29.682814107359846],[82.64062640626406,29.830374400931532],[82.48582485824858,29.94147862197373],[82.21942219422198,30.064734867192442],[82.15822158221584,30.11507896735219],[82.13662136621366,30.15847905369681],[82.10062100621008,30.24527922638603],[82.04302043020431,30.326871388713897],[81.8558185581856,30.3615914577896],[81.64341643416435,30.38763150959636],[81.4166141661417,30.337287409436613],[81.25461254612549,30.092510922452988],[81.17541175411753,30.040430818839454],[81.1106111061111,30.036958811931882],[81.05661056610569,30.09945493626813],[81.00981009810101,30.163687064058152],[80.98460984609846,30.236599209117102],[80.87300873008729,30.290415316184422],[80.74700747007472,30.359855454335815],[80.68220682206822,30.41540756485692],[80.61020610206106,30.448391630478824],[80.5418054180542,30.464015661562883],[80.4086040860409,30.509151751361273],[80.26100261002608,30.56123185497482],[80.19260192601928,30.56817586878995],[80.18540185401855,30.604631941319425],[80.20700207002074,30.68448810019352],[80.19260192601928,30.759136248706255],[80.14940149401497,30.790384310874373],[80.0810008100081,30.781704293605458],[79.92619926199262,30.889336507740097],[79.9189991899919,30.889336507740097],[79.91539915399153,30.89454451810144],[79.87219872198722,30.924056576815786],[79.79299792997932,30.96745666316039],[79.66339663396633,30.96572065970662],[79.56619566195661,30.948360625168775],[79.49419494194944,30.993496714967165],[79.389793897939,31.06467285657233],[79.36819368193682,31.080296887656388],[79.33939339393396,31.106336939463162],[79.23139231392315,31.24174520885836],[79.10539105391052,31.40319353006032],[79.04419044190445,31.42576157495951],[79.01179011790117,31.413609550783022],[78.97218972189722,31.328545381547585],[78.94698946989473,31.3372253988165],[78.90018900189006,31.332017388455156],[78.84618846188465,31.300769326287025],[78.79218792187925,31.293825312471895],[78.7561875618756,31.30250532974081],[78.7417874178742,31.323337371186227],[78.75978759787597,31.436177595682224],[78.72738727387275,31.4726336682117],[78.7561875618756,31.550753823632007],[78.80298802988028,31.6184579583296],[78.75258752587524,31.668802058489348],[78.69498694986953,31.739978200094512],[78.6877868778688,31.805946331338333],[78.72018720187202,31.8875384936662],[78.73458734587348,31.958714635271363],[78.72378723787239,31.98301868362435],[78.67698676986771,32.0229467630614],[78.49698496984973,32.215643146431475],[78.48618486184864,32.23647518787689],[78.45378453784537,32.300707315666926],[78.44298442984433,32.39792350907885],[78.41778417784178,32.46736364723024],[78.38898388983893,32.51944375084378],[78.39258392583929,32.54548380265054],[78.41418414184142,32.55763582682704],[78.52578525785259,32.57152385445731],[78.63018630186303,32.578467868272455],[78.7021870218702,32.597563906264085],[78.73818738187384,32.55763582682704],[78.75258752587524,32.49861170939836],[78.77058770587706,32.46736364723024],[78.83898838988392,32.41181153670914],[78.91818918189182,32.35799542964182],[78.99738997389977,32.36493944345695],[79.06579065790658,32.38750748835615],[79.12699126991271,32.47604366449916],[79.17019170191702,32.496875705944575],[79.22059220592206,32.50034771285215],[79.22059220592206,32.507291726667276],[79.2169921699217,32.56457984064217],[79.23499234992352,32.70346011694494],[79.22779227792279,32.759012227466044],[79.2061920619206,32.80935632762579],[79.20979209792097,32.8649084381469],[79.2025920259203,32.94650060047478],[79.14499144991453,33.00205271099588],[79.10899108991089,33.022884752441286],[79.10179101791022,33.05239681115563],[79.12339123391234,33.10794892167674],[79.13419134191344,33.17218104946676],[79.11259112591125,33.22599715653408],[79.06579065790658,33.250301204887066],[79.01179011790117,33.2919652877779],[78.94698946989473,33.34578139484522],[78.91818918189182,33.38744547773604],[78.86418864188641,33.430845564080656],[78.80298802988028,33.500285702232034],[78.78858788587888,33.64958199925751],[78.78498784987852,33.80929431700568],[78.76338763387633,33.88741447242599],[78.72738727387275,34.01414272455226],[78.73098730987311,34.05580680744309],[78.75258752587524,34.08705486961121],[78.93258932589328,34.189479073384504],[78.97218972189722,34.227671149367765],[78.97578975789759,34.25891921153588],[78.96858968589686,34.3023192978805],[78.93618936189364,34.35266339804025],[78.86418864188641,34.39085547402351],[78.76338763387633,34.453351598359745],[78.66978669786698,34.51758372614978],[78.5149851498515,34.55751180558683],[78.3277832778328,34.60611990229279],[78.28098280982812,34.65472799899875],[78.2377823778238,34.769304226948535],[78.15858158581585,34.94637657923455],[78.07578075780759,35.13560095569707],[78.0109801098011,35.250177183646855],[78.00738007380073,35.30746529762175],[78.04698046980468,35.449817580832075],[78.04338043380437,35.47932963954641],[78.0109801098011,35.48974566026912],[77.9461794617946,35.47238562573128],[77.89577895778956,35.449817580832075],[77.85257852578525,35.460233601554776],[77.80937809378094,35.484537649907764],[77.80217802178021,35.493217667176694],[77.79857798577984,35.49668967408425],[77.72297722977231,35.48106564300019],[77.57177571775719,35.47238562573128],[77.52137521375215,35.47412162918506],[77.44577445774456,35.47585763263885],[77.29457294572944,35.50884169826075],[77.08937089370897,35.55224178460536],[76.88056880568809,35.61300190548782],[76.76536765367655,35.66161000219378],[76.7257672576726,35.67897003673163],[76.63216632166325,35.72931413689139],[76.56376563765639,35.772714223235994],[76.5529655296553,35.88729045118578],[76.50256502565026,35.87861043391686],[76.38736387363872,35.83694635102603],[76.25056250562506,35.810906299219255],[76.17856178561789,35.810906299219255],[76.14616146161461,35.8282663337571],[76.1029610296103,35.949786575522026],[76.07056070560708,35.98277064114393],[76.00936009360095,35.9966586687742],[75.94455944559448,36.01749071021962],[75.91215912159123,36.048738772387736],[75.9049590495905,36.08866685182478],[75.93375933759339,36.13380294162319],[75.969759697597,36.16852301069888],[75.97335973359733,36.38205143551437],[75.95175951759518,36.45843558748089],[75.93375933759339,36.52093171181714],[75.88335883358835,36.60078787069122],[75.84015840158403,36.6493959673972],[75.77175771757717,36.69453205719559],[75.66735667356676,36.74140415044778],[75.57375573755738,36.75876418498562],[75.45855458554587,36.725780119363705],[75.42255422554226,36.737932143540206],[75.37575375753758,36.88375643365811],[75.3469534695347,36.91326849237244],[75.14535145351454,36.9740286132549],[75.05535055350555,36.987916640885175],[74.94734947349474,36.968820602893544],[74.88974889748897,36.953196571809485],[74.8429484294843,36.97923662361626],[74.76734767347673,37.01222068923816],[74.69174691746917,37.03652473759114],[74.60174601746019,37.03652473759114],[74.54054540545405,37.022636709960864],[74.52614526145263,37.03131672722979],[74.49734497344974,37.05735677903655],[74.3749437494375,37.13721293791065],[74.37134371343714,37.15804497935606],[74.55854558545587,37.23616513477637],[74.67014670146702,37.26741319694449],[74.72774727747279,37.28998124184369],[74.73854738547385,37.28650923493612],[74.76734767347673,37.24831715895286],[74.83934839348393,37.225749114053656],[74.88974889748897,37.23095712441501],[74.91854918549186,37.250053162406644],[75.00855008550087,37.29345324875125],[75.08055080550807,37.34379734891101],[75.12015120151202,37.38546143180183],[75.09855098550986,37.45142956304565],[74.98694986949872,37.52954971846596],[74.91494914949149,37.57294980481056],[74.89334893348934,37.60072586007112],[74.91134911349116,37.687526032760346],[74.93654936549368,37.77259020199578],[74.92214922149222,37.805574267617686],[74.90054900549006,37.833350322878246],[74.88974889748897,37.92535850592883],[74.8429484294843,38.038198730424824],[74.78894788947889,38.10416686166863],[74.77454774547746,38.19270303781164],[74.7709477094771,38.274295200139505],[74.8357483574836,38.40449545917335],[74.81054810548108,38.46004756969447],[74.74574745747458,38.510391669854215],[74.51534515345153,38.600663849451024],[74.27774277742779,38.65968796687969],[74.18774187741877,38.65795196342589],[74.13014130141303,38.66142397033346],[74.06534065340654,38.60934386671994],[74.02574025740259,38.53990372856856],[73.97173971739718,38.53295971475342],[73.8709387093871,38.56247177346776],[73.80253802538027,38.60760786326614],[73.7557375573756,38.69961604631672],[73.71613716137162,38.817664281174075],[73.69453694536946,38.854120353703564],[73.70533705337056,38.88536841587168],[73.73053730537308,38.914880474586],[73.79533795337954,38.94092052639277],[73.80613806138064,38.96869658165335],[73.79533795337954,39.001680647275236],[73.7449374493745,39.04508073361984],[73.6909369093691,39.10410485104853],[73.60813608136081,39.229097099721],[73.62253622536227,39.29853723787241],[73.6369363693637,39.397489434738105],[73.63333633336333,39.44956953835165],[73.71613716137162,39.46172156252814],[73.82413824138243,39.489497617788686],[73.87453874538747,39.53289770413332],[73.90693906939072,39.578033793931695],[73.91413914139142,39.60580984919227],[73.8817388173882,39.71517806678068],[73.83853838538386,39.76205016003286],[73.83493834938349,39.80024223601612],[73.85653856538568,39.82801829127669],[73.88533885338853,39.87836239143644],[73.93933939339394,39.979050591755936],[73.99333993339934,40.04328271954597],[74.02214022140222,40.05890675063003],[74.08694086940869,40.07453078171409],[74.24174241742418,40.09189081625192],[74.41094410944109,40.13702690605032],[74.61254612546125,40.27243517544551],[74.68094680946811,40.31062725142877],[74.76734767347673,40.3297232894204],[74.83214832148323,40.32798728596663],[74.8429484294843,40.34534732050446],[74.79974799747998,40.428675486286124],[74.81054810548108,40.45818754500047],[74.8357483574836,40.482491593353444],[74.86454864548645,40.49290761407616],[75.00495004950051,40.449507527731555],[75.11295112951132,40.4547155380929],[75.24255242552425,40.48075558989967],[75.51975519755197,40.628315883471345],[75.55575555755559,40.62484387656377],[75.58455584555847,40.60574783857214],[75.61695616956172,40.51721166242913],[75.65655656556567,40.3297232894204],[75.67815678156782,40.305419241067426],[75.87255872558725,40.303683237613654],[76.00576005760058,40.37138737231123],[76.06336063360635,40.38701140339529],[76.1569615696157,40.376595382672605],[76.20736207362074,40.40784344484072],[76.25776257762578,40.430411489739924],[76.31896318963192,40.3522913343196],[76.39816398163981,40.39048341030286],[76.48096480964813,40.449507527731555],[76.52056520565208,40.51200365206779],[76.57816578165784,40.5779717833116],[76.62136621366216,40.663035952547034],[76.63936639366392,40.74289211142113],[76.6609666096661,40.77934818395062],[76.70776707767078,40.81754025993388],[76.82296822968232,40.98246058804341],[76.90936909369094,41.024124670934214],[76.98496984969853,41.0397487020183],[77.18297182971833,41.010236643303955],[77.2837728377284,41.01370865021153],[77.58257582575828,40.992876608766096],[77.71937719377195,41.024124670934214],[77.81657816578166,41.05537273310236],[77.95697956979569,41.05016472274099],[78.12258122581227,41.07620477454776],[78.34578345783461,41.281053182094325],[78.34938349383492,41.32445326843896],[78.36378363783638,41.371325361691135],[78.44298442984433,41.41819745494331],[78.54378543785441,41.45986153783414],[78.7417874178742,41.56054973815364],[79.14859148591489,41.718526052448055],[79.29259292592928,41.78275818023806],[79.35379353793542,41.78102217678429],[79.50499504995054,41.82095025622132],[79.76779767797677,41.899070411641645],[79.839798397984,41.99628660505357],[79.9081990819908,42.0153826430452],[80.21780217802177,42.03274267758303],[80.23580235802359,42.043158698305746],[80.24660246602468,42.060518732843605],[80.22860228602286,42.12995887099498],[80.21060210602104,42.190718991877446],[80.23220232202323,42.20807902641528],[80.25740257402578,42.23585508167582],[80.25380253802541,42.27404715765908],[80.20700207002074,42.39903940633158],[80.17820178201782,42.51882364464271],[80.160201602016,42.624719855323576],[80.16380163801637,42.66638393821441],[80.20340203402037,42.73408807291199],[80.25020250202505,42.79658419724825],[80.4230042300423,42.855608314676914],[80.53820538205383,42.87296834921477],[80.54540545405456,42.911160425198005],[80.45180451804521,42.93546447355101],[80.38340383403835,42.97365654953427],[80.37260372603726,42.99622459443347],[80.37620376203762,43.020528642786445],[80.39060390603908,43.04309668768565],[80.50580505805061,43.08649677403025],[80.61740617406173,43.128160856921085],[80.75060750607508,43.10212080511431],[80.77940779407794,43.11948083965217],[80.78660786607867,43.161144922543],[80.75780757807581,43.20454500888761],[80.7290072900729,43.273985147038985],[80.66780667806677,43.310441219568474],[80.6642066420664,43.35384130591308],[80.70380703807041,43.42675345097203],[80.649806498065,43.563897723821015],[80.59220592205924,43.68541796558591],[80.49500495004952,43.89200237658628],[80.43020430204302,43.95102649401497],[80.39420394203944,44.04650668397312],[80.35460354603549,44.09685078413287],[80.35820358203586,44.17149893264559],[80.36540365403653,44.22357903625914],[80.35460354603549,44.326003240032406],[80.33660336603367,44.43884346452842],[80.35460354603549,44.5516836890244],[80.39060390603908,44.62633183753715],[80.37980379803798,44.65584389625147],[80.40140401404017,44.6766759376969],[80.45540455404557,44.68361995151204],[80.48060480604806,44.71486801368016],[80.45540455404557,44.74611607584828],[80.36180361803616,44.77042012420125],[80.25380253802541,44.80861220018451],[80.12780127801278,44.80340418982317],[79.99819998199985,44.796460176008026],[79.93339933399335,44.82597223472237],[79.87579875798758,44.86069230379806],[79.87219872198722,44.88326034869726],[79.95139951399517,44.944020469579726],[80.05940059400592,45.00651659391596],[80.22860228602286,45.03429264917651],[80.41580415804157,45.07595673206734],[80.50940509405098,45.105468790781686],[80.63540635406355,45.12630083222709],[80.77940779407794,45.134980849496],[80.85500855008553,45.12977283913466],[81.03861038610387,45.16970091857169],[81.33381333813338,45.246085070538214],[81.6038160381604,45.31031719832825],[81.69021690216903,45.34850927431151],[81.75861758617589,45.31031719832825],[81.79101791017911,45.22525302909281],[81.8666186661867,45.18185294274821],[81.94581945819459,45.16102090130278],[81.9890198901989,45.16102090130278],[82.1222212222122,45.195740970378466],[82.26622266222665,45.21830901527767],[82.32382323823236,45.20615699110118],[82.39582395823959,45.16275690475658],[82.47862478624785,45.122828825319516],[82.52182521825222,45.12630083222709],[82.5578255782558,45.155812890941434],[82.59742597425975,45.2165730118239],[82.6226262262623,45.29295716379042],[82.6262262622626,45.374549326118284],[82.6118261182612,45.42489342627803],[82.5830258302583,45.44225346081586],[82.45342453424536,45.47176551953021],[82.32742327423273,45.520373616236185],[82.31302313023133,45.56377370258079],[82.3166231662317,45.59502176474891],[82.34902349023491,45.67140591671543],[82.42822428224281,45.812022196471986],[82.51102511025113,46.00645458329586],[82.55422554225544,46.15922288722888],[82.6910269102691,46.38663933967467],[82.79902799027991,46.624471812843154],[82.97542975429758,46.9664644932387],[83.00423004230043,47.03416862793631],[83.01863018630189,47.14180084207095],[83.02943029430293,47.185200928415554],[83.09063090630906,47.20950497676853],[83.19143191431914,47.186936931869326],[83.44343443434434,47.10881677644903],[83.63423634236341,47.042848645205225],[83.71343713437136,47.02028060030602],[83.8322383223832,46.99771255540682],[84.0158401584016,46.969936500146275],[84.12384123841241,46.97861651741519],[84.2138421384214,46.99424054849925],[84.33984339843397,46.99597655195305],[84.5306453064531,46.97514451050762],[84.59184591845917,46.97514451050762],[84.66744667446676,46.97167250360005],[84.7178471784718,46.93868843797816],[84.74664746647466,46.86404028946541],[84.78624786247866,46.83105622384352],[84.85824858248583,46.843208248020005],[85.01305013050131,46.90917637926381],[85.11025110251103,46.96125648287736],[85.2326523265233,47.03590463139008],[85.3550535505355,47.0463206521128],[85.4846548465485,47.06368068665063],[85.53145531455317,47.10013675918012],[85.57825578255785,47.188672935323126],[85.65745657456574,47.25464106656693],[85.66825668256683,47.3379692323486],[85.64305643056434,47.39699334977726],[85.58545585455857,47.494209543189186],[85.58905589055894,47.55844167097922],[85.56025560255603,47.745930043987954],[85.52425524255244,47.91605838245883],[85.56385563855639,48.05146665185404],[85.62505625056252,48.204234955787086],[85.65025650256501,48.25110704903926],[85.69345693456938,48.311867169921726],[85.7510575105751,48.384779314980676],[85.83025830258305,48.40734735987988],[86.0570605706057,48.42297139096394],[86.26586265862659,48.454219453132055],[86.3738637386374,48.48546751530017],[86.4818648186482,48.5045635532918],[86.55026550265501,48.52886760164478],[86.66546665466655,48.634763812325644],[86.71946719467195,48.69725993666188],[86.7590675906759,48.86044426131764],[86.73026730267304,48.93856441673793],[86.75186751867517,49.00800455488931],[86.80946809468094,49.049668637780144],[86.88506885068853,49.09133272067098],[86.93906939069393,49.09827673448612],[87.04707047070474,49.11042875866261],[87.23067230672308,49.105220748301264],[87.32427324273243,49.08612471030963],[87.41787417874178,49.07744469304069],[87.47547475474755,49.09133272067098],[87.5150751507515,49.122580782839094],[87.57627576275763,49.13299680356181],[87.66987669876698,49.14688483119207],[87.76347763477634,49.1659808691837],[87.81387813878138,49.16250886227613],[87.82467824678247,49.11563676902395],[87.81747817478174,49.08091669994826],[87.83547835478356,49.03230860324231],[87.87147871478714,48.999324537620396],[87.86067860678605,48.96634047199848],[87.8066780667807,48.945508430553076],[87.75627756277567,48.91773237529253],[87.74187741877421,48.88127630276304],[87.81027810278101,48.83614021296464],[87.8318783187832,48.79100412316626],[87.94347943479437,48.764964071359486],[88.02628026280263,48.73545201264514],[88.0586805868059,48.707675957384595],[88.05148051480518,48.67469189176268],[88.01188011880117,48.63997182268699],[87.97227972279723,48.60351575015753],[87.96867968679686,48.580947705258325],[87.97947979479795,48.55490765345155],[88.06228062280621,48.53754761891372],[88.15948159481593,48.509771563653146],[88.31068310683105,48.471579487669885],[88.4150841508415,48.40387535297231],[88.51588515885157,48.384779314980676],[88.56628566285661,48.31707518028307],[88.5770857708577,48.219858986871145],[88.68148681486815,48.17125089016517],[88.839888398884,48.10181075201379],[88.9190891908919,48.0896587278373],[88.96948969489694,48.04973064840024],[89.04869048690489,48.002858555148066],[89.11709117091169,47.98723452406401],[89.19629196291964,47.980290510248864],[89.32949329493294,48.02542660004727],[89.48069480694807,48.02889860695484],[89.55989559895602,48.004594558601866],[89.63909639096391,47.90911436864371],[89.69309693096932,47.87960230992937],[89.72549725497254,47.85182625466882],[89.77949779497794,47.82752220631582],[89.82989829898298,47.82405019940825],[89.90909909099094,47.84488224085368],[89.95949959499598,47.88654632374451],[90.02790027900278,47.877866306475596],[90.05310053100533,47.85009025121502],[90.06750067500678,47.803218157962846],[90.10350103501037,47.745930043987954],[90.18990189901899,47.70252995764335],[90.31230312303126,47.676489905836576],[90.33030330303302,47.65565786439117],[90.34830348303484,47.59663374696248],[90.38070380703806,47.55670566752545],[90.42390423904237,47.5046255639119],[90.46710467104674,47.40740937049998],[90.47790477904778,47.329289215079655],[90.4959049590496,47.28588912873505],[90.55350553505536,47.2147129871299],[90.64350643506435,47.10013675918012],[90.71550715507158,47.004656569221964],[90.79830798307984,46.985560531230334],[90.87030870308706,46.95431246906222],[90.90990909909101,46.88313632745704],[90.98550985509854,46.749464061515624],[90.99630996309963,46.660927885372615],[91.00351003510036,46.59495975412881],[91.02871028710285,46.56544769541446],[91.03231032310322,46.528991622885],[90.97110971109714,46.388375343128445],[90.91710917109174,46.32414321533841],[90.90990909909101,46.27032710827109],[90.9459094590946,46.17658292176674],[90.99630996309963,46.10540678016156],[91.00351003510036,46.03596664201018],[90.96030960309605,45.98562254185043],[90.88830888308883,45.9213904140604],[90.85230852308524,45.884934341530936],[90.79470794707947,45.85368627936282],[90.70830708307085,45.73043003414412],[90.67230672306727,45.59502176474891],[90.66150661506617,45.52558162659753],[90.6939069390694,45.47523752643778],[90.7479074790748,45.41968541591669],[90.76230762307625,45.37107731921071],[90.85230852308524,45.26344510507607],[90.87750877508773,45.195740970378466],[90.91350913509137,45.194004966924695],[90.95310953109532,45.2165730118239],[91.05031050310504,45.2165730118239],[91.13671136711366,45.194004966924695],[91.22311223112234,45.14539687021872],[91.31311313113133,45.11762081495817],[91.44271442714427,45.124564828773316],[91.51111511115113,45.09852477696654],[91.5831158311583,45.07595673206734],[91.73791737917378,45.069012718252196],[91.85311853118532,45.069012718252196],[92.02952029520299,45.069012718252196],[92.17352173521738,45.03602865263031],[92.42552425524258,45.00825259736973],[92.58032580325806,45.011724604277305],[92.7891278912789,45.03602865263031],[92.91512915129152,45.02040462154622],[93.2931329313293,44.98394854901676],[93.51633516335164,44.944020469579726],[93.65673656736567,44.90062038323509],[93.75393753937539,44.831180245083715],[93.86913869138692,44.723548030949075],[93.95913959139591,44.6749399342431],[94.20034200342002,44.64542787552878],[94.3659436594366,44.51869962340251],[94.49554495544959,44.47182753015031],[94.71154711547115,44.35030728838541],[94.86634866348663,44.30343519513323],[95.04995049950503,44.2600351087886],[95.3487534875349,44.27739514332646],[95.36675366753667,44.2617711122424],[95.34515345153454,44.195802980998565],[95.32715327153272,44.105530801401784],[95.32715327153272,44.03956267015798],[95.35595355953558,44.00657860453606],[95.47115471154711,43.98574656309066],[95.52515525155252,43.95449850092254],[95.56835568355683,43.89200237658628],[95.58995589955902,43.853810300603016],[95.68715687156873,43.66458592414051],[95.84195841958422,43.383353364627425],[95.85995859958598,43.275721150492785],[95.91395913959138,43.20628101234138],[96.07956079560796,43.09691279475297],[96.16956169561695,43.0153206324251],[96.29916299162994,42.928520459735864],[96.34236342363425,42.84866430086177],[96.35316353163535,42.746240097088474],[96.38556385563857,42.72020004528173],[96.62676626766267,42.7445040936347],[96.8319683196832,42.76012812471876],[97.20637206372066,42.78964018343311],[97.7175771757718,42.73582407636579],[98.24678246782469,42.68374397275224],[98.7147871478715,42.638607882953835],[98.94518945189452,42.61603983805466],[99.46719467194674,42.567431741348685],[99.75879758797589,42.62992786568492],[99.98199981999824,42.676799958937096],[100.08640086400862,42.67159194857575],[100.51840518405186,42.61603983805466],[100.77400774007742,42.58826378279409],[101.09081090810906,42.551807710264626],[101.31401314013141,42.53791968263434],[101.49401494014938,42.53791968263434],[101.58041580415806,42.52403165500408],[101.65961659616596,42.49972760665108],[101.71361713617137,42.46500753757539],[101.87921879218794,42.293143195650714],[101.9728197281973,42.21502304023042],[102.15642156421563,42.15773492625553],[102.57402574025741,42.09176679501172],[102.80802808028079,42.05183871557466],[103.07443074430745,42.006702625776285],[103.24723247232475,41.937262487624906],[103.44883448834491,41.85567032529701],[103.71163711637115,41.751510118069945],[103.99603996039963,41.79664620786835],[104.3056430564306,41.8469903080281],[104.49644496444967,41.87650236674244],[104.49644496444967,41.659501935019364],[104.77364773647736,41.64040589702773],[104.86004860048604,41.643877903935305],[104.98244982449825,41.59526980722933],[105.0508505085051,41.61610184867476],[105.1156511565116,41.662973941926936],[105.19845198451986,41.73762209043966],[105.3136531365314,41.770606156061575],[105.51885518855187,41.85393432184324],[105.5656556565566,41.87476636328864],[105.86805868058684,41.99455060159977],[106.31806318063184,42.1403748917177],[106.519665196652,42.21155103332285],[106.58086580865807,42.22717506440691],[106.69246692466925,42.2636311369364],[106.7716677166772,42.28793518528937],[106.9048690486905,42.30876722673477],[107.0920709207092,42.32091925091129],[107.29367293672937,42.348695306171834],[107.74727747277473,42.40077540978535],[107.8048780487805,42.405983420146725],[108.06408064080642,42.42681546159213],[108.17208172081723,42.44764750303756],[108.33408334083344,42.43723148231484],[108.54648546485464,42.42855146504593],[108.68688686886873,42.41639944086941],[108.87408874088743,42.42681546159213],[109.13329133291336,42.440703489222415],[109.33849338493388,42.438967485768615],[109.44289442894433,42.45632752030647],[109.59409594095939,42.51014362737379],[109.69849698496984,42.5535437137184],[109.86049860498605,42.605623817331946],[110.05850058500585,42.66117592785304],[110.19530195301957,42.70978402455901],[110.28890288902892,42.74276809018093],[110.40050400504003,42.77401615234905],[110.42930429304295,42.81394423178608],[110.46170461704617,42.84345629050043],[110.51930519305193,42.89553639411395],[110.62730627306274,42.9910165840721],[110.710107101071,43.074344749853765],[110.74970749707501,43.110800822383254],[110.839708397084,43.19412898816489],[110.91170911709116,43.256625112501155],[111.00891008910088,43.34168928173659],[111.08811088110883,43.36946533699714],[111.18531185311855,43.39203338189634],[111.4517145171452,43.475361547678006],[111.50211502115025,43.492721582215836],[111.54891548915492,43.49619358912341],[111.64251642516427,43.563897723821015],[111.7181171811718,43.621185837795906],[111.77211772117721,43.66458592414051],[111.87651876518765,43.68020995522457],[111.93411934119342,43.71145801739269],[111.94131941319415,43.75312210028352],[111.93051930519306,43.815618224619755],[111.88011880118802,43.87811434895602],[111.8369183691837,43.93540246293091],[111.68211682116822,44.04129867361175],[111.60291602916033,44.107266804855556],[111.52011520115201,44.19233097409102],[111.48771487714879,44.27218713296509],[111.43011430114302,44.322531233124835],[111.40131401314017,44.36766732292324],[111.4121141211412,44.41974742653679],[111.48771487714879,44.51175560958737],[111.51651516515165,44.56904372356226],[111.54891548915492,44.67320393078933],[111.62091620916209,44.82770823817614],[111.68211682116822,44.89888437978132],[111.75051750517508,44.97006052138647],[111.89811898118984,45.06380470789085],[112.03132031320314,45.08116474242868],[112.1141211412114,45.06380470789085],[112.29052290522907,45.06380470789085],[112.41292412924128,45.05859669752948],[112.49932499324996,45.011724604277305],[112.59652596525967,44.91798041777295],[112.70812708127085,44.88326034869726],[113.05013050130503,44.81034820363831],[113.19773197731979,44.794724172554254],[113.30213302133023,44.79125216564668],[113.45693456934572,44.76694811729368],[113.50733507335076,44.761740106932336],[113.58653586535866,44.74611607584828],[113.65133651336515,44.76347611038611],[113.75213752137523,44.82597223472237],[113.8781387813878,44.89541237287375],[113.93213932139321,44.91277240741158],[114.02934029340292,44.942284466125926],[114.07974079740796,44.97179652484027],[114.16614166141665,45.049916680260566],[114.28134281342813,45.11067680114303],[114.41814418144185,45.20268498419361],[114.48654486544865,45.27212512234499],[114.5009450094501,45.31552520868959],[114.51894518945193,45.36413330539557],[114.55854558545587,45.39017335720234],[114.6449464494645,45.412741402101545],[114.73854738547385,45.41968541591669],[114.91854918549188,45.378021333025856],[115.16335163351636,45.39017335720234],[115.21735217352176,45.39538136756369],[115.44055440554405,45.41968541591669],[115.53775537755376,45.43878145390832],[115.68175681756821,45.45787749189995],[115.78975789757897,45.534261643866444],[115.93375933759341,45.626269826917024],[116.0381603816038,45.6766139270768],[116.11016110161103,45.68702994779949],[116.19656196561965,45.739110051413036],[116.23976239762396,45.79639816538793],[116.22896228962293,45.845006262093875],[116.21456214562147,45.88667034498471],[116.26496264962651,45.96305449695123],[116.35856358563586,46.096726762892644],[116.44496444964449,46.15922288722888],[116.51696516965171,46.209566987388655],[116.56376563765639,46.28942314626272],[116.61776617766179,46.31372719461572],[116.68976689766896,46.32240721188464],[116.78696786967873,46.37622331895196],[116.8589685896859,46.388375343128445],[116.9777697776978,46.36233529132167],[117.15417154171541,46.355391277506556],[117.26937269372695,46.351919270598984],[117.33417334173345,46.36233529132167],[117.35577355773557,46.39184735003602],[117.35577355773557,46.43698343983442],[117.39177391773921,46.53767164015392],[117.40617406174061,46.570655705775835],[117.43857438574389,46.58627973685989],[117.54657546575464,46.588015740313665],[117.62217622176223,46.551559667784204],[117.67257672576727,46.52204760906986],[117.74097740977413,46.51857560216229],[117.8129781297813,46.53767164015392],[117.91017910179102,46.61926380248178],[118.07218072180723,46.66613589573399],[118.15858158581585,46.678287919910474],[118.30978309783097,46.716479995893735],[118.40338403384033,46.70259196826345],[118.579785797858,46.69217594754073],[118.64818648186485,46.700855964809676],[118.72378723787239,46.69217594754073],[118.78858788587888,46.74772805806185],[118.84258842588429,46.75988008223834],[118.95778957789577,46.735576033885366],[119.02979029790299,46.69217594754073],[119.16299162991629,46.63835984047341],[119.33219332193323,46.61405579212044],[119.47259472594726,46.626207816296926],[119.62019620196202,46.603639771397724],[119.7065970659707,46.605375774851524],[119.74619746197465,46.627943819750726],[119.86859868598685,46.67134390609533],[119.89739897398977,46.732104026977794],[119.88299882998831,46.79112814440646],[119.89739897398977,46.857096275650264],[119.86139861398613,46.90744037581001],[119.78939789397896,46.97861651741519],[119.76059760597605,47.02722461412117],[119.75699756997574,47.0897207384574],[119.710197101971,47.150480859339865],[119.59859598595989,47.221657000945015],[119.52659526595266,47.256377070020704],[119.37539375393754,47.3813693186932],[119.3249932499325,47.41088137740755],[119.30699306993068,47.42997741539918],[119.29259292592928,47.473377501743784],[119.23499234992352,47.492473539735414],[119.16299162991629,47.52545760535733],[119.12339123391234,47.55844167097922],[119.09819098190985,47.61572978495411],[119.08019080190803,47.65392186093737],[119.0189901899019,47.68516992310549],[118.9541895418954,47.70252995764335],[118.87858878588787,47.72509800254255],[118.75978759787597,47.75808206816444],[118.69138691386917,47.822314195954476],[118.5689856898569,47.9438344377194],[118.49698496984973,47.983762517156435],[118.24138241382417,47.999386548240494],[118.14778147781476,48.02889860695484],[118.04338043380437,48.018482586232125],[117.97857978579788,47.999386548240494],[117.84177841778421,47.999386548240494],[117.76977769777699,47.98723452406401],[117.67617676176764,47.90911436864371],[117.55377553775537,47.804954161416646],[117.45657456574565,47.74072203362661],[117.38457384573849,47.676489905836576],[117.35217352173521,47.6521858574836],[117.28737287372877,47.66607388511386],[117.19737197371973,47.74072203362661],[117.07137071370715,47.80669016487042],[116.95256952569525,47.83620222358476],[116.90216902169021,47.853562258122594],[116.76176761767618,47.86918628920665],[116.65016650166501,47.86397827884531],[116.51336513365135,47.839674230492335],[116.37656376563768,47.84488224085368],[116.31896318963192,47.86050627193774],[116.23256232562329,47.858770268483966],[116.07416074160744,47.78933013033256],[115.99495994959949,47.711209974912265],[115.89775897758977,47.68690592655929],[115.81135811358115,47.73898603017281],[115.71055710557107,47.799746151055274],[115.61695616956172,47.874394299568024],[115.55935559355595,47.945570441173174],[115.52335523355237,48.131322810728136],[115.63855638556385,48.18687492124923],[115.7861578615786,48.24763504213169],[115.7969579695797,48.346587238997415],[115.79335793357933,48.455955456585826],[115.82215822158224,48.57747569835075],[115.95535955359554,48.688579919392964],[116.0237602376024,48.78232410589732],[116.03456034560344,48.83961221987221],[116.09936099360993,48.93682841328416],[116.16056160561607,49.03751661360366],[116.24336243362433,49.17118887954507],[116.40176401764018,49.40554934580598],[116.58896588965888,49.685045901865294],[116.68256682566829,49.82392617816805],[116.88776887768881,49.737126005478814],[117.02097020970211,49.69372591913421],[117.2441724417244,49.62428578098283],[117.47817478174784,49.60866174989877],[117.69777697776976,49.53574960483982],[117.8129781297813,49.51318155994062],[117.87417874178743,49.51318155994062],[118.18738187381877,49.69198991568044],[118.450184501845,49.84475821961345],[118.7561875618756,49.96280645447081],[118.97938979389795,49.97843048555487],[119.14859148591489,50.013150554630556],[119.26019260192601,50.066966661697876],[119.3249932499325,50.155502837840885],[119.34659346593469,50.27875908305961],[119.29979299793001,50.353407231572334],[119.1917919179192,50.37944728337911],[119.16299162991629,50.40548733518588],[119.2169921699217,50.43326339044643],[119.25659256592564,50.483607490606175],[119.28179281792819,50.56172764602647],[119.34299342993432,50.63463979108542],[119.44739447394477,50.702343925783026],[119.50139501395017,50.77872807774955],[119.51219512195121,50.863792246984985],[119.57339573395734,50.94712041276665],[119.68499684996851,51.03044857854832],[119.74619746197465,51.10856873396861],[119.75699756997574,51.17974487557376],[119.81459814598145,51.266545048263],[119.96579965799657,51.422785359103614],[120.06660066600665,51.59985771138963],[120.23580235802359,51.72311395660833],[120.50940509405098,51.84810620528083],[120.68220682206822,51.9730984539533],[120.75060750607508,52.096354699172],[120.74340743407436,52.205722916760436],[120.6642066420664,52.29946710326479],[120.649806498065,52.39668329667674],[120.70020700207004,52.493899490088666],[120.65700657006573,52.566811635147616],[120.52020520205201,52.61541973185359],[120.36180361803616,52.62757175603008],[120.1710017100171,52.603267707677105],[120.06660066600665,52.63277976639142],[120.04500045000452,52.71784393562689],[120.09540095400956,52.78728407377827],[120.21780217802177,52.839364177391786],[120.4230042300423,52.96782843297186],[120.70380703807041,53.17267684051842],[120.98460984609846,53.28378106156063],[121.4058140581406,53.31676512718255],[121.74421744217443,53.382733258426356],[122.08982089820898,53.452173396577734],[122.33822338223382,53.48515746219965],[122.38142381423813,53.46258941730045],[122.51462514625149,53.45738140693908],[122.7450274502745,53.46779742766179],[122.95742957429576,53.49730948637614],[123.15543155431556,53.544181579628315],[123.31023310233104,53.5563336038048],[123.42543425434258,53.53029355199803],[123.49023490234902,53.53029355199803],[123.53343533435333,53.526821545090456],[123.55863558635588,53.526821545090456],[123.60903609036092,53.54591758308209],[123.74223742237422,53.5111975140064],[123.99423994239942,53.40530130332556],[124.15264152641527,53.35842921007338],[124.22104221042213,53.37058123424987],[124.2930429304293,53.34106917553552],[124.36864368643688,53.271629037384145],[124.4658446584466,53.22996495449331],[124.63864638646385,53.21086891650168],[124.81144811448115,53.13448476453516],[124.88344883448838,53.129276754173816],[124.9050490504905,53.17267684051842],[124.969849698497,53.196980888871394],[125.07425074250745,53.20392490268654],[125.22545225452257,53.16573282670328],[125.42345423454236,53.08414066437541],[125.54585545855457,53.04768459184595],[125.59625596255961,53.05810061256864],[125.65025650256501,53.04247658148458],[125.69345693456938,53.00428450550132],[125.69705697056969,52.95567640879537],[125.67905679056793,52.93137236044237],[125.72945729457297,52.891444281005334],[125.78345783457837,52.891444281005334],[125.87345873458736,52.872348243013704],[125.94185941859422,52.801172101408525],[126.0030600306003,52.768188035786636],[126.04986049860497,52.73867597707229],[126.0570605706057,52.71610793217309],[126.06066060660606,52.691803883820114],[126.04626046260466,52.672707845828484],[126.02466024660248,52.64319578711414],[126.01746017460175,52.61021172149222],[126.04626046260466,52.57375564896276],[126.15786157861578,52.545979593702214],[126.19386193861942,52.51993954189544],[126.20466204662046,52.48348346936595],[126.23706237062373,52.44529139338269],[126.31266312663126,52.40015530358431],[126.34146341463418,52.36196322760105],[126.32346323463236,52.332451168886706],[126.34506345063454,52.30641111707993],[126.38466384663849,52.2873150790883],[126.39186391863922,52.21440293402935],[126.39546395463958,52.17273885113852],[126.45666456664566,52.12586675788634],[126.46746467464675,52.03212257138199],[126.51066510665106,51.92622636070112],[126.65466654666545,51.78213807403702],[126.70146701467019,51.70228191516293],[126.68706687066873,51.61027373211235],[126.70866708667086,51.566873645767714],[126.77346773467735,51.54430560086854],[126.80586805868057,51.50611352488528],[126.80226802268021,51.44882541091039],[126.82746827468276,51.4123693383809],[126.84906849068494,51.37417726239764],[126.83466834668349,51.315153144968974],[126.85266852668525,51.261337037901654],[126.88866888668889,51.23008897573354],[126.91026910269102,51.172800861758645],[126.92466924669247,51.099888716699695],[127.02187021870219,50.98531248874991],[127.19827198271986,50.829072177909296],[127.30627306273061,50.70755193614437],[127.34587345873462,50.62075176345516],[127.34587345873462,50.54957562184998],[127.30987309873098,50.49402351132889],[127.30627306273061,50.45409543189183],[127.34227342273425,50.428055380085056],[127.34947349473498,50.393335311009366],[127.33867338673389,50.34993522466476],[127.39627396273966,50.29785512105124],[127.59067590675909,50.209318944908205],[127.51147511475114,50.07217467205925],[127.49347493474937,49.974958478647295],[127.5006750067501,49.8742702783278],[127.55107551075514,49.80135813326885],[127.63747637476376,49.759694050378016],[127.69147691476917,49.71629396403341],[127.70947709477093,49.67115787423501],[127.81387813878138,49.62254977752903],[128.00108001080014,49.56873367046171],[128.23868238682388,49.560053653192796],[128.52668526685267,49.594773722268485],[128.70308703087034,49.59998173262986],[128.76788767887678,49.577413687730655],[128.78948789487896,49.542693618654965],[128.77148771487714,49.49408552194899],[128.81828818288182,49.46457346323464],[128.93708937089372,49.448949432150584],[129.01989019890198,49.41943737343624],[129.06669066690665,49.37430128363786],[129.12069120691206,49.362149259461376],[129.18549185491855,49.381245297453006],[129.24669246692469,49.379509293999206],[129.31149311493118,49.35346924219243],[129.35109351093513,49.362149259461376],[129.38349383493835,49.38992531472192],[129.44109441094412,49.38992531472192],[129.49869498694989,49.38818931126812],[129.53469534695347,49.323957183478115],[129.59229592295924,49.287501110948625],[129.67149671496713,49.27882109367971],[129.7938979389794,49.198964934805616],[130.03870038700387,48.97154848235985],[130.19710197101972,48.891692323485756],[130.35550355503557,48.86565227167898],[130.55350553505536,48.86044426131764],[130.61830618306186,48.7736440886284],[130.56430564305646,48.67989990212405],[130.55350553505536,48.60177974670373],[130.59670596705968,48.57400369144318],[130.6579065790658,48.4837315118464],[130.7479074790748,48.42991540477905],[130.76230762307625,48.38825132188825],[130.80550805508057,48.34137922863604],[130.78750787507875,48.254579055946834],[130.7119071190712,48.127850803820564],[130.73350733507334,48.018482586232125],[130.84870848708488,47.929946410089116],[130.91710917109174,47.84314623739988],[130.93150931509314,47.75981807161824],[130.96030960309605,47.70947397145849],[131.00351003510036,47.692113936920634],[131.12231122311226,47.69732194728198],[131.32031320313206,47.728570009450124],[131.46431464314645,47.72336199908875],[131.5579155791558,47.68169791619792],[131.78471784717846,47.67996191274415],[132.14832148321483,47.71815398872741],[132.3787237872379,47.730306012903895],[132.47592475924762,47.71468198181984],[132.56232562325624,47.768498088887156],[132.63792637926383,47.89001833065208],[132.70632706327063,47.947306444626975],[132.77112771127713,47.94036243081183],[132.87552875528758,47.97855450679509],[133.01953019530197,48.06361867603053],[133.14553145531454,48.10528275892136],[133.30033300333002,48.10181075201379],[133.46953469534697,48.09660274165245],[133.5739357393574,48.13305881418191],[133.67113671136713,48.20770696269466],[133.84393843938443,48.273675093938465],[134.20754207542075,48.360475266627674],[134.29394293942943,48.37262729080419],[134.33354333543338,48.36915528389662],[134.45594455944558,48.35526725626633],[134.5639456394564,48.32228319064441],[134.66474664746647,48.254579055946834],[134.67914679146793,48.2111789696022],[134.66834668346684,48.15389085562731],[134.6467464674647,48.12090679000542],[134.6071460714607,48.08271471402216],[134.56754567545676,48.0219545931397],[134.5927459274593,47.97508249988752],[134.65034650346507,47.874394299568024],[134.69714697146975,47.801482154509074],[134.75114751147515,47.71468198181984],[134.72954729547297,47.68516992310549],[134.69714697146975,47.62440980222303],[134.59634596345967,47.52372160190353],[134.54234542345426,47.48552952592027],[134.4847448474485,47.44733744993701],[134.38394383943842,47.438657432668094],[134.3407434074341,47.42997741539918],[134.29034290342906,47.41435338431512],[134.26154261542615,47.37789731178563],[134.22554225542257,47.35185725997886],[134.1679416794168,47.30151315981911],[134.16434164341644,47.258113073474505],[134.18954189541898,47.19388094568447],[134.20394203942038,47.12791281444066],[134.13554135541358,47.068888697012],[134.08514085140854,46.97861651741519],[134.07074070740708,46.950840462154645],[134.0455404554046,46.881400324003266],[134.03834038340386,46.858832279104064],[134.0239402394024,46.71300798898616],[133.9591395913959,46.61405579212044],[133.86553865538656,46.499479564170656],[133.88713887138874,46.43003942601928],[133.90153901539014,46.36754330168304],[133.87993879938801,46.336295239514925],[133.87633876338765,46.30851918425435],[133.8619386193862,46.24775906337189],[133.83313833138334,46.223455015018914],[133.75033750337502,46.18526293903565],[133.69993699936998,46.14012684923725],[133.71073710737107,46.0689507076321],[133.68553685536858,46.008190586749635],[133.64953649536494,45.954374479682315],[133.60633606336063,45.919654410606626],[133.55233552335523,45.89708636570742],[133.51273512735128,45.87799032771579],[133.48393483934842,45.810286193018186],[133.4767347673477,45.758206089404666],[133.44793447934478,45.70438998233735],[133.4659346593466,45.65057387527003],[133.43713437134375,45.60543778547162],[133.35433354333543,45.572453719849705],[133.31113311133112,45.553357681858074],[133.2679326793268,45.54467766458916],[133.18513185131854,45.49433356442941],[133.11313113131132,45.320733219050965],[133.0951309513095,45.22004501873147],[133.11313113131132,45.13150884258843],[133.01233012330124,45.07422072861354],[132.9367293672937,45.02908463881516],[132.88992889928903,45.046444673352994],[132.839528395284,45.06033270098328],[132.72432724327246,45.08116474242868],[132.6667266672667,45.09331676660517],[132.5479254792548,45.122828825319516],[132.36432364323645,45.159284897849005],[132.1807218072181,45.20268498419361],[132.06912069120693,45.22525302909281],[131.97911979119795,45.24434906708444],[131.91071910719108,45.27386112579879],[131.85311853118532,45.32767723286611],[131.79551795517955,45.305109187966906],[131.74151741517414,45.24261306363064],[131.65511655116552,45.20615699110118],[131.61551615516157,45.1367168529498],[131.579515795158,45.08290074588248],[131.48591485914858,45.013460607731105],[131.44631446314463,44.98394854901676],[131.26991269912702,44.93534045231078],[131.2267122671227,44.919716421226724],[131.08271082710826,44.90930040050401],[131.03231032310322,44.888468359058606],[130.98190981909818,44.845068272714],[130.96750967509678,44.7999321829156],[131.00351003510036,44.75306008966342],[131.06111061110613,44.65931590315904],[131.08631086310862,44.595083775369034],[131.12591125911263,44.468355523242764],[131.25551255512556,44.070810732326095],[131.21231212312125,44.00310659762849],[131.1727117271173,43.70451400357754],[131.18351183511834,43.65069789651022],[131.17991179911797,43.567369730728586],[131.18351183511834,43.50487360639232],[131.2087120871209,43.490985578762064],[131.24471244712447,43.46841753386286],[131.2627126271263,43.43369746478717],[131.25911259112593,43.37814535426605],[131.2411124111241,43.33821727482902],[131.21231212312125,43.258361115954926],[131.17631176311767,43.14204888455137],[131.13671136711366,43.09691279475297],[131.1079110791108,43.06219272567728],[131.08631086310862,43.037888677324304],[131.08271082710826,42.95629651499641],[131.06831068310686,42.90248040792909],[131.00711007110073,42.88338436993746],[130.94230942309423,42.85213630776934],[130.87030870308706,42.86255232849206],[130.8019080190802,42.857344318130686],[130.7227072270723,42.83651227668528],[130.57870578705786,42.81220822833231],[130.49230492304923,42.77922416271039],[130.45270452704528,42.75492011435742],[130.42390423904243,42.72714405909687],[130.42030420304206,42.6993680038363],[130.43830438304383,42.68547997620604],[130.52110521105215,42.675063955483324],[130.57510575105755,42.622983851869776],[130.58590585905858,42.567431741348685],[130.52830528305282,42.53618367918057],[130.49950499504996,42.57090374825626],[130.44910449104492,42.58131976897894],[130.35910359103593,42.63166386913872],[130.29430294302944,42.68547997620604],[130.24750247502476,42.7445040936347],[130.24750247502476,42.87296834921477],[130.24030240302403,42.8920643872064],[130.15030150301504,42.91810443901315],[130.1251012510125,42.95629651499641],[130.08190081900818,42.97365654953427],[130.0207002070021,42.96324052881155],[129.97749977499774,42.97539255298804],[129.94149941499415,42.99622459443347],[129.89829898298984,42.99796059788724],[129.86229862298626,42.964976532265354],[129.84069840698407,42.893800390660175],[129.77949779497794,42.77575215580282],[129.7722977229772,42.70631201765144],[129.74709747097472,42.603887813878146],[129.71829718297187,42.475423558298104],[129.69669696696968,42.44764750303756],[129.62829628296282,42.444175496129986],[129.60309603096033,42.43549547886104],[129.56709567095675,42.39209539251644],[129.52389523895238,42.385151378701295],[129.48429484294843,42.4094554270543],[129.4230942309423,42.43549547886104],[129.36549365493659,42.438967485768615],[129.31509315093155,42.41292743396187],[129.2538925389254,42.35737532344075],[129.21789217892177,42.312239233642345],[129.20709207092074,42.27057515075151],[129.19629196291964,42.21849504713799],[129.1350913509135,42.168150946978244],[129.07749077490774,42.14211089517147],[128.96228962289626,42.06919875011252],[128.92268922689226,42.0379506879444],[128.839888398884,42.0379506879444],[128.749887498875,42.041422694851974],[128.62748627486275,42.02059065340654],[128.4258842588426,42.01017463268386],[128.30708307083074,42.025798663767915],[128.159481594816,42.01191063613763],[128.04428044280445,41.987606587784654],[128.029880298803,41.951150515255165],[128.03348033480336,41.899070411641645],[128.05508055080554,41.864350342565956],[128.0838808388084,41.840046294212954],[128.13068130681307,41.7688701526078],[128.1810818108181,41.699430014456425],[128.2566825668257,41.65602992811179],[128.28908289082892,41.607421831405844],[128.2926829268293,41.56228574160744],[128.2566825668257,41.50673363108632],[128.19908199081993,41.43382148602737],[128.1486814868149,41.38694939277519],[128.11268112681125,41.38868539622899],[128.05148051480518,41.41646145148954],[128.01188011880117,41.44944551711143],[127.91827918279182,41.461597541287944],[127.6878768787688,41.44076549984251],[127.57267572675727,41.4546535274728],[127.51867518675186,41.482429582733346],[127.42147421474215,41.48416558618712],[127.27027270272703,41.52062165871661],[127.18027180271804,41.53103767943932],[127.13707137071373,41.555341727792296],[127.129871298713,41.607421831405844],[127.08667086670869,41.643877903935305],[127.06147061470614,41.68727799027991],[127.00747007470073,41.74283010080103],[126.95346953469533,41.7688701526078],[126.90306903069029,41.78102217678429],[126.84546845468458,41.74803811116237],[126.78786787867881,41.718526052448055],[126.7446674466745,41.72547006626317],[126.72306723067231,41.716790048994255],[126.69786697866982,41.69248600064128],[126.6006660066601,41.64040589702773],[126.57906579065792,41.59353380377556],[126.53946539465397,41.49631761036363],[126.51426514265142,41.39389340659034],[126.48906489064893,41.35743733406085],[126.45306453064529,41.352229323699504],[126.41346413464134,41.32098126153139],[126.32706327063272,41.225501071573234],[126.2550625506255,41.136964895430225],[126.14346143461438,41.07794077800153],[126.09306093060934,41.024124670934214],[126.06786067860679,40.973780570774466],[125.9886598865989,40.90434043262309],[125.87345873458736,40.8921884084466],[125.78345783457837,40.8713563670012],[125.72945729457297,40.866148356639826],[125.68985689856902,40.83837230137928],[125.65745657456574,40.79670821848845],[125.64665646656465,40.77934818395062],[125.5926559265593,40.77934818395062],[125.54225542255426,40.74289211142113],[125.41625416254163,40.65956394563946],[125.31545315453155,40.6439399145554],[125.18585185851862,40.590123807488084],[125.07425074250745,40.54672372114348],[125.02745027450277,40.52415567624428],[125.01305013050131,40.4981156244375],[124.99864998649986,40.465131558815614],[124.94104941049409,40.45818754500047],[124.89064890648905,40.45992354845424],[124.7718477184772,40.38353939648772],[124.71064710647107,40.31930726869771],[124.48024480244806,40.18216299584873],[124.3866438664387,40.104042840428434],[124.36144361443615,40.00335464010891],[124.35064350643506,40.01203465737785],[124.2678426784268,39.923498481234816],[124.10584105841059,39.84017031545318],[123.76023760237604,39.82281028091532],[123.65223652236523,39.88183439834401],[123.61263612636128,39.84017031545318],[123.58023580235806,39.78635420838586],[123.49023490234902,39.76725817039423],[123.34983349833499,39.76378616348666],[123.27063270632709,39.72733009095717],[123.22743227432278,39.687402011520135],[123.03303033030329,39.67351398388985],[122.96102961029612,39.61969787682253],[122.83862838628386,39.6006018388309],[122.33462334623346,39.36624137256999],[122.22662226622265,39.26728917570426],[122.12222122221226,39.15271294775448],[122.04662046620467,39.09368883032582],[121.98181981819818,39.053760750888785],[121.92421924219241,39.036400716350926],[121.86301863018633,38.99647263691389],[121.80541805418056,38.99126462655252],[121.74421744217443,39.01036066454415],[121.67581675816757,39.00341665072904],[121.63261632616326,38.95480855402306],[121.6686166861669,38.892312429686825],[121.65061650616508,38.86453637442625],[121.51741517415178,38.83155230880436],[121.31941319413193,38.80898426390516],[121.23661236612367,38.76732018101433],[121.20781207812081,38.74301613266135],[121.1646116461165,38.730864108484866],[121.12141121411213,38.81245627081273],[121.10701107011073,38.92008848494737],[121.18981189811899,38.946128536754145],[121.26181261812621,38.960016564384404],[121.67941679416793,39.109312861409876],[121.6290162901629,39.22041708245209],[121.66501665016654,39.269025179158064],[121.75861758617589,39.34714533457836],[121.81981819818202,39.38707341401542],[121.78381783817838,39.40096144164568],[121.51381513815141,39.3749213898389],[121.35541355413557,39.3766573932927],[121.27621276212761,39.38533741056162],[121.30141301413016,39.453041545259225],[121.2870128701287,39.51900967650303],[121.26901269012689,39.545049728309806],[121.4058140581406,39.62143388027633],[121.47061470614705,39.64052991826796],[121.51741517415178,39.63879391481416],[121.51381513815141,39.685666008066335],[121.47421474214741,39.75510614621774],[121.51741517415178,39.84537832581452],[121.8018180181802,39.95127453649539],[121.87021870218706,40.04675472645354],[121.98181981819818,40.13529090259655],[122.19062190621906,40.357499344680974],[122.20502205022052,40.395691420664235],[122.26262262622629,40.4998516278913],[122.27342273422738,40.541515710782136],[122.17982179821797,40.60227583166457],[122.14022140221402,40.687340000900036],[121.85941859418597,40.84184430828685],[121.83421834218342,40.973780570774466],[121.80901809018093,40.96857256041312],[121.76581765817662,40.87656437736254],[121.72981729817297,40.845316315194424],[121.60021600216004,40.843580311740624],[121.53541535415354,40.87830038081631],[121.17541175411753,40.900868425715515],[121.08541085410855,40.84184430828685],[121.00261002610029,40.74983612523627],[120.92340923409233,40.683867993992465],[120.84060840608407,40.649147924916775],[120.77220772207721,40.58838780403431],[120.48060480604806,40.230771092554704],[120.36900369003689,40.20299503729413],[119.85059850598509,39.98773060902485],[119.59139591395916,39.902666439789414],[119.389793897939,39.75163413931017],[119.32139321393214,39.66136195971336],[119.26019260192601,39.560673759393865],[119.22419224192242,39.40790545546082],[119.04059040590408,39.22215308590589],[118.97578975789759,39.182225006468826],[118.91098910989109,39.16660097538477],[118.82818828188283,39.17180898574611],[118.75258752587524,39.159656961569624],[118.62658626586267,39.17701699610748],[118.47178471784719,39.11799287867879],[118.29898298982988,39.06764877851904],[118.14778147781476,39.19437703064531],[118.03978039780401,39.22736109626723],[117.8669786697867,39.19090502373774],[117.78417784177844,39.13361690976288],[117.6149761497615,38.852384350249764],[117.55377553775537,38.690936029047805],[117.55737557375573,38.624967897804],[117.65457654576545,38.42359149716498],[117.76617766177662,38.312487276122766],[118.01458014580146,38.184023020542725],[118.54378543785441,38.095486844399716],[118.66618666186662,38.12673490656783],[118.79938799387998,38.12673490656783],[118.939789397894,38.04340674078617],[119.02619026190263,37.90452646448341],[119.03699036990372,37.80904627452526],[119.03699036990372,37.776062208903355],[119.06939069390694,37.74828615364281],[119.08739087390876,37.70141406039062],[119.03339033390336,37.66148598095357],[118.99018990189904,37.640653939508155],[118.9541895418954,37.494829649390255],[118.9541895418954,37.33164532473451],[118.99738997389977,37.27782921766719],[119.11259112591125,37.20144506570067],[119.28899288992892,37.13894894136443],[119.45099450994513,37.12506091373416],[119.76059760597605,37.15457297244849],[119.88659886598867,37.253525169314216],[119.87939879398795,37.295189252205034],[119.88299882998831,37.35074136272614],[120.1566015660157,37.494829649390255],[120.31140311403112,37.62329390497031],[120.28620286202863,37.65627797059223],[120.25740257402578,37.678846015491416],[120.28620286202863,37.6927340431217],[120.36900369003689,37.70141406039062],[120.75060750607508,37.833350322878246],[121.04941049410496,37.72571810874361],[121.21861218612185,37.60072586007112],[121.38781387813879,37.57815781517192],[121.50661506615069,37.51566169083567],[121.63981639816399,37.460109580314565],[121.81621816218166,37.45663757340701],[121.96381963819641,37.44448554923051],[122.01062010620109,37.49656565284404],[122.05742057420576,37.52954971846596],[122.1078210782108,37.522605704650815],[122.16902169021694,37.45663757340701],[122.33822338223382,37.40455746979346],[122.4930249302493,37.40802947670103],[122.60102601026011,37.42712551469266],[122.66582665826661,37.402821466339674],[122.57222572225726,37.31775729710424],[122.58662586625866,37.180613024255265],[122.51462514625149,37.13721293791065],[122.44622446224463,37.06777279975927],[122.48582485824858,37.022636709960864],[122.52182521825222,37.00180466851545],[122.51822518225185,36.94625255799434],[122.45702457024572,36.915004495826224],[122.34182341823418,36.83167633004457],[122.27342273422738,36.83341233349836],[122.2410224102241,36.84903636458242],[122.21942219422198,36.880284426750535],[122.20502205022052,36.92715652000271],[122.16182161821621,36.95840458217084],[122.05022050220504,36.97055660634733],[121.93141931419314,36.96014058562463],[121.6686166861669,36.836884340405916],[121.41301413014133,36.737932143540206],[121.14301143011431,36.6598119881199],[121.05301053010533,36.611203891413936],[120.98820988209883,36.59731586378365],[120.88020880208802,36.63550793976691],[120.81180811808122,36.63203593285934],[120.79740797407976,36.607731884506364],[120.88380883808838,36.538291746354986],[120.90540905409057,36.484475639287666],[120.89460894608948,36.44454755985062],[120.8478084780848,36.42545152185899],[120.77580775807758,36.456699584027106],[120.71100711007114,36.41329949768249],[120.68220682206822,36.34038735262354],[120.68220682206822,36.16852301069888],[120.63900639006391,36.130330934715616],[120.52020520205201,36.1094988932702],[120.39420394203944,36.053946782749094],[120.34740347403476,36.07998683455587],[120.32940329403294,36.1094988932702],[120.3438034380344,36.18935505214429],[120.32940329403294,36.227547128127554],[120.27180271802717,36.22581112467377],[120.18180181801819,36.203243079774566],[120.11700117001169,36.149426972707246],[120.09540095400956,36.11817891053913],[120.18180181801819,36.01749071021962],[120.26460264602645,36.00707468949692],[120.28620286202863,35.984506644597715],[120.21780217802177,35.93416254443797],[120.05580055800561,35.86125039937902],[120.0270002700027,35.79875427504277],[119.98019980199803,35.73973015761409],[119.91179911799117,35.692858064361914],[119.86499864998649,35.64424996765594],[119.81099810998109,35.61820991584918],[119.7209972099721,35.58869785713483],[119.60939609396092,35.47064962227749],[119.52659526595266,35.357809397781494],[119.42939429394295,35.30225728726039],[119.35379353793542,35.11303291079787],[119.2169921699217,35.012344710478374],[119.16659166591666,34.84916038582263],[119.2025920259203,34.74847218550312],[119.35019350193505,34.750208188956904],[119.42579425794258,34.71375211642743],[119.58419584195843,34.5818158539398],[119.77139771397714,34.496751684704364],[119.9621996219962,34.4481435879984],[120.19980199802,34.32488734277969],[120.26820268202681,34.27454324261994],[120.32220322203221,34.16864703193909],[120.42660426604266,33.86658243098057],[120.49860498604988,33.7172861339551],[120.50580505805061,33.63742997508102],[120.61740617406173,33.48986968150933],[120.73620736207363,33.23641317725679],[120.86940869408693,33.015940738626156],[120.89820898208984,32.84407639670148],[120.85140851408516,32.76422023782739],[120.85500855008553,32.661796034054106],[120.98820988209883,32.56631584409595],[121.29421294212943,32.45694762650753],[121.34101341013411,32.42569956433941],[121.40221402214024,32.37188345727209],[121.40221402214024,32.20696312916256],[121.44901449014492,32.15314702209524],[121.49221492214923,32.12189895992712],[121.67581675816757,32.050722818321944],[121.75141751417516,31.993434704347067],[121.83421834218342,31.8996905178427],[121.8558185581856,31.816362352061034],[121.8666186661867,31.703522127565037],[121.76221762217625,31.70005012065748],[121.67941679416793,31.712202144833967],[121.3518135181352,31.858026434951867],[121.26541265412658,31.863234445313225],[121.14661146611468,31.84240240386781],[120.97380973809737,31.870178459128354],[120.79020790207903,32.03162678033031],[120.6606066060661,32.08023487703629],[120.52020520205201,32.10627492884305],[120.18540185401855,31.965658649086507],[120.09900099000993,31.976074669809208],[120.07380073800738,31.96045063872515],[120.03420034200343,31.936146590372175],[120.19260192601928,31.90663453165783],[120.34740347403476,31.951770621456234],[120.49860498604988,32.019474756153826],[120.71460714607144,31.98301868362435],[120.75060750607508,31.922258562741888],[120.78660786607867,31.819834358968606],[120.93780937809379,31.750394220817228],[121.05661056610569,31.719146158649096],[121.20421204212045,31.6288739790523],[121.3518135181352,31.484785692388186],[121.66141661416617,31.319865364278655],[121.78741787417874,31.163625053438054],[121.83421834218342,31.061200849664758],[121.87741877418773,30.917112563000643],[121.76941769417698,30.870240469748467],[121.67581675816757,30.863296455933323],[121.52821528215281,30.84072841103412],[121.420214202142,30.790384310874373],[121.30861308613089,30.700112131277578],[120.99900999009992,30.55775984806725],[120.93780937809379,30.46922367192424],[120.89820898208984,30.392839519957718],[120.82260822608225,30.354647443974457],[120.62820628206282,30.391103516503932],[120.44820448204484,30.38763150959636],[120.24660246602468,30.283471302369293],[120.19620196201964,30.24180721947846],[120.22860228602286,30.248751233293603],[120.26100261002614,30.262639260923876],[120.35100351003513,30.247015229839818],[120.49500495004952,30.302567340360923],[120.63180631806318,30.132439001890035],[120.90540905409057,30.160215057150594],[121.16101161011613,30.302567340360923],[121.25821258212585,30.30430334381471],[121.34101341013411,30.281735298915507],[121.4310143101431,30.2261831883944],[121.67941679416793,29.97967069795699],[121.81261812618129,29.951894642696445],[121.94581945819459,29.894606528721553],[122.01782017820182,29.88766251490641],[122.08262082620826,29.870302480368565],[121.90621906219064,29.78003030077177],[121.67581675816757,29.58386191049412],[121.57501575015749,29.536989817241945],[121.50661506615069,29.484909713628397],[121.69021690216903,29.51094976543517],[121.82341823418233,29.604693951939538],[121.88821888218882,29.62726199683874],[121.94221942219423,29.606429955393324],[121.96741967419678,29.490117723989755],[121.91701917019174,29.13423701596392],[121.85221852218524,29.129029005602575],[121.79101791017911,29.2262451990145],[121.71901719017194,29.255757257728845],[121.65421654216544,29.236661219737215],[121.53541535415354,29.236661219737215],[121.48861488614887,29.193261133392596],[121.44901449014492,29.13076500905636],[121.52101521015209,29.11861298487986],[121.66501665016654,29.01098077074522],[121.67941679416793,28.95369265677033],[121.63981639816399,28.915500580787068],[121.5390153901539,28.93112461187114],[121.66141661416617,28.851268452997047],[121.6290162901629,28.76794028721538],[121.58941589415895,28.734956221593478],[121.51741517415178,28.714124180148062],[121.47421474214741,28.64121203508911],[121.5390153901539,28.521427796777985],[121.6038160381604,28.366923489391155],[121.61101611016113,28.29227534087842],[121.51021510215105,28.32352340304655],[121.35541355413557,28.229779216542184],[121.27261272612725,28.22283520272704],[121.21501215012154,28.34609144794574],[121.14661146611468,28.326995409954122],[121.09981099811,28.290539337424647],[121.0350103501035,28.156867071483234],[120.95940959409597,28.037082833172093],[120.89100891008911,28.00409876755019],[120.81180811808122,28.01277878481912],[120.74700747007472,28.009306777911547],[120.76500765007648,27.97805871574343],[120.83340833408334,27.938130636306383],[120.83340833408334,27.891258543054192],[120.68580685806859,27.745434252936292],[120.6606066060661,27.6881461389614],[120.6642066420664,27.639538042255438],[120.58860588605887,27.58051392482676],[120.62820628206282,27.48156172796105],[120.60660606606069,27.412121589809658],[120.53820538205383,27.318377403305306],[120.46980469804697,27.255881278969056],[120.38340383403835,27.155193078649546],[120.2790027900279,27.09790496467467],[120.13860138601387,26.886112543312947],[120.09900099000993,26.780216332632094],[120.08820088200883,26.67084811504367],[120.04140041400416,26.634392042514193],[119.96939969399693,26.585783945808217],[119.88299882998831,26.610087994161205],[119.87939879398795,26.683000139220155],[119.84339843398436,26.6899441530353],[119.82179821798218,26.736816246287475],[119.81459814598145,26.79757636716994],[119.82539825398254,26.8461844638759],[119.78939789397896,26.832296436245628],[119.76779767797677,26.775008322270736],[119.710197101971,26.72813622901856],[119.6525965259653,26.74723226701019],[119.5877958779588,26.78542434299345],[119.59139591395916,26.729872232472346],[119.62379623796238,26.676056125405026],[119.63819638196384,26.62050401488392],[119.72459724597246,26.610087994161205],[119.7857978579786,26.545855866371184],[119.83259832598327,26.45037567641303],[119.839798397984,26.413919603883556],[119.87579875798758,26.370519517538938],[119.87939879398795,26.334063445009463],[119.79659796597969,26.299343375933773],[119.69219692196924,26.23684725159754],[119.56619566195661,26.1274790340091],[119.46179461794617,26.05456688895015],[119.36819368193682,26.05456688895015],[119.31419314193141,26.063246906219078],[119.23139231392315,26.10491098910991],[119.1377913779138,26.122271023647755],[119.26379263792637,25.97471073007607],[119.33219332193323,25.948670678269295],[119.41859418594186,25.953878688630653],[119.50139501395017,26.009430799151758],[119.62019620196202,26.0042227887904],[119.64899648996493,25.919158619554963],[119.61659616596165,25.82367842959681],[119.55179551795521,25.698686180924327],[119.54099540995412,25.591053966789687],[119.62019620196202,25.438285662856643],[119.62379623796238,25.391413569604467],[119.59139591395916,25.368845524705264],[119.49779497794981,25.40877360414231],[119.42219422194222,25.45911770430206],[119.34299342993432,25.446965680125572],[119.26379263792637,25.467797721570975],[119.18099180991811,25.45043768703313],[119.14499144991453,25.413981614503655],[119.17019170191702,25.35495749707499],[119.24219242192424,25.306349400369015],[119.28539285392856,25.23170125185628],[119.23499234992352,25.20566120004952],[119.02619026190263,25.223021234587364],[118.97578975789759,25.20913320695709],[118.91458914589145,25.12754104462921],[118.9541895418954,25.004284799410513],[118.90738907389073,24.929636650897777],[118.8209882098821,24.910540612906146],[118.70578705787057,24.849780492023683],[118.63738637386376,24.83589246439341],[118.64098640986413,24.809852412586636],[118.69138691386917,24.78207635732609],[118.72018720187202,24.745620284796615],[118.65538655386553,24.62062803612413],[118.56178561785617,24.580699956687084],[118.41058410584105,24.6015319981325],[118.29538295382957,24.572019939418155],[118.1945819458195,24.625836046485475],[118.08658086580868,24.62757204993926],[118.01458014580146,24.559867915241668],[118.00738007380073,24.48174775982136],[117.93537935379356,24.47480374600623],[117.89577895778962,24.480011756367574],[117.84177841778421,24.47480374600623],[117.84897848978488,24.433139663115398],[117.8777787777878,24.396683590585923],[118.02538025380255,24.379323556048078],[118.05058050580504,24.327243452434544],[118.05778057780577,24.245651290106665],[117.90297902979029,24.106771013803908],[117.83817838178385,24.01302682729954],[117.74097740977413,24.014762830753327],[117.66897668976691,23.94011468224059],[117.62937629376296,23.83595447501351],[117.57897578975792,23.856786516458925],[117.46737467374675,23.841162485374866],[117.43137431374316,23.792554388668904],[117.46017460174602,23.771722347223488],[117.46377463774638,23.7370022781478],[117.4169741697417,23.62069004674423],[117.36657366573667,23.589441984576112],[117.34497344973448,23.63631407782829],[117.33057330573308,23.70922622288724],[117.29097290972913,23.714434233248596],[117.22617226172264,23.646730098551004],[117.14697146971469,23.598122001845027],[117.08217082170825,23.57902596385341],[117.0317703177032,23.6241620536518],[116.90936909369094,23.646730098551004],[116.86256862568627,23.452297711727127],[116.75816758167582,23.38285757357575],[116.71136711367114,23.360289528676546],[116.62856628566288,23.353345514861417],[116.68256682566829,23.327305463054643],[116.70056700567005,23.276961362894895],[116.66816668166683,23.228353266188932],[116.58536585365857,23.217937245466217],[116.53856538565384,23.179745169482956],[116.52056520565208,23.00614482410451],[116.47016470164704,22.945384703222047],[116.34416344163441,22.941912696314475],[116.25056250562506,22.98184077575152],[116.2217622176222,22.94885671012962],[116.20736207362074,22.919344651415273],[116.1569615696157,22.888096589247155],[116.06336063360635,22.87941657197824],[115.8509585095851,22.801296416557932],[115.75735757357575,22.823864461457134],[115.64215642156421,22.853376520171466],[115.55935559355595,22.823864461457134],[115.5341553415534,22.764840344028457],[115.49815498154982,22.719704254230052],[115.38295382953828,22.719704254230052],[115.28935289352893,22.775256364751158],[115.19575195751958,22.81692044764199],[115.09135091350913,22.7822003785663],[115.01215012150124,22.70928823350735],[114.91494914949152,22.684984185154363],[114.8969489694897,22.639848095355973],[114.85374853748539,22.61728005045677],[114.74934749347494,22.625960067725686],[114.709747097471,22.738800292221683],[114.65214652146523,22.75442432330574],[114.59454594545946,22.69887221278465],[114.57294572945733,22.653736122986246],[114.54414544145442,22.620752057364342],[114.55494554945551,22.52874387431376],[114.49734497344974,22.527007870859975],[114.42174421744221,22.58255998138108],[114.3389433894339,22.592976002103782],[114.26694266942673,22.54089589849025],[114.22734227342272,22.55478392612052],[114.18774187741877,22.565199946843236],[114.12294122941228,22.565199946843236],[114.09774097740979,22.551311919212964],[114.05094050940511,22.542631901944034],[114.01854018540189,22.51485584668349],[114.01494014940153,22.511383839775917],[113.93213932139321,22.530479877767547],[113.82773827738276,22.60686402973407],[113.7557375573756,22.73359228186034],[113.66213662136624,22.801296416557932],[113.61893618936193,22.862056537440395],[113.60453604536048,22.969688751575035],[113.58653586535866,23.020032851734783],[113.59373593735938,23.077320965709674],[113.61893618936193,23.127665065869422],[113.51813518135185,23.101625014062662],[113.44613446134463,23.054752920810472],[113.46053460534608,22.995728803381795],[113.44253442534426,22.94017669286069],[113.33093330933309,22.912400637600143],[113.33813338133382,22.888096589247155],[113.34533345333455,22.86379254089418],[113.43173431734317,22.789144392381445],[113.44973449734499,22.726648268045196],[113.48573485734858,22.691928198969507],[113.55413554135544,22.594712005557568],[113.55053550535507,22.403751625641277],[113.59013590135902,22.349935518573957],[113.57573575735756,22.29785541496041],[113.55053550535507,22.22494326990146],[113.54693546935471,22.22494326990146],[113.52533525335252,22.245775311346875],[113.4929349293493,22.242303304439304],[113.48213482134821,22.21799925608633],[113.47853478534785,22.195431211187127],[113.47493474934748,22.19369520773334],[113.41733417334177,22.178071176649283],[113.36693366933673,22.16418314901901],[113.32733327333273,22.14508711102738],[113.26613266132665,22.089535000506274],[113.14733147331475,22.075646972876],[113.08973089730898,22.207583235363614],[113.00693006930072,22.119047059220605],[112.98532985329854,21.938502700027016],[112.95292952929532,21.907254637858898],[112.90252902529028,21.881214586052124],[112.80892808928093,21.94544671384216],[112.72612726127261,21.90204662749754],[112.66132661326617,21.858646541152922],[112.63252632526326,21.82045446516966],[112.58572585725858,21.777054378825056],[112.49572495724959,21.81871846171589],[112.420124201242,21.881214586052124],[112.43812438124382,21.928086679304315],[112.4309243092431,21.957598738018646],[112.39492394923951,21.981902786371634],[112.35892358923593,21.978430779464063],[112.37692376923769,21.9176706585816],[112.39132391323915,21.80135842717803],[112.35532355323556,21.768374361556127],[112.30492304923052,21.742334309749367],[112.19332193321935,21.763166351194783],[112.11772117721176,21.806566437539388],[112.02412024120241,21.843022510068863],[111.94491944919451,21.849966523884007],[111.9269192691927,21.777054378825056],[111.87291872918729,21.716294257942593],[111.82611826118261,21.70935024412745],[111.77571775717757,21.719766264850165],[111.71091710917108,21.65553413706013],[111.68211682116822,21.608662043807954],[111.60291602916033,21.558317943648206],[111.39411394113944,21.535749898749003],[111.31851318513185,21.485405798589255],[111.22131221312213,21.49408581585817],[111.1457114571146,21.481933791681683],[111.09891098910992,21.485405798589255],[111.06291062910628,21.511445850396015],[111.01611016110161,21.511445850396015],[110.99810998109984,21.42985368806815],[110.87930879308794,21.39513361899246],[110.77130771307714,21.38645360172353],[110.65250652506523,21.27882138758889],[110.56610566105661,21.214589259798856],[110.50490504905048,21.207645245983727],[110.4581045810458,21.23021329088293],[110.43290432904331,21.327429484294854],[110.41130411304113,21.33784550501757],[110.39690396903973,21.247573325420774],[110.37530375303754,21.172925176908038],[110.33210332103323,21.131261094017205],[110.19530195301957,21.03751690751284],[110.15570155701556,20.94377272100847],[110.18090180901811,20.858708551773034],[110.36450364503645,20.837876510327618],[110.389703897039,20.791004417075442],[110.37170371703718,20.75281234109218],[110.3249032490325,20.719828275470263],[110.31410314103141,20.6712201787643],[110.5121051210512,20.518451874831257],[110.51930519305193,20.459427757402594],[110.48690486904871,20.426443691780676],[110.45090450904507,20.355267550175512],[110.34650346503469,20.294507429293063],[110.12330123301234,20.26325936712493],[109.939699396994,20.294507429293063],[109.88209882098823,20.36394756744444],[109.8856988569886,20.412555664150403],[109.93249932499327,20.39866763652013],[109.98289982899831,20.403875646881488],[109.96849968499686,20.44901173667988],[109.94689946899467,20.475051788486653],[109.86049860498605,20.5149798679237],[109.79209792097924,20.62261208205834],[109.80649806498064,20.711148258201348],[109.7668976689767,20.780588396352726],[109.72729727297275,20.839612513781404],[109.68409684096844,20.874332582857093],[109.66249662496625,20.917732669201712],[109.70569705697056,21.053140938596897],[109.68049680496807,21.131261094017205],[109.75969759697597,21.228477287429143],[109.78129781297815,21.33784550501757],[109.92169921699218,21.37603758100083],[109.93249932499327,21.480197788227898],[109.82809828098283,21.48366979513547],[109.75969759697597,21.56005394710199],[109.7416974169742,21.52880588493386],[109.6876968769688,21.525333878026302],[109.59409594095939,21.671158168144203],[109.56529565295654,21.690254206135833],[109.52209522095222,21.69372621304339],[109.54369543695441,21.53748590220279],[109.4356943569436,21.480197788227898],[109.34569345693455,21.454157736421124],[109.21969219692198,21.443741715698422],[109.14769147691476,21.426381681160578],[109.08289082890832,21.44026970879085],[109.09729097290972,21.48714180204304],[109.13329133291336,21.54442991601792],[109.10089100891008,21.59130200927011],[109.02889028890291,21.626022078345798],[108.9208892088921,21.624286074892012],[108.84528845288452,21.634702095614728],[108.77328773287735,21.631230088707156],[108.74448744487444,21.652062130152572],[108.67608676086763,21.724974275211522],[108.6148861488615,21.770110365009913],[108.58968589685895,21.815246454808317],[108.6148861488615,21.869062561875637],[108.59328593285932,21.900310624043755],[108.47808478084784,21.903782630951326],[108.4816848168482,21.82913448243859],[108.49248492484924,21.738862302841795],[108.52488524885251,21.671158168144203],[108.50328503285033,21.63296609216094],[108.44568445684456,21.606926040354168],[108.38448384483848,21.679838185413118],[108.35568355683557,21.697198219950963],[108.32328323283235,21.69372621304339],[108.30168301683017,21.622550071438226],[108.24768247682476,21.558317943648206],[108.14688146881468,21.565261957463335],[108.06768067680679,21.525333878026302],[107.97407974079744,21.507973843488443]]],[[[110.89010890108904,19.992442828334546],[110.93690936909371,19.947306738536156],[110.96930969309693,19.88307461074612],[110.99810998109984,19.76502637588878],[111.01251012510124,19.655658158300355],[110.91170911709116,19.586218020148962],[110.82170821708218,19.558441964888416],[110.6417064170642,19.29109743300559],[110.6021060210602,19.207769267223938],[110.57330573305734,19.171313194694463],[110.56250562505625,19.134857122164988],[110.56610566105661,19.098401049635513],[110.51930519305193,18.969936794055457],[110.47610476104762,18.81196047976107],[110.45090450904507,18.747728351971034],[110.40050400504003,18.699120255265072],[110.33210332103323,18.673080203458298],[110.29250292502928,18.669608196550726],[110.25290252902528,18.655720168920453],[110.15570155701556,18.570655999685016],[110.04770047700475,18.504687868441195],[110.06570065700657,18.475175809726863],[110.06570065700657,18.447399754466304],[110.0189001890019,18.416151692298186],[109.96849968499686,18.421359702659544],[109.81729817298174,18.397055654306556],[109.75969759697597,18.348447557600593],[109.7020970209702,18.259911381457584],[109.68049680496807,18.247759357281083],[109.59049590495908,18.226927315835667],[109.51849518495186,18.21824729856675],[109.39969399693996,18.280743422903],[109.34209342093425,18.299839460894617],[109.1836918369184,18.32587951270139],[109.02889028890291,18.367543595592224],[108.9208892088921,18.416151692298186],[108.70128701287013,18.535935930609327],[108.67608676086763,18.74946435542482],[108.63648636486369,18.86577658682839],[108.63648636486369,18.907440669719207],[108.65088650886509,19.26505738119883],[108.66528665286654,19.30324945718209],[108.6940869408694,19.33796952625778],[108.79128791287911,19.41782568513186],[108.90288902889029,19.482057812921894],[109.06129061290613,19.613994075409522],[109.18009180091804,19.67475419629197],[109.27729277292775,19.76155436898121],[109.21969219692198,19.758082362073637],[109.17649176491767,19.768498382796338],[109.21969219692198,19.843146531309074],[109.2628926289263,19.88307461074612],[109.31329313293134,19.903906652191537],[109.41769417694178,19.88828262110748],[109.5148951489515,19.903906652191537],[109.58329583295836,19.969874783435344],[109.65169651696516,19.98376281106563],[109.90729907299072,19.962930769620215],[110.0837008370084,19.992442828334546],[110.17010170101702,20.05320294921701],[110.21330213302133,20.05667495612458],[110.34290342903432,20.039314921586737],[110.39330393303936,19.9750827937967],[110.389703897039,20.01848288014132],[110.39330393303936,20.058410959578367],[110.41850418504185,20.054938952670796],[110.5877058770588,19.976818797250488],[110.5877058770588,20.07229898720864],[110.59850598505989,20.0983390390154],[110.65250652506523,20.138267118452447],[110.67770677706778,20.13653111499866],[110.74610746107464,20.06014696303214],[110.80730807308072,20.01501087323375],[110.89010890108904,19.992442828334546]]]]}},{"type":"Feature","properties":{"name":"Maldives","iso_a3":"MDV"},"geometry":{"type":"MultiPolygon","coordinates":[[[[73.41733417334174,3.2313294820448277],[73.39573395733959,3.229593478591056],[73.38133381333813,3.2469535131289007],[73.3849338493385,3.2712575614818746],[73.40293402934032,3.2886175960197193],[73.42813428134284,3.290353599473505],[73.44253442534426,3.2747295683894464],[73.43533435334353,3.2504255200364582],[73.41733417334174,3.2313294820448277]]],[[[73.5109351093511,4.165299340180908],[73.49653496534967,4.154883319458207],[73.47853478534788,4.158355326365779],[73.47133471334715,4.170507350542266],[73.48213482134821,4.187867385080111],[73.4929349293493,4.210435429979313],[73.5037350373504,4.234739478332301],[73.51813518135182,4.246891502508788],[73.52893528935292,4.243419495601216],[73.52893528935292,4.2295314679709435],[73.52173521735219,4.210435429979313],[73.51813518135182,4.186131381626325],[73.5109351093511,4.165299340180908]]]]}}]}