{"type":"FeatureCollection","features":[{"type":"Feature","properties":{"name":"Andaman and Nicobar","code":""},"geometry":{"type":"MultiPolygon","coordinates":[[[[93.784447,6.849166],[93.790916,6.851042],[93.785278,6.848061],[93.784447,6.849166]]],[[[93.721527,7.213122],[93.712219,7.208055],[93.709091,7.23125],[93.721527,7.213122]]],[[[93.848053,7.24028],[93.846107,7.218056],[93.868401,7.217361],[93.882767,7.203611],[93.884308,7.12978],[93.891388,7.121111],[93.887779,7.08639],[93.902222,7.076945],[93.916664,7.048404],[93.916115,7.025277],[93.92868,7.027151],[93.947807,6.998874],[93.942917,6.992654],[93.927277,7.011261],[93.913902,7.0],[93.945503,6.95583],[93.918053,6.946944],[93.917236,6.932537],[93.909157,6.9275],[93.916138,6.912084],[93.897224,6.902156],[93.901833,6.874688],[93.893059,6.865556],[93.893608,6.846944],[93.910355,6.834803],[93.902138,6.812967],[93.882568,6.792778],[93.868279,6.815039],[93.850906,6.816051],[93.847282,6.779801],[93.828316,6.754256],[93.804886,6.764531],[93.813057,6.779167],[93.808319,6.806389],[93.815552,6.81611],[93.803055,6.8125],[93.786613,6.830983],[93.794441,6.850279],[93.779251,6.857291],[93.771599,6.876737],[93.78083,6.890277],[93.768082,6.895095],[93.764442,6.916389],[93.75222,6.907421],[93.741943,6.925],[93.75222,6.936945],[93.745277,6.961945],[93.735283,6.960001],[93.723007,6.991943],[93.703735,6.991621],[93.70639,7.0],[93.693886,7.01514],[93.677498,7.016391],[93.671577,7.003038],[93.663033,7.006646],[93.674156,7.023889],[93.664726,7.044092],[93.668587,7.066085],[93.662224,7.069445],[93.669998,7.083056],[93.660553,7.085834],[93.657272,7.099621],[93.674721,7.1125],[93.667503,7.1175],[93.658333,7.111944],[93.655563,7.125281],[93.675827,7.139929],[93.673058,7.175833],[93.686111,7.19],[93.733612,7.187221],[93.760559,7.214446],[93.773331,7.206861],[93.792603,7.213053],[93.802513,7.201391],[93.802498,7.211111],[93.811943,7.213612],[93.806946,7.233611],[93.848053,7.24028]]],[[[93.844223,7.28844],[93.845901,7.285641],[93.845001,7.285555],[93.844223,7.28844]]],[[[93.662033,7.383211],[93.665359,7.384032],[93.666191,7.38353],[93.662033,7.383211]]],[[[93.762222,7.398055],[93.772499,7.398333],[93.769997,7.39362],[93.762222,7.398055]]],[[[93.689445,7.409722],[93.695,7.399445],[93.690834,7.396667],[93.683052,7.405278],[93.689445,7.409722]]],[[[93.713058,7.443611],[93.72139,7.402219],[93.756462,7.374368],[93.755745,7.359843],[93.724998,7.310001],[93.679443,7.284723],[93.668892,7.257777],[93.648331,7.2425],[93.629166,7.264723],[93.634445,7.286389],[93.621109,7.308332],[93.636108,7.32139],[93.6325,7.370555],[93.649437,7.368611],[93.66333,7.381112],[93.674446,7.373333],[93.684166,7.3875],[93.71389,7.392779],[93.703331,7.40139],[93.709442,7.4236],[93.70472,7.443057],[93.713058,7.443611]]],[[[93.644165,7.470833],[93.652496,7.473611],[93.651947,7.470279],[93.644165,7.470833]]],[[[93.6325,7.480001],[93.633148,7.475521],[93.63028,7.479721],[93.6325,7.480001]]],[[[93.543602,7.525001],[93.550293,7.517026],[93.542503,7.509999],[93.539719,7.52],[93.543602,7.525001]]],[[[93.340431,7.904721],[93.342697,7.90506],[93.34243,7.904139],[93.340431,7.904721]]],[[[93.338783,7.91058],[93.340462,7.909511],[93.339378,7.90865],[93.338783,7.91058]]],[[[93.379997,8.024722],[93.409653,8.007083],[93.402222,7.976388],[93.412224,7.961945],[93.42083,7.959172],[93.43,7.96778],[93.464996,7.930001],[93.474724,7.8925],[93.46167,7.872222],[93.441399,7.898891],[93.422501,7.907223],[93.397499,7.901945],[93.379997,7.882221],[93.356392,7.88889],[93.344437,7.901671],[93.342636,7.918831],[93.358055,7.941665],[93.349442,7.945],[93.343056,7.931667],[93.333885,7.935833],[93.330833,7.923332],[93.317223,7.933611],[93.310555,7.961945],[93.323891,7.975834],[93.326668,8.0025],[93.346947,8.016389],[93.359444,8.009445],[93.379997,8.024722]]],[[[93.547287,8.028052],[93.56472,8.023612],[93.582771,7.99167],[93.577499,7.928333],[93.507233,7.984721],[93.507233,7.99667],[93.518333,7.993126],[93.531113,8.006388],[93.532501,8.025],[93.550766,7.99623],[93.547287,8.028052]]],[[[93.578613,8.125279],[93.588737,8.109351],[93.590553,8.069721],[93.601387,8.05],[93.592781,8.03779],[93.571663,8.066389],[93.581451,8.073541],[93.569168,8.095277],[93.575142,8.10979],[93.570557,8.106112],[93.561386,8.118055],[93.578613,8.125279]]],[[[93.526489,8.231271],[93.544167,8.225001],[93.54528,8.197781],[93.535004,8.179999],[93.525276,8.171389],[93.534103,8.18373],[93.510765,8.168262],[93.503052,8.14818],[93.52417,8.122501],[93.531944,8.099167],[93.548332,8.08833],[93.550278,8.036111],[93.530563,8.048892],[93.525276,8.03194],[93.5084,8.033815],[93.511948,8.016667],[93.500832,7.997219],[93.491943,8.0],[93.485558,8.01666],[93.485275,8.044443],[93.499725,8.039445],[93.503891,8.047782],[93.505623,8.040696],[93.503334,8.055556],[93.511108,8.068333],[93.518059,8.046946],[93.529861,8.07868],[93.514442,8.08389],[93.512306,8.073582],[93.491943,8.06222],[93.492569,8.051171],[93.485001,8.051944],[93.480553,8.08611],[93.489388,8.091605],[93.481529,8.096391],[93.478256,8.090302],[93.466667,8.10639],[93.468307,8.11831],[93.459442,8.122221],[93.464722,8.139722],[93.455559,8.145833],[93.453888,8.173611],[93.490555,8.198889],[93.494652,8.222774],[93.526489,8.231271]]],[[[93.235283,8.26556],[93.251709,8.233434],[93.239441,8.22083],[93.220123,8.245062],[93.221657,8.256941],[93.235283,8.26556]]],[[[93.126274,8.355864],[93.143402,8.346504],[93.126389,8.276388],[93.154297,8.24304],[93.20472,8.215561],[93.199448,8.193891],[93.16111,8.200833],[93.120834,8.222501],[93.087219,8.269444],[93.083336,8.295556],[93.094719,8.339167],[93.126274,8.355864]]],[[[93.645279,8.394721],[93.653336,8.387777],[93.643677,8.393404],[93.645279,8.394721]]],[[[93.635406,8.396793],[93.633949,8.394922],[93.633247,8.398042],[93.635406,8.396793]]],[[[93.043892,8.473333],[93.056946,8.46],[93.057503,8.439167],[93.035278,8.448611],[93.043892,8.473333]]],[[[93.613609,8.485278],[93.611115,8.485834],[93.613487,8.486055],[93.613609,8.485278]]],[[[93.615997,8.573626],[93.621948,8.531668],[93.636108,8.52223],[93.631927,8.505259],[93.642426,8.468536],[93.626663,8.46722],[93.622856,8.42162],[93.615555,8.456388],[93.62278,8.46111],[93.618401,8.480419],[93.628334,8.48861],[93.622047,8.525425],[93.610138,8.544326],[93.615997,8.573626]]],[[[93.60659,8.58125],[93.609444,8.579445],[93.60833,8.578059],[93.60659,8.58125]]],[[[92.859169,8.820131],[92.851944,8.822221],[92.858612,8.837432],[92.863266,8.829931],[92.859169,8.820131]]],[[[92.792221,9.117782],[92.79583,9.118055],[92.796669,9.118611],[92.798615,9.118333],[92.796669,9.11774],[92.792221,9.117782]]],[[[92.799721,9.118611],[92.804443,9.120001],[92.80278,9.118891],[92.799721,9.118611]]],[[[92.811668,9.125558],[92.81472,9.125834],[92.811668,9.124441],[92.811668,9.125558]]],[[[92.773888,9.256111],[92.816673,9.216671],[92.824303,9.195842],[92.854362,9.209159],[92.856865,9.201959],[92.825531,9.192131],[92.830551,9.138695],[92.816826,9.135511],[92.81189,9.13108],[92.811386,9.123612],[92.782333,9.120181],[92.789444,9.116945],[92.783607,9.117777],[92.768913,9.127621],[92.731667,9.124377],[92.71833,9.152778],[92.720833,9.21361],[92.728058,9.219723],[92.746948,9.211942],[92.76667,9.215281],[92.778893,9.244431],[92.773888,9.256111]]],[[[92.515831,10.897641],[92.529999,10.886945],[92.528328,10.881901],[92.531967,10.874191],[92.528419,10.868588],[92.530281,10.865279],[92.536934,10.865653],[92.529785,10.867577],[92.533302,10.873874],[92.531944,10.885001],[92.558334,10.863333],[92.560371,10.801217],[92.571953,10.802781],[92.587708,10.786945],[92.582779,10.7425],[92.598267,10.703135],[92.596779,10.678326],[92.577225,10.673889],[92.582909,10.657028],[92.552711,10.637849],[92.539795,10.610556],[92.544441,10.593333],[92.569443,10.57889],[92.54583,10.551666],[92.531776,10.518921],[92.513054,10.511667],[92.481392,10.518333],[92.451942,10.544723],[92.434723,10.548333],[92.419037,10.547556],[92.401657,10.53139],[92.385277,10.532222],[92.381943,10.540833],[92.420563,10.61472],[92.399719,10.661112],[92.38028,10.6675],[92.376114,10.781667],[92.38472,10.790833],[92.39473,10.779139],[92.393326,10.76889],[92.394997,10.761945],[92.397499,10.760555],[92.397118,10.780935],[92.418335,10.795278],[92.426888,10.823284],[92.457413,10.83999],[92.456947,10.861391],[92.499512,10.890694],[92.511459,10.877504],[92.50975,10.870008],[92.502708,10.872429],[92.510559,10.86917],[92.512566,10.877432],[92.506783,10.889424],[92.515831,10.897641]]],[[[92.608887,10.93861],[92.618332,10.93389],[92.620003,10.928612],[92.609093,10.930417],[92.608887,10.93861]]],[[[92.226738,10.98229],[92.222221,10.972777],[92.214722,10.977499],[92.22139,10.982919],[92.226738,10.98229]]],[[[92.663353,10.9818],[92.658447,10.98655],[92.661942,10.992779],[92.669792,10.988453],[92.663353,10.9818]]],[[[92.722778,11.143331],[92.725555,11.141665],[92.724167,11.14028],[92.722778,11.143331]]],[[[92.726944,11.145556],[92.735001,11.145556],[92.730278,11.141458],[92.726944,11.145556]]],[[[92.674721,11.189445],[92.681114,11.18111],[92.677498,11.176942],[92.674721,11.189445]]],[[[92.705978,11.289166],[92.705833,11.263057],[92.687363,11.242082],[92.696945,11.261666],[92.692497,11.280834],[92.705978,11.289166]]],[[[92.698334,11.308056],[92.710281,11.30861],[92.712158,11.303122],[92.698334,11.308056]]],[[[92.723053,11.316388],[92.712837,11.309011],[92.721657,11.33306],[92.723999,11.33195],[92.723053,11.316388]]],[[[92.550735,11.394563],[92.545883,11.395921],[92.550369,11.397175],[92.550735,11.394563]]],[[[92.562675,11.393663],[92.556404,11.395196],[92.562744,11.397218],[92.562675,11.393663]]],[[[92.672356,11.488987],[92.671242,11.487289],[92.670197,11.48881],[92.672356,11.488987]]],[[[92.615334,11.509516],[92.610321,11.50774],[92.616257,11.511298],[92.615334,11.509516]]],[[[92.646049,11.514051],[92.64389,11.51419],[92.645676,11.515396],[92.646049,11.514051]]],[[[92.631989,11.514491],[92.645897,11.500577],[92.668587,11.489961],[92.685791,11.436611],[92.68351,11.426491],[92.671738,11.42588],[92.672211,11.41598],[92.649345,11.407248],[92.660828,11.406129],[92.664146,11.394991],[92.675079,11.399126],[92.693481,11.387418],[92.690872,11.37034],[92.66861,11.362035],[92.664482,11.352189],[92.652481,11.35713],[92.637993,11.346277],[92.600296,11.346521],[92.581207,11.366671],[92.592461,11.38058],[92.587105,11.400479],[92.622948,11.405332],[92.623642,11.440469],[92.611069,11.458632],[92.613632,11.47418],[92.631989,11.514491]]],[[[92.273346,11.516531],[92.27047,11.517091],[92.272781,11.518195],[92.273346,11.516531]]],[[[92.600761,11.530137],[92.606392,11.534461],[92.606461,11.5219],[92.600761,11.530137]]],[[[92.55246,11.538691],[92.569061,11.527382],[92.566437,11.516989],[92.552727,11.53099],[92.55246,11.538691]]],[[[92.629723,11.546668],[92.626648,11.544026],[92.628273,11.549241],[92.629723,11.546668]]],[[[92.607147,11.563194],[92.620277,11.55609],[92.610481,11.531806],[92.601593,11.553471],[92.609932,11.553959],[92.607147,11.563194]]],[[[92.577011,11.568958],[92.572853,11.565621],[92.577011,11.570902],[92.577011,11.568958]]],[[[92.565552,11.570749],[92.567024,11.568677],[92.565208,11.568126],[92.565552,11.570749]]],[[[92.592438,11.577393],[92.595291,11.532631],[92.586319,11.541031],[92.583618,11.53444],[92.592438,11.577393]]],[[[92.579445,11.584444],[92.576599,11.584859],[92.577217,11.585281],[92.579445,11.584444]]],[[[92.611023,11.58826],[92.619217,11.57709],[92.614616,11.562699],[92.600601,11.568094],[92.601158,11.58562],[92.611023,11.58826]]],[[[92.218933,11.592323],[92.270729,11.584091],[92.269829,11.522507],[92.260406,11.51754],[92.250313,11.5258],[92.214546,11.529451],[92.208046,11.550622],[92.214958,11.573897],[92.20726,11.585251],[92.218933,11.592323]]],[[[92.539757,11.60332],[92.548187,11.599462],[92.545509,11.591781],[92.569397,11.588422],[92.553711,11.561945],[92.530182,11.554127],[92.531952,11.595065],[92.539757,11.60332]]],[[[92.695107,11.663421],[92.700752,11.659437],[92.692833,11.660702],[92.695107,11.663421]]],[[[92.762253,11.6697],[92.759811,11.67669],[92.76593,11.680831],[92.766609,11.67839],[92.762253,11.6697]]],[[[92.722763,11.689622],[92.725197,11.686702],[92.721756,11.687721],[92.722763,11.689622]]],[[[92.550568,11.723652],[92.549454,11.724267],[92.551407,11.725304],[92.550568,11.723652]]],[[[93.086349,11.785963],[93.077576,11.781004],[93.084793,11.789681],[93.086349,11.785963]]],[[[93.011971,11.848491],[93.035553,11.836111],[93.063316,11.84476],[93.07222,11.835562],[93.061798,11.817071],[93.049988,11.812221],[93.014999,11.829171],[93.011971,11.848491]]],[[[92.596947,11.90529],[92.595558,11.915001],[92.601112,11.918892],[92.601669,11.914445],[92.596947,11.90529]]],[[[92.56292,11.947347],[92.567955,11.950102],[92.568611,11.94368],[92.56292,11.947347]]],[[[92.733116,11.959381],[92.731911,11.944751],[92.726387,11.941015],[92.723259,11.95291],[92.733116,11.959381]]],[[[92.745163,11.966054],[92.741966,11.96614],[92.744392,11.96744],[92.745163,11.966054]]],[[[92.750137,11.96834],[92.765396,11.96524],[92.767136,11.955884],[92.745758,11.944792],[92.736153,11.953199],[92.750137,11.96834]]],[[[92.596107,11.976109],[92.609444,11.942777],[92.598877,11.92778],[92.588608,11.97528],[92.596107,11.976109]]],[[[92.585052,11.97773],[92.581474,11.979382],[92.583961,11.98268],[92.585052,11.97773]]],[[[92.771187,12.01779],[92.774727,12.012801],[92.771439,12.013907],[92.771187,12.01779]]],[[[92.969536,12.03368],[92.98246,12.04354],[93.009453,12.018891],[93.007233,12.00028],[93.054031,11.90315],[93.042671,11.882261],[93.025253,11.888217],[92.994682,11.940049],[93.001907,11.94762],[93.000389,11.9502],[92.97438,11.948391],[92.959602,11.981338],[92.933868,11.984993],[92.925537,11.99579],[92.930847,12.005556],[92.950653,12.01312],[92.964996,12.049723],[92.969536,12.03368]]],[[[92.971085,12.064255],[92.969467,12.064961],[92.971069,12.065201],[92.971085,12.064255]]],[[[92.991364,12.108928],[93.00528,12.102781],[93.001389,12.050833],[92.992775,12.043617],[92.97982,12.051362],[92.97509,12.065711],[92.961823,12.072202],[92.960648,12.082641],[92.97084,12.087896],[92.960922,12.093091],[92.95961,12.106483],[92.974037,12.102301],[92.991364,12.108928]]],[[[92.993896,12.111071],[92.992462,12.110531],[92.992493,12.11164],[92.993896,12.111071]]],[[[92.738968,12.110501],[92.742569,12.112201],[92.738708,12.106886],[92.738968,12.110501]]],[[[92.948631,12.115841],[92.957825,12.099057],[92.951942,12.08389],[92.949722,12.088329],[92.948631,12.115841]]],[[[92.630318,12.11332],[92.628723,12.115082],[92.630379,12.11655],[92.630318,12.11332]]],[[[92.631416,12.119011],[92.630318,12.119462],[92.631538,12.120454],[92.631416,12.119011]]],[[[93.096321,12.134783],[93.098755,12.135815],[93.0979,12.133509],[93.096321,12.134783]]],[[[93.120529,12.14835],[93.123611,12.140262],[93.115562,12.129951],[93.109093,12.143081],[93.120529,12.14835]]],[[[92.847206,12.15044],[92.844025,12.148995],[92.846764,12.150971],[92.847206,12.15044]]],[[[93.027496,12.16667],[93.034447,12.100281],[93.053612,12.076111],[93.045525,12.04537],[93.027496,12.068061],[93.007019,12.075776],[93.007263,12.10723],[92.997162,12.11358],[92.966362,12.118899],[92.955605,12.142192],[92.9617,12.150529],[92.984985,12.148141],[93.004166,12.113334],[93.006683,12.146051],[93.027496,12.16667]]],[[[92.756462,12.18024],[92.763672,12.179379],[92.759232,12.1666],[92.759483,12.178045],[92.756462,12.18024]]],[[[92.720947,12.182321],[92.719093,12.17936],[92.719429,12.181291],[92.720947,12.182321]]],[[[92.725403,12.186072],[92.732506,12.182351],[92.7285,12.18158],[92.725403,12.186072]]],[[[93.068604,12.211334],[93.086617,12.193051],[93.083817,12.155541],[93.095001,12.142422],[93.087723,12.129981],[93.09082,12.099992],[93.074646,12.08363],[93.050201,12.114968],[93.056572,12.123234],[93.049118,12.120308],[93.037186,12.133361],[93.043205,12.155815],[93.037529,12.159742],[93.044113,12.159363],[93.068604,12.211334]]],[[[92.683533,12.223131],[92.680077,12.218881],[92.682816,12.224433],[92.683533,12.223131]]],[[[93.01918,12.22291],[93.021988,12.224196],[93.019806,12.222641],[93.01918,12.22291]]],[[[92.93898,12.223861],[92.94162,12.217351],[92.933167,12.195855],[92.924881,12.211471],[92.927963,12.222482],[92.93898,12.223861]]],[[[92.700867,12.235609],[92.712486,12.190072],[92.703712,12.16543],[92.712746,12.175643],[92.713585,12.165259],[92.721153,12.180281],[92.7575,12.176391],[92.736214,12.106604],[92.735847,12.0845],[92.741112,12.074167],[92.737503,12.07083],[92.735275,12.065278],[92.741913,12.074411],[92.751595,12.07101],[92.758278,12.064446],[92.75222,12.054742],[92.783607,12.04694],[92.776657,12.040281],[92.77861,12.024167],[92.761948,12.020555],[92.739243,12.040917],[92.736626,12.015921],[92.746902,12.017241],[92.752724,12.002488],[92.765976,12.011561],[92.768753,11.99904],[92.74305,11.99359],[92.757172,11.988371],[92.748444,11.977568],[92.744713,11.982454],[92.734589,11.977092],[92.738754,11.997337],[92.728081,11.994791],[92.723763,11.974981],[92.732986,11.968761],[92.718979,11.96153],[92.714424,11.932956],[92.725281,11.927391],[92.724426,11.850859],[92.707047,11.816401],[92.680077,11.81858],[92.692467,11.808762],[92.710182,11.814516],[92.718193,11.824522],[92.731812,11.857141],[92.733162,11.904923],[92.746254,11.931821],[92.764458,11.939921],[92.784492,11.936051],[92.788551,11.901219],[92.778946,11.892141],[92.788116,11.88385],[92.786118,11.855231],[92.776176,11.83347],[92.755074,11.701056],[92.743454,11.712849],[92.740707,11.690137],[92.718201,11.705991],[92.711891,11.69511],[92.708771,11.703511],[92.701897,11.70713],[92.705261,11.702811],[92.695633,11.70055],[92.707047,11.699074],[92.700943,11.676961],[92.708199,11.670119],[92.69294,11.668196],[92.68351,11.650703],[92.666206,11.653901],[92.673653,11.62522],[92.687683,11.640593],[92.694572,11.622729],[92.692863,11.636172],[92.70031,11.641621],[92.695099,11.652946],[92.711807,11.64375],[92.710609,11.652269],[92.729843,11.65923],[92.716133,11.664752],[92.721458,11.68632],[92.731499,11.673611],[92.74855,11.67641],[92.756653,11.665071],[92.757813,11.650551],[92.74617,11.639994],[92.752853,11.609622],[92.740723,11.592572],[92.744133,11.584825],[92.723717,11.52934],[92.727936,11.51623],[92.711281,11.477318],[92.699097,11.506521],[92.678368,11.511359],[92.667229,11.503932],[92.646889,11.522021],[92.643921,11.540722],[92.650993,11.55113],[92.642166,11.560491],[92.64727,11.572363],[92.633156,11.57915],[92.617859,11.56282],[92.620277,11.573621],[92.619118,11.582721],[92.607376,11.59478],[92.608231,11.619721],[92.624443,11.617569],[92.628448,11.62571],[92.636063,11.61555],[92.644386,11.63629],[92.634445,11.634756],[92.637917,11.645559],[92.63176,11.650861],[92.630997,11.628252],[92.608398,11.634029],[92.591377,11.66885],[92.599663,11.690841],[92.588135,11.717883],[92.574417,11.71559],[92.57254,11.699151],[92.561562,11.69485],[92.552299,11.72127],[92.552765,11.762748],[92.559303,11.773136],[92.549042,11.816109],[92.540871,11.819262],[92.546402,11.834947],[92.54216,11.82874],[92.536674,11.838566],[92.522964,11.825575],[92.513519,11.848001],[92.526581,11.895442],[92.538002,11.904342],[92.534477,11.911781],[92.542976,11.923521],[92.554993,11.925421],[92.562401,11.946474],[92.580147,11.924441],[92.586777,11.88754],[92.593994,11.898986],[92.601639,11.897151],[92.600311,11.867096],[92.604156,11.85818],[92.611046,11.87126],[92.606003,11.923413],[92.611557,11.940899],[92.611961,11.98358],[92.616997,11.991211],[92.61306,12.0066],[92.62278,12.027777],[92.61969,12.041172],[92.627777,12.04333],[92.620636,12.052859],[92.623611,12.102781],[92.63588,12.120461],[92.645729,12.179162],[92.661987,12.215507],[92.655121,12.18169],[92.674149,12.21798],[92.678337,12.203888],[92.68898,12.234789],[92.700867,12.235609]]],[[[92.730614,12.242454],[92.732887,12.210252],[92.739258,12.223564],[92.744766,12.210211],[92.739807,12.23578],[92.74511,12.226637],[92.762299,12.229374],[92.76368,12.18218],[92.747017,12.18047],[92.731186,12.19301],[92.723442,12.188842],[92.722282,12.23328],[92.730614,12.242454]]],[[[92.879448,12.248056],[92.881943,12.24889],[92.881111,12.245271],[92.879448,12.248056]]],[[[92.866463,12.235621],[92.861465,12.243028],[92.866013,12.250741],[92.869156,12.24801],[92.866463,12.235621]]],[[[92.699409,12.248281],[92.696106,12.246611],[92.696999,12.250825],[92.699409,12.248281]]],[[[92.901672,12.25585],[92.914093,12.232551],[92.913277,12.22281],[92.90892,12.231345],[92.89167,12.233891],[92.879234,12.208278],[92.870842,12.244692],[92.878609,12.248056],[92.88446,12.239249],[92.887321,12.2516],[92.901672,12.25585]]],[[[93.077774,12.261945],[93.08667,12.237219],[93.105988,12.260204],[93.100746,12.203941],[93.093086,12.224435],[93.063332,12.229166],[93.077774,12.261945]]],[[[92.899445,12.260792],[92.901413,12.259071],[92.900299,12.258615],[92.899445,12.260792]]],[[[92.738716,12.27299],[92.735069,12.269354],[92.738396,12.275503],[92.738716,12.27299]]],[[[93.029663,12.280171],[93.027,12.27353],[93.022079,12.274765],[93.024483,12.278022],[93.029663,12.280171]]],[[[92.750084,12.287695],[92.742859,12.25524],[92.734787,12.248491],[92.740082,12.272709],[92.739517,12.282104],[92.750084,12.287695]]],[[[92.738174,12.292403],[92.735947,12.281571],[92.73539,12.28851],[92.738174,12.292403]]],[[[92.762878,12.294122],[92.763451,12.2662],[92.753113,12.277511],[92.762878,12.294122]]],[[[92.752777,12.294167],[92.754997,12.293611],[92.753052,12.291945],[92.752777,12.294167]]],[[[92.768387,12.292957],[92.768936,12.28851],[92.766731,12.289089],[92.768387,12.292957]]],[[[92.8806,12.295416],[92.876976,12.295899],[92.880211,12.29785],[92.8806,12.295416]]],[[[92.704613,12.298092],[92.723862,12.29138],[92.710693,12.230329],[92.701477,12.267369],[92.704613,12.298092]]],[[[92.763687,12.298236],[92.76593,12.297442],[92.763687,12.29657],[92.763687,12.298236]]],[[[92.941399,12.280802],[92.927811,12.25299],[92.928665,12.237943],[92.922089,12.230951],[92.921326,12.26489],[92.912567,12.263103],[92.913643,12.273001],[92.901459,12.271472],[92.901466,12.288221],[92.913246,12.292861],[92.926735,12.280581],[92.934448,12.310561],[92.933273,12.288941],[92.941399,12.280802]]],[[[92.771286,12.312852],[92.796082,12.303895],[92.809959,12.31276],[92.830322,12.30028],[92.866379,12.305611],[92.873466,12.300672],[92.86972,12.290277],[92.886673,12.286671],[92.879723,12.277778],[92.883141,12.26344],[92.889313,12.265942],[92.87825,12.25144],[92.86467,12.251345],[92.858887,12.245831],[92.880508,12.195137],[92.853783,12.20385],[92.846603,12.19768],[92.847076,12.189621],[92.85524,12.189001],[92.850586,12.157321],[92.835838,12.167463],[92.822586,12.165453],[92.818779,12.157647],[92.826103,12.153752],[92.81485,12.132392],[92.802261,12.130792],[92.8125,12.106943],[92.788437,12.10249],[92.792717,12.081054],[92.764679,12.06332],[92.741676,12.078101],[92.739166,12.09475],[92.767738,12.18659],[92.769867,12.236852],[92.751427,12.232542],[92.742287,12.24554],[92.750648,12.274074],[92.764534,12.263796],[92.781723,12.28508],[92.775108,12.301121],[92.767609,12.29773],[92.771286,12.312852]]],[[[93.068527,12.31906],[93.072937,12.315391],[93.063011,12.315922],[93.068527,12.31906]]],[[[93.839699,12.32082],[93.85775,12.29313],[93.875267,12.288059],[93.880699,12.236642],[93.868103,12.233556],[93.862503,12.266043],[93.861679,12.23377],[93.832008,12.241241],[93.850204,12.269443],[93.826683,12.24486],[93.814789,12.28527],[93.82415,12.307475],[93.85083,12.287291],[93.82901,12.31233],[93.839699,12.32082]]],[[[92.913612,12.333056],[92.91111,12.333332],[92.911942,12.335281],[92.913612,12.333056]]],[[[92.906609,12.33985],[92.904533,12.339971],[92.905373,12.341143],[92.906609,12.33985]]],[[[92.911736,12.337952],[92.909447,12.348178],[92.915047,12.355481],[92.918808,12.35022],[92.911736,12.337952]]],[[[92.897789,12.394319],[92.895416,12.392797],[92.896187,12.395181],[92.897789,12.394319]]],[[[92.852905,12.408831],[92.881126,12.398335],[92.888786,12.4076],[92.894112,12.398351],[92.884209,12.388061],[92.883987,12.374156],[92.880051,12.383302],[92.866882,12.37783],[92.844353,12.394951],[92.852905,12.408831]]],[[[92.89917,12.41139],[92.897499,12.40889],[92.898056,12.41139],[92.89917,12.41139]]],[[[92.889488,12.413952],[92.888298,12.413332],[92.88858,12.414162],[92.889488,12.413952]]],[[[92.865875,12.421003],[92.869217,12.413781],[92.860603,12.413491],[92.858902,12.416808],[92.865875,12.421003]]],[[[92.904854,12.42313],[92.899628,12.42143],[92.900421,12.426022],[92.904854,12.42313]]],[[[92.831734,12.426822],[92.838058,12.425001],[92.84639,12.415],[92.833893,12.4175],[92.831734,12.426822]]],[[[92.960716,12.419839],[92.943672,12.402909],[92.932343,12.359449],[92.919334,12.364615],[92.930573,12.41518],[92.93998,12.421945],[92.949051,12.414631],[92.956253,12.43549],[92.960716,12.419839]]],[[[92.87426,12.444531],[92.87587,12.444741],[92.87545,12.444048],[92.87426,12.444531]]],[[[92.66861,12.534231],[92.68457,12.53878],[92.678116,12.52222],[92.66861,12.534231]]],[[[92.703369,12.639356],[92.700943,12.63911],[92.702164,12.640744],[92.703369,12.639356]]],[[[92.732536,12.703411],[92.730873,12.702591],[92.731163,12.704521],[92.732536,12.703411]]],[[[92.722893,12.735611],[92.729576,12.730891],[92.727867,12.726731],[92.722893,12.735611]]],[[[92.726677,12.753349],[92.725548,12.752171],[92.725418,12.753678],[92.726677,12.753349]]],[[[92.657539,12.773176],[92.654266,12.771398],[92.656769,12.773994],[92.657539,12.773176]]],[[[92.717636,12.776161],[92.71563,12.775651],[92.715637,12.777011],[92.717636,12.776161]]],[[[92.724998,12.761666],[92.720001,12.777777],[92.715279,12.778333],[92.717216,12.78778],[92.724998,12.761666]]],[[[92.715401,12.796954],[92.716515,12.795896],[92.715111,12.795048],[92.715401,12.796954]]],[[[92.715637,12.800591],[92.717041,12.798693],[92.716209,12.798392],[92.715637,12.800591]]],[[[92.716492,12.804281],[92.717041,12.80256],[92.715965,12.802585],[92.716492,12.804281]]],[[[92.710968,12.82903],[92.712288,12.777055],[92.725502,12.7487],[92.723343,12.742535],[92.718948,12.750311],[92.718033,12.7189],[92.70797,12.719791],[92.709435,12.773816],[92.694542,12.797143],[92.710968,12.82903]]],[[[92.727058,12.83814],[92.727303,12.83394],[92.725395,12.832303],[92.727058,12.83814]]],[[[92.729843,12.85643],[92.731476,12.85532],[92.729561,12.854759],[92.729843,12.85643]]],[[[92.728615,12.864446],[92.718613,12.835291],[92.709999,12.833611],[92.720276,12.864446],[92.728615,12.864446]]],[[[92.77774,12.866661],[92.776283,12.86497],[92.77594,12.866041],[92.77774,12.866661]]],[[[92.767189,12.857941],[92.7612,12.86773],[92.765762,12.872614],[92.767189,12.857941]]],[[[92.756996,12.878431],[92.760429,12.87725],[92.757057,12.876131],[92.756996,12.878431]]],[[[92.785553,12.893334],[92.79171,12.890961],[92.785835,12.881945],[92.78167,12.885277],[92.785553,12.893334]]],[[[92.892036,12.899829],[92.893539,12.89745],[92.891563,12.897573],[92.892036,12.899829]]],[[[92.755081,12.912811],[92.756752,12.89448],[92.753128,12.889211],[92.748405,12.893373],[92.753967,12.893101],[92.755081,12.912811]]],[[[92.865036,12.913869],[92.863075,12.913648],[92.863098,12.914425],[92.865036,12.913869]]],[[[92.791626,12.916592],[92.800476,12.897521],[92.792892,12.89177],[92.782852,12.896073],[92.788765,12.904688],[92.774239,12.906029],[92.791626,12.916592]]],[[[92.911423,12.9175],[92.912262,12.913659],[92.908607,12.9136],[92.911423,12.9175]]],[[[92.766708,12.917821],[92.76815,12.916419],[92.766693,12.917231],[92.766708,12.917821]]],[[[92.931419,12.918671],[92.936699,12.91504],[92.934166,12.913037],[92.931419,12.918671]]],[[[92.762276,12.921905],[92.767281,12.920342],[92.764221,12.917461],[92.762276,12.921905]]],[[[92.898888,12.915831],[92.910408,12.908636],[92.921921,12.91223],[92.910103,12.90392],[92.905083,12.884951],[92.928047,12.883761],[92.929527,12.85924],[92.941002,12.855822],[92.93972,12.84056],[92.948143,12.836529],[92.944191,12.826733],[92.954147,12.807041],[92.934196,12.773821],[92.949821,12.769786],[92.949516,12.761242],[92.962479,12.752862],[92.965607,12.723452],[92.980515,12.709729],[92.970917,12.710992],[92.963127,12.69847],[92.956947,12.622778],[92.957397,12.59347],[92.97551,12.5419],[92.968422,12.496669],[92.959053,12.486688],[92.946648,12.498838],[92.932137,12.480721],[92.931114,12.465834],[92.952896,12.476291],[92.957939,12.46771],[92.944298,12.460752],[92.941238,12.44918],[92.915321,12.443711],[92.923599,12.435485],[92.914528,12.405893],[92.906509,12.407641],[92.908989,12.421072],[92.87825,12.44467],[92.885757,12.453992],[92.869606,12.446131],[92.854233,12.457729],[92.844437,12.46944],[92.844444,12.480833],[92.837929,12.485512],[92.838791,12.49237],[92.834679,12.494781],[92.829155,12.496434],[92.849007,12.458614],[92.888298,12.4343],[92.899017,12.415629],[92.885597,12.42316],[92.874969,12.413722],[92.864998,12.42584],[92.846489,12.423419],[92.819557,12.437541],[92.818428,12.43378],[92.804398,12.440401],[92.796509,12.43796],[92.800278,12.464444],[92.7911,12.469722],[92.79847,12.4642],[92.794197,12.438181],[92.830276,12.427779],[92.833885,12.409166],[92.841599,12.405948],[92.838608,12.395001],[92.859802,12.36255],[92.889977,12.35038],[92.896111,12.33583],[92.882233,12.344381],[92.879692,12.33353],[92.896797,12.326292],[92.895119,12.320345],[92.886101,12.323331],[92.878128,12.313175],[92.857391,12.314344],[92.832428,12.302559],[92.809692,12.314871],[92.795097,12.306144],[92.771523,12.319691],[92.754768,12.295681],[92.73597,12.300761],[92.735977,12.308731],[92.720436,12.30031],[92.70739,12.316551],[92.708809,12.328391],[92.699448,12.328487],[92.705559,12.37055],[92.69809,12.42099],[92.706612,12.45169],[92.699509,12.46747],[92.708618,12.493081],[92.694221,12.515661],[92.708847,12.556241],[92.707497,12.596946],[92.686699,12.601231],[92.684486,12.608141],[92.686943,12.615571],[92.70417,12.607501],[92.715401,12.643452],[92.724701,12.6267],[92.736061,12.640031],[92.734322,12.656801],[92.753326,12.670781],[92.777069,12.667082],[92.776527,12.636302],[92.785431,12.619247],[92.780403,12.653462],[92.788643,12.67448],[92.787392,12.70721],[92.77916,12.7131],[92.784363,12.693841],[92.768883,12.672121],[92.732887,12.674411],[92.735786,12.68467],[92.728111,12.693139],[92.74305,12.699441],[92.739517,12.713731],[92.746117,12.722499],[92.731201,12.743171],[92.721176,12.787741],[92.723915,12.827084],[92.732063,12.83494],[92.737778,12.81028],[92.740356,12.835792],[92.743462,12.824481],[92.744713,12.83946],[92.75808,12.847307],[92.760834,12.859445],[92.763336,12.852221],[92.77417,12.841431],[92.773109,12.832485],[92.782219,12.807499],[92.783806,12.82449],[92.774437,12.83056],[92.775558,12.84139],[92.769463,12.861674],[92.780281,12.862499],[92.781448,12.848129],[92.782593,12.860127],[92.793236,12.86322],[92.791908,12.889854],[92.810959,12.897452],[92.824348,12.895342],[92.826912,12.88754],[92.830597,12.884707],[92.842247,12.891039],[92.840187,12.878271],[92.841728,12.875607],[92.873543,12.881161],[92.872437,12.892443],[92.886673,12.893931],[92.891769,12.89538],[92.895973,12.89884],[92.897781,12.927411],[92.898888,12.915831]]],[[[92.770081,12.92895],[92.775902,12.926121],[92.772057,12.91785],[92.770081,12.92895]]],[[[92.877022,12.932061],[92.886086,12.922985],[92.875343,12.926621],[92.873314,12.916364],[92.865036,12.916734],[92.860039,12.933109],[92.877022,12.932061]]],[[[92.761177,12.932542],[92.766487,12.92807],[92.763168,12.925556],[92.761177,12.932542]]],[[[92.89003,12.937241],[92.89283,12.936421],[92.889496,12.935047],[92.89003,12.937241]]],[[[92.899757,12.940854],[92.90226,12.94089],[92.903069,12.938349],[92.899757,12.940854]]],[[[92.672607,12.9492],[92.67009,12.9483],[92.670067,12.94948],[92.672607,12.9492]]],[[[92.668121,12.95361],[92.669838,12.952218],[92.668686,12.95163],[92.668121,12.95361]]],[[[92.695656,12.991959],[92.719887,12.978359],[92.714485,12.944696],[92.721817,12.945],[92.715668,12.92309],[92.721497,12.888345],[92.717857,12.880623],[92.708687,12.883912],[92.719521,12.874221],[92.701225,12.841205],[92.6754,12.835888],[92.675972,12.82341],[92.684799,12.829491],[92.689011,12.81673],[92.675362,12.807841],[92.668159,12.782572],[92.648163,12.861159],[92.663162,12.879142],[92.629883,12.882731],[92.664543,12.8806],[92.670578,12.912283],[92.636597,12.91329],[92.636871,12.919539],[92.67012,12.918037],[92.680397,12.948051],[92.668686,12.950531],[92.670349,12.952521],[92.669838,12.962492],[92.684273,12.986913],[92.695656,12.991959]]],[[[93.006737,12.9969],[92.979462,12.96697],[92.988121,12.95555],[92.980019,12.948072],[92.982826,12.934481],[92.969498,12.944464],[92.95195,12.940539],[92.960037,12.949451],[92.974243,12.94533],[92.972847,12.954761],[92.95472,12.960042],[92.954468,12.968112],[92.96312,12.96834],[92.95253,12.979713],[92.959747,12.988912],[92.972206,12.96914],[92.988914,12.984456],[92.985878,12.993351],[93.006737,12.9969]]],[[[92.988861,12.998381],[92.986389,13.000002],[92.989441,13.00056],[92.988861,12.998381]]],[[[92.912781,13.003329],[92.910843,13.003601],[92.91111,13.00528],[92.912781,13.003329]]],[[[92.949448,13.02471],[92.948608,13.021111],[92.945267,13.02528],[92.949448,13.02471]]],[[[92.922501,13.028612],[92.940002,13.02528],[92.941658,12.995321],[92.92083,13.001112],[92.915833,13.014721],[92.922501,13.028612]]],[[[92.918892,13.043611],[92.914589,13.042221],[92.916107,13.047501],[92.918892,13.043611]]],[[[92.934448,13.05139],[92.932495,13.050004],[92.93222,13.05278],[92.934448,13.05139]]],[[[92.916817,13.062562],[92.913246,13.061532],[92.91346,13.066899],[92.916817,13.062562]]],[[[92.72805,13.092781],[92.731392,13.0932],[92.728333,13.090279],[92.72805,13.092781]]],[[[92.71917,13.098891],[92.705276,13.082222],[92.706116,13.07014],[92.701111,13.070831],[92.696106,13.095001],[92.71917,13.098891]]],[[[92.79361,13.16861],[92.797638,13.169301],[92.796806,13.167641],[92.79361,13.16861]]],[[[93.059998,13.225554],[93.059067,13.22193],[93.05793,13.226664],[93.059998,13.225554]]],[[[93.016113,13.284999],[93.015198,13.283333],[93.014313,13.284361],[93.016113,13.284999]]],[[[93.071114,13.300549],[93.078888,13.3],[93.073059,13.29778],[93.071114,13.300549]]],[[[93.018677,13.329631],[93.025093,13.328332],[93.021721,13.302961],[93.00943,13.310969],[93.018677,13.329631]]],[[[92.967781,13.335281],[92.96611,13.335557],[92.969719,13.338333],[92.967781,13.335281]]],[[[93.014427,13.340386],[93.016121,13.337932],[93.013908,13.337708],[93.014427,13.340386]]],[[[93.038612,13.342499],[93.036606,13.342501],[93.038048,13.343901],[93.038612,13.342499]]],[[[93.076172,13.366786],[93.078056,13.363141],[93.07386,13.365755],[93.076172,13.366786]]],[[[93.083473,13.368821],[93.080971,13.368055],[93.081947,13.370001],[93.083473,13.368821]]],[[[93.063995,13.385429],[93.061623,13.38529],[93.063286,13.38694],[93.063995,13.385429]]],[[[92.864998,13.41194],[92.8675,13.4125],[92.867516,13.411602],[92.864998,13.41194]]],[[[92.813057,13.419723],[92.818886,13.416389],[92.815002,13.403056],[92.81192,13.40587],[92.813057,13.419723]]],[[[93.09449,13.417631],[93.091476,13.410342],[93.0886,13.410203],[93.087059,13.415771],[93.09449,13.417631]]],[[[93.072685,13.431103],[93.071907,13.413631],[93.06897,13.4133],[93.072685,13.431103]]],[[[93.098892,13.430556],[93.103058,13.434722],[93.104248,13.429929],[93.098892,13.430556]]],[[[92.84333,13.440832],[92.841942,13.425831],[92.821953,13.420831],[92.821663,13.436671],[92.84333,13.440832]]],[[[94.273331,13.464444],[94.275002,13.440557],[94.255753,13.430262],[94.249443,13.44625],[94.263336,13.464444],[94.273331,13.464444]]],[[[92.874443,13.51221],[92.874733,13.504441],[92.871109,13.501945],[92.866669,13.509168],[92.874443,13.51221]]],[[[92.915283,13.513612],[92.921387,13.51278],[92.913887,13.507502],[92.915283,13.513612]]],[[[92.904724,13.533889],[92.912498,13.533333],[92.906113,13.530279],[92.904724,13.533889]]],[[[92.873886,13.536668],[92.878609,13.53778],[92.875832,13.534721],[92.873886,13.536668]]],[[[93.006813,13.559361],[93.005554,13.556945],[93.006187,13.559976],[93.006813,13.559361]]],[[[93.052223,13.564653],[93.057411,13.562399],[93.053886,13.559721],[93.052223,13.564653]]],[[[93.026947,13.579171],[93.044998,13.525279],[93.034164,13.466388],[93.018608,13.46472],[93.0336,13.45695],[93.034721,13.435278],[93.021111,13.431121],[93.040703,13.426392],[93.036392,13.416667],[93.04528,13.403888],[93.061386,13.421111],[93.059723,13.399167],[93.070831,13.40611],[93.067322,13.39532],[93.052559,13.391131],[93.048615,13.374414],[93.04483,13.37703],[93.041267,13.374899],[93.033684,13.375446],[93.02829,13.373181],[93.04911,13.373931],[93.055275,13.382222],[93.071663,13.347499],[93.090591,13.335933],[93.076111,13.329166],[93.065834,13.303056],[93.059998,13.329171],[93.039856,13.322981],[93.04583,13.346111],[93.041664,13.367221],[93.034546,13.360495],[93.041107,13.351939],[93.032784,13.345275],[93.003334,13.353334],[92.986778,13.329011],[92.969429,13.36052],[92.950539,13.343901],[92.964783,13.324521],[92.999535,13.310712],[93.009453,13.320002],[93.006767,13.30931],[93.021942,13.29528],[93.01255,13.29518],[93.012497,13.276666],[93.046112,13.281945],[93.040283,13.270282],[93.04583,13.259172],[93.066673,13.2725],[93.056114,13.232777],[93.04303,13.222881],[93.046127,13.21012],[93.032219,13.178891],[93.034882,13.080991],[93.003899,13.028589],[92.994949,13.03526],[92.982422,13.024042],[92.965828,13.035],[92.974617,13.012861],[92.959846,13.015051],[92.934776,13.042802],[92.943047,13.054722],[92.936676,13.084713],[92.934357,13.060743],[92.922127,13.056709],[92.914909,13.07035],[92.910767,13.061331],[92.898613,13.059444],[92.89431,13.056531],[92.889999,13.05167],[92.887901,13.045687],[92.898056,13.058049],[92.91629,13.05415],[92.901665,13.021804],[92.908058,13.0],[92.915985,13.000551],[92.919121,12.986719],[92.933098,12.989345],[92.938522,12.971276],[92.92804,12.957822],[92.918892,12.960001],[92.912682,12.946451],[92.906937,12.985028],[92.896973,12.994979],[92.882301,12.982724],[92.872795,12.950283],[92.877121,12.944393],[92.869377,12.934661],[92.857826,12.935042],[92.854439,12.92743],[92.858925,12.903369],[92.876259,12.908292],[92.869781,12.890852],[92.872932,12.88323],[92.841713,12.87663],[92.842781,12.891871],[92.829971,12.8862],[92.82457,12.896759],[92.802536,12.89905],[92.794197,12.914382],[92.793617,12.92996],[92.801643,12.93898],[92.791733,12.956311],[92.794136,12.985611],[92.799683,12.991663],[92.806389,12.983054],[92.81826,12.986781],[92.808693,12.997771],[92.825066,13.012708],[92.806389,13.006666],[92.78833,13.019172],[92.796669,13.08944],[92.81028,13.07528],[92.807777,13.099445],[92.813889,13.103611],[92.82222,13.096391],[92.825279,13.114442],[92.816391,13.114991],[92.809998,13.126929],[92.822777,13.133612],[92.832497,13.124723],[92.842224,13.127499],[92.839722,13.136388],[92.847496,13.139159],[92.809723,13.153055],[92.815277,13.174445],[92.835556,13.173891],[92.818886,13.183889],[92.824173,13.193061],[92.818336,13.201667],[92.831673,13.213331],[92.824463,13.21722],[92.827774,13.236667],[92.836388,13.243612],[92.849724,13.239165],[92.854439,13.257221],[92.83889,13.258889],[92.833046,13.26917],[92.826942,13.265831],[92.822502,13.277222],[92.824722,13.288611],[92.838608,13.286945],[92.842224,13.301944],[92.821663,13.309721],[92.83139,13.315555],[92.826393,13.327222],[92.834724,13.338055],[92.839439,13.374721],[92.850563,13.37084],[92.866943,13.385561],[92.846664,13.390279],[92.843063,13.402222],[92.849998,13.411671],[92.867775,13.402222],[92.874527,13.408001],[92.870323,13.424769],[92.884163,13.429722],[92.873047,13.447781],[92.871666,13.471391],[92.898888,13.476111],[92.903702,13.49725],[92.929443,13.501667],[92.923058,13.51278],[92.92778,13.520278],[92.914169,13.526111],[92.917503,13.53639],[92.964722,13.544444],[92.976387,13.527781],[92.988892,13.527777],[92.992233,13.536112],[92.980843,13.552221],[92.987778,13.573061],[93.002777,13.560831],[93.010117,13.54196],[93.016113,13.570561],[93.026947,13.579171]]],[[[92.896942,13.601671],[92.90361,13.596388],[92.885277,13.574171],[92.881386,13.582777],[92.896942,13.601671]]],[[[93.042503,13.636945],[93.067497,13.65062],[93.055397,13.642759],[93.046951,13.620832],[93.042503,13.636945]]],[[[93.024239,13.672511],[93.022919,13.67128],[93.022697,13.6743],[93.024239,13.672511]]],[[[93.015831,13.676112],[93.032219,13.633891],[93.027779,13.62694],[93.014717,13.64389],[93.000832,13.649444],[92.986389,13.64278],[92.976669,13.655],[92.981667,13.665279],[93.006386,13.667502],[93.015831,13.676112]]],[[[93.224426,14.015831],[93.23243,13.983264],[93.223053,13.9716],[93.21833,13.976801],[93.224426,14.015831]]],[[[93.366943,14.0525],[93.363541,14.04806],[93.364243,14.056862],[93.366943,14.0525]]],[[[93.382225,14.129444],[93.382233,14.127219],[93.380836,14.128331],[93.382225,14.129444]]],[[[93.366249,14.156381],[93.368332,14.148331],[93.378609,14.147221],[93.36972,14.143057],[93.378052,14.120833],[93.364304,14.058731],[93.352295,14.076944],[93.363892,14.097499],[93.353333,14.145831],[93.366249,14.156381]]],[[[93.357498,14.188888],[93.360153,14.192361],[93.361107,14.19111],[93.357498,14.188888]]],[[[93.359726,14.18722],[93.37278,14.18972],[93.366943,14.178889],[93.359726,14.18722]]],[[[93.550903,14.787701],[93.549286,14.785089],[93.550339,14.788383],[93.550903,14.787701]]],[[[93.571945,14.848055],[93.568962,14.8486],[93.569649,14.849521],[93.571945,14.848055]]],[[[93.57132,14.86132],[93.570557,14.859168],[93.569725,14.860834],[93.57132,14.86132]]],[[[93.569443,14.872152],[93.572464,14.868159],[93.568047,14.871111],[93.569443,14.872152]]],[[[93.641388,14.902499],[93.636421,14.874299],[93.622498,14.865281],[93.611946,14.835561],[93.612923,14.873657],[93.625275,14.898057],[93.641388,14.902499]]],[[[93.646111,14.935278],[93.651947,14.9327],[93.650833,14.929721],[93.646111,14.935278]]]]}},{"type":"Feature","properties":{"name":"Andhra Pradesh","code":""},"geometry":{"type":"MultiPolygon","coordinates":[[[[80.275696,13.455132],[80.284859,13.452641],[80.286247,13.448472],[80.275696,13.455132]]],[[[80.22403,13.491812],[80.227081,13.490693],[80.22403,13.490141],[80.22403,13.491812]]],[[[80.229309,13.492922],[80.234863,13.492081],[80.230415,13.490693],[80.229309,13.492922]]],[[[80.264305,13.516249],[80.267906,13.510419],[80.265976,13.499579],[80.264305,13.516249]]],[[[80.188469,13.515141],[80.195419,13.518193],[80.197083,13.512921],[80.188469,13.515141]]],[[[80.179863,13.534031],[80.183746,13.532641],[80.179863,13.533482],[80.179863,13.534031]]],[[[80.052361,13.588192],[80.055969,13.588753],[80.056808,13.586806],[80.052361,13.588192]]],[[[80.149025,13.618473],[80.14653,13.610694],[80.16153,13.60681],[80.167641,13.58986],[80.15403,13.555689],[80.141808,13.544861],[80.140419,13.565695],[80.126526,13.58486],[80.158195,13.590973],[80.124863,13.601532],[80.130417,13.594583],[80.126526,13.588472],[80.120415,13.605694],[80.13903,13.607079],[80.149025,13.618473]]],[[[80.093193,13.63986],[80.09626,13.63736],[80.09153,13.63625],[80.093193,13.63986]]],[[[80.106529,13.65292],[80.108192,13.646805],[80.10125,13.636806],[80.100136,13.639311],[80.106529,13.65292]]],[[[80.102081,13.67681],[80.106247,13.67681],[80.104309,13.668194],[80.102081,13.67681]]],[[[80.059303,15.199028],[80.062363,15.19764],[80.062363,15.19708],[80.059303,15.199028]]],[[[80.20903,15.500421],[80.211807,15.499311],[80.209587,15.499031],[80.20903,15.500421]]],[[[81.025696,15.76125],[81.02903,15.76319],[81.020416,15.757651],[81.025696,15.76125]]],[[[80.782913,15.83764],[80.79097,15.831249],[80.791519,15.824031],[80.789307,15.824305],[80.782913,15.83764]]],[[[80.786247,15.84153],[80.790413,15.841811],[80.78875,15.83764],[80.786247,15.84153]]],[[[80.783752,15.852083],[80.787918,15.854583],[80.787636,15.84486],[80.783752,15.852083]]],[[[80.773483,15.86181],[80.780136,15.847916],[80.780418,15.843472],[80.771797,15.855971],[80.773483,15.86181]]],[[[81.53653,16.35486],[81.546806,16.34903],[81.513191,16.35014],[81.520416,16.354584],[81.528473,16.350695],[81.53347,16.351805],[81.53653,16.35486]]],[[[81.532356,16.355421],[81.53347,16.35236],[81.531517,16.35264],[81.532356,16.355421]]],[[[82.315414,16.575974],[82.317085,16.57403],[82.314857,16.57375],[82.315414,16.575974]]],[[[82.260696,16.67597],[82.263474,16.674862],[82.262642,16.66958],[82.260696,16.67597]]],[[[82.299438,16.714128],[82.299576,16.714031],[82.299385,16.714029],[82.299438,16.714128]]],[[[82.301529,16.714031],[82.307083,16.712917],[82.30014,16.71125],[82.301529,16.714031]]],[[[82.314857,16.725973],[82.314026,16.71958],[82.30986,16.718748],[82.30986,16.721252],[82.314857,16.725973]]],[[[82.333748,16.725973],[82.331253,16.725971],[82.331802,16.728201],[82.333748,16.725973]]],[[[82.332077,16.724861],[82.344856,16.705139],[82.33625,16.69125],[82.352913,16.706812],[82.339859,16.718201],[82.358749,16.71208],[82.364861,16.721533],[82.357918,16.72764],[82.368187,16.722919],[82.326805,16.668753],[82.318474,16.628752],[82.309586,16.651251],[82.319313,16.620701],[82.310692,16.60236],[82.297363,16.612917],[82.283752,16.642641],[82.257072,16.651251],[82.265976,16.67153],[82.258751,16.690111],[82.310417,16.70125],[82.332077,16.724861]]],[[[83.171249,17.56875],[83.172363,17.566801],[83.170692,17.565969],[83.171249,17.56875]]],[[[83.303749,17.684031],[83.30542,17.683195],[83.302917,17.68264],[83.303749,17.684031]]],[[[83.311249,17.68486],[83.304031,17.680695],[83.29792,17.679308],[83.311249,17.68486]]],[[[83.270142,17.71014],[83.268753,17.708195],[83.268471,17.709862],[83.270142,17.71014]]],[[[82.299515,16.714333],[82.301056,16.733339],[82.293701,16.74304],[82.280701,16.72275],[82.220421,16.718309],[82.21003,16.731272],[82.217682,16.75169],[82.188751,16.727213],[82.174637,16.725109],[82.193581,16.70845],[82.215439,16.709761],[82.258469,16.689861],[82.256531,16.642639],[82.278198,16.63625],[82.292358,16.608749],[82.265976,16.597639],[82.259865,16.586805],[82.266525,16.595972],[82.292641,16.60264],[82.299576,16.59181],[82.289024,16.570694],[82.267914,16.564028],[82.292358,16.563751],[82.307083,16.569027],[82.305969,16.574581],[82.30986,16.56764],[82.224297,16.53792],[82.119583,16.485691],[82.11264,16.488472],[82.109573,16.48097],[82.032913,16.445141],[82.020973,16.431528],[81.94458,16.39514],[81.854042,16.37459],[81.720413,16.310141],[81.720695,16.318472],[81.684029,16.33292],[81.560974,16.345419],[81.54097,16.359032],[81.405418,16.343748],[81.402084,16.352083],[81.399307,16.34403],[81.392639,16.347363],[81.382919,16.361811],[81.365135,16.359859],[81.345703,16.33069],[81.37986,16.359859],[81.392639,16.342083],[81.328476,16.317921],[81.265419,16.281252],[81.230972,16.23514],[81.205139,16.17598],[81.202362,16.145416],[81.18264,16.143473],[81.201813,16.142929],[81.189308,16.10347],[81.140976,16.018194],[81.145691,15.97375],[81.131523,15.97292],[81.087906,15.92986],[81.019302,15.855695],[81.006813,15.831532],[81.004303,15.84042],[80.993752,15.81014],[81.012085,15.770139],[81.000969,15.751805],[80.966805,15.731806],[80.939041,15.71819],[80.931808,15.724029],[80.847641,15.709584],[80.822083,15.712916],[80.797081,15.744311],[80.780693,15.78042],[80.782639,15.792084],[80.792358,15.760138],[80.813469,15.739582],[80.793198,15.814582],[80.810974,15.815972],[80.80542,15.84264],[80.774017,15.866252],[80.686813,15.882641],[80.537361,15.854861],[80.430969,15.8057],[80.339584,15.747361],[80.270416,15.673196],[80.237358,15.600972],[80.225136,15.532361],[80.212906,15.502641],[80.200417,15.498194],[80.211807,15.495701],[80.200691,15.465416],[80.128197,15.377362],[80.098198,15.314305],[80.079865,15.315973],[80.099304,15.30986],[80.083473,15.267083],[80.08847,15.21931],[80.078194,15.189027],[80.045967,15.209309],[80.060974,15.190415],[80.081253,15.185971],[80.053749,15.11764],[80.04792,15.07735],[80.054581,14.999321],[80.084862,14.879031],[80.088753,14.811532],[80.080696,14.810142],[80.068192,14.819582],[80.06292,14.82125],[80.059303,14.81986],[80.081802,14.807641],[80.093201,14.810142],[80.114586,14.731249],[80.116531,14.739584],[80.136803,14.710694],[80.129601,14.692071],[80.140137,14.703195],[80.13903,14.71042],[80.135139,14.71819],[80.135696,14.718751],[80.141808,14.708194],[80.172081,14.60958],[80.19236,14.600694],[80.199028,14.587083],[80.183746,14.536805],[80.172363,14.535141],[80.18264,14.530421],[80.169861,14.360694],[80.138748,14.272361],[80.126808,14.190142],[80.129585,14.12375],[80.125969,14.134312],[80.122086,14.114584],[80.125687,14.11875],[80.126526,14.11181],[80.128746,14.112081],[80.12986,14.12125],[80.149582,14.018751],[80.151527,14.03042],[80.159859,13.99069],[80.169586,13.963741],[80.155693,14.017641],[80.244858,13.819584],[80.252357,13.780141],[80.234016,13.69736],[80.236252,13.63986],[80.310143,13.461263],[80.31514,13.433751],[80.305969,13.434305],[80.287636,13.459312],[80.277916,13.520696],[80.275406,13.52514],[80.274307,13.514305],[80.271805,13.523472],[80.264313,13.523472],[80.270416,13.528472],[80.264313,13.56125],[80.249863,13.572083],[80.240967,13.596821],[80.218193,13.623473],[80.189857,13.642638],[80.189026,13.666811],[80.170975,13.689584],[80.15403,13.703195],[80.144028,13.701527],[80.135971,13.71875],[80.140419,13.71431],[80.147087,13.724311],[80.12986,13.723751],[80.142914,13.702083],[80.147636,13.659584],[80.138474,13.612916],[80.126236,13.611531],[80.108749,13.64208],[80.109863,13.658194],[80.118187,13.65875],[80.119858,13.650695],[80.111809,13.64208],[80.120697,13.645695],[80.125969,13.670421],[80.124031,13.677917],[80.120972,13.67069],[80.106796,13.674031],[80.111526,13.69264],[80.106796,13.70931],[80.100418,13.702083],[80.107635,13.692916],[80.100975,13.687084],[80.10347,13.65431],[80.097641,13.652639],[80.097359,13.66153],[80.088753,13.654032],[80.095703,13.66875],[80.079308,13.655971],[80.094856,13.647361],[80.072639,13.637084],[80.076248,13.610692],[80.050957,13.588192],[80.119026,13.515141],[80.119583,13.51208],[80.116249,13.512372],[80.115417,13.507641],[80.12542,13.505694],[80.128471,13.517083],[80.16153,13.489583],[80.179581,13.494862],[80.236526,13.487922],[80.24736,13.47264],[80.262093,13.47292],[80.280975,13.438195],[80.275406,13.43792],[80.268471,13.417362],[80.277641,13.435695],[80.300423,13.426811],[80.299576,13.419021],[80.302361,13.41596],[80.303467,13.42486],[80.312996,13.427916],[80.312126,13.369381],[80.27597,13.389142],[80.279999,13.402051],[80.266083,13.417979],[80.259888,13.447362],[80.230331,13.47685],[80.1521,13.47888],[80.127892,13.49895],[80.100357,13.5052],[80.087669,13.52661],[80.076279,13.52612],[80.069443,13.537591],[80.045418,13.521981],[80.007713,13.532372],[79.989677,13.52676],[79.990173,13.510091],[80.006233,13.515062],[80.013618,13.503912],[80.032753,13.50184],[80.036041,13.48448],[80.005898,13.487771],[79.995377,13.459451],[79.961861,13.45128],[79.963226,13.417911],[79.93248,13.404371],[79.935623,13.38485],[79.950287,13.381971],[79.953583,13.374111],[79.939743,13.369101],[79.925507,13.33594],[79.910683,13.3437],[79.891792,13.324619],[79.870552,13.31176],[79.858856,13.313741],[79.851166,13.30343],[79.800293,13.304321],[79.7798,13.28207],[79.754059,13.30279],[79.746147,13.280001],[79.721291,13.27224],[79.784897,13.22348],[79.744377,13.194911],[79.722832,13.221851],[79.699638,13.202681],[79.688751,13.20741],[79.696037,13.233891],[79.691933,13.238529],[79.673317,13.22949],[79.673767,13.247021],[79.684303,13.25668],[79.668533,13.281931],[79.662567,13.268142],[79.638481,13.27619],[79.620758,13.25895],[79.601143,13.26773],[79.580261,13.245371],[79.565376,13.249401],[79.548729,13.267121],[79.535782,13.31107],[79.428879,13.323562],[79.374603,13.30304],[79.425026,13.281341],[79.408669,13.246741],[79.410843,13.212162],[79.436096,13.229832],[79.445503,13.216771],[79.421631,13.208531],[79.42379,13.187461],[79.378357,13.182431],[79.361206,13.156041],[79.347771,13.163019],[79.346748,13.134861],[79.354576,13.129771],[79.316727,13.119369],[79.307938,13.096911],[79.29747,13.097371],[79.298767,13.114832],[79.273849,13.120901],[79.26741,13.141201],[79.25647,13.13654],[79.247223,13.148082],[79.236702,13.126752],[79.218323,13.135551],[79.218277,13.103942],[79.188919,13.084619],[79.169426,13.05301],[79.176537,13.038271],[79.173103,13.019281],[79.152702,13.007293],[79.104378,13.02422],[79.082787,13.012471],[79.069069,13.014151],[79.053268,13.037991],[79.02282,13.056401],[79.000366,13.057881],[78.979591,13.07651],[78.945847,13.06351],[78.936638,13.069971],[78.914383,13.067761],[78.893463,13.035092],[78.917397,13.03255],[78.924637,13.018641],[78.88192,13.019762],[78.883522,13.081989],[78.876038,13.08616],[78.864738,13.084681],[78.858353,13.07107],[78.80809,13.07793],[78.777527,13.05316],[78.746017,13.045409],[78.702446,13.056151],[78.693756,13.004392],[78.651108,13.017932],[78.613663,12.97889],[78.637917,12.95441],[78.628998,12.953111],[78.646713,12.91902],[78.62571,12.919182],[78.591568,12.83855],[78.597672,12.81108],[78.588196,12.80478],[78.58194,12.770771],[78.565727,12.759011],[78.566849,12.75215],[78.545547,12.743911],[78.545647,12.728612],[78.553932,12.726061],[78.545509,12.707381],[78.552246,12.697091],[78.547676,12.685591],[78.524368,12.67969],[78.518539,12.69238],[78.526413,12.70123],[78.512306,12.70801],[78.510941,12.721722],[78.503563,12.713371],[78.484352,12.734781],[78.484413,12.72305],[78.509811,12.69878],[78.503891,12.693301],[78.493401,12.70347],[78.486313,12.690511],[78.497116,12.67649],[78.488556,12.663342],[78.457657,12.66225],[78.462929,12.63537],[78.454781,12.61202],[78.418343,12.620642],[78.36834,12.61184],[78.308769,12.65],[78.290459,12.652921],[78.264427,12.69184],[78.232658,12.693761],[78.228081,12.673851],[78.18985,12.68131],[78.199341,12.68998],[78.196083,12.69669],[78.220329,12.70329],[78.228867,12.720202],[78.219276,12.747029],[78.240219,12.803142],[78.241096,12.847421],[78.262627,12.85659],[78.303101,12.8472],[78.304092,12.865761],[78.321587,12.86285],[78.327492,12.874041],[78.310936,12.873831],[78.313477,12.888621],[78.327187,12.889231],[78.345428,12.928061],[78.378342,12.895191],[78.388397,12.90552],[78.402916,12.891321],[78.417343,12.889031],[78.426407,12.902061],[78.435829,12.90067],[78.438492,12.879741],[78.454239,12.853162],[78.456131,12.892753],[78.421356,12.92353],[78.419777,12.946682],[78.427353,12.950531],[78.422653,12.9686],[78.457901,12.963242],[78.451576,13.031532],[78.504578,13.052762],[78.501923,13.081661],[78.527962,13.09736],[78.511139,13.10633],[78.508751,13.11959],[78.535446,13.13074],[78.53878,13.151571],[78.569077,13.156483],[78.563339,13.177401],[78.542473,13.18017],[78.540947,13.187251],[78.56868,13.204263],[78.557198,13.212021],[78.558876,13.227131],[78.577469,13.26205],[78.555656,13.29943],[78.550606,13.27603],[78.528763,13.275862],[78.520798,13.255591],[78.50116,13.277211],[78.472557,13.291132],[78.471748,13.30792],[78.435982,13.29835],[78.424469,13.319101],[78.391251,13.30371],[78.366997,13.32004],[78.371292,13.332409],[78.38839,13.318452],[78.397377,13.332332],[78.374771,13.34641],[78.356407,13.34672],[78.355156,13.355071],[78.371277,13.391001],[78.362556,13.452071],[78.367287,13.495172],[78.397758,13.566192],[78.390762,13.5781],[78.312477,13.583502],[78.24968,13.574301],[78.227692,13.587221],[78.22261,13.57709],[78.208496,13.581881],[78.195839,13.560681],[78.183273,13.55638],[78.179466,13.578941],[78.193741,13.594902],[78.193939,13.616159],[78.160538,13.62343],[78.155762,13.64871],[78.107361,13.647092],[78.090607,13.633],[78.080727,13.635341],[78.079987,13.65039],[78.058342,13.66697],[78.064056,13.68818],[78.085152,13.680632],[78.105377,13.684401],[78.109383,13.710231],[78.084923,13.733492],[78.118233,13.7769],[78.107658,13.8036],[78.117256,13.821772],[78.106041,13.853541],[78.074913,13.854919],[78.070923,13.87196],[78.041153,13.886729],[78.037827,13.85285],[77.985161,13.86167],[77.965782,13.82016],[77.94458,13.819971],[77.942467,13.880231],[77.978027,13.89335],[77.978577,13.947651],[77.961273,13.949971],[77.95076,13.92792],[77.911606,13.897241],[77.889687,13.911351],[77.886986,13.931182],[77.830116,13.927152],[77.818291,13.934881],[77.806358,13.908641],[77.825043,13.879901],[77.827248,13.8716],[77.819206,13.866021],[77.827721,13.86062],[77.80278,13.84067],[77.776039,13.835911],[77.778488,13.812892],[77.728416,13.80174],[77.71286,13.79052],[77.708748,13.732739],[77.702187,13.730991],[77.695526,13.761432],[77.663712,13.75226],[77.670227,13.777499],[77.649086,13.77584],[77.610466,13.75544],[77.612648,13.74687],[77.633751,13.741291],[77.636749,13.735242],[77.628517,13.729941],[77.615646,13.728361],[77.595596,13.743579],[77.556076,13.71646],[77.539513,13.74372],[77.519669,13.74385],[77.515121,13.73704],[77.527542,13.71903],[77.521523,13.68787],[77.512329,13.68568],[77.502769,13.70441],[77.487343,13.706792],[77.479721,13.703211],[77.482941,13.679702],[77.449753,13.675791],[77.444817,13.695761],[77.456848,13.71264],[77.462616,13.743579],[77.45079,13.785531],[77.457451,13.79705],[77.440567,13.802292],[77.428658,13.78799],[77.416893,13.79094],[77.419258,13.79971],[77.408661,13.799252],[77.42453,13.83513],[77.372856,13.831289],[77.359467,13.845671],[77.320007,13.825751],[77.306931,13.85724],[77.282928,13.84098],[77.250443,13.839471],[77.253036,13.856121],[77.240738,13.865882],[77.241562,13.888851],[77.233841,13.894932],[77.225479,13.89547],[77.21151,13.861419],[77.204941,13.881161],[77.196892,13.85953],[77.178802,13.85984],[77.177032,13.9174],[77.155937,13.899812],[77.162491,13.85698],[77.139389,13.85904],[77.123886,13.84939],[77.162247,13.820741],[77.154099,13.800562],[77.171341,13.77205],[77.16658,13.754669],[77.12352,13.750891],[77.095268,13.76088],[77.08036,13.753423],[77.080589,13.737391],[77.060043,13.738861],[77.026367,13.771441],[77.019867,13.76986],[77.011421,13.732721],[76.992592,13.742551],[76.981232,13.7858],[76.983719,13.80419],[76.968391,13.81439],[76.986259,13.83923],[77.005989,13.85009],[77.017281,13.893371],[77.041283,13.8974],[77.035843,13.925591],[76.988998,13.956692],[76.994377,13.981491],[76.931099,14.022732],[76.937973,14.0476],[76.971527,14.052391],[76.975006,14.06527],[76.968086,14.07974],[76.946297,14.08526],[76.942917,14.111901],[76.926979,14.12721],[76.912506,14.122109],[76.883682,14.131032],[76.891426,14.158999],[76.917183,14.157671],[76.936981,14.165892],[76.941643,14.189312],[76.958496,14.175509],[77.019829,14.172702],[77.013802,14.127401],[77.020271,14.122321],[77.008316,14.098131],[77.023987,14.083371],[77.023697,14.053259],[77.069031,14.04719],[77.076492,14.03805],[77.121101,14.04218],[77.134346,13.998131],[77.147339,13.991622],[77.171387,14.008599],[77.242569,14.006311],[77.271507,14.028102],[77.272606,14.00802],[77.278511,14.006901],[77.303558,14.02673],[77.313492,14.02482],[77.33033,13.990359],[77.353783,13.982321],[77.343742,13.950892],[77.36261,13.942301],[77.342613,13.912242],[77.348343,13.896541],[77.390419,13.89769],[77.391861,13.87989],[77.397057,13.880541],[77.425629,13.902052],[77.427406,13.90922],[77.410156,13.914601],[77.407707,13.9361],[77.428703,13.943341],[77.430641,13.96878],[77.420502,13.976871],[77.375656,13.969111],[77.383362,14.007359],[77.326187,14.02294],[77.337967,14.053831],[77.358559,14.058929],[77.395447,14.103441],[77.38974,14.11857],[77.344536,14.096011],[77.347733,14.124341],[77.376686,14.129601],[77.389717,14.16526],[77.409721,14.16972],[77.463333,14.16423],[77.500443,14.150961],[77.510353,14.17202],[77.490082,14.227631],[77.499367,14.26051],[77.479347,14.284771],[77.454697,14.27219],[77.443626,14.277551],[77.442337,14.309751],[77.427528,14.30485],[77.425873,14.320811],[77.39489,14.32916],[77.385658,14.32487],[77.375008,14.295189],[77.384338,14.265611],[77.401016,14.26041],[77.415703,14.211962],[77.414879,14.203221],[77.383789,14.191821],[77.381622,14.21018],[77.355408,14.23004],[77.359261,14.26933],[77.279587,14.27609],[77.281143,14.331111],[77.231956,14.31107],[77.196358,14.3143],[77.152153,14.337741],[77.13192,14.330591],[77.125771,14.301532],[77.111923,14.287531],[77.106926,14.261761],[77.115517,14.25682],[77.10508,14.213282],[77.07534,14.20935],[77.049629,14.239542],[77.00412,14.231569],[76.937843,14.240121],[76.924858,14.272181],[76.943756,14.281681],[76.950111,14.294029],[76.94294,14.305379],[76.898972,14.319241],[76.879097,14.34639],[76.883141,14.390291],[76.913101,14.413552],[76.941566,14.399542],[76.943787,14.445102],[76.964371,14.451741],[76.973396,14.478281],[76.906517,14.484161],[76.870201,14.46844],[76.854218,14.49888],[76.827583,14.523059],[76.799728,14.527732],[76.776283,14.59033],[76.76091,14.596281],[76.771278,14.67384],[76.798073,14.734591],[76.78035,14.779262],[76.833771,14.784909],[76.837212,14.804141],[76.84874,14.804031],[76.840088,14.830041],[76.854118,14.861372],[76.843773,14.88642],[76.860306,14.89119],[76.865479,14.9376],[76.864456,14.96402],[76.841156,14.961171],[76.827896,14.95101],[76.815453,14.96381],[76.763771,14.96987],[76.756989,14.982971],[76.784576,15.01667],[76.770821,15.058289],[76.774223,15.071381],[76.796936,15.09076],[76.860573,15.05671],[76.876701,15.028679],[76.942749,15.027031],[76.981781,15.010361],[76.983513,15.020422],[77.000679,15.02959],[77.046883,15.029212],[77.041008,15.005482],[77.078819,15.00001],[77.082069,15.02229],[77.109573,15.028569],[77.127609,15.093641],[77.154037,15.120521],[77.152763,15.131621],[77.13208,15.142681],[77.136971,15.149252],[77.157707,15.148951],[77.164482,15.16847],[77.158157,15.19382],[77.14138,15.218132],[77.120903,15.221241],[77.140251,15.251551],[77.165253,15.250972],[77.164146,15.25907],[77.145172,15.266051],[77.147911,15.28567],[77.115417,15.28985],[77.109688,15.327282],[77.061577,15.32186],[77.062897,15.33791],[77.038033,15.358782],[77.043823,15.383741],[77.028542,15.401302],[77.027397,15.435181],[77.006096,15.448231],[76.97039,15.490922],[76.971893,15.506331],[77.026596,15.49999],[77.029282,15.633839],[77.068871,15.640909],[77.081436,15.652841],[77.116203,15.62511],[77.120926,15.637201],[77.124977,15.659051],[77.075928,15.690879],[77.084366,15.70896],[77.076256,15.710371],[77.076271,15.721411],[77.047089,15.725012],[77.043228,15.734482],[77.067238,15.79605],[77.061516,15.797921],[77.063889,15.82317],[77.041542,15.821661],[77.02227,15.83178],[77.065956,15.899311],[77.090057,15.91787],[77.143433,15.9406],[77.248917,15.957741],[77.282448,15.947362],[77.353607,15.943702],[77.376221,15.93325],[77.426422,15.942279],[77.509453,15.92086],[77.5159,15.957461],[77.505516,15.972669],[77.510109,16.002251],[77.501686,16.005541],[77.490723,16.03063],[77.502937,16.073233],[77.492889,16.083771],[77.509399,16.103531],[77.486671,16.115761],[77.483627,16.15855],[77.494919,16.18712],[77.495323,16.213001],[77.511169,16.21719],[77.510757,16.223339],[77.488762,16.22435],[77.487556,16.249821],[77.501228,16.267811],[77.519333,16.270882],[77.533783,16.26263],[77.543213,16.28706],[77.564987,16.29771],[77.590302,16.286852],[77.584389,16.328041],[77.591606,16.337511],[77.554527,16.34156],[77.51886,16.37011],[77.494492,16.37579],[77.43811,16.37443],[77.411743,16.36268],[77.373199,16.379921],[77.342949,16.379721],[77.28466,16.403],[77.258209,16.447309],[77.235176,16.468081],[77.292,16.473639],[77.296646,16.49147],[77.324409,16.48093],[77.366287,16.48411],[77.369087,16.50211],[77.379082,16.510721],[77.415321,16.51783],[77.415657,16.544001],[77.401573,16.54678],[77.391441,16.565201],[77.41729,16.56391],[77.436729,16.581209],[77.464172,16.584209],[77.458778,16.592051],[77.463631,16.604811],[77.453827,16.613798],[77.469391,16.646912],[77.432938,16.637638],[77.436226,16.64253],[77.416847,16.654751],[77.416573,16.662811],[77.465042,16.678282],[77.466797,16.711941],[77.43737,16.707548],[77.423416,16.714531],[77.437538,16.783211],[77.471138,16.779131],[77.471756,16.796289],[77.456627,16.82375],[77.4534,16.909033],[77.467743,16.91711],[77.464073,16.95269],[77.479187,16.968033],[77.478371,16.99025],[77.49939,17.00732],[77.476921,17.076233],[77.460312,17.09284],[77.462639,17.104071],[77.376328,17.13789],[77.37542,17.148701],[77.359993,17.161621],[77.37075,17.190071],[77.391487,17.192369],[77.398811,17.208778],[77.380356,17.21977],[77.405457,17.23741],[77.41494,17.229879],[77.422577,17.25325],[77.454506,17.27589],[77.452797,17.286631],[77.434021,17.28826],[77.455101,17.33791],[77.451599,17.370491],[77.479317,17.369612],[77.474472,17.359171],[77.499123,17.354071],[77.528023,17.37211],[77.521332,17.386332],[77.535507,17.4041],[77.510689,17.41254],[77.510147,17.427259],[77.53347,17.44095],[77.572563,17.42952],[77.573196,17.454201],[77.595901,17.44268],[77.610611,17.444233],[77.610947,17.46994],[77.640427,17.476011],[77.652763,17.50325],[77.648087,17.481178],[77.684013,17.472851],[77.686966,17.49157],[77.685623,17.50565],[77.666069,17.509951],[77.656616,17.521339],[77.621216,17.522251],[77.616577,17.52935],[77.591728,17.532681],[77.589828,17.562759],[77.548393,17.549459],[77.536697,17.571329],[77.52742,17.573221],[77.501617,17.54088],[77.489998,17.566271],[77.474083,17.565111],[77.46122,17.57703],[77.439926,17.58147],[77.440506,17.604092],[77.453217,17.63077],[77.445007,17.64842],[77.450348,17.691299],[77.484467,17.70365],[77.494278,17.71604],[77.53936,17.725422],[77.562027,17.74711],[77.565956,17.764111],[77.554451,17.761259],[77.504486,17.782591],[77.51088,17.801441],[77.526077,17.811689],[77.526001,17.826818],[77.543716,17.826269],[77.549736,17.818029],[77.572746,17.87281],[77.596687,17.870451],[77.585167,17.90823],[77.616577,17.902868],[77.616798,17.938101],[77.62886,17.948511],[77.623741,17.95775],[77.629723,17.962971],[77.64399,17.946371],[77.644257,17.96269],[77.653397,17.969353],[77.643608,17.97345],[77.646179,17.9932],[77.628799,17.992519],[77.606667,18.018011],[77.592247,18.010168],[77.584969,18.02479],[77.553116,18.03467],[77.545746,18.053761],[77.547432,18.063631],[77.556709,18.06217],[77.567337,18.07629],[77.597458,18.08429],[77.597771,18.15184],[77.579361,18.162121],[77.564308,18.20055],[77.574387,18.199921],[77.584961,18.216742],[77.572533,18.240561],[77.60302,18.278],[77.570656,18.29047],[77.560982,18.28311],[77.549957,18.291349],[77.570229,18.30818],[77.566917,18.317949],[77.519501,18.349253],[77.5214,18.364651],[77.549301,18.387718],[77.555206,18.417852],[77.52594,18.427351],[77.528481,18.440481],[77.560173,18.435049],[77.585213,18.44545],[77.583649,18.45355],[77.546196,18.463383],[77.570633,18.46686],[77.576523,18.48378],[77.601067,18.474211],[77.602837,18.491381],[77.586273,18.50292],[77.601448,18.52195],[77.593292,18.523142],[77.597267,18.547541],[77.613297,18.542391],[77.616333,18.54867],[77.634407,18.545181],[77.648811,18.55262],[77.645287,18.536301],[77.65757,18.527201],[77.712357,18.55444],[77.736511,18.55481],[77.748093,18.60531],[77.729721,18.642733],[77.728111,18.664209],[77.757629,18.70709],[77.764381,18.707939],[77.769402,18.69059],[77.786438,18.68412],[77.837463,18.807461],[77.907593,18.829519],[77.942551,18.82229],[77.944138,18.842291],[77.929649,18.846491],[77.925339,18.859211],[77.8992,18.867928],[77.898659,18.883739],[77.887672,18.88512],[77.881577,18.908531],[77.8405,18.911301],[77.853729,18.952278],[77.812691,18.949459],[77.817139,18.98237],[77.787132,18.984282],[77.781509,18.97632],[77.767357,18.981421],[77.765327,19.01539],[77.757393,19.028551],[77.761688,19.06204],[77.79718,19.05131],[77.793533,19.071211],[77.80265,19.101961],[77.81517,19.103662],[77.828613,19.084942],[77.848137,19.09008],[77.845192,19.11421],[77.831093,19.135653],[77.849243,19.155281],[77.858391,19.180773],[77.844536,19.18819],[77.84655,19.19698],[77.867386,19.25526],[77.900391,19.256121],[77.905708,19.26722],[77.900673,19.277128],[77.861923,19.2841],[77.860878,19.30213],[77.893257,19.321161],[77.912277,19.317951],[77.940628,19.342501],[77.948921,19.34128],[78.045746,19.270861],[78.051132,19.24176],[78.082253,19.25477],[78.099388,19.24548],[78.126709,19.246403],[78.149742,19.230051],[78.170059,19.23633],[78.186409,19.24935],[78.183151,19.278961],[78.197151,19.33173],[78.179596,19.35301],[78.187569,19.39562],[78.182167,19.41177],[78.198112,19.40745],[78.224266,19.434032],[78.251999,19.43005],[78.273216,19.45384],[78.297333,19.44883],[78.308891,19.456409],[78.310013,19.486431],[78.299431,19.504129],[78.295029,19.537281],[78.279106,19.558201],[78.296509,19.55838],[78.31115,19.57177],[78.310989,19.604179],[78.28756,19.654461],[78.269722,19.66313],[78.285812,19.689671],[78.316063,19.690552],[78.322693,19.70365],[78.345276,19.71357],[78.345413,19.734423],[78.353203,19.737751],[78.367737,19.78108],[78.360489,19.80574],[78.335983,19.818661],[78.338997,19.83918],[78.294128,19.84955],[78.310196,19.912741],[78.328377,19.916088],[78.335106,19.91011],[78.322968,19.894972],[78.33625,19.88319],[78.384148,19.879223],[78.385933,19.852701],[78.397659,19.836403],[78.428673,19.823111],[78.476189,19.81636],[78.493919,19.79315],[78.50367,19.792419],[78.51239,19.81428],[78.526268,19.821659],[78.584991,19.811689],[78.603653,19.817501],[78.695908,19.789711],[78.716446,19.7668],[78.73835,19.77943],[78.784866,19.778749],[78.80761,19.75799],[78.845627,19.75835],[78.86348,19.69677],[78.858803,19.656311],[78.890976,19.65526],[78.915909,19.66773],[78.954193,19.66341],[78.968956,19.649233],[78.96286,19.617323],[78.98053,19.585081],[78.949562,19.55747],[78.954552,19.55183],[78.978477,19.550922],[78.992859,19.56204],[79.018356,19.53997],[79.051521,19.545273],[79.063393,19.53125],[79.102867,19.52795],[79.104736,19.512741],[79.140266,19.50111],[79.177788,19.460691],[79.222939,19.467791],[79.206848,19.491671],[79.215706,19.51058],[79.236633,19.526798],[79.239769,19.559481],[79.250107,19.577681],[79.237701,19.599541],[79.243866,19.612553],[79.30484,19.590151],[79.314262,19.565521],[79.329681,19.573681],[79.369026,19.571232],[79.371193,19.561548],[79.413612,19.53348],[79.441261,19.53351],[79.470421,19.497452],[79.513397,19.518061],[79.514992,19.54195],[79.542656,19.548523],[79.552498,19.520042],[79.582657,19.503052],[79.598053,19.503771],[79.621391,19.5651],[79.639717,19.575001],[79.712929,19.58333],[79.740326,19.60314],[79.77755,19.597679],[79.793297,19.58009],[79.811096,19.573841],[79.828217,19.53701],[79.870216,19.504961],[79.911026,19.49234],[79.940208,19.46451],[79.94577,19.440781],[79.973053,19.40102],[79.957153,19.33457],[79.961777,19.297491],[79.945183,19.284121],[79.920166,19.22641],[79.922508,19.203409],[79.943207,19.170601],[79.871208,19.1227],[79.858047,19.104111],[79.859589,19.03463],[79.916107,19.047359],[79.92598,19.04249],[79.934486,19.0217],[79.939003,18.858892],[79.925507,18.837542],[79.894012,18.830839],[79.909096,18.80669],[79.931992,18.78443],[80.012352,18.76676],[80.046356,18.720921],[80.061897,18.716513],[80.110817,18.676189],[80.158081,18.69594],[80.170967,18.67734],[80.188957,18.675581],[80.201912,18.697441],[80.246666,18.701321],[80.26754,18.71797],[80.29631,18.68564],[80.319313,18.621733],[80.341843,18.586441],[80.362518,18.603741],[80.381561,18.593599],[80.450203,18.62635],[80.483467,18.62812],[80.510712,18.615671],[80.531998,18.58606],[80.632683,18.518841],[80.63459,18.498631],[80.65078,18.472281],[80.698891,18.436001],[80.69101,18.41935],[80.713028,18.405731],[80.72654,18.408991],[80.716263,18.38294],[80.742928,18.322161],[80.744621,18.302181],[80.788116,18.25404],[80.784286,18.243271],[80.733269,18.21879],[80.734558,18.171713],[80.762398,18.16297],[80.797928,18.1663],[80.817917,18.18712],[80.817192,18.22521],[80.82959,18.234119],[80.8591,18.226002],[80.867493,18.207258],[80.848198,18.197651],[80.862022,18.132669],[80.900726,18.13467],[80.954193,18.166981],[80.973679,18.16815],[80.972633,18.143551],[80.949356,18.12318],[80.943993,18.08102],[80.965958,18.043468],[80.962273,18.03153],[80.98465,17.922901],[80.994339,17.91423],[81.004349,17.838348],[81.032448,17.78973],[81.045227,17.783991],[81.073601,17.786291],[81.089088,17.810871],[81.159569,17.852631],[81.191963,17.847101],[81.263367,17.810463],[81.409256,17.804838],[81.419418,17.820599],[81.437569,17.81529],[81.466843,17.824921],[81.48584,17.80261],[81.55394,17.816368],[81.568741,17.827881],[81.611153,17.815363],[81.642792,17.839281],[81.649063,17.862469],[81.663063,17.87693],[81.688286,17.8848],[81.703171,17.86113],[81.782417,17.90974],[81.801041,17.936081],[81.951767,17.9921],[82.001686,18.023661],[82.001579,18.044811],[82.024658,18.05788],[82.059723,18.045118],[82.065643,18.04892],[82.058983,18.058451],[82.072212,18.065638],[82.092361,18.052761],[82.113266,18.057821],[82.127083,18.051001],[82.13237,18.03562],[82.160347,18.043598],[82.177406,18.010571],[82.236992,17.99201],[82.241707,17.979761],[82.261078,17.982401],[82.270523,17.997742],[82.268936,18.019939],[82.258156,18.03487],[82.266953,18.048271],[82.297897,18.06196],[82.292809,18.054333],[82.306343,18.044991],[82.305527,18.037809],[82.316963,18.03602],[82.312996,18.045191],[82.321823,18.05018],[82.329773,18.040411],[82.343628,18.074991],[82.332161,18.094122],[82.333366,18.14238],[82.357567,18.125101],[82.364296,18.134859],[82.348732,18.161833],[82.310303,18.174603],[82.306099,18.19566],[82.332817,18.21579],[82.32132,18.22246],[82.331009,18.23336],[82.336899,18.266241],[82.37188,18.274101],[82.393013,18.30644],[82.384369,18.318701],[82.348747,18.30615],[82.334442,18.317133],[82.37635,18.35327],[82.38443,18.36911],[82.36129,18.40991],[82.474007,18.536833],[82.485321,18.533701],[82.475739,18.529408],[82.481453,18.51506],[82.499153,18.501751],[82.507408,18.50808],[82.523132,18.503929],[82.519516,18.482512],[82.527512,18.46822],[82.516136,18.455881],[82.530151,18.434311],[82.538361,18.44318],[82.553772,18.437651],[82.535912,18.408319],[82.535156,18.389561],[82.570602,18.38419],[82.60051,18.36871],[82.598579,18.354012],[82.611282,18.34646],[82.596512,18.34087],[82.602142,18.317261],[82.589668,18.319483],[82.576439,18.30681],[82.59095,18.29196],[82.580742,18.2701],[82.626877,18.228741],[82.645309,18.24045],[82.644859,18.257078],[82.658836,18.28661],[82.698097,18.29627],[82.710907,18.31282],[82.734329,18.313251],[82.751038,18.328333],[82.767052,18.331079],[82.784218,18.354151],[82.777908,18.37092],[82.793297,18.39497],[82.781181,18.39945],[82.776222,18.419691],[82.799171,18.439402],[82.818359,18.43853],[82.84491,18.409773],[82.848633,18.415009],[82.87001,18.4062],[82.884613,18.41276],[82.890953,18.39222],[82.884903,18.37862],[82.902748,18.355911],[82.927612,18.360989],[82.932686,18.35137],[82.976448,18.354912],[82.991966,18.374998],[83.017181,18.384501],[83.03698,18.369843],[83.053391,18.375299],[83.066498,18.39226],[83.055817,18.404369],[83.05983,18.428633],[83.037437,18.418949],[83.037323,18.43483],[83.015411,18.444429],[83.051796,18.477489],[83.089333,18.53791],[83.07148,18.542492],[83.051178,18.53491],[83.032478,18.54789],[83.026863,18.567961],[83.053947,18.58647],[83.041107,18.596731],[83.027702,18.582272],[83.008041,18.588421],[83.021263,18.610451],[83.009682,18.63653],[83.050972,18.65416],[83.070732,18.697191],[83.116501,18.747971],[83.11219,18.75828],[83.132957,18.772449],[83.150833,18.75869],[83.168549,18.759069],[83.185371,18.744143],[83.201706,18.742229],[83.205063,18.71586],[83.222351,18.74505],[83.219391,18.76582],[83.266098,18.75701],[83.279503,18.7896],[83.304222,18.79887],[83.333336,18.792671],[83.339279,18.803091],[83.356293,18.800119],[83.359993,18.80735],[83.350113,18.821638],[83.358879,18.832001],[83.372833,18.821211],[83.396301,18.830709],[83.397873,18.852591],[83.411339,18.859341],[83.385391,18.873262],[83.37249,18.889839],[83.383911,18.899691],[83.360527,18.901171],[83.346611,18.92687],[83.34903,18.93384],[83.362762,18.930071],[83.371002,18.917089],[83.380226,18.923283],[83.363899,18.937931],[83.361069,18.953402],[83.345757,18.9571],[83.34137,18.9184],[83.32901,18.916908],[83.318497,18.93362],[83.332458,18.943371],[83.305267,18.989681],[83.329178,18.98818],[83.334976,19.00672],[83.346336,19.00989],[83.35498,19.00939],[83.362328,18.99473],[83.408852,18.996191],[83.408783,18.979891],[83.442673,18.947741],[83.455482,18.94558],[83.460297,18.98078],[83.450226,18.982422],[83.448517,18.999632],[83.474602,19.000313],[83.477966,19.021191],[83.456703,19.05611],[83.459396,19.069672],[83.473236,19.077763],[83.493629,19.053089],[83.505386,19.064772],[83.513672,19.02478],[83.493553,19.0268],[83.495399,19.011091],[83.531387,19.005421],[83.534828,19.02862],[83.552299,19.04719],[83.546432,19.07383],[83.554977,19.078131],[83.557663,19.05138],[83.578766,19.049789],[83.58445,19.079731],[83.604416,19.088181],[83.594299,19.120331],[83.61409,19.13382],[83.623283,19.153631],[83.629837,19.126991],[83.649437,19.12188],[83.64473,19.113291],[83.656853,19.07494],[83.684387,19.04393],[83.697021,19.016479],[83.723251,19.0119],[83.705002,18.99947],[83.705742,18.985241],[83.726303,18.975561],[83.745827,18.918173],[83.767502,18.902363],[83.780067,18.907721],[83.761482,18.944601],[83.750366,18.94437],[83.739563,18.978441],[83.77565,19.008961],[83.788307,19.007811],[83.814766,18.953178],[83.816933,18.909403],[83.837723,18.908609],[83.837097,18.86471],[83.843666,18.8514],[83.864342,18.839041],[83.870178,18.81843],[83.88324,18.819691],[83.886879,18.805408],[83.907753,18.816389],[83.933586,18.806858],[83.939789,18.7966],[83.964027,18.80411],[84.027061,18.8022],[84.047943,18.78348],[84.049202,18.770651],[84.058609,18.768101],[84.065773,18.751699],[84.081779,18.74464],[84.10759,18.754801],[84.12294,18.748268],[84.131363,18.764803],[84.151367,18.775761],[84.179817,18.76897],[84.181511,18.777521],[84.216713,18.787281],[84.25219,18.772482],[84.28392,18.790821],[84.312492,18.77919],[84.332222,18.792023],[84.329323,18.808998],[84.344101,18.811941],[84.336021,18.866711],[84.351463,18.850901],[84.362411,18.851061],[84.371567,18.86722],[84.351448,18.8832],[84.383232,18.86928],[84.387627,18.877668],[84.365318,18.896259],[84.397827,18.88612],[84.412086,18.89394],[84.406151,18.90612],[84.417969,18.90066],[84.42939,18.913683],[84.415596,18.93804],[84.440643,18.96693],[84.415131,19.013861],[84.471657,18.98122],[84.477829,19.007891],[84.489388,19.02095],[84.509918,19.03746],[84.553596,19.047409],[84.566139,19.065039],[84.578117,19.062128],[84.575317,19.027191],[84.590118,19.01338],[84.614189,19.046721],[84.612717,19.054831],[84.654533,19.052311],[84.664589,19.066292],[84.648712,19.0842],[84.631447,19.07262],[84.619827,19.076509],[84.591843,19.12384],[84.609398,19.117451],[84.661171,19.121861],[84.665016,19.156731],[84.705223,19.14901],[84.693916,19.121552],[84.697548,19.108818],[84.761017,19.071312],[84.746246,19.048471],[84.687637,18.972361],[84.664581,18.965694],[84.667915,18.957085],[84.683212,18.967642],[84.669304,18.951529],[84.589584,18.872917],[84.582642,18.876251],[84.57653,18.837086],[84.557083,18.817362],[84.553467,18.791809],[84.465698,18.712921],[84.440971,18.680149],[84.440697,18.66403],[84.37764,18.60597],[84.354858,18.564306],[84.344307,18.561531],[84.340698,18.557083],[84.339027,18.550694],[84.355698,18.563194],[84.356247,18.556805],[84.20208,18.42625],[84.150414,18.373472],[84.137085,18.349306],[84.125687,18.35153],[84.12986,18.31514],[84.12458,18.309305],[84.075966,18.277639],[83.950691,18.216806],[83.889313,18.19681],[83.86264,18.175695],[83.784576,18.147367],[83.71347,18.110695],[83.572639,18.018194],[83.559303,17.999031],[83.559029,17.983473],[83.529587,17.949306],[83.460419,17.904583],[83.459587,17.920141],[83.457359,17.920694],[83.454582,17.88764],[83.409859,17.843472],[83.41597,17.83375],[83.410141,17.810421],[83.384583,17.77709],[83.34903,17.750694],[83.344307,17.724861],[83.306526,17.702084],[83.306526,17.68819],[83.301247,17.695972],[83.282356,17.68931],[83.272636,17.711811],[83.263474,17.710972],[83.282356,17.687641],[83.298187,17.686531],[83.295418,17.675138],[83.235413,17.62903],[83.238197,17.611811],[83.21347,17.590973],[83.175697,17.57542],[83.162361,17.561251],[83.03347,17.51375],[83.008194,17.499582],[82.990692,17.472361],[82.874863,17.420141],[82.873192,17.428473],[82.87764,17.431528],[82.880417,17.435421],[82.879585,17.436251],[82.872917,17.43125],[82.868202,17.42181],[82.869858,17.415703],[82.738747,17.360971],[82.612358,17.292084],[82.607635,17.296249],[82.609306,17.28986],[82.477638,17.204861],[82.367363,17.10598],[82.365143,17.11014],[82.368462,17.11347],[82.369026,17.11792],[82.368462,17.11875],[82.363197,17.10931],[82.365692,17.104584],[82.355972,17.094305],[82.35125,17.097919],[82.297638,17.032921],[82.278473,16.993193],[82.285698,16.983191],[82.276253,16.98181],[82.284027,16.974028],[82.270416,16.96125],[82.271797,16.940969],[82.249031,16.93042],[82.256248,16.886528],[82.269859,16.87569],[82.281807,16.87764],[82.282356,16.865129],[82.28653,16.877083],[82.302643,16.864311],[82.313194,16.851805],[82.311806,16.840139],[82.325691,16.855421],[82.354309,16.851528],[82.363472,16.909033],[82.359306,16.944311],[82.324303,16.98875],[82.341248,16.985418],[82.357918,16.963753],[82.365692,16.902081],[82.342918,16.737917],[82.311806,16.733473],[82.299515,16.714333]]]]}},{"type":"Feature","properties":{"name":"Arunachal Pradesh","code":""},"geometry":{"type":"Polygon","coordinates":[[[96.149986,29.39926],[96.185783,29.344481],[96.183083,29.309252],[96.203239,29.293619],[96.210052,29.27486],[96.243568,29.235123],[96.292999,29.235788],[96.312607,29.2591],[96.345337,29.267351],[96.363152,29.285631],[96.374977,29.28373],[96.392807,29.2565],[96.387711,29.233711],[96.371368,29.218031],[96.358498,29.181629],[96.346359,29.17103],[96.260201,29.16016],[96.217499,29.1381],[96.200333,29.10593],[96.185623,29.09462],[96.114502,29.077602],[96.150391,29.053141],[96.184853,28.988119],[96.180443,28.96854],[96.155167,28.955603],[96.145248,28.937489],[96.162979,28.92206],[96.166527,28.90593],[96.248299,28.942841],[96.293701,28.99873],[96.346703,29.032269],[96.435791,29.037588],[96.5252,29.079281],[96.477402,28.99404],[96.487526,28.96534],[96.518829,28.970989],[96.538727,28.920982],[96.537453,28.884121],[96.603836,28.80442],[96.615997,28.77858],[96.613617,28.759798],[96.585938,28.721588],[96.522369,28.708981],[96.49057,28.688498],[96.47274,28.68821],[96.494057,28.638191],[96.42807,28.587141],[96.400917,28.594311],[96.406609,28.564041],[96.354607,28.560591],[96.325676,28.53401],[96.366608,28.504728],[96.372963,28.48704],[96.263771,28.41338],[96.304642,28.40472],[96.319878,28.38616],[96.370941,28.3943],[96.380013,28.364092],[96.392151,28.36265],[96.399406,28.3445],[96.422859,28.350971],[96.431999,28.391731],[96.458267,28.419222],[96.479988,28.42461],[96.510262,28.418308],[96.57959,28.463093],[96.664566,28.465771],[96.7062,28.437469],[96.751053,28.421713],[96.774376,28.374071],[96.852219,28.368361],[96.862488,28.378309],[96.898666,28.3859],[96.91996,28.36335],[96.925903,28.34503],[96.952766,28.339951],[96.996498,28.316231],[97.02269,28.32626],[97.051819,28.358068],[97.092567,28.369692],[97.125938,28.35622],[97.151993,28.33403],[97.17392,28.299061],[97.224243,28.299891],[97.241241,28.275131],[97.282066,28.27626],[97.306328,28.263968],[97.313042,28.251831],[97.374657,28.225601],[97.400566,28.2005],[97.392227,28.1912],[97.372017,28.200399],[97.363571,28.196468],[97.330803,28.162971],[97.324699,28.14823],[97.339012,28.119541],[97.310211,28.09325],[97.307747,28.077101],[97.331673,28.065363],[97.37352,28.070238],[97.367973,28.052429],[97.377068,28.039091],[97.415161,28.02408],[97.411629,28.015141],[97.391212,28.01193],[97.378067,27.986151],[97.375618,27.944389],[97.387688,27.9266],[97.378563,27.918011],[97.389023,27.896379],[97.364799,27.88513],[97.343521,27.89406],[97.321167,27.889511],[97.323936,27.91186],[97.308708,27.92996],[97.256477,27.909531],[97.167809,27.83626],[97.160347,27.822592],[97.137352,27.815062],[97.124283,27.7985],[97.102463,27.793421],[97.09642,27.749929],[97.067543,27.759722],[97.028572,27.749121],[97.015747,27.740631],[96.978302,27.671873],[96.942322,27.66745],[96.928963,27.656033],[96.919449,27.631451],[96.897583,27.620802],[96.899223,27.59363],[96.914032,27.58843],[96.91581,27.558283],[96.937683,27.53006],[96.913857,27.488413],[96.91185,27.462709],[96.933342,27.450512],[96.941391,27.42695],[96.965523,27.415359],[96.97554,27.396002],[96.971741,27.37895],[96.997467,27.355101],[97.003342,27.329941],[97.040329,27.307859],[97.043587,27.289751],[97.056671,27.285641],[97.094078,27.24789],[97.100502,27.214979],[97.116699,27.209221],[97.127296,27.185171],[97.149918,27.178341],[97.167206,27.155479],[97.171738,27.13681],[97.155907,27.126381],[97.146431,27.10284],[97.130989,27.103741],[97.108559,27.12126],[97.062683,27.11116],[97.03022,27.141741],[96.984657,27.16671],[96.918411,27.175489],[96.866226,27.19969],[96.863373,27.21924],[96.890007,27.23687],[96.888779,27.263599],[96.861717,27.272511],[96.849747,27.30628],[96.824867,27.320471],[96.802361,27.354431],[96.772957,27.36496],[96.740692,27.36446],[96.712547,27.38073],[96.699097,27.365561],[96.620483,27.37282],[96.598297,27.356451],[96.600807,27.344631],[96.522331,27.29397],[96.505386,27.3076],[96.486031,27.305231],[96.470749,27.312462],[96.433487,27.30994],[96.391571,27.29458],[96.36412,27.300161],[96.347717,27.288391],[96.310837,27.30204],[96.290428,27.294071],[96.278656,27.279383],[96.234329,27.28488],[96.182098,27.25425],[96.163689,27.25448],[96.099022,27.231409],[96.086388,27.217051],[96.03643,27.196051],[96.016937,27.154791],[95.945969,27.05971],[95.877136,27.020498],[95.837967,27.01531],[95.807938,27.020451],[95.76088,26.963989],[95.763687,26.944981],[95.752548,26.930231],[95.758133,26.9149],[95.730812,26.887491],[95.703491,26.88719],[95.673363,26.910221],[95.650993,26.883848],[95.636757,26.87929],[95.632233,26.84948],[95.611519,26.821213],[95.574753,26.82567],[95.554756,26.839569],[95.532776,26.831209],[95.514801,26.8132],[95.489143,26.761671],[95.46566,26.75041],[95.423309,26.696712],[95.346649,26.67794],[95.302582,26.656021],[95.272026,26.662821],[95.250786,26.69239],[95.237633,26.686291],[95.236107,26.71221],[95.216141,26.735319],[95.2201,26.759821],[95.244919,26.787331],[95.215118,26.79838],[95.199043,26.83993],[95.208603,26.850719],[95.19561,26.849621],[95.184502,26.86483],[95.212852,26.885603],[95.233856,26.890841],[95.233963,26.920601],[95.225563,26.934429],[95.214447,26.936951],[95.213417,26.95879],[95.206757,26.962591],[95.215042,26.970371],[95.209961,26.98263],[95.195198,26.98999],[95.195518,27.04295],[95.213806,27.03348],[95.230911,27.04571],[95.24823,27.030252],[95.313179,27.08674],[95.348602,27.104761],[95.36647,27.11285],[95.376976,27.10218],[95.420273,27.130781],[95.457787,27.135641],[95.468643,27.1905],[95.459709,27.21343],[95.516182,27.268631],[95.520462,27.263741],[95.534813,27.27062],[95.556137,27.25437],[95.574463,27.25106],[95.590088,27.229521],[95.637001,27.23691],[95.684418,27.25741],[95.721077,27.257601],[95.80629,27.29174],[95.810196,27.28092],[95.860466,27.29421],[95.860847,27.279793],[95.872383,27.266911],[95.893967,27.263012],[95.906433,27.29188],[95.963219,27.317068],[95.968712,27.331831],[95.984207,27.334341],[95.970016,27.336981],[95.993683,27.35144],[95.996971,27.36348],[96.020912,27.37126],[95.989456,27.421721],[95.979523,27.42185],[95.977783,27.435499],[95.968033,27.42412],[95.967033,27.436661],[95.961052,27.428711],[95.94989,27.445021],[95.916847,27.443159],[95.893059,27.40604],[95.888657,27.444071],[95.864906,27.429012],[95.867332,27.41715],[95.849342,27.430321],[95.852913,27.444759],[95.863792,27.45203],[95.861168,27.466299],[95.876259,27.471109],[95.879051,27.499191],[95.889641,27.506168],[95.878479,27.519831],[95.881332,27.55323],[95.862358,27.552601],[95.852097,27.565651],[95.839897,27.56661],[95.821243,27.58172],[95.824196,27.60301],[95.798027,27.60783],[95.794296,27.62237],[95.787117,27.623409],[95.801453,27.64901],[95.779221,27.66054],[95.778473,27.67235],[95.796471,27.688061],[95.774551,27.696701],[95.770393,27.72003],[95.758217,27.73111],[95.787773,27.74205],[95.780533,27.758221],[95.823128,27.80925],[95.852097,27.83411],[95.876572,27.84177],[95.895027,27.867222],[95.907227,27.868641],[95.906181,27.87723],[95.914093,27.874651],[95.92128,27.890471],[95.927353,27.88726],[95.925011,27.900942],[95.938332,27.903271],[95.957542,27.93288],[95.952316,27.941841],[95.977463,27.9685],[95.825882,27.977371],[95.606743,27.957769],[95.588661,27.941629],[95.571213,27.942381],[95.565048,27.92252],[95.5438,27.91346],[95.543533,27.902323],[95.52623,27.8979],[95.515953,27.881788],[95.384338,27.842022],[95.316559,27.87113],[95.051826,27.79023],[95.031219,27.774771],[94.997879,27.77655],[94.860863,27.739479],[94.866028,27.73624],[94.853577,27.731621],[94.848793,27.710682],[94.839386,27.703541],[94.821266,27.69622],[94.795349,27.698078],[94.75592,27.666519],[94.720703,27.669991],[94.713066,27.660261],[94.689407,27.667191],[94.68251,27.64959],[94.648422,27.642071],[94.634453,27.628771],[94.591469,27.62281],[94.573532,27.60697],[94.526283,27.59577],[94.500229,27.577311],[94.479156,27.57699],[94.45974,27.557711],[94.43605,27.584421],[94.431038,27.603081],[94.367493,27.57675],[94.312408,27.589651],[94.298019,27.604271],[94.287659,27.591791],[94.276031,27.593349],[94.254089,27.613701],[94.267166,27.627863],[94.252228,27.64093],[94.235077,27.632511],[94.217438,27.609001],[94.211113,27.610842],[94.225052,27.598511],[94.226479,27.57563],[94.2565,27.557428],[94.259727,27.523491],[94.157211,27.478048],[94.160202,27.466471],[94.086349,27.40456],[94.060928,27.36356],[94.000008,27.334709],[93.901047,27.241541],[93.867447,27.198841],[93.808586,27.151751],[93.805611,27.137791],[93.797798,27.136009],[93.825493,27.119341],[93.835022,27.074991],[93.818787,27.064932],[93.812881,27.070681],[93.804886,27.06135],[93.797096,27.070883],[93.791191,27.054569],[93.783211,27.06719],[93.777946,27.052771],[93.7724,27.062302],[93.768478,27.043291],[93.718933,27.01922],[93.675781,26.971071],[93.489357,26.93853],[93.468109,26.93889],[93.447868,26.954151],[93.347939,26.963242],[93.222389,26.949141],[93.108963,26.92728],[93.091873,26.915541],[93.06884,26.92421],[93.019371,26.91683],[92.91777,26.964241],[92.916679,26.984652],[92.872437,27.0077],[92.769096,27.033041],[92.713676,27.026091],[92.658928,27.038521],[92.639099,27.018539],[92.645462,26.98745],[92.585213,26.961863],[92.459572,26.96331],[92.425766,26.943468],[92.411888,26.944191],[92.399757,26.926271],[92.35305,26.93557],[92.302856,26.92421],[92.303749,26.90954],[92.27639,26.90247],[92.254562,26.91223],[92.194847,26.891001],[92.107887,26.89382],[92.117386,26.960218],[92.113243,26.975731],[92.102127,26.983002],[92.103287,27.00775],[92.079803,27.020609],[92.076637,27.039848],[92.063957,27.05221],[92.044907,27.05197],[92.033745,27.064816],[92.022202,27.11492],[92.036476,27.138435],[92.023376,27.162334],[92.025223,27.171761],[92.056236,27.18959],[92.069649,27.22364],[92.065781,27.244961],[92.039597,27.266672],[92.070023,27.277361],[92.101624,27.26911],[92.119026,27.27589],[92.120613,27.287571],[92.058792,27.3272],[92.060204,27.345285],[92.046379,27.368361],[92.054474,27.400118],[92.042076,27.41284],[92.038757,27.43651],[92.019188,27.44762],[92.018761,27.479746],[91.949402,27.46085],[91.849136,27.482552],[91.828476,27.468981],[91.80941,27.472601],[91.773811,27.464516],[91.749802,27.474232],[91.720016,27.47036],[91.71064,27.491249],[91.690086,27.50275],[91.653236,27.482981],[91.644096,27.498993],[91.620522,27.513304],[91.609253,27.541628],[91.594421,27.539553],[91.562004,27.584209],[91.576813,27.59956],[91.576126,27.608311],[91.557739,27.633467],[91.566833,27.652466],[91.589729,27.671816],[91.596375,27.692564],[91.610062,27.692902],[91.623741,27.705971],[91.629616,27.74699],[91.640022,27.757992],[91.628159,27.800831],[91.598824,27.820852],[91.565468,27.815315],[91.545792,27.846851],[91.543892,27.855555],[91.552521,27.858572],[91.558754,27.85169],[91.577118,27.862],[91.607376,27.854],[91.669327,27.85671],[91.694122,27.82213],[91.746277,27.80335],[91.804123,27.808889],[91.815277,27.803379],[91.824211,27.81035],[91.833488,27.779888],[91.8452,27.77566],[91.860527,27.736933],[91.878647,27.72184],[91.908379,27.726311],[91.918762,27.715101],[91.945061,27.728691],[91.955589,27.750669],[91.965828,27.75144],[91.983856,27.769991],[92.055397,27.75913],[92.156097,27.837021],[92.210396,27.85899],[92.246277,27.86352],[92.264023,27.857931],[92.284691,27.80756],[92.307388,27.77924],[92.315956,27.77824],[92.379837,27.795019],[92.382957,27.815571],[92.40686,27.822088],[92.44381,27.800781],[92.454933,27.803263],[92.501328,27.841501],[92.515091,27.840219],[92.5439,27.817471],[92.560692,27.821041],[92.605072,27.877508],[92.669212,27.900131],[92.739487,27.98941],[92.695427,28.04837],[92.662933,28.062771],[92.686989,28.125799],[92.736557,28.15155],[92.799637,28.20223],[92.816177,28.20162],[92.826469,28.172035],[92.895256,28.204611],[92.912949,28.23502],[92.964523,28.26181],[92.985962,28.25131],[92.98999,28.234423],[93.000359,28.230791],[93.033783,28.26313],[93.023666,28.3032],[93.095352,28.307079],[93.124786,28.326799],[93.193756,28.318041],[93.218979,28.333731],[93.231522,28.400711],[93.181068,28.432741],[93.182663,28.439991],[93.207542,28.452229],[93.235306,28.482731],[93.275917,28.504829],[93.305267,28.566259],[93.299873,28.59955],[93.327637,28.60829],[93.336906,28.64016],[93.411842,28.652901],[93.445671,28.676041],[93.466759,28.652121],[93.474197,28.65365],[93.479179,28.67498],[93.491119,28.683962],[93.509209,28.67984],[93.533836,28.65885],[93.620087,28.65773],[93.731567,28.68928],[93.775177,28.668518],[93.84404,28.70739],[93.865273,28.703712],[93.904129,28.676661],[93.926132,28.671801],[93.95697,28.704679],[93.968506,28.751383],[94.001427,28.775539],[94.001633,28.784281],[93.985268,28.79829],[93.999977,28.819771],[93.994911,28.84137],[94.030067,28.853451],[94.066536,28.89609],[94.155136,28.954762],[94.158318,28.97406],[94.172943,28.991821],[94.175209,29.020491],[94.214691,29.084089],[94.287727,29.148149],[94.356926,29.15259],[94.372276,29.190229],[94.431183,29.226822],[94.494461,29.216673],[94.533066,29.218719],[94.557899,29.22891],[94.572083,29.25057],[94.577759,29.280769],[94.619003,29.312799],[94.628159,29.348591],[94.711052,29.30434],[94.777382,29.241119],[94.797897,29.20999],[94.79287,29.180361],[94.797989,29.16461],[94.846588,29.182991],[94.871803,29.18429],[94.9188,29.1623],[94.96769,29.159752],[95.022797,29.130621],[94.986687,29.173538],[94.997498,29.173012],[95.039742,29.152422],[95.098396,29.143801],[95.121758,29.116251],[95.250763,29.10988],[95.250107,29.068571],[95.266556,29.05765],[95.30275,29.06292],[95.34549,29.04611],[95.410133,29.034121],[95.421547,29.04121],[95.454338,29.036991],[95.482986,29.071131],[95.49633,29.14031],[95.546806,29.128651],[95.53772,29.214001],[95.5858,29.217993],[95.587631,29.242373],[95.598732,29.261862],[95.638023,29.24984],[95.683151,29.277281],[95.701897,29.300421],[95.727051,29.302469],[95.777626,29.3564],[95.796486,29.33633],[95.826813,29.355711],[95.848259,29.35866],[95.880852,29.391491],[95.957108,29.382668],[96.055603,29.45841],[96.080536,29.463345],[96.149986,29.39926]]]}},{"type":"Feature","properties":{"name":"Assam","code":""},"geometry":{"type":"MultiPolygon","coordinates":[[[[89.871452,25.537298],[89.879959,25.48864],[89.859573,25.473391],[89.855133,25.48843],[89.864113,25.510229],[89.85778,25.53483],[89.871452,25.537298]]],[[[89.871452,25.537298],[89.870949,25.538643],[89.874557,25.541561],[89.871452,25.537298]]],[[[95.952316,27.941841],[95.955299,27.926821],[95.938332,27.903271],[95.925011,27.900942],[95.927353,27.88726],[95.92128,27.890471],[95.914093,27.874651],[95.906181,27.87723],[95.907227,27.868641],[95.895027,27.867222],[95.876572,27.84177],[95.852097,27.83411],[95.823128,27.80925],[95.780533,27.758221],[95.787773,27.74205],[95.758713,27.726681],[95.770393,27.72003],[95.774551,27.696701],[95.796471,27.688061],[95.780449,27.67919],[95.777847,27.66626],[95.801453,27.64901],[95.785042,27.627399],[95.798027,27.60783],[95.824196,27.60301],[95.821243,27.58172],[95.839897,27.56661],[95.852097,27.565651],[95.862358,27.552601],[95.881332,27.55323],[95.878479,27.519831],[95.889641,27.506168],[95.879051,27.499191],[95.876259,27.471109],[95.861168,27.466299],[95.863792,27.45203],[95.852913,27.444759],[95.849342,27.430321],[95.867332,27.41715],[95.864906,27.429012],[95.888657,27.444071],[95.893059,27.40604],[95.916847,27.443159],[95.94989,27.445021],[95.961052,27.428711],[95.967033,27.436661],[95.968033,27.42412],[95.977783,27.435499],[95.979523,27.42185],[95.991226,27.419399],[96.018356,27.367901],[95.996971,27.36348],[95.993683,27.35144],[95.970016,27.336981],[95.984207,27.334341],[95.968712,27.331831],[95.963219,27.317068],[95.906433,27.29188],[95.893967,27.263012],[95.872383,27.266911],[95.860847,27.279793],[95.860466,27.29421],[95.810196,27.28092],[95.80629,27.29174],[95.721077,27.257601],[95.684418,27.25741],[95.637001,27.23691],[95.590088,27.229521],[95.574463,27.25106],[95.556137,27.25437],[95.534813,27.27062],[95.510887,27.26627],[95.459709,27.21343],[95.468643,27.1905],[95.457787,27.135641],[95.420273,27.130781],[95.376976,27.10218],[95.36647,27.11285],[95.348602,27.104761],[95.313179,27.08674],[95.24823,27.030252],[95.230911,27.04571],[95.213806,27.03348],[95.198456,27.04443],[95.149483,26.99984],[95.116943,26.983681],[95.110046,26.966909],[95.021347,26.9254],[94.993057,26.926161],[94.985672,26.918249],[94.957283,26.94355],[94.933601,26.93854],[94.928162,26.952101],[94.89447,26.93733],[94.821083,26.85446],[94.813057,26.82476],[94.796646,26.81852],[94.805359,26.812191],[94.802208,26.806061],[94.773087,26.794962],[94.756371,26.772268],[94.745796,26.782141],[94.736511,26.76741],[94.686607,26.73259],[94.653389,26.723631],[94.622719,26.71953],[94.604149,26.739281],[94.59333,26.726131],[94.604683,26.717211],[94.596169,26.71818],[94.592407,26.70273],[94.582787,26.70558],[94.571503,26.696222],[94.574692,26.691021],[94.56295,26.690632],[94.563438,26.707371],[94.545059,26.710901],[94.522728,26.704369],[94.498268,26.673712],[94.467941,26.669821],[94.458572,26.65535],[94.462502,26.63546],[94.454521,26.639021],[94.407867,26.61433],[94.414848,26.583281],[94.399452,26.53232],[94.378273,26.525261],[94.377617,26.513121],[94.351112,26.508621],[94.352066,26.49575],[94.323883,26.47938],[94.316513,26.462931],[94.293922,26.480742],[94.284943,26.540291],[94.289787,26.56411],[94.276741,26.55884],[94.186546,26.46051],[94.174011,26.420891],[94.175606,26.371759],[94.164467,26.360121],[94.167671,26.35331],[94.179993,26.35412],[94.175507,26.344219],[94.11937,26.3337],[94.128723,26.32325],[94.108047,26.326401],[94.102676,26.308691],[94.07682,26.2852],[94.070473,26.260031],[94.049133,26.250212],[94.035736,26.20319],[94.004807,26.173271],[93.999657,26.158241],[94.005226,26.141861],[93.990753,26.133871],[93.998306,26.13098],[93.991241,26.11812],[94.002167,26.11138],[93.986427,26.088301],[93.991119,26.072639],[93.965889,26.0424],[93.954887,26.00733],[93.960587,25.997009],[93.956009,25.97419],[93.969208,25.96084],[93.979393,25.91968],[93.940193,25.900961],[93.934631,25.89143],[93.915901,25.887663],[93.882736,25.845909],[93.842339,25.86261],[93.824303,25.847092],[93.81884,25.826229],[93.795761,25.81435],[93.779823,25.84631],[93.798332,25.909693],[93.789421,25.952581],[93.773018,25.966021],[93.770256,25.953501],[93.749413,25.942051],[93.751846,25.936371],[93.687683,25.909441],[93.705482,25.848631],[93.690536,25.847569],[93.678062,25.828871],[93.640999,25.817921],[93.62233,25.779831],[93.60807,25.776871],[93.605568,25.76746],[93.588226,25.76815],[93.583771,25.75775],[93.57325,25.760799],[93.565483,25.741341],[93.5467,25.73447],[93.543556,25.7017],[93.530571,25.692699],[93.52594,25.699673],[93.499916,25.656521],[93.457138,25.640591],[93.46196,25.63339],[93.446793,25.638811],[93.427536,25.631458],[93.407639,25.609421],[93.406837,25.596479],[93.390053,25.594721],[93.384743,25.577921],[93.365158,25.569761],[93.364182,25.56065],[93.348312,25.563219],[93.331741,25.54681],[93.340393,25.537291],[93.352341,25.537571],[93.371819,25.501131],[93.386368,25.493351],[93.39592,25.464121],[93.417107,25.452791],[93.434959,25.454773],[93.461868,25.434698],[93.463257,25.410961],[93.478218,25.379883],[93.451889,25.344191],[93.461937,25.33659],[93.456703,25.32526],[93.474022,25.30928],[93.459969,25.294731],[93.42643,25.281061],[93.420708,25.26626],[93.403572,25.263071],[93.388718,25.24592],[93.384796,25.225731],[93.353073,25.181801],[93.349213,25.125408],[93.335777,25.09584],[93.312721,25.077959],[93.304596,25.047993],[93.268181,25.049681],[93.25779,25.021742],[93.24884,25.018801],[93.246948,25.003632],[93.263321,25.004238],[93.255676,25.002201],[93.251526,24.981421],[93.263237,24.966379],[93.262413,24.95137],[93.249237,24.95508],[93.25412,24.942619],[93.239983,24.938843],[93.248497,24.9401],[93.24305,24.93133],[93.253258,24.918831],[93.238991,24.91503],[93.243378,24.903742],[93.230492,24.894901],[93.229088,24.8773],[93.208702,24.856531],[93.197197,24.856491],[93.201553,24.843941],[93.194382,24.84392],[93.201553,24.840172],[93.19297,24.836382],[93.191597,24.822561],[93.197357,24.81126],[93.181587,24.804939],[93.178757,24.796141],[93.174423,24.803671],[93.152946,24.78978],[93.137062,24.81109],[93.121277,24.808531],[93.122673,24.81983],[93.109787,24.80974],[93.09864,24.744381],[93.107246,24.741899],[93.088783,24.70919],[93.075867,24.71039],[93.093193,24.687853],[93.091797,24.677811],[93.104706,24.675343],[93.096283,24.652719],[93.084846,24.647671],[93.089386,24.62763],[93.079422,24.621323],[93.086761,24.61133],[93.075417,24.59623],[93.106979,24.583561],[93.087143,24.57118],[93.061119,24.574833],[93.072693,24.56109],[93.065536,24.54727],[93.061218,24.554779],[93.052681,24.54472],[93.052826,24.51965],[93.04142,24.514591],[93.044327,24.5058],[93.035767,24.496948],[93.048523,24.475483],[93.048256,24.463961],[93.037903,24.461151],[93.03215,24.42886],[93.039169,24.411131],[93.015991,24.402531],[93.006447,24.41193],[92.998047,24.401571],[92.980263,24.409691],[92.960327,24.395882],[92.951248,24.404831],[92.935707,24.39554],[92.911537,24.412901],[92.905167,24.394451],[92.890778,24.40229],[92.8629,24.3995],[92.844276,24.379869],[92.828987,24.377769],[92.825043,24.390491],[92.831367,24.400501],[92.800797,24.41905],[92.765198,24.520849],[92.690666,24.354801],[92.657516,24.34351],[92.64904,24.328751],[92.624283,24.332651],[92.611588,24.253349],[92.588013,24.244862],[92.550636,24.245899],[92.529663,24.174801],[92.515129,24.175488],[92.508636,24.169201],[92.512833,24.162579],[92.485863,24.162201],[92.480873,24.141321],[92.466827,24.13504],[92.437431,24.15135],[92.434196,24.181381],[92.418976,24.194361],[92.422379,24.253111],[92.212852,24.24931],[92.27224,24.377569],[92.255959,24.41898],[92.2565,24.4363],[92.231087,24.460381],[92.230293,24.48004],[92.239418,24.489931],[92.230995,24.504091],[92.233833,24.56179],[92.2593,24.680862],[92.298271,24.736551],[92.285057,24.7437],[92.294273,24.762501],[92.286659,24.769411],[92.293411,24.7894],[92.284927,24.79521],[92.279663,24.828041],[92.254616,24.834242],[92.257278,24.841311],[92.24411,24.849373],[92.240601,24.870651],[92.250557,24.879881],[92.240517,24.899191],[92.255058,24.913931],[92.257759,24.90686],[92.288147,24.905951],[92.298378,24.92005],[92.319656,24.89464],[92.335533,24.893061],[92.343422,24.87746],[92.347977,24.89397],[92.355492,24.880463],[92.365463,24.881701],[92.384552,24.867123],[92.391472,24.849941],[92.395058,24.855358],[92.409332,24.85132],[92.416451,24.862843],[92.43235,24.85211],[92.433212,24.859541],[92.447006,24.862921],[92.449181,24.877247],[92.491798,24.874022],[92.500076,24.882481],[92.495216,24.89996],[92.50473,24.904371],[92.49131,24.92235],[92.489273,24.954359],[92.479218,24.94256],[92.456413,24.946239],[92.455383,24.95833],[92.471581,24.95598],[92.471031,24.9641],[92.460548,24.976151],[92.435158,24.966379],[92.423637,24.996099],[92.43325,25.02809],[92.425903,25.03182],[92.446533,25.042042],[92.463257,25.037128],[92.459839,25.054661],[92.474617,25.070801],[92.484299,25.108061],[92.542946,25.0996],[92.525223,25.12558],[92.524666,25.14003],[92.624702,25.11869],[92.666908,25.177061],[92.693939,25.181351],[92.747139,25.207769],[92.779572,25.20311],[92.80442,25.21933],[92.77224,25.233259],[92.764648,25.24935],[92.776703,25.260538],[92.76976,25.26893],[92.792221,25.285181],[92.78437,25.332539],[92.772453,25.339611],[92.760567,25.335279],[92.737053,25.38125],[92.718102,25.374983],[92.673767,25.417141],[92.660103,25.41036],[92.654282,25.435341],[92.641632,25.419533],[92.629303,25.434641],[92.628647,25.42503],[92.609093,25.416571],[92.59816,25.471651],[92.567413,25.46747],[92.575592,25.490431],[92.644699,25.537441],[92.649879,25.560011],[92.660652,25.570318],[92.653458,25.59218],[92.602592,25.557381],[92.587479,25.552988],[92.572502,25.560421],[92.560959,25.574251],[92.557617,25.611988],[92.501709,25.622931],[92.465446,25.682461],[92.432137,25.69101],[92.427223,25.710411],[92.442017,25.72086],[92.433167,25.731453],[92.416977,25.729681],[92.410736,25.74313],[92.386963,25.743111],[92.385101,25.753563],[92.333542,25.725231],[92.308258,25.726151],[92.270523,25.710932],[92.236847,25.708391],[92.228996,25.716209],[92.170952,25.66688],[92.160698,25.67186],[92.161453,25.69598],[92.149567,25.714508],[92.165527,25.734449],[92.150993,25.783649],[92.153107,25.81275],[92.180962,25.85136],[92.179886,25.870173],[92.225479,25.907049],[92.2006,25.908241],[92.197182,25.91803],[92.180893,25.90859],[92.163696,25.911791],[92.156319,25.944799],[92.167397,25.967699],[92.221687,25.998602],[92.301582,26.07649],[92.297318,26.079149],[92.273689,26.06502],[92.241173,26.06254],[92.212013,26.070971],[92.180443,26.068501],[92.178307,26.07951],[92.133118,26.045891],[92.093361,26.048521],[92.052856,26.032831],[91.991066,26.041033],[91.978172,26.02585],[91.933968,26.014669],[91.922096,25.999531],[91.916969,26.021461],[91.883232,26.030001],[91.870163,26.052191],[91.875786,26.097731],[91.819313,26.11874],[91.790367,26.087021],[91.778519,26.091249],[91.759483,26.071293],[91.731262,26.05921],[91.723183,26.030321],[91.720177,25.954071],[91.669312,25.90539],[91.651489,25.907669],[91.611153,25.93992],[91.630119,25.944639],[91.637947,25.964849],[91.624718,25.985903],[91.632156,26.022409],[91.620293,26.027031],[91.597061,26.017061],[91.588127,26.030149],[91.575836,26.03311],[91.551262,25.974899],[91.518501,25.958151],[91.519783,25.940891],[91.501633,25.920761],[91.505577,25.91308],[91.535896,25.934002],[91.531326,25.923712],[91.508537,25.90976],[91.503258,25.89216],[91.483383,25.89106],[91.474762,25.871231],[91.507782,25.867441],[91.529739,25.889681],[91.525406,25.87289],[91.507881,25.864799],[91.468727,25.85903],[91.444397,25.841021],[91.4189,25.854721],[91.333557,25.83884],[91.275627,25.746941],[91.255371,25.747829],[91.223877,25.723419],[91.191986,25.729582],[91.189178,25.76347],[91.179932,25.77632],[91.189873,25.82078],[91.202629,25.840542],[91.19648,25.859011],[91.179016,25.842751],[91.152863,25.850073],[91.120781,25.831341],[91.081352,25.829342],[91.063263,25.82037],[91.049881,25.828899],[91.072876,25.838331],[91.078537,25.852619],[91.049103,25.848808],[91.020813,25.82262],[91.000786,25.82225],[91.013107,25.857191],[91.02652,25.866621],[91.029221,25.888048],[90.967453,25.88718],[90.96064,25.927698],[90.942749,25.947571],[90.932068,25.939672],[90.915878,25.943161],[90.919113,25.913311],[90.88298,25.95175],[90.872887,25.942923],[90.843239,25.944811],[90.836761,25.93819],[90.836197,25.94726],[90.809891,25.95216],[90.791702,25.93574],[90.778061,25.908291],[90.757721,25.911072],[90.758949,25.92164],[90.74054,25.915211],[90.75264,25.93396],[90.744133,25.932791],[90.740303,25.940891],[90.747437,25.957321],[90.725403,25.948771],[90.717743,25.954708],[90.686043,25.950809],[90.675652,25.93648],[90.627327,25.91699],[90.624809,25.898899],[90.614197,25.899509],[90.606506,25.912281],[90.629013,25.937429],[90.582458,25.959791],[90.571373,25.93903],[90.512543,25.89624],[90.533783,25.936293],[90.534462,25.958021],[90.505737,25.996021],[90.477287,26.015261],[90.428627,25.98904],[90.3965,26.014151],[90.36499,26.010321],[90.339317,25.996861],[90.324341,25.97438],[90.227371,25.955139],[90.212761,25.95389],[90.208443,25.961573],[90.18251,25.94445],[90.176117,25.957083],[90.153397,25.964701],[90.14003,25.958139],[90.118652,25.96126],[90.10537,25.941931],[90.087959,25.936199],[90.091927,25.928761],[90.063309,25.915548],[90.042099,25.890751],[90.021263,25.89319],[90.004738,25.878681],[90.021919,25.865528],[90.008316,25.84683],[90.000267,25.8486],[90.001602,25.842241],[89.967957,25.826151],[89.94458,25.824478],[89.955246,25.77446],[89.93351,25.744551],[89.921867,25.739168],[89.895416,25.74412],[89.892616,25.735001],[89.921127,25.694422],[89.936996,25.68663],[89.946953,25.658831],[89.980438,25.637569],[89.983322,25.626711],[90.004539,25.623821],[90.017296,25.602192],[90.002121,25.58419],[89.979156,25.590731],[89.966461,25.571701],[89.88636,25.557871],[89.870102,25.544222],[89.885208,25.629829],[89.852921,25.687431],[89.855659,25.707109],[89.837791,25.711941],[89.831802,25.725],[89.843567,25.76824],[89.830063,25.807451],[89.814529,25.81698],[89.830902,25.83762],[89.830513,25.853291],[89.839729,25.856241],[89.838089,25.869961],[89.881477,25.919338],[89.890358,25.940229],[89.846062,25.935942],[89.828201,25.94356],[89.833359,25.951441],[89.851463,25.946442],[89.841492,25.963923],[89.872078,25.9694],[89.875397,25.97611],[89.853127,25.987547],[89.839577,26.01046],[89.83432,25.997471],[89.839752,25.98101],[89.82296,25.984909],[89.817726,25.992331],[89.82608,26.009081],[89.813072,26.041971],[89.798607,26.018211],[89.791557,26.017651],[89.804687,26.0375],[89.777931,26.035706],[89.792183,26.046108],[89.788292,26.054359],[89.803802,26.05929],[89.797539,26.086161],[89.785889,26.083208],[89.789261,26.102713],[89.759132,26.109041],[89.77066,26.127453],[89.748436,26.157801],[89.722672,26.154961],[89.718758,26.166048],[89.734177,26.17499],[89.70652,26.17313],[89.694839,26.189072],[89.71405,26.18936],[89.718102,26.196798],[89.711632,26.203199],[89.732033,26.21229],[89.697227,26.21723],[89.710228,26.219141],[89.712807,26.22897],[89.728767,26.238201],[89.715721,26.24638],[89.71537,26.256491],[89.700996,26.25919],[89.704811,26.269901],[89.72522,26.25841],[89.737457,26.271101],[89.717056,26.293053],[89.717827,26.3057],[89.722763,26.30755],[89.72345,26.29475],[89.758659,26.28933],[89.750542,26.321461],[89.761963,26.317068],[89.780861,26.330881],[89.782013,26.353279],[89.820419,26.370621],[89.811493,26.358021],[89.820099,26.350382],[89.825592,26.379318],[89.857292,26.38446],[89.846817,26.40274],[89.840393,26.39082],[89.827278,26.396473],[89.83329,26.412291],[89.849808,26.414209],[89.847786,26.421753],[89.869499,26.44842],[89.870209,26.46398],[89.862373,26.46607],[89.852692,26.48778],[89.864616,26.54829],[89.862007,26.577883],[89.877548,26.584242],[89.872116,26.594709],[89.877228,26.61305],[89.861832,26.61515],[89.85704,26.623411],[89.876373,26.6495],[89.868057,26.656618],[89.871429,26.683531],[89.856941,26.703781],[89.862389,26.737003],[89.889397,26.724388],[89.957779,26.723166],[90.002068,26.734341],[90.055237,26.72933],[90.127838,26.749043],[90.188721,26.770573],[90.184044,26.809732],[90.214821,26.853701],[90.244316,26.857931],[90.301506,26.84823],[90.345779,26.876436],[90.355103,26.89609],[90.409706,26.90192],[90.559937,26.801018],[90.630318,26.79167],[90.649101,26.774281],[90.679382,26.780243],[90.699867,26.768015],[90.99601,26.788271],[91.053978,26.779472],[91.096596,26.819803],[91.129738,26.808479],[91.262337,26.805],[91.295052,26.785158],[91.336319,26.779652],[91.379616,26.801498],[91.408348,26.835562],[91.478241,26.79179],[91.492767,26.789764],[91.590767,26.80477],[91.623802,26.821323],[91.687248,26.805094],[91.726929,26.812559],[91.801971,26.85206],[91.831848,26.876389],[91.85778,26.914028],[91.897263,26.91613],[91.953979,26.887741],[91.98558,26.858253],[92.055191,26.848053],[92.088936,26.860979],[92.107887,26.89382],[92.194847,26.891001],[92.254562,26.91223],[92.27639,26.90247],[92.303749,26.90954],[92.302856,26.92421],[92.35305,26.93557],[92.399757,26.926271],[92.411888,26.944191],[92.425766,26.943468],[92.459572,26.96331],[92.585213,26.961863],[92.645462,26.98745],[92.639099,27.018539],[92.658928,27.038521],[92.713676,27.026091],[92.769096,27.033041],[92.872437,27.0077],[92.916679,26.984652],[92.91777,26.964241],[93.019371,26.91683],[93.06884,26.92421],[93.091873,26.915541],[93.108963,26.92728],[93.222389,26.949141],[93.347939,26.963242],[93.447868,26.954151],[93.468109,26.93889],[93.489357,26.93853],[93.655113,26.966478],[93.675781,26.971071],[93.718933,27.01922],[93.768478,27.043291],[93.7724,27.062302],[93.777946,27.052771],[93.783211,27.06719],[93.791191,27.054569],[93.797096,27.070883],[93.804886,27.06135],[93.812881,27.070681],[93.818787,27.064932],[93.835022,27.074991],[93.825493,27.119341],[93.797798,27.136009],[93.805611,27.137791],[93.808586,27.151751],[93.867447,27.198841],[93.901047,27.241541],[94.000008,27.334709],[94.060928,27.36356],[94.086349,27.40456],[94.160202,27.466471],[94.157211,27.478048],[94.259056,27.5226],[94.2565,27.557428],[94.226479,27.57563],[94.225052,27.598511],[94.211113,27.610842],[94.217438,27.609001],[94.235077,27.632511],[94.252228,27.64093],[94.267166,27.627863],[94.254089,27.613701],[94.276031,27.593349],[94.287659,27.591791],[94.298019,27.604271],[94.312408,27.589651],[94.367493,27.57675],[94.431038,27.603081],[94.43605,27.584421],[94.45974,27.557711],[94.479156,27.57699],[94.500229,27.577311],[94.526283,27.59577],[94.573532,27.60697],[94.591469,27.62281],[94.634453,27.628771],[94.648422,27.642071],[94.68251,27.64959],[94.689407,27.667191],[94.713066,27.660261],[94.720703,27.669991],[94.75592,27.666519],[94.795349,27.698078],[94.821266,27.69622],[94.839386,27.703541],[94.848793,27.710682],[94.853577,27.731621],[94.866028,27.73624],[94.860863,27.739479],[94.997879,27.77655],[95.031219,27.774771],[95.051826,27.79023],[95.316559,27.87113],[95.384338,27.842022],[95.515953,27.881788],[95.52623,27.8979],[95.543533,27.902323],[95.5438,27.91346],[95.565048,27.92252],[95.571213,27.942381],[95.588661,27.941629],[95.606743,27.957769],[95.825882,27.977371],[95.977463,27.9685],[95.952316,27.941841]]]]}},{"type":"Feature","properties":{"name":"Bihar","code":""},"geometry":{"type":"MultiPolygon","coordinates":[[[[88.100655,26.536129],[88.106216,26.536015],[88.10202,26.534389],[88.100655,26.536129]]],[[[84.11972,27.513521],[84.153015,27.516615],[84.150993,27.485704],[84.207916,27.469416],[84.21064,27.442333],[84.221703,27.44022],[84.233757,27.456127],[84.256248,27.4519],[84.280319,27.415215],[84.27874,27.395233],[84.295891,27.384172],[84.302727,27.390263],[84.349113,27.374916],[84.443314,27.370016],[84.471725,27.354996],[84.478104,27.362288],[84.622017,27.338207],[84.693062,27.214802],[84.682755,27.200369],[84.687355,27.180115],[84.677917,27.170115],[84.68885,27.158491],[84.672104,27.109911],[84.678017,27.109015],[84.676422,27.095484],[84.64846,27.075352],[84.644852,27.047197],[84.758934,27.002651],[84.774826,27.017532],[84.791,27.008617],[84.788513,26.998302],[84.795723,26.995569],[84.813866,27.0203],[84.831886,27.019304],[84.856865,27.007996],[84.857986,26.986496],[84.890793,26.977177],[84.893646,26.969595],[84.964485,26.960276],[84.980515,26.940018],[84.969826,26.916033],[85.001793,26.911894],[85.004387,26.90313],[84.995056,26.902487],[85.006119,26.894783],[85.062416,26.886705],[85.031517,26.875021],[85.024445,26.855433],[85.059677,26.848927],[85.065269,26.857998],[85.06562,26.849316],[85.080017,26.858515],[85.089684,26.853333],[85.088882,26.867069],[85.113365,26.872166],[85.197708,26.866594],[85.192627,26.829544],[85.179115,26.811914],[85.182587,26.795488],[85.195099,26.790796],[85.199715,26.769316],[85.212288,26.758703],[85.255165,26.760941],[85.336319,26.741415],[85.357193,26.760195],[85.377113,26.760616],[85.409637,26.791138],[85.455635,26.781893],[85.480118,26.793219],[85.48159,26.80195],[85.498314,26.798115],[85.499977,26.811892],[85.522118,26.814116],[85.54509,26.837866],[85.555626,26.834028],[85.559914,26.843716],[85.567924,26.840734],[85.577652,26.860731],[85.587517,26.84696],[85.626221,26.873415],[85.636688,26.871902],[85.644615,26.852915],[85.682541,26.84296],[85.72332,26.820015],[85.736717,26.795616],[85.731026,26.74975],[85.736351,26.737204],[85.725784,26.699301],[85.725815,26.673944],[85.738716,26.663616],[85.734619,26.654316],[85.749153,26.639648],[85.803833,26.623493],[85.819824,26.602524],[85.832626,26.601252],[85.833534,26.610941],[85.853317,26.609516],[85.85997,26.589586],[85.852119,26.568415],[85.888924,26.58243],[85.893234,26.594543],[85.931084,26.616285],[85.95034,26.61322],[85.962524,26.651081],[85.978188,26.657917],[86.012817,26.654015],[86.030739,26.666422],[86.072014,26.656799],[86.119972,26.630434],[86.140739,26.628714],[86.13842,26.606209],[86.17392,26.616816],[86.19455,26.614422],[86.199417,26.5933],[86.219612,26.58811],[86.236816,26.590416],[86.25457,26.616783],[86.295212,26.61293],[86.33004,26.619154],[86.346565,26.615904],[86.3433,26.605722],[86.39724,26.595284],[86.397339,26.584858],[86.457886,26.567818],[86.501129,26.541597],[86.54422,26.538115],[86.572777,26.496895],[86.623413,26.48381],[86.636307,26.465021],[86.695747,26.450884],[86.702202,26.437082],[86.722588,26.43462],[86.733521,26.422045],[86.749176,26.428003],[86.746445,26.434597],[86.7677,26.458458],[86.8358,26.438698],[86.863388,26.457214],[86.87532,26.453735],[86.896416,26.461716],[86.894112,26.485786],[86.932228,26.489317],[86.935097,26.516493],[87.017715,26.531815],[87.04483,26.567944],[87.04731,26.586956],[87.07428,26.585466],[87.075119,26.541615],[87.093918,26.450016],[87.165016,26.403816],[87.191475,26.405109],[87.188835,26.413961],[87.213814,26.412849],[87.22142,26.402916],[87.231239,26.413347],[87.258705,26.41086],[87.268646,26.40527],[87.268387,26.373611],[87.30381,26.365997],[87.314919,26.371115],[87.343414,26.347515],[87.360855,26.360779],[87.358864,26.387871],[87.371292,26.407755],[87.469093,26.440065],[87.550018,26.418215],[87.555321,26.405415],[87.590225,26.392214],[87.589653,26.381813],[87.608414,26.380602],[87.614632,26.38983],[87.654388,26.393213],[87.652771,26.405518],[87.680862,26.415459],[87.680237,26.435095],[87.712212,26.427099],[87.73616,26.407505],[87.749916,26.418516],[87.756317,26.407915],[87.76886,26.412096],[87.778786,26.421549],[87.773071,26.427141],[87.780281,26.435591],[87.776421,26.450115],[87.792213,26.468916],[87.832214,26.449915],[87.830719,26.439816],[87.851219,26.436214],[87.865128,26.452631],[87.860809,26.463428],[87.888145,26.476229],[87.890633,26.48642],[87.912102,26.457449],[87.901199,26.448391],[87.926674,26.446404],[87.919121,26.430716],[87.928535,26.427389],[87.929306,26.417948],[87.968315,26.396816],[87.994156,26.39222],[88.000374,26.364727],[88.032555,26.364632],[88.029694,26.381533],[88.037155,26.391724],[88.062614,26.409416],[88.073906,26.407743],[88.097404,26.437443],[88.094429,26.462677],[88.10923,26.475925],[88.10289,26.47946],[88.108322,26.489107],[88.10128,26.505434],[88.092918,26.506716],[88.105515,26.518215],[88.106148,26.535624],[88.132179,26.512581],[88.145393,26.510971],[88.165382,26.521641],[88.168266,26.537361],[88.17868,26.53087],[88.182426,26.542931],[88.190506,26.54431],[88.214561,26.535589],[88.209663,26.540722],[88.220802,26.54628],[88.215393,26.557268],[88.231201,26.551983],[88.23336,26.53237],[88.179039,26.49058],[88.191643,26.48308],[88.193756,26.472021],[88.226227,26.476252],[88.21534,26.465731],[88.228973,26.447151],[88.243401,26.449301],[88.267906,26.421753],[88.229248,26.389851],[88.23761,26.375378],[88.273979,26.377281],[88.291916,26.35391],[88.27935,26.34635],[88.279556,26.335531],[88.272438,26.33054],[88.261131,26.337851],[88.214256,26.281681],[88.183372,26.274681],[88.176903,26.261728],[88.144447,26.2528],[88.138802,26.23082],[88.111877,26.22621],[88.116013,26.22298],[88.089691,26.203232],[88.069832,26.175718],[88.05233,26.171673],[88.037437,26.1777],[88.011742,26.154791],[88.013069,26.140871],[87.996033,26.14179],[87.982109,26.15918],[87.964058,26.151979],[87.97097,26.13714],[87.95713,26.12886],[87.975632,26.12163],[87.969353,26.10931],[87.954407,26.102793],[87.972191,26.08485],[87.937881,26.084461],[87.931129,26.068951],[87.912933,26.090973],[87.87606,26.066191],[87.875206,26.055578],[87.842117,26.044481],[87.840622,26.01977],[87.826042,25.988312],[87.831261,25.9641],[87.823906,25.946451],[87.829933,25.935452],[87.806961,25.929918],[87.803581,25.920721],[87.8078,25.908991],[87.816467,25.912708],[87.815506,25.88554],[87.822838,25.871468],[87.86528,25.867552],[87.878746,25.858459],[87.884819,25.864653],[87.910912,25.851749],[87.8834,25.828609],[87.896439,25.82909],[87.910507,25.81481],[87.89502,25.804689],[87.903053,25.80187],[87.898468,25.76976],[87.932396,25.77132],[87.938629,25.748541],[87.960999,25.724682],[87.979668,25.71846],[87.987793,25.723671],[88.01667,25.704712],[88.016159,25.691719],[88.030167,25.698811],[88.04863,25.690571],[88.043137,25.673889],[88.048538,25.643909],[88.035553,25.636831],[88.054298,25.63286],[88.036942,25.622009],[88.041397,25.605499],[88.029701,25.600039],[88.038589,25.595041],[88.021027,25.586922],[88.030022,25.574341],[88.025269,25.569092],[88.038246,25.563881],[88.027046,25.55327],[88.03788,25.546181],[88.035713,25.53673],[88.058121,25.528709],[88.068863,25.513048],[88.06385,25.50617],[88.072853,25.503901],[88.070412,25.480501],[88.046333,25.482611],[88.034508,25.492731],[88.02755,25.486141],[88.007477,25.510391],[88.004242,25.49404],[87.992767,25.49785],[87.980553,25.51585],[87.987648,25.523941],[87.97226,25.52323],[87.955612,25.53805],[87.926048,25.536213],[87.90303,25.519051],[87.898987,25.504301],[87.879219,25.51597],[87.881363,25.505569],[87.869881,25.503],[87.860863,25.486052],[87.863472,25.465389],[87.833817,25.464573],[87.825783,25.445261],[87.808647,25.434191],[87.786522,25.4487],[87.781326,25.444651],[87.776512,25.42897],[87.765862,25.424292],[87.771271,25.411558],[87.759102,25.405041],[87.766449,25.40353],[87.765701,25.377991],[87.788826,25.37225],[87.783981,25.33243],[87.855011,25.28953],[87.849251,25.253428],[87.835533,25.249811],[87.822777,25.234341],[87.836647,25.199261],[87.787582,25.22049],[87.78331,25.246178],[87.707787,25.256409],[87.70797,25.27136],[87.689072,25.284941],[87.693497,25.303053],[87.680649,25.304279],[87.684151,25.310131],[87.651787,25.307249],[87.625977,25.318611],[87.622673,25.310801],[87.60688,25.31138],[87.581161,25.328039],[87.587662,25.340548],[87.58007,25.348391],[87.567108,25.333891],[87.547447,25.33094],[87.539749,25.281618],[87.498871,25.29229],[87.490067,25.305201],[87.481506,25.295172],[87.49572,25.26248],[87.487556,25.261999],[87.472641,25.240883],[87.47216,25.19467],[87.391777,25.227518],[87.377136,25.222618],[87.369888,25.20505],[87.323456,25.223091],[87.310646,25.169821],[87.315033,25.165041],[87.297913,25.134661],[87.291107,25.08927],[87.250557,25.10585],[87.233879,25.085821],[87.211357,25.0896],[87.176643,25.06402],[87.15834,25.031],[87.146767,25.024311],[87.144493,25.00643],[87.153687,24.990971],[87.14859,24.94212],[87.155312,24.931681],[87.146507,24.912863],[87.158119,24.885632],[87.147926,24.867868],[87.150978,24.858431],[87.114471,24.85553],[87.094971,24.8262],[87.078568,24.82225],[87.077301,24.80835],[87.096672,24.801493],[87.082848,24.779228],[87.086311,24.75832],[87.073593,24.743071],[87.081856,24.724541],[87.054733,24.670601],[87.044403,24.624031],[87.050468,24.60677],[87.027519,24.60932],[87.024353,24.621099],[87.010201,24.60626],[86.971191,24.630301],[86.945503,24.62656],[86.948616,24.642761],[86.930092,24.64282],[86.934143,24.62652],[86.918938,24.61941],[86.898079,24.58654],[86.911179,24.538679],[86.876396,24.56732],[86.854637,24.550461],[86.838806,24.55407],[86.837051,24.568281],[86.800293,24.564602],[86.805779,24.594501],[86.785606,24.617201],[86.794373,24.59683],[86.786903,24.599371],[86.777122,24.619761],[86.750862,24.617979],[86.745651,24.5895],[86.731583,24.5758],[86.71862,24.578213],[86.668396,24.56064],[86.618286,24.584492],[86.618858,24.5947],[86.606918,24.594351],[86.609299,24.60741],[86.602921,24.605068],[86.578239,24.567871],[86.554642,24.559271],[86.55793,24.548479],[86.546692,24.53504],[86.523529,24.535749],[86.505722,24.5177],[86.484489,24.45882],[86.491127,24.45405],[86.488586,24.425001],[86.465828,24.421881],[86.465683,24.385],[86.452209,24.368629],[86.415588,24.37921],[86.350723,24.44371],[86.319496,24.440161],[86.303757,24.444839],[86.300903,24.4568],[86.279137,24.462002],[86.312416,24.508471],[86.301338,24.531979],[86.309837,24.54734],[86.304047,24.55829],[86.322861,24.584091],[86.292633,24.58609],[86.273788,24.582748],[86.276886,24.5742],[86.266258,24.581951],[86.264137,24.575838],[86.217377,24.611771],[86.215706,24.591171],[86.194939,24.585161],[86.165657,24.583681],[86.152267,24.59971],[86.133293,24.60354],[86.118248,24.641891],[86.125946,24.670801],[86.133598,24.67551],[86.124443,24.70516],[86.109299,24.732241],[86.086578,24.746321],[86.063187,24.751671],[86.03907,24.74132],[86.036011,24.747341],[86.053001,24.761749],[86.050583,24.779541],[86.009567,24.768],[85.999977,24.751381],[85.977257,24.747631],[85.970169,24.73358],[85.950302,24.732119],[85.910507,24.75367],[85.877777,24.800291],[85.827217,24.809643],[85.810661,24.794498],[85.777237,24.79895],[85.76545,24.81251],[85.73674,24.822651],[85.704781,24.768831],[85.70813,24.74769],[85.696663,24.713472],[85.679657,24.693768],[85.649529,24.68704],[85.66333,24.664713],[85.661186,24.646641],[85.672127,24.6194],[85.673248,24.592941],[85.664703,24.58193],[85.615448,24.58293],[85.598251,24.59757],[85.576576,24.60301],[85.562851,24.59127],[85.568291,24.565201],[85.554611,24.556129],[85.536797,24.565241],[85.536461,24.536011],[85.518303,24.524549],[85.502419,24.531429],[85.49752,24.5485],[85.486481,24.550751],[85.433273,24.536079],[85.406616,24.545662],[85.37027,24.529581],[85.282516,24.52669],[85.281967,24.4972],[85.246498,24.495291],[85.223923,24.471189],[85.150673,24.46287],[85.16938,24.42947],[85.155296,24.418011],[85.115059,24.409019],[85.089417,24.3792],[85.065483,24.386761],[85.076157,24.439871],[85.057487,24.416483],[85.032097,24.42535],[84.990402,24.41223],[84.968567,24.37595],[84.898033,24.372129],[84.898178,24.39382],[84.877899,24.42263],[84.880173,24.462801],[84.867447,24.466921],[84.859749,24.45664],[84.847481,24.465931],[84.834396,24.45252],[84.833458,24.469589],[84.827187,24.470119],[84.832626,24.51148],[84.819496,24.52482],[84.801643,24.521118],[84.795326,24.529491],[84.7799,24.50485],[84.74202,24.496458],[84.724907,24.47295],[84.706528,24.472359],[84.678917,24.456343],[84.658257,24.393742],[84.622887,24.40395],[84.581848,24.401461],[84.572479,24.41234],[84.55912,24.397108],[84.565781,24.38394],[84.545853,24.373699],[84.521523,24.376261],[84.527962,24.36483],[84.519379,24.34584],[84.52549,24.339479],[84.503197,24.315411],[84.502296,24.29455],[84.493538,24.287041],[84.484207,24.296921],[84.487061,24.304832],[84.465111,24.30839],[84.454536,24.33865],[84.417427,24.331362],[84.422539,24.35915],[84.394943,24.36779],[84.399788,24.37464],[84.385017,24.379341],[84.382217,24.3897],[84.361366,24.386633],[84.335861,24.39583],[84.325867,24.410931],[84.327789,24.422161],[84.315056,24.423452],[84.330399,24.43119],[84.314987,24.44751],[84.293213,24.450823],[84.285263,24.465919],[84.294189,24.480761],[84.321709,24.489758],[84.326347,24.50272],[84.292976,24.56599],[84.269226,24.564253],[84.28009,24.55192],[84.257141,24.53075],[84.234261,24.543579],[84.235008,24.553181],[84.22068,24.550331],[84.217491,24.53517],[84.208923,24.537161],[84.199913,24.55702],[84.188301,24.555321],[84.172882,24.547131],[84.186417,24.522499],[84.17926,24.51042],[84.153641,24.517641],[84.164406,24.533712],[84.146057,24.5403],[84.136292,24.529362],[84.139961,24.504801],[84.109779,24.4814],[84.089096,24.504128],[84.089691,24.53393],[84.078339,24.54501],[84.072479,24.569601],[84.059746,24.576981],[84.061363,24.589371],[84.052933,24.587961],[84.046738,24.612289],[84.02417,24.629061],[83.99221,24.638033],[83.972351,24.596628],[83.933006,24.551743],[83.868042,24.532881],[83.857689,24.53756],[83.794487,24.529449],[83.71669,24.50495],[83.682457,24.515581],[83.600159,24.513241],[83.542442,24.52618],[83.498169,24.52706],[83.493416,24.54207],[83.517181,24.54917],[83.52459,24.567301],[83.517433,24.60323],[83.541412,24.626181],[83.520683,24.630011],[83.523941,24.64435],[83.49752,24.651661],[83.499481,24.66848],[83.513702,24.68115],[83.49205,24.70516],[83.480713,24.705732],[83.479843,24.737831],[83.453087,24.73332],[83.419418,24.769871],[83.386803,24.78422],[83.395599,24.810991],[83.390388,24.83308],[83.368271,24.86318],[83.353996,24.870611],[83.364243,24.87858],[83.354897,24.885538],[83.360016,24.89185],[83.351387,24.903061],[83.358032,24.91399],[83.357018,24.955353],[83.338463,24.963551],[83.343872,25.010483],[83.318176,25.017321],[83.321922,25.05583],[83.333809,25.050991],[83.327782,25.061001],[83.340126,25.1124],[83.35376,25.110373],[83.357361,25.124191],[83.35247,25.151821],[83.343208,25.15867],[83.348137,25.1786],[83.335358,25.181393],[83.349609,25.19894],[83.372101,25.201111],[83.379578,25.21175],[83.388222,25.207008],[83.409271,25.249281],[83.419342,25.246361],[83.419342,25.253321],[83.431366,25.244501],[83.439796,25.259201],[83.460281,25.25197],[83.480263,25.28241],[83.511177,25.287821],[83.518066,25.302481],[83.545311,25.309851],[83.53315,25.312872],[83.539467,25.31765],[83.564262,25.315851],[83.564171,25.308149],[83.588058,25.326441],[83.622383,25.329521],[83.629967,25.343241],[83.642502,25.34112],[83.650208,25.36796],[83.658798,25.363029],[83.66021,25.371],[83.669083,25.364462],[83.688972,25.371288],[83.675201,25.378391],[83.69458,25.396099],[83.704002,25.386148],[83.715401,25.399233],[83.727173,25.3985],[83.732506,25.410601],[83.737846,25.40089],[83.758057,25.401211],[83.749733,25.392061],[83.761932,25.387911],[83.763466,25.398611],[83.782272,25.398729],[83.79937,25.41098],[83.805222,25.42453],[83.794357,25.43162],[83.838371,25.43689],[83.833382,25.45015],[83.805557,25.453701],[83.810226,25.465919],[83.829353,25.461491],[83.85112,25.473721],[83.86673,25.4935],[83.872963,25.520403],[83.896263,25.528273],[83.917053,25.558491],[83.944321,25.567341],[84.014236,25.616131],[84.076508,25.637531],[84.069649,25.69561],[84.094391,25.720381],[84.135117,25.73163],[84.136757,25.723751],[84.126549,25.718519],[84.135727,25.716883],[84.148232,25.730961],[84.194313,25.703421],[84.202911,25.66964],[84.285576,25.66153],[84.292801,25.66853],[84.283577,25.677139],[84.318588,25.67194],[84.331291,25.744572],[84.369507,25.73601],[84.367577,25.741701],[84.380013,25.74869],[84.388527,25.74428],[84.381172,25.734251],[84.393646,25.728903],[84.401878,25.699501],[84.423607,25.69508],[84.424171,25.71172],[84.448776,25.714491],[84.466507,25.685511],[84.489342,25.69109],[84.488388,25.677851],[84.51638,25.67771],[84.52459,25.684351],[84.535866,25.72649],[84.531387,25.692833],[84.55233,25.684031],[84.558609,25.700981],[84.555626,25.736408],[84.59552,25.739111],[84.6306,25.72834],[84.62233,25.747318],[84.600533,25.76063],[84.610138,25.777281],[84.62075,25.772381],[84.620216,25.79409],[84.556549,25.837511],[84.546852,25.84132],[84.54425,25.829981],[84.526978,25.83433],[84.519997,25.861151],[84.54055,25.86212],[84.528641,25.877741],[84.506523,25.872379],[84.485283,25.88925],[84.466553,25.88369],[84.423317,25.892422],[84.408302,25.931351],[84.351387,25.959341],[84.296333,25.946989],[84.201813,26.000561],[84.192276,25.989538],[84.17244,25.998791],[84.166229,25.991501],[84.167267,26.025471],[84.136673,26.04701],[84.116051,26.074881],[84.091042,26.09654],[84.049057,26.099701],[84.042397,26.13155],[84.018143,26.145121],[84.027847,26.16296],[84.003021,26.17823],[84.00901,26.199558],[84.02359,26.20092],[84.024269,26.219761],[84.00946,26.223921],[84.005516,26.23407],[84.0205,26.241631],[84.049438,26.225571],[84.079369,26.22121],[84.079521,26.23184],[84.110458,26.241831],[84.112953,26.261921],[84.14534,26.26166],[84.157303,26.244131],[84.155128,26.257721],[84.171356,26.267731],[84.168747,26.29287],[84.18174,26.317039],[84.167206,26.33811],[84.171356,26.37398],[84.0923,26.39043],[84.072006,26.38447],[84.030563,26.41301],[84.010986,26.44846],[83.990448,26.44763],[83.981956,26.43462],[83.902283,26.450251],[83.907463,26.50038],[83.902206,26.51808],[83.934998,26.524441],[83.945847,26.518421],[83.945656,26.510201],[83.962547,26.5086],[83.97419,26.53194],[84.000687,26.525011],[84.04776,26.543489],[84.049316,26.56159],[84.082527,26.5996],[84.081779,26.64286],[84.104317,26.632662],[84.152031,26.6385],[84.148537,26.627748],[84.201988,26.62434],[84.272217,26.599361],[84.295021,26.60663],[84.302673,26.617472],[84.37059,26.615391],[84.414398,26.627171],[84.404793,26.642752],[84.402237,26.671223],[84.325661,26.684258],[84.318512,26.71623],[84.298027,26.753271],[84.27861,26.75124],[84.247383,26.72929],[84.233986,26.739531],[84.224609,26.757101],[84.241127,26.775431],[84.252296,26.80868],[84.242836,26.821819],[84.252113,26.844921],[84.241096,26.862431],[84.209221,26.870991],[84.180809,26.85738],[84.168922,26.834518],[84.131653,26.85569],[84.140839,26.887581],[84.130249,26.885271],[84.100632,26.900841],[84.090027,26.877151],[84.085503,26.885242],[84.076256,26.87878],[84.052002,26.891701],[84.042397,26.909128],[84.04924,26.914591],[84.047668,26.931829],[84.024902,26.94272],[84.046661,26.961941],[84.03643,26.984032],[84.049522,26.99081],[84.030449,27.01182],[84.040817,27.04468],[84.024269,27.04472],[83.990761,27.06859],[84.005592,27.071939],[84.020721,27.095482],[84.011627,27.104881],[83.954941,27.086121],[83.939423,27.092993],[83.93956,27.116671],[83.952477,27.128983],[83.950912,27.140881],[83.985123,27.181763],[83.954483,27.235041],[83.907623,27.24803],[83.897957,27.25943],[83.896156,27.277071],[83.921883,27.296358],[83.923599,27.316431],[83.908043,27.330391],[83.854637,27.31123],[83.828957,27.32276],[83.854988,27.34033],[83.858505,27.350962],[83.864792,27.346394],[83.889893,27.358198],[83.905518,27.376215],[83.907288,27.389517],[83.875237,27.391912],[83.870247,27.428507],[83.93322,27.449415],[83.948051,27.440966],[83.968185,27.446434],[83.979614,27.439116],[83.99826,27.445936],[84.029419,27.43363],[84.033798,27.441462],[84.054184,27.442581],[84.072693,27.481482],[84.097549,27.489431],[84.099792,27.516773],[84.110718,27.521515],[84.11972,27.513521]]],[[[87.306213,27.843216],[87.306801,27.83659],[87.306175,27.843218],[87.306213,27.843216]]],[[[87.262917,27.850716],[87.252487,27.842867],[87.251183,27.843061],[87.25132,27.843115],[87.262917,27.850716]]],[[[87.262917,27.850716],[87.267212,27.850117],[87.266281,27.849453],[87.262917,27.850716]]]]}},{"type":"Feature","properties":{"name":"Chandigarh","code":""},"geometry":{"type":"Polygon","coordinates":[[[76.819809,30.685829],[76.794373,30.669319],[76.726303,30.69591],[76.725456,30.70999],[76.715202,30.713301],[76.716141,30.72863],[76.701271,30.745291],[76.690681,30.74666],[76.690628,30.76008],[76.722748,30.77072],[76.73822,30.78985],[76.759338,30.79904],[76.777328,30.78546],[76.769302,30.776979],[76.780937,30.77387],[76.797768,30.785271],[76.803879,30.77902],[76.793137,30.76652],[76.828186,30.76379],[76.822746,30.740082],[76.836296,30.71427],[76.819809,30.685829]]]}},{"type":"Feature","properties":{"name":"Chhattisgarh","code":""},"geometry":{"type":"Polygon","coordinates":[[[83.327599,24.099649],[83.383263,24.099871],[83.403091,24.080778],[83.425369,24.083761],[83.43132,24.057932],[83.447586,24.04248],[83.506706,24.02824],[83.516556,24.01062],[83.507507,24.00139],[83.507721,23.97946],[83.53894,23.9335],[83.542847,23.898241],[83.576157,23.88438],[83.55761,23.86953],[83.561211,23.862951],[83.649551,23.848061],[83.658333,23.82782],[83.695389,23.820669],[83.712357,23.772331],[83.729401,23.75473],[83.734718,23.713551],[83.714729,23.682541],[83.750946,23.65333],[83.743027,23.640461],[83.747787,23.62665],[83.764938,23.621481],[83.774887,23.599501],[83.800476,23.583179],[83.810883,23.58886],[83.935257,23.56304],[83.929588,23.593679],[83.937889,23.622431],[84.007027,23.632311],[84.001869,23.62044],[84.024117,23.587881],[84.022667,23.544241],[84.008759,23.49958],[83.969528,23.455408],[83.979446,23.426691],[83.965828,23.38121],[83.974861,23.364792],[84.006531,23.3528],[84.020737,23.37546],[84.043388,23.37401],[84.049957,23.35186],[84.070251,23.32999],[84.059952,23.308201],[84.06382,23.29224],[84.050453,23.24095],[84.05835,23.2036],[84.031128,23.161133],[84.033676,23.138441],[84.061462,23.1099],[84.087868,23.109489],[84.129379,23.081541],[84.123672,23.036619],[84.148003,22.963869],[84.167862,22.970961],[84.176682,23.020519],[84.189926,23.02372],[84.217056,22.976473],[84.237411,22.9804],[84.250908,22.97143],[84.2714,22.98885],[84.278572,22.961248],[84.325157,22.97933],[84.370537,22.975071],[84.389053,22.93874],[84.386299,22.91684],[84.370857,22.901609],[84.378258,22.893143],[84.376923,22.875891],[84.369888,22.8645],[84.32946,22.85955],[84.318398,22.843752],[84.309967,22.798983],[84.290306,22.787163],[84.285286,22.763371],[84.254227,22.76298],[84.225357,22.735161],[84.232239,22.68858],[84.220612,22.668911],[84.196999,22.66378],[84.149933,22.63442],[84.080391,22.636551],[84.048126,22.594143],[84.021347,22.587233],[84.005051,22.569563],[83.999443,22.539501],[84.00518,22.524731],[83.994293,22.528811],[83.980103,22.522013],[83.976097,22.502211],[84.041557,22.464109],[84.040009,22.432899],[84.023987,22.42218],[84.001663,22.380369],[84.004211,22.367661],[83.966988,22.357849],[83.915543,22.359671],[83.896973,22.339689],[83.861008,22.343781],[83.825203,22.31963],[83.819443,22.292452],[83.793648,22.287691],[83.7528,22.242861],[83.693001,22.245501],[83.645752,22.224588],[83.61927,22.19636],[83.602333,22.151838],[83.557266,22.099979],[83.600319,22.06551],[83.583511,22.054951],[83.543007,22.059391],[83.532448,22.034048],[83.548561,22.006702],[83.535172,21.963501],[83.557716,21.943911],[83.55336,21.93218],[83.587769,21.926121],[83.600479,21.910841],[83.581512,21.89743],[83.571518,21.87187],[83.584473,21.843601],[83.573532,21.82966],[83.531242,21.8319],[83.536568,21.79393],[83.506142,21.8004],[83.490913,21.814541],[83.484047,21.79434],[83.467178,21.78274],[83.47789,21.764591],[83.473907,21.749611],[83.484131,21.741552],[83.456337,21.694321],[83.427963,21.692329],[83.419746,21.67502],[83.440773,21.65517],[83.483078,21.639601],[83.484543,21.625563],[83.469902,21.62677],[83.462967,21.605511],[83.452759,21.60519],[83.449936,21.61698],[83.441338,21.618092],[83.447578,21.6446],[83.441231,21.649273],[83.380722,21.612751],[83.362328,21.572521],[83.365776,21.549681],[83.334633,21.49555],[83.350288,21.443981],[83.37014,21.4361],[83.393761,21.399443],[83.393173,21.365191],[83.402657,21.348431],[83.374817,21.33996],[83.27002,21.375038],[83.254097,21.31238],[83.274559,21.285671],[83.267677,21.268578],[83.242447,21.27644],[83.218353,21.26012],[83.219063,21.223711],[83.190102,21.135529],[83.161392,21.131451],[83.119843,21.101061],[83.040581,21.118931],[82.992973,21.15428],[82.983421,21.14827],[82.979927,21.157461],[82.965149,21.15576],[82.95607,21.175489],[82.937393,21.161148],[82.902313,21.16297],[82.879227,21.14909],[82.868828,21.15975],[82.812477,21.15856],[82.788849,21.139273],[82.752296,21.15974],[82.635941,21.14945],[82.634087,21.136351],[82.647758,21.124962],[82.6371,21.11162],[82.645027,21.101879],[82.625877,21.07682],[82.609383,21.071198],[82.622307,21.03657],[82.55294,20.941481],[82.485672,20.903511],[82.481926,20.85531],[82.459831,20.835649],[82.459053,20.823841],[82.415527,20.826469],[82.405632,20.83721],[82.401413,20.862431],[82.382797,20.86994],[82.359039,20.866541],[82.359177,20.88271],[82.346619,20.883848],[82.334038,20.84059],[82.335129,20.758518],[82.345863,20.72872],[82.339409,20.72583],[82.346992,20.714239],[82.3433,20.698853],[82.365227,20.663761],[82.368233,20.62406],[82.355827,20.603491],[82.338676,20.59432],[82.340637,20.569733],[82.324013,20.553881],[82.348793,20.52293],[82.380493,20.50985],[82.388092,20.452511],[82.397316,20.45192],[82.41008,20.473301],[82.419388,20.457281],[82.417717,20.438301],[82.429169,20.425753],[82.424286,20.410151],[82.409897,20.402679],[82.410408,20.377201],[82.393776,20.335522],[82.42244,20.30966],[82.42923,20.282963],[82.405083,20.263531],[82.414078,20.24155],[82.404327,20.239601],[82.413597,20.202271],[82.405746,20.178989],[82.383301,20.16046],[82.387192,20.148851],[82.378929,20.14463],[82.392647,20.10825],[82.390862,20.059589],[82.395767,20.049],[82.470772,20.032021],[82.502129,20.013531],[82.543617,20.012131],[82.598366,19.98564],[82.614388,19.986971],[82.63176,20.00009],[82.707489,19.990219],[82.711563,19.944481],[82.700531,19.89329],[82.709351,19.870121],[82.717506,19.87081],[82.711006,19.84856],[82.698441,19.82686],[82.645737,19.825371],[82.622963,19.78931],[82.58506,19.771049],[82.578476,19.77582],[82.571266,19.82238],[82.597382,19.86047],[82.590767,19.866219],[82.577583,19.86344],[82.550873,19.874559],[82.544289,19.86903],[82.5299,19.88213],[82.523056,19.872789],[82.512413,19.884121],[82.498482,19.88517],[82.49424,19.89736],[82.458351,19.89465],[82.439491,19.90292],[82.388817,19.88176],[82.36805,19.854481],[82.356071,19.855131],[82.339447,19.829962],[82.298233,19.883461],[82.261696,19.97156],[82.230629,19.998081],[82.214256,19.993341],[82.204292,19.980339],[82.178467,19.978083],[82.165833,19.99815],[82.131699,20.01269],[82.116096,20.010401],[82.093193,20.032673],[82.057899,20.04987],[82.024406,20.01004],[82.014786,20.01951],[82.009956,20.0448],[81.986603,20.052073],[81.973572,20.075611],[81.941353,20.102251],[81.889458,20.04327],[81.873756,20.046181],[81.837303,19.950081],[81.848831,19.938591],[81.849632,19.908051],[81.898056,19.878519],[81.960373,19.854738],[81.957413,19.83601],[81.980148,19.79578],[82.052193,19.791342],[82.05983,19.783098],[82.057198,19.75341],[82.044006,19.73769],[82.037567,19.703911],[82.051346,19.624441],[82.033958,19.590691],[82.046127,19.538622],[82.022392,19.501802],[82.059792,19.503641],[82.070847,19.515921],[82.092079,19.50984],[82.091019,19.494059],[82.10183,19.47366],[82.096893,19.461081],[82.119308,19.423901],[82.167229,19.42985],[82.18306,19.41761],[82.166367,19.365931],[82.144562,19.370119],[82.140831,19.361919],[82.142349,19.348171],[82.180252,19.332203],[82.183167,19.3197],[82.173683,19.316301],[82.168533,19.290661],[82.151726,19.265463],[82.151649,19.22357],[82.161179,19.208389],[82.155708,19.196529],[82.173393,19.184311],[82.171127,19.16827],[82.178787,19.158859],[82.164139,19.154638],[82.174789,19.145231],[82.165878,19.143141],[82.168137,19.133841],[82.159782,19.12648],[82.169823,19.11286],[82.176239,19.125061],[82.199753,19.11746],[82.198532,19.09417],[82.212112,19.090549],[82.194092,19.060221],[82.225067,19.014591],[82.239563,18.91046],[82.231216,18.90522],[82.213783,18.91214],[82.172729,18.895288],[82.17041,18.877571],[82.158203,18.869459],[82.16494,18.83021],[82.154297,18.796303],[82.161148,18.79096],[82.145477,18.773279],[82.130661,18.7701],[82.129066,18.75765],[82.081413,18.755871],[82.086746,18.746931],[82.078583,18.712082],[82.033737,18.7188],[81.967682,18.690613],[81.955078,18.680229],[81.960632,18.667721],[81.947388,18.65571],[81.947441,18.62882],[81.915527,18.63582],[81.893173,18.653881],[81.885376,18.65033],[81.888367,18.620991],[81.954529,18.58671],[81.945763,18.574911],[81.946907,18.559151],[81.920197,18.557301],[81.9086,18.564228],[81.900803,18.557171],[81.896828,18.528393],[81.882599,18.529181],[81.857941,18.51306],[81.844307,18.481541],[81.7621,18.41131],[81.744911,18.34535],[81.658096,18.339291],[81.64917,18.331001],[81.658669,18.311098],[81.593407,18.301281],[81.567596,18.273211],[81.527962,18.259081],[81.504776,18.183811],[81.522606,18.15727],[81.508659,18.092411],[81.473892,18.028511],[81.47731,17.97002],[81.445236,17.92617],[81.448273,17.903021],[81.437256,17.875938],[81.403763,17.888592],[81.393829,17.885139],[81.389549,17.862101],[81.398056,17.846781],[81.38443,17.82579],[81.384132,17.80349],[81.344528,17.811581],[81.254036,17.81213],[81.191963,17.847101],[81.159569,17.852631],[81.089088,17.810871],[81.073601,17.786291],[81.037651,17.78624],[81.004349,17.838348],[80.994339,17.91423],[80.98465,17.922901],[80.962273,18.03153],[80.965958,18.043468],[80.943993,18.08102],[80.949356,18.12318],[80.972633,18.143551],[80.973679,18.16815],[80.954193,18.166981],[80.900726,18.13467],[80.862022,18.132669],[80.848198,18.197651],[80.867493,18.207258],[80.8591,18.226002],[80.82959,18.234119],[80.817192,18.22521],[80.817917,18.18712],[80.797928,18.1663],[80.762398,18.16297],[80.734558,18.171713],[80.733269,18.21879],[80.788277,18.249781],[80.744621,18.302181],[80.742928,18.322161],[80.716263,18.38294],[80.72654,18.408991],[80.713028,18.405731],[80.69101,18.41935],[80.698891,18.436001],[80.65078,18.472281],[80.63459,18.498631],[80.632683,18.518841],[80.531998,18.58606],[80.513832,18.613138],[80.488388,18.62672],[80.450203,18.62635],[80.381561,18.593599],[80.366951,18.60465],[80.338791,18.588209],[80.29631,18.68564],[80.239563,18.752211],[80.249001,18.765251],[80.27655,18.764851],[80.294159,18.79059],[80.318733,18.79598],[80.347786,18.815941],[80.335732,18.856119],[80.267639,18.928789],[80.267723,18.987329],[80.293411,19.021591],[80.288841,19.046289],[80.322113,19.074871],[80.319946,19.088221],[80.331543,19.10108],[80.320862,19.124491],[80.324852,19.141533],[80.386673,19.18902],[80.377022,19.217369],[80.383347,19.23914],[80.437027,19.26107],[80.475586,19.335043],[80.51384,19.3482],[80.53154,19.3743],[80.567818,19.400921],[80.610153,19.30714],[80.67189,19.326448],[80.684196,19.320028],[80.681801,19.295841],[80.688606,19.283489],[80.749237,19.286741],[80.778091,19.318541],[80.799347,19.325163],[80.845009,19.36091],[80.812737,19.38274],[80.787933,19.426701],[80.835083,19.442381],[80.867493,19.44346],[80.892067,19.465681],[80.889702,19.49925],[80.879051,19.51903],[80.845383,19.529173],[80.827606,19.562672],[80.785156,19.56041],[80.766411,19.568319],[80.764267,19.584831],[80.720993,19.608391],[80.656853,19.612261],[80.66584,19.692211],[80.633507,19.718491],[80.582077,19.738071],[80.570526,19.75474],[80.539673,19.774599],[80.542427,19.819271],[80.507507,19.829948],[80.469162,19.824661],[80.459549,19.811331],[80.48024,19.795441],[80.478088,19.772409],[80.452438,19.7929],[80.394707,19.794579],[80.39753,19.816231],[80.431656,19.810301],[80.460297,19.82803],[80.475021,19.857059],[80.49752,19.86875],[80.482651,19.898899],[80.46122,19.903431],[80.444443,19.893551],[80.407677,19.905903],[80.406296,19.932501],[80.443703,19.952671],[80.4645,19.946251],[80.480476,19.927801],[80.520378,19.93088],[80.545547,19.987181],[80.532539,20.003933],[80.546158,20.06571],[80.534958,20.0854],[80.540367,20.109833],[80.52359,20.124472],[80.503586,20.12879],[80.498032,20.13892],[80.45134,20.144871],[80.439629,20.12912],[80.393837,20.14402],[80.386017,20.162809],[80.394592,20.181589],[80.413986,20.190231],[80.382957,20.24172],[80.465446,20.271622],[80.510826,20.269611],[80.542023,20.306849],[80.605423,20.32019],[80.617767,20.333681],[80.602226,20.37644],[80.586021,20.395611],[80.603439,20.43325],[80.594688,20.446421],[80.603317,20.46242],[80.609947,20.55633],[80.61972,20.56732],[80.612862,20.590578],[80.622322,20.603863],[80.567307,20.612408],[80.511902,20.585119],[80.500099,20.586863],[80.481598,20.6171],[80.484848,20.63518],[80.507607,20.6546],[80.572792,20.67429],[80.580116,20.683641],[80.560188,20.711773],[80.545532,20.765369],[80.543343,20.7918],[80.555893,20.819681],[80.54184,20.93392],[80.459091,20.92815],[80.440697,20.96546],[80.438087,20.9921],[80.423759,21.00959],[80.447342,21.036621],[80.433319,21.097151],[80.439507,21.11178],[80.449249,21.11194],[80.438652,21.121401],[80.455269,21.169081],[80.507637,21.182442],[80.520737,21.203541],[80.550636,21.201172],[80.603447,21.227423],[80.635307,21.250139],[80.654808,21.289511],[80.672951,21.298288],[80.672737,21.31127],[80.656532,21.330772],[80.69165,21.388182],[80.697548,21.427198],[80.721207,21.449402],[80.730217,21.472052],[80.721977,21.49564],[80.730659,21.538721],[80.713547,21.555712],[80.719536,21.571501],[80.709236,21.58675],[80.709396,21.603981],[80.722458,21.622761],[80.707497,21.664101],[80.725113,21.69829],[80.718529,21.711861],[80.742973,21.757961],[80.7621,21.757919],[80.782722,21.739571],[80.811203,21.747492],[80.837677,21.829851],[80.83168,21.846189],[80.841171,21.856453],[80.839592,21.875401],[80.824059,21.88936],[80.836563,21.935659],[80.818443,21.956791],[80.845772,21.960899],[80.868599,22.011209],[80.876633,22.056789],[80.891228,22.06596],[80.90609,22.114441],[80.924797,22.12067],[80.950523,22.11301],[80.965538,22.08198],[80.963417,22.058361],[80.978851,22.048311],[80.987762,22.048479],[81.004272,22.070021],[80.997429,22.08087],[81.003693,22.096889],[80.987251,22.110651],[80.972267,22.111891],[80.971756,22.121481],[80.986702,22.130871],[81.015793,22.13271],[81.019051,22.16526],[81.011696,22.18401],[81.025116,22.188822],[81.025757,22.197691],[81.015793,22.214109],[81.019447,22.229191],[81.048866,22.24419],[81.084679,22.24675],[81.096817,22.27746],[81.113846,22.29438],[81.109268,22.329639],[81.115662,22.34409],[81.100937,22.38324],[81.109993,22.44112],[81.148079,22.455851],[81.16407,22.481911],[81.180046,22.49015],[81.192642,22.482479],[81.194191,22.46208],[81.218391,22.451651],[81.240387,22.459181],[81.255516,22.472483],[81.260452,22.493561],[81.275467,22.499441],[81.303963,22.48175],[81.31591,22.48971],[81.314812,22.515911],[81.322937,22.52433],[81.378738,22.505301],[81.386177,22.45116],[81.396553,22.44132],[81.41893,22.45422],[81.417587,22.473631],[81.424438,22.479239],[81.448029,22.46739],[81.438057,22.49394],[81.479858,22.493311],[81.49321,22.519621],[81.502937,22.526791],[81.511971,22.523529],[81.519066,22.539982],[81.542221,22.529921],[81.556931,22.532162],[81.563057,22.551008],[81.59977,22.535709],[81.615791,22.539021],[81.623573,22.564278],[81.648689,22.568951],[81.640121,22.58655],[81.641388,22.60754],[81.656548,22.632002],[81.678596,22.64888],[81.707016,22.649641],[81.722946,22.67621],[81.736938,22.66905],[81.74054,22.648069],[81.748932,22.64607],[81.762726,22.663589],[81.765976,22.676121],[81.746613,22.726488],[81.762497,22.7353],[81.763977,22.746771],[81.784279,22.766621],[81.760857,22.834339],[81.769402,22.873508],[81.856346,22.89086],[81.860008,22.915001],[81.874611,22.913321],[81.913857,22.948221],[81.940247,22.95709],[81.937218,23.009493],[81.918427,23.040979],[81.938103,23.07781],[81.982147,23.086243],[82.024086,23.08012],[82.067131,23.116817],[82.115883,23.1038],[82.12825,23.11211],[82.132767,23.13162],[82.151077,23.141741],[82.153763,23.158041],[82.137321,23.16497],[82.14666,23.20945],[82.142487,23.227701],[82.169823,23.27018],[82.186386,23.277658],[82.18586,23.32539],[82.158081,23.333321],[82.137833,23.361841],[82.110901,23.355841],[82.09848,23.397701],[82.05677,23.393539],[82.045738,23.377871],[82.014519,23.387918],[82.023247,23.410183],[82.015976,23.42351],[81.999527,23.412811],[81.987396,23.419519],[81.97612,23.413111],[81.971397,23.44747],[81.947617,23.47163],[81.948936,23.49674],[81.916359,23.532091],[81.899971,23.53413],[81.86969,23.51457],[81.827179,23.51129],[81.812576,23.51763],[81.804619,23.545811],[81.756386,23.552521],[81.747963,23.56538],[81.736031,23.56743],[81.693092,23.52334],[81.654533,23.531551],[81.647652,23.50243],[81.628227,23.49037],[81.607048,23.506889],[81.605698,23.550489],[81.577072,23.55489],[81.569733,23.58865],[81.602676,23.600033],[81.613243,23.66098],[81.643127,23.660332],[81.649498,23.683451],[81.67321,23.693432],[81.687286,23.72135],[81.672096,23.740021],[81.674088,23.753971],[81.639656,23.77113],[81.643623,23.798891],[81.630539,23.830811],[81.60733,23.836241],[81.598442,23.85368],[81.598343,23.86422],[81.614853,23.87277],[81.596909,23.889023],[81.610512,23.906973],[81.629219,23.90766],[81.661598,23.925598],[81.679497,23.907648],[81.682396,23.88979],[81.697388,23.885962],[81.702682,23.8634],[81.723007,23.85898],[81.719063,23.840429],[81.782661,23.81184],[81.811729,23.8095],[81.852936,23.82432],[81.862076,23.83481],[81.894096,23.844061],[81.916443,23.87299],[81.950706,23.85289],[82.000732,23.86314],[82.032516,23.845079],[82.032173,23.829309],[82.045403,23.820589],[82.162407,23.81996],[82.173523,23.83909],[82.203888,23.852991],[82.20665,23.84103],[82.199257,23.831921],[82.226143,23.806932],[82.255287,23.82189],[82.328232,23.803671],[82.368347,23.8111],[82.388229,23.801371],[82.460022,23.811399],[82.482689,23.79752],[82.485077,23.78838],[82.516197,23.784231],[82.544518,23.794189],[82.527351,23.82408],[82.585983,23.822861],[82.605911,23.836163],[82.629517,23.839001],[82.643547,23.859621],[82.652023,23.856501],[82.659531,23.87458],[82.646118,23.888733],[82.656517,23.907862],[82.677086,23.909821],[82.701927,23.924932],[82.7481,23.922281],[82.753777,23.935881],[82.774849,23.93857],[82.798653,23.962181],[82.820717,23.96496],[82.8489,23.946833],[82.881187,23.91028],[82.949501,23.87299],[83.036438,23.883051],[83.061043,23.87524],[83.127411,23.89002],[83.145218,23.909943],[83.189568,23.921101],[83.211212,23.960358],[83.216026,23.989403],[83.236923,24.00139],[83.241821,24.013731],[83.258949,24.011629],[83.276077,24.023281],[83.277489,24.049959],[83.289009,24.072901],[83.311073,24.09276],[83.314911,24.106981],[83.327599,24.099649]]]}},{"type":"Feature","properties":{"name":"Dadra and Nagar Haveli","code":""},"geometry":{"type":"Polygon","coordinates":[[[72.990463,20.292089],[73.020493,20.290901],[73.019836,20.317398],[73.02652,20.294121],[73.044167,20.291113],[73.050476,20.322998],[73.090897,20.326839],[73.103386,20.360361],[73.12146,20.33643],[73.112869,20.304941],[73.134293,20.305328],[73.141792,20.317461],[73.177101,20.312323],[73.178879,20.286461],[73.169098,20.282318],[73.158203,20.290482],[73.153557,20.27702],[73.146286,20.280531],[73.136848,20.260469],[73.108521,20.23855],[73.110466,20.23213],[73.076859,20.229801],[73.06424,20.203161],[73.074356,20.19252],[73.072449,20.16345],[73.082443,20.15659],[73.093483,20.173891],[73.105141,20.159969],[73.124947,20.15666],[73.135826,20.172319],[73.15007,20.17284],[73.145752,20.20698],[73.168953,20.19969],[73.180176,20.208609],[73.181137,20.2024],[73.227783,20.18705],[73.222099,20.171421],[73.196098,20.156113],[73.200691,20.1297],[73.216316,20.122],[73.219116,20.0975],[73.198036,20.07781],[73.198906,20.062271],[73.181442,20.05162],[73.1633,20.073111],[73.139542,20.08427],[73.117546,20.07881],[73.09845,20.09367],[73.060638,20.09906],[73.059212,20.06793],[73.052811,20.067671],[73.010208,20.110401],[73.017479,20.134958],[73.010513,20.140223],[73.004311,20.11792],[72.985321,20.113451],[72.973228,20.1308],[72.986687,20.17131],[72.976196,20.180019],[72.974487,20.22584],[72.940849,20.24682],[72.92231,20.274401],[72.945976,20.29343],[72.984093,20.271681],[72.990463,20.292089]]]}},{"type":"Feature","properties":{"name":"Daman and Diu","code":""},"geometry":{"type":"MultiPolygon","coordinates":[[[[72.860138,20.470961],[72.865898,20.46751],[72.844337,20.4484],[72.837059,20.422331],[72.868927,20.40593],[72.875526,20.38105],[72.860817,20.40325],[72.845078,20.40712],[72.831329,20.368738],[72.821533,20.37108],[72.830406,20.44042],[72.860138,20.470961]]],[[[70.883957,20.71381],[70.888535,20.709032],[70.873749,20.709583],[70.883957,20.71381]]],[[[70.948547,20.733742],[70.962639,20.729382],[70.96125,20.723194],[70.962906,20.721531],[70.967636,20.728472],[70.997643,20.714027],[70.977081,20.70153],[70.92514,20.711811],[70.914017,20.69903],[70.899307,20.69875],[70.892082,20.707916],[70.904877,20.726528],[70.948547,20.733742]]],[[[70.768028,20.96196],[70.776787,20.96851],[70.789177,20.959908],[70.821541,20.95973],[70.846016,20.970551],[70.880203,20.955379],[70.901611,20.90333],[70.900238,20.8857],[70.884346,20.87324],[70.819748,20.85771],[70.816963,20.8512],[70.836243,20.847771],[70.84166,20.832392],[70.883339,20.835348],[70.896179,20.824793],[70.893852,20.794701],[70.876488,20.788811],[70.867416,20.79505],[70.867287,20.764631],[70.843582,20.760389],[70.854652,20.751251],[70.840347,20.728451],[70.846649,20.72287],[70.865303,20.727041],[70.874031,20.704863],[70.841248,20.705973],[70.83403,20.69931],[70.838196,20.690142],[70.807358,20.700138],[70.827637,20.69792],[70.827919,20.710972],[70.816528,20.71903],[70.803749,20.700695],[70.766251,20.721251],[70.743752,20.71986],[70.674026,20.75819],[70.684776,20.7918],[70.676323,20.818821],[70.679031,20.84404],[70.694168,20.882961],[70.717583,20.91213],[70.721878,20.944159],[70.740517,20.97398],[70.733849,20.98844],[70.74649,20.98897],[70.768028,20.96196]]]]}},{"type":"Feature","properties":{"name":"Delhi","code":""},"geometry":{"type":"Polygon","coordinates":[[[77.211472,28.854931],[77.213646,28.813499],[77.194611,28.815363],[77.196922,28.79528],[77.224678,28.787628],[77.217102,28.781681],[77.253197,28.75279],[77.256172,28.73992],[77.276863,28.7344],[77.284897,28.71246],[77.323486,28.715872],[77.319839,28.703642],[77.327133,28.68516],[77.317917,28.67934],[77.311211,28.644642],[77.337532,28.617493],[77.336182,28.60887],[77.309921,28.598961],[77.293648,28.57972],[77.295189,28.561201],[77.337738,28.50897],[77.30687,28.490681],[77.278053,28.49815],[77.242653,28.4846],[77.225746,28.46401],[77.243279,28.447491],[77.240616,28.42886],[77.215309,28.415741],[77.165771,28.408461],[77.142433,28.435711],[77.118301,28.44243],[77.102737,28.470449],[77.107666,28.49387],[77.072479,28.520281],[77.048767,28.515242],[77.006096,28.54278],[76.995949,28.5369],[77.011398,28.524111],[77.005547,28.514441],[76.968468,28.52758],[76.944626,28.51363],[76.897453,28.517771],[76.879372,28.50905],[76.876312,28.5284],[76.837616,28.55699],[76.83503,28.5914],[76.854813,28.592352],[76.877937,28.63763],[76.910347,28.637831],[76.92366,28.628651],[76.933907,28.63765],[76.917488,28.65727],[76.929733,28.674419],[76.94725,28.67716],[76.954597,28.705372],[76.941261,28.71703],[76.950661,28.73646],[76.93821,28.759621],[76.946571,28.774031],[76.937469,28.803501],[76.942307,28.820681],[76.95578,28.820021],[76.960831,28.831671],[76.973686,28.82583],[76.983498,28.839081],[77.03154,28.83679],[77.049759,28.87319],[77.065659,28.873001],[77.075851,28.884512],[77.083351,28.874619],[77.12854,28.865391],[77.139198,28.841669],[77.164589,28.86063],[77.199646,28.864941],[77.211472,28.854931]]]}},{"type":"Feature","properties":{"name":"Goa","code":""},"geometry":{"type":"MultiPolygon","coordinates":[[[[73.781807,15.355694],[73.782082,15.348471],[73.760696,15.352081],[73.762077,15.35514],[73.781807,15.355694]]],[[[73.792641,15.37681],[73.799309,15.37764],[73.796249,15.37237],[73.792641,15.37681]]],[[[73.861526,15.407084],[73.865417,15.403749],[73.86264,15.403196],[73.861526,15.407084]]],[[[73.875931,15.793231],[73.886856,15.770291],[73.880241,15.752551],[73.885902,15.747261],[73.945366,15.741522],[73.95887,15.711291],[73.957237,15.696739],[73.971306,15.687251],[73.9757,15.659781],[73.969261,15.644321],[73.975983,15.628942],[74.002388,15.609052],[74.027931,15.6046],[74.039299,15.620851],[74.080551,15.62617],[74.12603,15.65029],[74.173431,15.652052],[74.175438,15.67016],[74.190132,15.680981],[74.197693,15.67893],[74.196327,15.664911],[74.21154,15.660979],[74.213249,15.64903],[74.228798,15.652961],[74.224052,15.658871],[74.231583,15.66652],[74.245041,15.665631],[74.255257,15.65421],[74.252533,15.62382],[74.262497,15.622911],[74.268547,15.609589],[74.254311,15.56583],[74.26989,15.561151],[74.287277,15.526],[74.256332,15.48952],[74.282516,15.443121],[74.27562,15.423901],[74.282639,15.38862],[74.328369,15.367251],[74.323341,15.329591],[74.341652,15.292931],[74.334129,15.282862],[74.282959,15.2813],[74.267937,15.258391],[74.257523,15.257629],[74.263519,15.241881],[74.306686,15.223201],[74.321907,15.18407],[74.30143,15.149881],[74.289566,15.14313],[74.293091,15.119963],[74.278343,15.0959],[74.302338,15.03986],[74.261711,14.990761],[74.273911,14.975222],[74.270119,14.966641],[74.26207,14.957552],[74.243866,14.95749],[74.241676,14.94645],[74.224716,14.94134],[74.211838,14.92142],[74.186562,14.953381],[74.172157,14.95101],[74.1661,14.939442],[74.175392,14.908919],[74.139397,14.920461],[74.113083,14.91116],[74.097359,14.895659],[74.080414,14.909861],[74.066528,14.90708],[74.042923,14.918471],[74.043198,14.94931],[74.053474,14.958194],[74.034309,14.98375],[74.05014,14.988195],[74.038483,14.98597],[74.017639,15.014031],[74.013748,15.00653],[74.007362,15.017921],[73.989029,15.020141],[73.985138,15.046251],[73.97097,15.052361],[73.966805,15.065972],[73.925972,15.085694],[73.911804,15.084028],[73.926247,15.096804],[73.917358,15.108193],[73.935692,15.112638],[73.940697,15.121531],[73.935143,15.132361],[73.948471,15.145972],[73.886528,15.35042],[73.872086,15.370695],[73.841797,15.360143],[73.831528,15.370973],[73.808197,15.376805],[73.806252,15.392641],[73.79097,15.394031],[73.782913,15.40875],[73.792076,15.418751],[73.809303,15.400971],[73.816803,15.410972],[73.827362,15.403471],[73.839584,15.410972],[73.845413,15.399861],[73.876808,15.396805],[73.896797,15.41486],[73.884323,15.432651],[73.861526,15.428473],[73.84903,15.452083],[73.840698,15.44765],[73.81208,15.455693],[73.803192,15.449861],[73.787636,15.461528],[73.804581,15.465138],[73.80542,15.49486],[73.78875,15.49986],[73.775139,15.48986],[73.76458,15.49458],[73.751251,15.557083],[73.740967,15.563471],[73.731247,15.590417],[73.730972,15.608195],[73.74514,15.605416],[73.75486,15.617361],[73.745972,15.626811],[73.73597,15.614305],[73.722641,15.63014],[73.69014,15.718482],[73.679306,15.722361],[73.691856,15.72691],[73.737038,15.717251],[73.758247,15.732752],[73.793213,15.72366],[73.820396,15.73991],[73.833038,15.737752],[73.838783,15.76089],[73.865486,15.797529],[73.875931,15.793231]]]]}},{"type":"Feature","properties":{"name":"Gujarat","code":""},"geometry":{"type":"MultiPolygon","coordinates":[[[[70.86097,20.752918],[70.857635,20.742083],[70.870407,20.718719],[70.865303,20.727041],[70.846649,20.72287],[70.840347,20.728451],[70.86097,20.752918]]],[[[72.84597,20.763201],[72.855415,20.759581],[72.857643,20.75264],[72.847076,20.753759],[72.84597,20.763201]]],[[[71.385971,20.865419],[71.387642,20.863468],[71.386803,20.863468],[71.385971,20.865419]]],[[[71.516251,20.914305],[71.520142,20.906252],[71.530418,20.903473],[71.50708,20.902916],[71.516251,20.914305]]],[[[71.645142,20.977083],[71.648476,20.974585],[71.644302,20.974581],[71.645142,20.977083]]],[[[71.674026,20.99292],[71.687363,20.991528],[71.673752,20.985142],[71.674026,20.99292]]],[[[71.698196,20.99931],[71.703751,20.995138],[71.695419,20.996811],[71.698196,20.99931]]],[[[71.706528,20.998753],[71.714027,20.99765],[71.705971,20.99736],[71.706528,20.998753]]],[[[72.647636,21.076248],[72.654587,21.07375],[72.657356,21.065142],[72.647919,21.067921],[72.647636,21.076248]]],[[[72.678749,21.096806],[72.680687,21.096531],[72.680687,21.095421],[72.678749,21.096806]]],[[[72.672081,21.115141],[72.67292,21.104305],[72.676247,21.09708],[72.669296,21.10486],[72.672081,21.115141]]],[[[72.70208,21.12236],[72.703186,21.11458],[72.699577,21.11236],[72.697639,21.116812],[72.70208,21.12236]]],[[[72.676529,21.155701],[72.710419,21.140694],[72.696808,21.11875],[72.689026,21.089861],[72.675697,21.105143],[72.665138,21.142084],[72.676529,21.155701]]],[[[72.102081,21.270691],[72.103203,21.27042],[72.09903,21.265409],[72.102081,21.270691]]],[[[72.587082,21.339861],[72.587357,21.33625],[72.585983,21.33625],[72.587082,21.339861]]],[[[72.579582,21.364311],[72.582916,21.36236],[72.578751,21.36014],[72.579582,21.364311]]],[[[72.600418,21.387081],[72.599861,21.377914],[72.587639,21.367361],[72.59375,21.380701],[72.600418,21.387081]]],[[[72.628197,21.41736],[72.621803,21.403193],[72.61264,21.395695],[72.617088,21.40514],[72.628197,21.41736]]],[[[72.635132,21.417641],[72.635696,21.413193],[72.631531,21.411806],[72.635132,21.417641]]],[[[72.675972,21.44681],[72.672638,21.44014],[72.66375,21.439583],[72.665413,21.443201],[72.675972,21.44681]]],[[[69.724297,21.56403],[69.722084,21.554583],[69.719582,21.554028],[69.718483,21.557638],[69.724297,21.56403]]],[[[69.724586,21.60903],[69.734863,21.609583],[69.740143,21.59264],[69.724586,21.60903]]],[[[72.353195,21.61347],[72.365143,21.597639],[72.358749,21.579861],[72.345413,21.60235],[72.353195,21.61347]]],[[[72.583473,21.62903],[72.584023,21.625971],[72.581253,21.626249],[72.583473,21.62903]]],[[[72.606247,21.628471],[72.607361,21.61903],[72.605148,21.619581],[72.606247,21.628471]]],[[[72.610138,21.63125],[72.610687,21.62986],[72.609863,21.629591],[72.610138,21.63125]]],[[[72.614296,21.63653],[72.615974,21.63625],[72.614586,21.635418],[72.614296,21.63653]]],[[[72.595703,21.63903],[72.595963,21.63014],[72.611526,21.635695],[72.601517,21.62681],[72.599022,21.617361],[72.587906,21.63014],[72.595703,21.63903]]],[[[72.617081,21.639584],[72.618469,21.638458],[72.617081,21.639029],[72.617081,21.639584]]],[[[72.595695,21.640694],[72.602638,21.63986],[72.599586,21.637083],[72.595695,21.640694]]],[[[72.722641,21.665972],[72.745972,21.658751],[72.750969,21.652916],[72.737923,21.643751],[72.716797,21.64459],[72.710136,21.659031],[72.722641,21.665972]]],[[[72.274307,21.749582],[72.282639,21.734583],[72.287636,21.707361],[72.267639,21.73653],[72.274307,21.749582]]],[[[72.354858,21.943199],[72.357361,21.92931],[72.36042,21.924583],[72.347641,21.929029],[72.354858,21.943199]]],[[[72.212357,22.005421],[72.215973,22.002083],[72.210419,22.003193],[72.212357,22.005421]]],[[[72.467918,22.20542],[72.472359,22.20319],[72.467918,22.20236],[72.467918,22.20542]]],[[[72.384308,22.215694],[72.390137,22.213482],[72.392082,22.210411],[72.387642,22.210136],[72.384308,22.215694]]],[[[72.370697,22.23514],[72.368187,22.22403],[72.376526,22.203751],[72.363472,22.214027],[72.370697,22.23514]]],[[[69.309288,22.304581],[69.31208,22.304029],[69.311806,22.303194],[69.309288,22.304581]]],[[[69.439583,22.35681],[69.458191,22.352079],[69.437363,22.354305],[69.439583,22.35681]]],[[[69.18264,22.36681],[69.185692,22.367083],[69.185417,22.36404],[69.18264,22.36681]]],[[[69.192642,22.37097],[69.19458,22.36764],[69.189857,22.369305],[69.192642,22.37097]]],[[[69.212364,22.384027],[69.215141,22.384027],[69.214302,22.38236],[69.212364,22.384027]]],[[[69.202362,22.387642],[69.200691,22.384859],[69.199577,22.384027],[69.199585,22.387083],[69.202362,22.387642]]],[[[69.335419,22.38903],[69.340416,22.380972],[69.332077,22.372641],[69.322906,22.38236],[69.335419,22.38903]]],[[[69.483192,22.398748],[69.489029,22.39292],[69.484581,22.387642],[69.480141,22.390139],[69.483192,22.398748]]],[[[69.278198,22.417921],[69.280693,22.415695],[69.277641,22.415974],[69.278198,22.417921]]],[[[69.275696,22.419861],[69.277916,22.418194],[69.275139,22.419031],[69.275696,22.419861]]],[[[69.140694,22.454584],[69.141808,22.454306],[69.142639,22.452917],[69.140694,22.454584]]],[[[69.62764,22.459583],[69.643196,22.450701],[69.644859,22.434029],[69.657082,22.428194],[69.636528,22.40653],[69.59597,22.424583],[69.588196,22.43708],[69.62764,22.459583]]],[[[69.302086,22.47403],[69.324585,22.469584],[69.326805,22.457083],[69.320419,22.45097],[69.301247,22.452917],[69.292915,22.459305],[69.302086,22.47403]]],[[[69.136803,22.477638],[69.148483,22.47403],[69.146805,22.463194],[69.11097,22.464031],[69.108467,22.437361],[69.084862,22.420959],[69.085136,22.43264],[69.09597,22.441252],[69.093483,22.461531],[69.136803,22.477638]]],[[[69.085136,22.48819],[69.086807,22.486803],[69.08403,22.485138],[69.085136,22.48819]]],[[[69.324287,22.527639],[69.35125,22.526541],[69.363747,22.512362],[69.350136,22.504026],[69.335136,22.507359],[69.315697,22.519859],[69.324287,22.527639]]],[[[69.943474,22.530416],[69.947083,22.53153],[69.947639,22.530416],[69.943474,22.530416]]],[[[69.405136,22.53264],[69.406517,22.527081],[69.403198,22.524305],[69.401802,22.528194],[69.405136,22.53264]]],[[[69.955139,22.535973],[69.956802,22.534031],[69.95237,22.53264],[69.955139,22.535973]]],[[[69.958191,22.542641],[69.96347,22.541811],[69.954033,22.535973],[69.958191,22.542641]]],[[[69.941803,22.550421],[69.957642,22.545141],[69.953194,22.536806],[69.938751,22.538481],[69.941803,22.550421]]],[[[69.918747,22.553196],[69.932358,22.544584],[69.929581,22.530701],[69.942085,22.528749],[69.941528,22.517916],[69.89653,22.511806],[69.862358,22.527081],[69.895142,22.522921],[69.900406,22.546247],[69.918747,22.553196]]],[[[70.024307,22.553196],[70.019859,22.547916],[70.011528,22.549583],[70.015976,22.551531],[70.024307,22.553196]]],[[[70.011253,22.553751],[70.00486,22.54903],[69.995972,22.548752],[70.000687,22.552361],[70.011253,22.553751]]],[[[70.016823,22.55792],[70.024582,22.55514],[70.012642,22.554028],[70.016823,22.55792]]],[[[70.038475,22.564585],[70.04097,22.56653],[70.040413,22.564306],[70.038475,22.564585]]],[[[70.042076,22.570141],[70.045967,22.56986],[70.042076,22.56736],[70.042076,22.570141]]],[[[70.180138,22.58153],[70.183197,22.58264],[70.183197,22.580971],[70.180138,22.58153]]],[[[70.009033,22.593201],[70.024857,22.586248],[70.027084,22.567917],[69.992638,22.548195],[69.957916,22.54958],[69.965141,22.577921],[70.009033,22.593201]]],[[[70.188751,22.599583],[70.191803,22.598194],[70.189308,22.597639],[70.188751,22.599583]]],[[[69.948471,22.606251],[69.958191,22.60375],[69.963753,22.599028],[69.953194,22.595415],[69.948471,22.606251]]],[[[70.216805,22.642084],[70.22097,22.643473],[70.220413,22.640141],[70.216805,22.642084]]],[[[70.235138,22.682362],[70.238472,22.683203],[70.238472,22.682362],[70.235138,22.682362]]],[[[70.239029,22.682079],[70.243752,22.684311],[70.243469,22.682362],[70.239029,22.682079]]],[[[70.241806,22.689583],[70.24736,22.68819],[70.242638,22.68681],[70.241806,22.689583]]],[[[70.244026,22.720139],[70.246529,22.714582],[70.245415,22.711805],[70.243469,22.71236],[70.244026,22.720139]]],[[[69.642639,22.764862],[69.654861,22.75597],[69.666527,22.753195],[69.666527,22.75069],[69.630974,22.761251],[69.642639,22.764862]]],[[[69.635139,22.777916],[69.637352,22.778749],[69.637642,22.77569],[69.635139,22.777916]]],[[[70.455139,22.995701],[70.450966,22.98597],[70.43264,22.97875],[70.435692,22.983749],[70.455139,22.995701]]],[[[70.441528,23.049583],[70.429863,23.034861],[70.414581,23.022638],[70.429016,23.04653],[70.441528,23.049583]]],[[[70.448471,23.052084],[70.434303,23.013748],[70.41375,22.989849],[70.414581,23.01931],[70.448471,23.052084]]],[[[70.453476,23.053194],[70.451813,23.05097],[70.450142,23.050138],[70.45153,23.052361],[70.453476,23.053194]]],[[[70.45903,23.05764],[70.457359,23.050138],[70.449585,23.043194],[70.457359,23.055141],[70.454857,23.055141],[70.451813,23.052641],[70.449593,23.052361],[70.449593,23.052641],[70.45903,23.05764]]],[[[70.44709,23.05932],[70.449028,23.05792],[70.445969,23.058195],[70.44709,23.05932]]],[[[70.46125,23.05792],[70.468193,23.05875],[70.460419,23.05571],[70.46125,23.05792]]],[[[70.482361,23.065418],[70.451805,23.026527],[70.446251,23.025139],[70.458191,23.049862],[70.482361,23.065418]]],[[[68.60347,23.225695],[68.611809,23.227638],[68.612923,23.221251],[68.60347,23.225695]]],[[[68.594582,23.259581],[68.595413,23.260681],[68.597641,23.260139],[68.594582,23.259581]]],[[[68.657082,23.268749],[68.660423,23.268749],[68.660141,23.267916],[68.657082,23.268749]]],[[[68.627914,23.286528],[68.629303,23.28903],[68.629028,23.285418],[68.627914,23.286528]]],[[[68.69986,23.309313],[68.708748,23.309584],[68.708473,23.306528],[68.69986,23.309313]]],[[[68.558197,23.313751],[68.574028,23.294306],[68.572357,23.303751],[68.588196,23.295416],[68.582077,23.310143],[68.595695,23.299582],[68.612076,23.296532],[68.614861,23.27153],[68.572365,23.260975],[68.584297,23.25375],[68.572906,23.251251],[68.574028,23.24514],[68.54097,23.265694],[68.54097,23.285143],[68.556252,23.274031],[68.567917,23.281248],[68.553192,23.29681],[68.558197,23.313751]]],[[[68.634308,23.313751],[68.646248,23.30736],[68.633186,23.307919],[68.634308,23.313751]]],[[[68.630417,23.313192],[68.634026,23.314028],[68.631248,23.31208],[68.630417,23.313192]]],[[[68.63958,23.31625],[68.643471,23.318211],[68.643196,23.31542],[68.63958,23.31625]]],[[[68.582916,23.31514],[68.607918,23.30986],[68.605141,23.314861],[68.609306,23.316807],[68.618752,23.299311],[68.598473,23.30208],[68.582916,23.31514]]],[[[68.631248,23.319578],[68.631805,23.320139],[68.632362,23.31875],[68.631248,23.319578]]],[[[68.627083,23.321812],[68.62986,23.315697],[68.627907,23.311531],[68.625687,23.31208],[68.627083,23.321812]]],[[[68.625137,23.324306],[68.629028,23.32375],[68.629028,23.321529],[68.625137,23.324306]]],[[[68.540413,23.33931],[68.544586,23.33847],[68.541527,23.337082],[68.540413,23.33931]]],[[[68.545418,23.34042],[68.550697,23.339306],[68.545135,23.338753],[68.545418,23.34042]]],[[[68.553749,23.34181],[68.55542,23.339022],[68.553192,23.339863],[68.553749,23.34181]]],[[[68.505974,23.342361],[68.527641,23.337084],[68.526253,23.329027],[68.537636,23.31847],[68.502357,23.32375],[68.505974,23.342361]]],[[[68.521248,23.342638],[68.531807,23.342361],[68.532082,23.339306],[68.521248,23.342638]]],[[[68.560966,23.34292],[68.56514,23.34264],[68.561249,23.34181],[68.560966,23.34292]]],[[[68.628471,23.348749],[68.632637,23.347918],[68.635696,23.345421],[68.634308,23.34236],[68.628471,23.348749]]],[[[68.47097,23.35597],[68.476517,23.355421],[68.47625,23.35347],[68.47097,23.35597]]],[[[68.56958,23.358749],[68.574577,23.35903],[68.575691,23.35236],[68.56958,23.358749]]],[[[68.596252,23.360695],[68.599586,23.359583],[68.59597,23.359581],[68.596252,23.360695]]],[[[68.589027,23.374311],[68.597923,23.364033],[68.595139,23.358749],[68.610695,23.351805],[68.606796,23.36375],[68.608749,23.364311],[68.61792,23.354031],[68.617363,23.327641],[68.599861,23.345694],[68.607361,23.331808],[68.578476,23.351528],[68.567917,23.37207],[68.587914,23.368473],[68.589027,23.374311]]],[[[68.539024,23.377083],[68.539307,23.374861],[68.537918,23.37513],[68.539024,23.377083]]],[[[68.50264,23.378469],[68.502914,23.380974],[68.505142,23.379864],[68.505142,23.377361],[68.50264,23.378469]]],[[[68.503754,23.384308],[68.505142,23.38126],[68.504303,23.38097],[68.503754,23.384308]]],[[[68.535423,23.380701],[68.53653,23.38236],[68.542915,23.380138],[68.535423,23.380701]]],[[[68.577919,23.384029],[68.58625,23.38014],[68.58709,23.375971],[68.577919,23.384029]]],[[[68.530418,23.383196],[68.532082,23.384583],[68.536804,23.377361],[68.534302,23.37125],[68.530418,23.383196]]],[[[68.552917,23.402081],[68.556526,23.403749],[68.556808,23.402639],[68.552917,23.402081]]],[[[68.537361,23.404861],[68.550697,23.402361],[68.556252,23.379028],[68.56736,23.375973],[68.555695,23.360416],[68.55014,23.37125],[68.560692,23.375422],[68.554031,23.377083],[68.546249,23.396807],[68.543747,23.388201],[68.541252,23.401251],[68.53347,23.389582],[68.528198,23.390692],[68.537361,23.404861]]],[[[68.462082,23.402361],[68.462906,23.403749],[68.469017,23.403469],[68.462082,23.402361]]],[[[68.523476,23.404581],[68.527359,23.399031],[68.527359,23.38625],[68.520416,23.39403],[68.523476,23.404581]]],[[[68.469856,23.404581],[68.471252,23.404306],[68.475975,23.402916],[68.469856,23.404581]]],[[[68.429581,23.40597],[68.432358,23.405701],[68.432358,23.40486],[68.429581,23.40597]]],[[[68.461533,23.40625],[68.463196,23.406811],[68.464577,23.405142],[68.461533,23.40625]]],[[[68.409027,23.40625],[68.409859,23.407921],[68.409859,23.405701],[68.409027,23.40625]]],[[[68.557358,23.409309],[68.55542,23.405142],[68.551247,23.404306],[68.557358,23.409309]]],[[[68.414581,23.409861],[68.422363,23.405142],[68.42347,23.400688],[68.413193,23.403749],[68.414581,23.409861]]],[[[68.457916,23.412083],[68.462914,23.410973],[68.457916,23.411249],[68.457916,23.412083]]],[[[68.549858,23.414862],[68.54792,23.410418],[68.541527,23.40543],[68.549858,23.414862]]],[[[68.398483,23.419031],[68.402641,23.41847],[68.401802,23.415972],[68.398483,23.419031]]],[[[68.401253,23.42292],[68.402641,23.420691],[68.401802,23.420416],[68.401253,23.42292]]],[[[68.398476,23.427084],[68.401253,23.42318],[68.398193,23.421806],[68.398476,23.427084]]],[[[68.50042,23.43125],[68.501251,23.43014],[68.50042,23.43014],[68.50042,23.43125]]],[[[68.51403,23.43264],[68.516251,23.429859],[68.513748,23.430416],[68.51403,23.43264]]],[[[68.498749,23.436251],[68.500969,23.435417],[68.496803,23.43458],[68.498749,23.436251]]],[[[68.499306,23.442362],[68.502083,23.443195],[68.500687,23.43903],[68.499306,23.442362]]],[[[68.495972,23.448475],[68.502357,23.449581],[68.496803,23.444027],[68.495972,23.448475]]],[[[68.506813,23.456541],[68.525139,23.443201],[68.525696,23.436251],[68.522919,23.443201],[68.513466,23.44792],[68.521248,23.441542],[68.520973,23.43708],[68.517082,23.442083],[68.515694,23.433472],[68.509857,23.438751],[68.511528,23.430416],[68.502907,23.429312],[68.506813,23.456541]]],[[[68.407913,23.45792],[68.40625,23.45236],[68.401253,23.453751],[68.401253,23.455139],[68.407913,23.45792]]],[[[68.49514,23.47403],[68.502357,23.458195],[68.500137,23.455139],[68.49514,23.47403]]],[[[68.470139,23.478195],[68.48542,23.47542],[68.494858,23.455973],[68.484581,23.403191],[68.46347,23.407085],[68.46653,23.41181],[68.458191,23.417917],[68.464577,23.421249],[68.458748,23.434031],[68.467636,23.442083],[68.460419,23.444027],[68.461807,23.45348],[68.470703,23.45319],[68.474586,23.459864],[68.44014,23.44486],[68.43042,23.43125],[68.428474,23.437361],[68.418198,23.439861],[68.429031,23.431532],[68.421249,23.420141],[68.412086,23.443472],[68.424858,23.447639],[68.43486,23.440416],[68.43264,23.45014],[68.452637,23.46097],[68.445137,23.467918],[68.460136,23.468472],[68.457077,23.47875],[68.470139,23.478195]]],[[[68.498466,23.489031],[68.495972,23.47736],[68.482086,23.477921],[68.487083,23.485695],[68.498466,23.489031]]],[[[68.506805,23.490417],[68.507362,23.492361],[68.509026,23.490417],[68.506805,23.490417]]],[[[68.509308,23.492081],[68.511528,23.492361],[68.511253,23.49069],[68.509308,23.492081]]],[[[68.48597,23.489031],[68.489586,23.49375],[68.48764,23.486523],[68.48597,23.489031]]],[[[68.46653,23.497923],[68.471252,23.480417],[68.459587,23.479584],[68.458748,23.487364],[68.46653,23.497923]]],[[[68.437363,23.499031],[68.439308,23.499582],[68.43959,23.498751],[68.437363,23.499031]]],[[[68.480698,23.501251],[68.486809,23.48597],[68.479576,23.477921],[68.473747,23.481812],[68.484306,23.490696],[68.474861,23.486523],[68.472923,23.494028],[68.481529,23.491529],[68.480698,23.501251]]],[[[68.467918,23.524033],[68.470413,23.518751],[68.464302,23.515417],[68.463196,23.518751],[68.467918,23.524033]]],[[[68.475136,23.528761],[68.474586,23.522078],[68.471527,23.520691],[68.46875,23.524584],[68.475136,23.528761]]],[[[68.473473,23.537083],[68.476517,23.532921],[68.474861,23.53042],[68.472076,23.53097],[68.473473,23.537083]]],[[[68.481529,23.54875],[68.483192,23.54875],[68.482086,23.547083],[68.481529,23.54875]]],[[[68.479309,23.55542],[68.47625,23.539305],[68.453194,23.528749],[68.461807,23.533751],[68.453476,23.536812],[68.457359,23.542641],[68.479309,23.55542]]],[[[68.22403,23.584028],[68.227356,23.585421],[68.228195,23.584307],[68.22403,23.584028]]],[[[68.255142,23.590139],[68.253471,23.582081],[68.244858,23.587078],[68.245972,23.589029],[68.255142,23.590139]]],[[[68.215141,23.587078],[68.217636,23.587084],[68.217102,23.58625],[68.215141,23.587078]]],[[[68.482086,23.596809],[68.481247,23.561251],[68.473473,23.562922],[68.445969,23.54014],[68.43042,23.50765],[68.435417,23.557083],[68.448196,23.565695],[68.453186,23.561251],[68.455696,23.572361],[68.472916,23.578194],[68.462364,23.581528],[68.467918,23.591532],[68.479576,23.589861],[68.482086,23.596809]]],[[[68.458473,23.600418],[68.467636,23.591806],[68.461525,23.583471],[68.462082,23.576813],[68.451248,23.573195],[68.444305,23.578194],[68.453194,23.577917],[68.458473,23.600418]]],[[[68.479027,23.60404],[68.486526,23.603195],[68.480141,23.59819],[68.479027,23.60404]]],[[[68.434593,23.616249],[68.465973,23.621531],[68.46653,23.600981],[68.45182,23.602922],[68.440407,23.586531],[68.434593,23.616249]]],[[[68.484581,23.627918],[68.490974,23.604305],[68.47876,23.606531],[68.479858,23.590969],[68.468193,23.59264],[68.469566,23.616249],[68.484581,23.627918]]],[[[68.473473,23.720972],[68.482086,23.71986],[68.472641,23.714581],[68.473473,23.720972]]],[[[68.447639,23.732641],[68.450142,23.730415],[68.447357,23.73181],[68.447639,23.732641]]],[[[68.467361,23.739861],[68.485138,23.732361],[68.48764,23.729031],[68.459297,23.724861],[68.457077,23.733749],[68.467361,23.739861]]],[[[68.483467,23.742371],[68.484863,23.737638],[68.481796,23.73624],[68.483467,23.742371]]],[[[68.21653,23.77931],[68.22403,23.76403],[68.217636,23.755693],[68.214859,23.758196],[68.21653,23.77931]]],[[[68.349312,23.80014],[68.346802,23.780138],[68.340416,23.777082],[68.341805,23.789305],[68.349312,23.80014]]],[[[68.358467,23.80514],[68.397919,23.784861],[68.426247,23.794861],[68.418198,23.762638],[68.41153,23.76153],[68.399307,23.750973],[68.417358,23.760418],[68.418457,23.724298],[68.390419,23.654306],[68.37542,23.643188],[68.385971,23.667641],[68.390137,23.68486],[68.38958,23.685972],[68.375694,23.650696],[68.37458,23.639311],[68.347923,23.61598],[68.346802,23.59819],[68.314583,23.589861],[68.314857,23.583197],[68.308472,23.582914],[68.304321,23.596531],[68.299583,23.587917],[68.30764,23.584028],[68.294861,23.578751],[68.274307,23.59181],[68.27903,23.597086],[68.278198,23.589861],[68.280136,23.588751],[68.283195,23.600695],[68.292641,23.60014],[68.272919,23.617922],[68.277916,23.63125],[68.28653,23.627359],[68.304581,23.63014],[68.313751,23.62236],[68.306808,23.630701],[68.277092,23.632643],[68.26403,23.60236],[68.242081,23.606251],[68.239861,23.599861],[68.256248,23.595695],[68.250137,23.590694],[68.236809,23.595695],[68.233192,23.587078],[68.221252,23.589861],[68.225983,23.60681],[68.197083,23.597086],[68.186249,23.62431],[68.204582,23.64764],[68.210136,23.640417],[68.223198,23.647081],[68.233749,23.641251],[68.255959,23.64514],[68.258194,23.640417],[68.260139,23.63986],[68.258186,23.644861],[68.279861,23.649027],[68.299576,23.64736],[68.311813,23.650141],[68.280418,23.652088],[68.259308,23.645962],[68.231247,23.642916],[68.269577,23.64958],[68.282082,23.670694],[68.292358,23.678473],[68.304321,23.679029],[68.306252,23.68125],[68.297363,23.684032],[68.318466,23.718201],[68.329582,23.723749],[68.329865,23.719862],[68.33403,23.710972],[68.330406,23.722361],[68.339302,23.74264],[68.349861,23.731808],[68.351807,23.74292],[68.340973,23.74486],[68.343193,23.752361],[68.334862,23.758751],[68.348747,23.781528],[68.350418,23.80069],[68.358467,23.80514]]],[[[68.605141,23.809586],[68.601807,23.796249],[68.595139,23.796804],[68.593475,23.803473],[68.605141,23.809586]]],[[[68.593475,23.812084],[68.595413,23.810139],[68.594307,23.810139],[68.593475,23.812084]]],[[[68.290138,23.816805],[68.31292,23.821251],[68.318192,23.80764],[68.322365,23.804861],[68.313751,23.786806],[68.324303,23.734308],[68.291252,23.72764],[68.286247,23.733749],[68.294586,23.741253],[68.285698,23.754583],[68.293198,23.740417],[68.285416,23.735695],[68.284859,23.732084],[68.294586,23.723188],[68.272087,23.70764],[68.274025,23.706249],[68.272919,23.703751],[68.274582,23.701811],[68.274033,23.70125],[68.257362,23.715975],[68.265976,23.729586],[68.267639,23.772362],[68.275406,23.795141],[68.298195,23.803749],[68.297081,23.812084],[68.290138,23.816805]]],[[[68.496529,23.830973],[68.519859,23.817923],[68.522919,23.802361],[68.51236,23.78875],[68.504028,23.794031],[68.498474,23.794582],[68.522362,23.775419],[68.516808,23.75458],[68.489586,23.759583],[68.507362,23.74847],[68.48764,23.737082],[68.488197,23.748472],[68.471527,23.75514],[68.465416,23.767639],[68.466797,23.772079],[68.465416,23.775419],[68.464027,23.766251],[68.476807,23.74069],[68.437363,23.739311],[68.456528,23.774029],[68.447906,23.806532],[68.458191,23.81765],[68.496529,23.830973]]],[[[68.702637,23.850414],[68.710693,23.849861],[68.710419,23.848751],[68.702637,23.850414]]],[[[68.695137,23.85153],[68.700417,23.851526],[68.694862,23.84931],[68.695137,23.85153]]],[[[68.530418,23.870972],[68.534859,23.864861],[68.524025,23.858473],[68.530418,23.870972]]],[[[68.395691,23.878197],[68.420692,23.868473],[68.428749,23.84597],[68.439308,23.839031],[68.426529,23.810421],[68.410141,23.809031],[68.407913,23.814308],[68.412918,23.819584],[68.41153,23.820972],[68.406517,23.81181],[68.41597,23.802078],[68.405418,23.793192],[68.391808,23.809029],[68.389862,23.832083],[68.384308,23.83736],[68.379585,23.838196],[68.389313,23.83042],[68.390137,23.809586],[68.401527,23.790417],[68.355141,23.810972],[68.330139,23.787361],[68.325142,23.79792],[68.347359,23.819584],[68.344307,23.83931],[68.377083,23.857916],[68.377907,23.87431],[68.387642,23.874031],[68.395691,23.878197]]],[[[68.248192,23.880421],[68.25486,23.875141],[68.251808,23.86236],[68.234024,23.842916],[68.215973,23.84763],[68.215973,23.86681],[68.248192,23.880421]]],[[[68.449303,23.938473],[68.458748,23.930691],[68.454567,23.92931],[68.450966,23.921249],[68.444031,23.91931],[68.451805,23.915972],[68.444305,23.913195],[68.45153,23.913471],[68.450417,23.90542],[68.444313,23.909309],[68.442917,23.90819],[68.450417,23.904583],[68.446808,23.89875],[68.45208,23.881809],[68.443748,23.878471],[68.442093,23.870422],[68.425972,23.86458],[68.419586,23.870972],[68.420692,23.877083],[68.410698,23.885422],[68.429306,23.895971],[68.422363,23.894861],[68.40847,23.885139],[68.417076,23.87236],[68.393471,23.880421],[68.377357,23.87653],[68.37236,23.859571],[68.349861,23.846251],[68.356529,23.863201],[68.355972,23.890141],[68.367638,23.890694],[68.358467,23.89403],[68.354309,23.888201],[68.355698,23.884581],[68.353203,23.883739],[68.352913,23.900694],[68.405136,23.912361],[68.427361,23.933472],[68.440971,23.93458],[68.449303,23.938473]]],[[[68.535416,23.945972],[68.542358,23.93375],[68.558197,23.930973],[68.558472,23.923195],[68.588753,23.916811],[68.567085,23.903475],[68.546806,23.872917],[68.537086,23.867361],[68.532639,23.876251],[68.517082,23.856527],[68.50042,23.866529],[68.502083,23.87542],[68.490967,23.866251],[68.48597,23.88987],[68.512085,23.903194],[68.525696,23.892641],[68.51403,23.904583],[68.531807,23.923471],[68.537636,23.917639],[68.525414,23.94014],[68.535416,23.945972]]],[[[68.51458,23.949583],[68.522919,23.945415],[68.51458,23.949306],[68.51458,23.949583]]],[[[68.482086,23.99264],[68.502357,23.978472],[68.496529,23.95569],[68.518753,23.940695],[68.505692,23.941805],[68.518471,23.935694],[68.518471,23.924305],[68.480415,23.890415],[68.467361,23.894583],[68.479576,23.88903],[68.472923,23.86293],[68.443466,23.848471],[68.428192,23.861811],[68.439857,23.866529],[68.453186,23.87986],[68.458191,23.914583],[68.451248,23.919861],[68.462914,23.932083],[68.448761,23.94014],[68.441803,23.936251],[68.428192,23.93792],[68.441528,23.962641],[68.449028,23.959583],[68.442627,23.964029],[68.447639,23.980694],[68.461807,23.991812],[68.482086,23.99264]]],[[[68.430138,23.99542],[68.436821,23.98764],[68.433746,23.964027],[68.412918,23.927361],[68.387085,23.914305],[68.376251,23.92042],[68.344856,23.901251],[68.348747,23.865141],[68.33625,23.83876],[68.337639,23.819305],[68.320969,23.807081],[68.314583,23.82403],[68.303749,23.824583],[68.28875,23.817362],[68.295692,23.804312],[68.274307,23.797361],[68.270416,23.78569],[68.265686,23.792921],[68.265976,23.74625],[68.254028,23.71875],[68.266808,23.691807],[68.255959,23.679581],[68.237923,23.68125],[68.226807,23.69014],[68.229309,23.702921],[68.207642,23.706806],[68.192642,23.73097],[68.211807,23.763481],[68.213753,23.755417],[68.219582,23.75486],[68.225983,23.762638],[68.224586,23.771807],[68.234306,23.77486],[68.232635,23.782084],[68.224297,23.77347],[68.217918,23.78125],[68.209297,23.81097],[68.212914,23.834583],[68.234581,23.83597],[68.245407,23.85376],[68.24958,23.846533],[68.25708,23.844584],[68.260406,23.82486],[68.260971,23.83736],[68.277359,23.834305],[68.287361,23.839308],[68.260971,23.83876],[68.257919,23.845423],[68.24958,23.848749],[68.248749,23.85376],[68.259308,23.871805],[68.280418,23.867916],[68.293198,23.872923],[68.297638,23.867916],[68.305138,23.865696],[68.317642,23.879301],[68.309593,23.87903],[68.303749,23.867081],[68.293198,23.875141],[68.281807,23.87014],[68.259018,23.875141],[68.278473,23.902361],[68.277084,23.914862],[68.289032,23.921808],[68.334587,23.917641],[68.34597,23.93264],[68.346237,23.960421],[68.359863,23.97764],[68.376251,23.98431],[68.385406,23.965973],[68.395973,23.965416],[68.430138,23.99542]]],[[[72.0849,24.652752],[72.12101,24.631962],[72.150726,24.634102],[72.161667,24.61581],[72.185898,24.60943],[72.21064,24.61257],[72.229988,24.632881],[72.248932,24.620781],[72.27475,24.622231],[72.315056,24.608871],[72.331009,24.611881],[72.340202,24.62299],[72.353783,24.618101],[72.342216,24.593521],[72.325996,24.586861],[72.314026,24.58539],[72.300331,24.600151],[72.279259,24.6],[72.250999,24.58016],[72.271683,24.550159],[72.290039,24.558281],[72.29512,24.538441],[72.337013,24.544149],[72.3349,24.55868],[72.357933,24.552511],[72.373909,24.537359],[72.37088,24.528761],[72.386322,24.500511],[72.421112,24.508068],[72.44249,24.50425],[72.448151,24.49332],[72.436676,24.46051],[72.456238,24.438129],[72.464676,24.40712],[72.507713,24.409931],[72.500557,24.450291],[72.511742,24.44739],[72.513878,24.46456],[72.544579,24.506851],[72.588501,24.472502],[72.658638,24.45643],[72.69725,24.457211],[72.693466,24.419281],[72.732536,24.361271],[72.815346,24.358191],[72.868118,24.36581],[72.900558,24.351448],[72.923912,24.326323],[72.991463,24.363972],[72.981277,24.380051],[72.96328,24.383739],[72.964188,24.392221],[72.990616,24.420891],[72.981003,24.45105],[73.012787,24.482401],[73.021851,24.465113],[73.051041,24.46526],[73.083817,24.49021],[73.098923,24.491491],[73.10833,24.426321],[73.084961,24.39447],[73.111198,24.386801],[73.127388,24.36883],[73.169968,24.35067],[73.190392,24.35577],[73.210983,24.37542],[73.231476,24.36466],[73.21106,24.33423],[73.192947,24.343571],[73.180626,24.301491],[73.144958,24.307858],[73.138947,24.28005],[73.116066,24.26259],[73.100906,24.237711],[73.111206,24.231112],[73.091728,24.220881],[73.082687,24.18498],[73.116508,24.152861],[73.114166,24.13859],[73.123398,24.140301],[73.17173,24.111322],[73.193863,24.105183],[73.197601,24.11079],[73.223816,24.098221],[73.198936,24.05146],[73.245827,24.01071],[73.275307,24.028021],[73.291031,24.027403],[73.332497,24.073683],[73.335182,24.11511],[73.360817,24.114092],[73.373466,24.128139],[73.369629,24.08798],[73.396591,24.072531],[73.413757,24.051069],[73.40506,23.990549],[73.419579,23.98266],[73.424683,23.931061],[73.407753,23.916121],[73.396111,23.916792],[73.362076,23.86187],[73.372673,23.821922],[73.362648,23.78743],[73.3759,23.76667],[73.389847,23.76926],[73.400009,23.783978],[73.420486,23.779331],[73.43219,23.762081],[73.450821,23.75259],[73.479271,23.708973],[73.508537,23.703331],[73.510941,23.673389],[73.500526,23.65073],[73.511627,23.645081],[73.501099,23.633831],[73.513489,23.616812],[73.532242,23.613541],[73.577271,23.655361],[73.619019,23.651423],[73.660736,23.622902],[73.649986,23.607693],[73.651207,23.58087],[73.637131,23.548019],[73.637001,23.53113],[73.657333,23.51618],[73.658417,23.50412],[73.643822,23.49678],[73.632751,23.452393],[73.653206,23.440491],[73.681908,23.457081],[73.704216,23.455782],[73.717216,23.41884],[73.726143,23.412663],[73.764717,23.458578],[73.783066,23.43461],[73.83213,23.446751],[73.836456,23.430691],[73.894928,23.352581],[73.894272,23.337139],[73.938896,23.341419],[73.947296,23.37352],[73.962471,23.38139],[73.978897,23.36784],[73.990776,23.337629],[74.032661,23.33235],[74.037598,23.30574],[74.049683,23.307091],[74.044472,23.296091],[74.106583,23.294123],[74.113876,23.277349],[74.136108,23.264721],[74.139481,23.226822],[74.124702,23.20657],[74.127022,23.17885],[74.145691,23.17523],[74.155167,23.157751],[74.182991,23.15222],[74.207542,23.192051],[74.237022,23.182701],[74.246033,23.188259],[74.267067,23.16597],[74.288147,23.118731],[74.282539,23.095013],[74.310173,23.07954],[74.327721,23.04269],[74.349197,23.030241],[74.370796,22.97723],[74.35714,22.977221],[74.341637,22.964691],[74.362022,22.93309],[74.400383,22.89938],[74.418701,22.918371],[74.451477,22.924],[74.462822,22.91346],[74.47892,22.858641],[74.464943,22.815081],[74.439186,22.809441],[74.439232,22.785551],[74.403076,22.730709],[74.381088,22.638639],[74.328079,22.644211],[74.317207,22.636461],[74.265358,22.644831],[74.256416,22.635681],[74.257637,22.624441],[74.236656,22.613871],[74.213837,22.56744],[74.190079,22.567402],[74.195198,22.55687],[74.158691,22.5343],[74.15332,22.51742],[74.133476,22.51878],[74.118599,22.53981],[74.105751,22.53767],[74.078056,22.551628],[74.04464,22.542122],[74.037086,22.49151],[74.0588,22.51055],[74.085266,22.508518],[74.090439,22.48255],[74.080307,22.486031],[74.078087,22.465643],[74.103348,22.467831],[74.105072,22.433411],[74.123001,22.420811],[74.130379,22.421541],[74.144249,22.456711],[74.156288,22.456732],[74.161072,22.432159],[74.186676,22.444151],[74.182709,22.464531],[74.190826,22.47788],[74.204491,22.466681],[74.204613,22.437172],[74.216263,22.434391],[74.218567,22.44282],[74.254021,22.43306],[74.27121,22.404982],[74.294182,22.394468],[74.257988,22.40003],[74.256111,22.38599],[74.245636,22.377531],[74.225433,22.378201],[74.227043,22.35854],[74.206802,22.36762],[74.202217,22.343031],[74.194832,22.34934],[74.191063,22.32193],[74.134293,22.332331],[74.129143,22.35269],[74.117096,22.357571],[74.111961,22.371613],[74.071983,22.360241],[74.075966,22.341303],[74.066437,22.305443],[74.059052,22.30541],[74.059151,22.285749],[74.091583,22.2437],[74.074547,22.234529],[74.075783,22.221878],[74.12278,22.2129],[74.124908,22.172159],[74.13504,22.16165],[74.126633,22.13212],[74.130272,22.09771],[74.154663,22.105501],[74.170212,22.10133],[74.18071,22.086601],[74.167557,22.082361],[74.162987,22.06057],[74.137833,22.053501],[74.145233,22.04368],[74.097702,22.015459],[74.105003,21.99894],[74.153847,21.98642],[74.153206,21.975571],[74.143669,21.972221],[74.148903,21.960711],[74.146019,21.95406],[74.046669,21.92281],[73.936363,21.86315],[73.899513,21.85449],[73.879601,21.83864],[73.841522,21.838501],[73.810516,21.823338],[73.813568,21.81012],[73.832108,21.81085],[73.83567,21.79348],[73.844963,21.790682],[73.838379,21.78413],[73.841293,21.76865],[73.831207,21.76289],[73.896362,21.700281],[73.898102,21.667271],[73.885628,21.64506],[73.87027,21.63879],[73.860252,21.641848],[73.845238,21.63316],[73.829033,21.63979],[73.787613,21.62505],[73.806839,21.602371],[73.823151,21.600679],[73.845032,21.521568],[73.860786,21.495823],[73.882568,21.509783],[73.903603,21.508753],[73.910477,21.52017],[73.933777,21.52359],[73.939407,21.510111],[73.957283,21.516472],[73.966316,21.53907],[73.974457,21.52408],[73.985687,21.52136],[73.983521,21.542042],[74.005341,21.54077],[74.025558,21.55262],[74.04715,21.549681],[74.073677,21.559523],[74.135201,21.556881],[74.146812,21.550381],[74.181831,21.561769],[74.205238,21.529211],[74.239197,21.550291],[74.254967,21.536461],[74.270111,21.535631],[74.285347,21.55492],[74.309967,21.567322],[74.315819,21.543171],[74.335518,21.54023],[74.327721,21.49575],[74.307762,21.48012],[74.268379,21.474739],[74.257591,21.463751],[74.245819,21.463701],[74.231033,21.47982],[74.22303,21.475521],[74.222633,21.45899],[74.185539,21.467022],[74.156487,21.453131],[74.128922,21.46352],[74.122459,21.450701],[74.110977,21.448101],[74.078148,21.457811],[74.067162,21.481932],[74.048546,21.41943],[74.015793,21.41798],[73.968697,21.392061],[73.952843,21.40237],[73.957008,21.344452],[73.948486,21.29755],[73.891991,21.262411],[73.832138,21.26745],[73.836349,21.24234],[73.820137,21.221861],[73.818779,21.203859],[73.821342,21.19532],[73.835907,21.195181],[73.822548,21.171921],[73.79631,21.18173],[73.783661,21.16506],[73.741623,21.16711],[73.747971,21.151531],[73.736687,21.138281],[73.717072,21.141741],[73.713196,21.150461],[73.681313,21.152121],[73.636398,21.13266],[73.637451,21.153139],[73.619698,21.157949],[73.613167,21.17606],[73.588303,21.1679],[73.588799,21.15419],[73.611473,21.154461],[73.629082,21.141661],[73.623596,21.137991],[73.628723,21.12015],[73.65773,21.12105],[73.659943,21.108379],[73.69339,21.10099],[73.710587,21.119022],[73.714783,21.107191],[73.738892,21.10133],[73.752609,21.11409],[73.739067,21.094839],[73.742188,21.0555],[73.747612,21.03998],[73.766068,21.040051],[73.775642,21.027601],[73.769447,21.014521],[73.774857,21.01045],[73.784706,21.019569],[73.807701,21.022558],[73.816406,20.996052],[73.846832,20.99399],[73.850128,21.001419],[73.879189,20.986471],[73.906448,20.98315],[73.915382,20.964821],[73.901787,20.9617],[73.89502,20.94014],[73.927322,20.899111],[73.931061,20.848391],[73.945099,20.840132],[73.938347,20.76079],[73.947182,20.76078],[73.949532,20.74231],[73.920906,20.72353],[73.885567,20.72961],[73.863602,20.6943],[73.842758,20.70212],[73.822647,20.693821],[73.825432,20.673618],[73.841507,20.675138],[73.845352,20.66707],[73.846413,20.62352],[73.838287,20.615761],[73.805962,20.601521],[73.787056,20.602259],[73.748207,20.56736],[73.701019,20.578381],[73.670708,20.56234],[73.636772,20.57929],[73.625946,20.621111],[73.607307,20.636301],[73.574196,20.651051],[73.562943,20.64739],[73.538376,20.673861],[73.517807,20.670141],[73.498436,20.653419],[73.487411,20.67555],[73.497292,20.68602],[73.482613,20.71723],[73.475189,20.72167],[73.453697,20.71047],[73.447296,20.701111],[73.454529,20.68605],[73.439919,20.664841],[73.403648,20.65237],[73.402733,20.642599],[73.430786,20.620531],[73.440361,20.595119],[73.48082,20.583599],[73.481796,20.54336],[73.50074,20.540241],[73.472267,20.51405],[73.475937,20.49502],[73.449013,20.4667],[73.429741,20.414391],[73.39135,20.3902],[73.391579,20.37289],[73.414787,20.381571],[73.423431,20.352091],[73.436943,20.282122],[73.424622,20.276831],[73.42041,20.257],[73.429916,20.20623],[73.402817,20.195021],[73.395287,20.209169],[73.376328,20.20532],[73.374313,20.192659],[73.364799,20.200998],[73.367599,20.213371],[73.352852,20.198471],[73.31115,20.207211],[73.29406,20.193861],[73.293633,20.153881],[73.268463,20.13929],[73.259468,20.12464],[73.238121,20.128111],[73.235489,20.140991],[73.221489,20.120798],[73.200691,20.1297],[73.196098,20.156113],[73.222099,20.171421],[73.229156,20.184299],[73.20993,20.197351],[73.181137,20.2024],[73.180176,20.208609],[73.168953,20.19969],[73.142181,20.20439],[73.152382,20.17606],[73.135826,20.172319],[73.128029,20.15712],[73.105141,20.159969],[73.096161,20.17424],[73.086487,20.157001],[73.072449,20.16345],[73.074356,20.19252],[73.06424,20.203161],[73.076859,20.229801],[73.110466,20.23213],[73.108521,20.23855],[73.136848,20.260469],[73.146286,20.280531],[73.153557,20.27702],[73.161293,20.291792],[73.169098,20.282318],[73.179543,20.289862],[73.177101,20.312323],[73.1614,20.31719],[73.141792,20.317461],[73.134293,20.305328],[73.112869,20.304941],[73.121956,20.332878],[73.107376,20.36071],[73.090897,20.326839],[73.050476,20.322998],[73.044167,20.291113],[73.02652,20.294121],[73.019836,20.317398],[73.020493,20.290901],[72.990463,20.292089],[72.984093,20.271681],[72.945976,20.29343],[72.924591,20.27866],[72.923752,20.2682],[72.940849,20.24682],[72.969627,20.23394],[72.975433,20.2192],[72.969246,20.210911],[72.928429,20.22337],[72.874542,20.225809],[72.872002,20.208241],[72.850288,20.207941],[72.844139,20.19779],[72.84967,20.189251],[72.835533,20.18766],[72.828842,20.15657],[72.835342,20.144642],[72.815857,20.15328],[72.802063,20.14847],[72.801849,20.125019],[72.73764,20.136539],[72.748192,20.20153],[72.740417,20.24292],[72.753197,20.26486],[72.755692,20.292084],[72.774582,20.303753],[72.775696,20.333471],[72.789017,20.349861],[72.81292,20.356541],[72.821533,20.37108],[72.831329,20.368738],[72.845078,20.40712],[72.860817,20.40325],[72.875526,20.38105],[72.868927,20.40593],[72.839203,20.41848],[72.836571,20.428391],[72.844337,20.4484],[72.865898,20.46751],[72.860138,20.472084],[72.867638,20.48847],[72.88485,20.499861],[72.885971,20.529581],[72.891808,20.531252],[72.885139,20.546249],[72.897636,20.57431],[72.886253,20.630972],[72.892365,20.633194],[72.87542,20.651253],[72.850983,20.741528],[72.87014,20.732632],[72.889862,20.739031],[72.88958,20.748196],[72.884308,20.742081],[72.866806,20.74819],[72.859306,20.764311],[72.834587,20.781805],[72.838753,20.798752],[72.850693,20.79903],[72.825691,20.81431],[72.791817,20.89653],[72.785416,20.923197],[72.794029,20.931532],[72.788483,20.938751],[72.793747,20.945143],[72.772087,20.936251],[72.770973,20.921528],[72.778191,20.916248],[72.776802,20.91486],[72.768471,20.9193],[72.752083,20.946529],[72.723198,21.049028],[72.760696,21.051805],[72.770416,21.066805],[72.750969,21.06208],[72.704308,21.07486],[72.700142,21.100973],[72.707642,21.130421],[72.720695,21.143194],[72.68264,21.158194],[72.667076,21.155418],[72.659859,21.13875],[72.659027,21.087931],[72.651527,21.076805],[72.627083,21.07597],[72.634308,21.082085],[72.62458,21.09181],[72.627357,21.119864],[72.617638,21.163471],[72.624031,21.212084],[72.618469,21.222639],[72.646805,21.217361],[72.652359,21.220139],[72.653198,21.226805],[72.64653,21.219584],[72.622086,21.233473],[72.609581,21.22986],[72.597084,21.250139],[72.596527,21.271807],[72.604858,21.277361],[72.587357,21.275688],[72.589302,21.282364],[72.598473,21.27986],[72.587906,21.290703],[72.595695,21.315971],[72.637917,21.37347],[72.647919,21.37236],[72.643471,21.358471],[72.649307,21.367361],[72.647362,21.375692],[72.63958,21.375975],[72.623192,21.365139],[72.62542,21.381531],[72.664856,21.427361],[72.680138,21.43375],[72.696808,21.464581],[72.681808,21.44875],[72.669304,21.447083],[72.645142,21.43375],[72.670967,21.51125],[72.682083,21.51597],[72.670967,21.51458],[72.674026,21.52042],[72.736809,21.538197],[72.741806,21.543472],[72.742363,21.55014],[72.734863,21.55625],[72.737076,21.540421],[72.705971,21.532084],[72.683197,21.542919],[72.625687,21.492359],[72.626526,21.505423],[72.612083,21.524027],[72.620697,21.530418],[72.608475,21.529306],[72.61042,21.542084],[72.605141,21.536804],[72.597359,21.552361],[72.603195,21.559584],[72.609306,21.55208],[72.605698,21.578751],[72.629303,21.617651],[72.647919,21.617081],[72.657913,21.62764],[72.67514,21.629028],[72.700966,21.651812],[72.723198,21.63875],[72.74736,21.642361],[72.752083,21.650141],[72.787361,21.64514],[72.835136,21.667921],[72.832359,21.673197],[72.798187,21.66153],[72.779861,21.663195],[72.736252,21.689583],[72.71125,21.678471],[72.600418,21.681532],[72.561806,21.658472],[72.537636,21.664305],[72.521805,21.689861],[72.508186,21.689857],[72.521805,21.691528],[72.520416,21.70014],[72.507362,21.70125],[72.518753,21.70208],[72.517914,21.714582],[72.52153,21.706528],[72.521797,21.716249],[72.540413,21.735691],[72.552086,21.79236],[72.569862,21.824308],[72.517639,21.857361],[72.502357,21.955141],[72.547363,22.14986],[72.582085,22.200972],[72.614861,22.21764],[72.647362,22.217085],[72.700142,22.184305],[72.757637,22.174028],[72.808746,22.245972],[72.877907,22.223751],[72.910423,22.243193],[72.919586,22.260691],[72.91597,22.278194],[72.909302,22.258751],[72.889305,22.244028],[72.865143,22.243462],[72.852638,22.281813],[72.84375,22.282364],[72.752083,22.23097],[72.68792,22.238468],[72.656258,22.27903],[72.635414,22.284582],[72.59597,22.273472],[72.559853,22.24597],[72.557358,22.25931],[72.541252,22.243195],[72.541809,22.248751],[72.533203,22.24625],[72.54097,22.25708],[72.534859,22.260414],[72.537361,22.27375],[72.553749,22.278191],[72.542641,22.280972],[72.52597,22.26931],[72.524033,22.24486],[72.48597,22.197359],[72.473747,22.20125],[72.485138,22.222637],[72.47876,22.228479],[72.491249,22.230139],[72.492638,22.237083],[72.489029,22.235416],[72.479858,22.234304],[72.477638,22.23514],[72.492363,22.23875],[72.49292,22.248194],[72.470695,22.23875],[72.435143,22.30125],[72.388748,22.310417],[72.412361,22.358473],[72.393753,22.382641],[72.376236,22.385138],[72.361809,22.375669],[72.38237,22.37542],[72.40403,22.353201],[72.379028,22.335974],[72.37236,22.316526],[72.383186,22.29986],[72.414024,22.297085],[72.416527,22.227362],[72.399582,22.199306],[72.392639,22.213194],[72.377357,22.226252],[72.37986,22.25736],[72.356247,22.27125],[72.370972,22.24514],[72.360138,22.22514],[72.362076,22.205141],[72.386528,22.18903],[72.391525,22.167915],[72.386528,22.172361],[72.387077,22.159861],[72.377357,22.158472],[72.375969,22.14986],[72.372093,22.171808],[72.359016,22.172642],[72.363747,22.18903],[72.357643,22.192921],[72.353203,22.164579],[72.344025,22.168472],[72.356796,22.150141],[72.343491,22.124861],[72.339577,22.13875],[72.316246,22.14653],[72.317642,22.180695],[72.294304,22.202362],[72.30014,22.185968],[72.312637,22.180695],[72.310417,22.144581],[72.323753,22.130136],[72.311249,22.11153],[72.315414,22.099583],[72.279861,21.964306],[72.270981,21.96764],[72.27903,21.954861],[72.278473,21.932079],[72.263191,21.946529],[72.261528,21.980972],[72.251808,21.987362],[72.260696,22.01931],[72.24514,22.032915],[72.241531,22.049583],[72.28653,22.074305],[72.29792,22.063471],[72.304031,22.072081],[72.295151,22.08069],[72.302635,22.089025],[72.30014,22.108749],[72.277359,22.090694],[72.276802,22.098194],[72.265419,22.105419],[72.278191,22.08042],[72.233192,22.053753],[72.232635,22.017639],[72.223198,22.020971],[72.209587,22.010418],[72.195969,22.02264],[72.185966,22.019581],[72.182083,22.035141],[72.172363,22.041531],[72.180969,22.033194],[72.179863,22.019028],[72.197083,22.016809],[72.200417,22.004305],[72.213737,21.999029],[72.230972,22.007641],[72.22097,21.956251],[72.190697,21.94236],[72.164017,21.959862],[72.15625,21.975695],[72.14653,21.983473],[72.160973,21.961811],[72.147087,21.954861],[72.167076,21.954861],[72.19014,21.93708],[72.220139,21.94792],[72.253197,21.897362],[72.260139,21.784309],[72.270981,21.75153],[72.26458,21.740417],[72.247086,21.790972],[72.21875,21.801805],[72.20903,21.820696],[72.203194,21.824862],[72.197083,21.82736],[72.189308,21.828199],[72.185417,21.82736],[72.182915,21.82375],[72.205139,21.822361],[72.215416,21.80208],[72.241249,21.787361],[72.247086,21.751249],[72.305969,21.628469],[72.269028,21.57375],[72.254028,21.501808],[72.223198,21.438749],[72.176529,21.396528],[72.121529,21.32542],[72.109024,21.301529],[72.109016,21.282921],[72.101807,21.277916],[72.08625,21.304312],[72.082642,21.295416],[72.079308,21.301529],[72.075974,21.302084],[72.081253,21.29347],[72.075142,21.28875],[72.082916,21.291533],[72.087906,21.278191],[72.097359,21.277082],[72.098198,21.264029],[72.082077,21.245701],[72.090973,21.226528],[72.112358,21.222639],[72.105141,21.21542],[72.114288,21.211811],[72.113747,21.196527],[72.055687,21.17403],[72.046516,21.159033],[72.018188,21.154308],[72.007637,21.132643],[71.996803,21.147364],[72.02375,21.179861],[72.018196,21.188192],[72.010696,21.18597],[72.003746,21.16902],[71.993195,21.169584],[71.99514,21.160971],[71.985687,21.156811],[71.991531,21.142639],[71.97403,21.129028],[71.976807,21.12097],[71.960136,21.124584],[71.899307,21.10931],[71.879028,21.089581],[71.827362,21.069031],[71.819862,21.072083],[71.796806,21.05792],[71.806808,21.037916],[71.778198,21.039864],[71.785423,21.03153],[71.729301,21.01347],[71.727364,21.02125],[71.715141,21.020418],[71.679581,20.99736],[71.64653,20.994862],[71.627914,20.969305],[71.61264,20.975695],[71.611809,20.967361],[71.597359,20.967361],[71.56514,20.949583],[71.545692,20.950701],[71.534027,20.943195],[71.514862,20.948195],[71.506531,20.931805],[71.515976,20.922359],[71.488197,20.914862],[71.485138,20.910694],[71.49514,20.90764],[71.482353,20.906252],[71.477081,20.889858],[71.448471,20.881531],[71.439583,20.869305],[71.395973,20.865141],[71.386253,20.875973],[71.377907,20.874029],[71.384583,20.857084],[71.31958,20.84514],[71.232635,20.804028],[71.20903,20.802086],[71.20208,20.788471],[71.155693,20.778473],[71.148178,20.765699],[71.154861,20.759306],[71.089859,20.757362],[71.075142,20.74542],[71.081528,20.73847],[71.050415,20.73097],[71.010971,20.739861],[70.986809,20.72208],[70.999031,20.742359],[70.987358,20.745701],[70.960976,20.740973],[70.954582,20.734859],[70.962639,20.729382],[70.934036,20.73595],[70.899651,20.72389],[70.892082,20.708191],[70.873474,20.709862],[70.882362,20.728748],[70.920418,20.736807],[70.91375,20.737638],[70.919861,20.742916],[70.917915,20.743752],[70.873749,20.727083],[70.863472,20.739861],[70.863197,20.754862],[70.843582,20.760389],[70.867287,20.764631],[70.867416,20.79505],[70.876488,20.788811],[70.893852,20.794701],[70.896179,20.824793],[70.883339,20.835348],[70.84166,20.832392],[70.836243,20.847771],[70.816963,20.8512],[70.819748,20.85771],[70.875137,20.86891],[70.900238,20.8857],[70.901611,20.90333],[70.886986,20.94521],[70.880203,20.955379],[70.846016,20.970551],[70.821541,20.95973],[70.789177,20.959908],[70.776787,20.96851],[70.771027,20.96093],[70.74649,20.98897],[70.735512,20.989832],[70.740517,20.97398],[70.721878,20.944159],[70.717583,20.91213],[70.694168,20.882961],[70.679031,20.84404],[70.676323,20.818821],[70.684776,20.7918],[70.67762,20.764841],[70.662636,20.76153],[70.666527,20.755972],[70.666252,20.752359],[70.657082,20.764584],[70.585419,20.781528],[70.553474,20.803473],[70.541809,20.801531],[70.476517,20.84042],[70.439026,20.85264],[70.411247,20.877642],[70.419586,20.881527],[70.417084,20.887083],[70.406517,20.882641],[70.370972,20.902639],[70.37458,20.89625],[70.373749,20.894861],[70.350975,20.910418],[70.35125,20.920692],[70.345139,20.915695],[70.320702,20.927361],[70.251526,20.979029],[70.239586,20.99264],[70.247643,21.00042],[70.238197,20.99375],[70.240417,20.999582],[70.22625,20.999027],[70.142899,21.06847],[70.137917,21.077923],[70.146248,21.080692],[70.135971,21.085701],[70.132362,21.079861],[70.099586,21.104582],[70.032082,21.174028],[70.038193,21.183472],[70.028473,21.178751],[69.998466,21.207361],[69.778198,21.457914],[69.787636,21.451532],[69.799858,21.452082],[69.805138,21.463751],[69.795692,21.452641],[69.775139,21.45986],[69.712906,21.528471],[69.729576,21.54208],[69.726517,21.556528],[69.749313,21.561251],[69.747917,21.574862],[69.764313,21.578751],[69.763748,21.595972],[69.755692,21.59375],[69.73764,21.650419],[69.725418,21.63236],[69.714859,21.640141],[69.717361,21.63319],[69.71347,21.63208],[69.705139,21.647362],[69.686249,21.63653],[69.675697,21.63875],[69.717361,21.60264],[69.70153,21.60153],[69.696808,21.59292],[69.693192,21.602362],[69.701248,21.603201],[69.691803,21.614311],[69.632637,21.64292],[69.666809,21.62014],[69.685974,21.595694],[69.723473,21.572371],[69.715416,21.554029],[69.720139,21.54347],[69.710693,21.539307],[69.688469,21.550138],[69.602081,21.637362],[69.589859,21.637362],[69.593193,21.635139],[69.593193,21.629305],[69.587639,21.62097],[69.590973,21.63542],[69.432358,21.767361],[69.373749,21.828199],[69.283195,21.894583],[69.055138,22.128469],[68.957367,22.237652],[68.952637,22.251251],[68.957916,22.257921],[68.935974,22.310139],[68.942642,22.33292],[68.955139,22.335138],[68.956802,22.366529],[68.984581,22.414305],[69.007919,22.439859],[69.05986,22.467361],[69.06736,22.480141],[69.085419,22.472361],[69.073471,22.45208],[69.043747,22.432638],[69.069305,22.395695],[69.09153,22.394581],[69.102638,22.410141],[69.129028,22.397921],[69.169861,22.414305],[69.175697,22.42432],[69.194031,22.42375],[69.193466,22.408751],[69.204308,22.40181],[69.198212,22.387642],[69.178749,22.37792],[69.176247,22.347639],[69.167641,22.34514],[69.168198,22.326529],[69.157913,22.312916],[69.202637,22.266529],[69.232635,22.257917],[69.283752,22.272083],[69.295143,22.279861],[69.292358,22.286251],[69.319862,22.291248],[69.323753,22.303473],[69.337639,22.311806],[69.334297,22.33042],[69.366531,22.322083],[69.364586,22.316526],[69.383186,22.322363],[69.419304,22.315695],[69.454308,22.335703],[69.467361,22.330141],[69.488472,22.337917],[69.490135,22.355694],[69.52375,22.385695],[69.515137,22.416813],[69.503197,22.42458],[69.498192,22.435694],[69.50708,22.42375],[69.522919,22.426531],[69.550697,22.404861],[69.557358,22.37542],[69.550423,22.372358],[69.561806,22.355694],[69.575691,22.368473],[69.591248,22.36097],[69.571808,22.334305],[69.575691,22.319031],[69.572914,22.333195],[69.581802,22.346251],[69.604858,22.35125],[69.605698,22.340973],[69.607353,22.33847],[69.609016,22.34931],[69.612358,22.340414],[69.606247,22.327084],[69.606804,22.325693],[69.617363,22.346251],[69.61792,22.368473],[69.643196,22.35597],[69.654587,22.35903],[69.664017,22.393751],[69.699303,22.395969],[69.69236,22.419861],[69.70208,22.43375],[69.697906,22.442921],[69.671806,22.439306],[69.671806,22.450701],[69.674858,22.442083],[69.688194,22.444305],[69.700966,22.457361],[69.703476,22.447081],[69.728203,22.473751],[69.740417,22.45903],[69.734863,22.44375],[69.744583,22.430693],[69.755692,22.426249],[69.759583,22.44153],[69.77903,22.412638],[69.797638,22.399858],[69.810974,22.408472],[69.829033,22.44486],[69.797081,22.457083],[69.821251,22.45208],[69.827637,22.458195],[69.832642,22.450972],[69.84153,22.492922],[69.834305,22.500694],[69.843193,22.494862],[69.83625,22.454029],[69.87014,22.446529],[69.900406,22.46792],[69.914024,22.456249],[69.912918,22.489031],[69.93486,22.51264],[69.955139,22.50403],[69.957359,22.495417],[69.95903,22.50931],[69.944862,22.51486],[69.945969,22.528473],[69.973473,22.540701],[69.984016,22.541811],[69.981529,22.535419],[69.982918,22.534863],[69.985695,22.541529],[69.97625,22.543194],[70.004028,22.544306],[70.010406,22.548752],[70.019859,22.546806],[70.026802,22.550974],[70.028191,22.546806],[70.023476,22.543194],[70.022087,22.539579],[70.023476,22.539583],[70.039017,22.56292],[70.064583,22.546806],[70.085693,22.544861],[70.162918,22.551531],[70.188202,22.585421],[70.194305,22.582916],[70.194298,22.60375],[70.203178,22.605421],[70.197365,22.616806],[70.219856,22.62958],[70.216248,22.641533],[70.219307,22.63736],[70.225983,22.639858],[70.235138,22.64987],[70.229027,22.657364],[70.24292,22.66264],[70.246803,22.67181],[70.238747,22.678194],[70.245407,22.67931],[70.253197,22.692921],[70.238472,22.701811],[70.246529,22.711531],[70.255142,22.706532],[70.258751,22.72653],[70.250969,22.724585],[70.252914,22.733473],[70.260712,22.730961],[70.262642,22.737364],[70.26458,22.738194],[70.27597,22.731251],[70.28875,22.74597],[70.283752,22.746805],[70.282639,22.748753],[70.303192,22.757639],[70.306808,22.78014],[70.301247,22.777639],[70.300415,22.778194],[70.31292,22.785694],[70.309303,22.795973],[70.320137,22.79681],[70.318466,22.80542],[70.323753,22.803192],[70.337357,22.824581],[70.353737,22.870701],[70.385139,22.909863],[70.413475,22.918194],[70.42347,22.932638],[70.442642,22.97485],[70.437637,22.975142],[70.454308,22.985138],[70.471527,23.01236],[70.493469,23.07514],[70.43792,23.062641],[70.401253,23.030701],[70.393753,23.001528],[70.382637,22.997921],[70.394577,22.99542],[70.386803,22.948195],[70.347641,22.930416],[70.310143,22.941528],[70.307358,22.95125],[70.279297,22.94875],[70.23764,22.979586],[70.229309,22.977081],[70.227081,22.965973],[70.205696,22.98069],[70.197914,22.998472],[70.189026,22.997641],[70.186249,22.99375],[70.186531,22.991253],[70.197906,22.99403],[70.200691,22.981527],[70.224304,22.963194],[70.219856,22.95653],[70.17347,22.950701],[70.161797,22.94264],[70.123192,22.960695],[70.120415,22.968472],[70.134026,22.984861],[70.129028,22.992085],[70.143471,23.009029],[70.152641,23.02347],[70.15403,23.028191],[70.153198,23.029581],[70.112358,22.972639],[70.11097,22.960138],[70.126526,22.946527],[70.11097,22.952641],[70.10125,22.941807],[70.095413,22.950974],[70.090973,22.952641],[70.099861,22.938192],[70.111252,22.949581],[70.13903,22.94125],[70.13208,22.924582],[70.105972,22.909033],[70.032639,22.89542],[69.995972,22.90292],[69.93708,22.893194],[69.905693,22.866249],[69.866806,22.872921],[69.857361,22.869593],[69.862076,22.858473],[69.853752,22.868195],[69.79847,22.850695],[69.752357,22.819586],[69.746803,22.793751],[69.720139,22.76236],[69.705139,22.727917],[69.705971,22.740419],[69.662361,22.756805],[69.666809,22.777363],[69.659302,22.756527],[69.643196,22.765694],[69.638748,22.773748],[69.637352,22.788752],[69.633751,22.79542],[69.634583,22.777363],[69.641251,22.766531],[69.609306,22.767084],[69.600975,22.759027],[69.563187,22.773748],[69.555138,22.79236],[69.544586,22.785694],[69.484581,22.787922],[69.494026,22.781528],[69.469582,22.773748],[69.390701,22.813749],[69.361252,22.822639],[69.352081,22.81764],[69.355698,22.828753],[69.348473,22.820417],[69.314308,22.83264],[69.266808,22.82403],[69.230698,22.834579],[69.22847,22.84236],[69.223198,22.83597],[69.190697,22.841249],[68.835976,23.04347],[68.816528,23.056805],[68.823471,23.054581],[68.814583,23.067362],[68.808197,23.060696],[68.759308,23.080418],[68.71347,23.118473],[68.659027,23.14986],[68.632919,23.17153],[68.630974,23.177082],[68.655693,23.153473],[68.673187,23.14348],[68.681526,23.141806],[68.655983,23.15514],[68.63903,23.182083],[68.59153,23.214029],[68.585419,23.234585],[68.59903,23.240417],[68.60125,23.21847],[68.630692,23.213194],[68.639862,23.222361],[68.624031,23.220695],[68.623749,23.22625],[68.619026,23.21986],[68.603752,23.242929],[68.640419,23.244581],[68.647919,23.257643],[68.671806,23.27014],[68.65625,23.272081],[68.640686,23.266529],[68.630142,23.295694],[68.656807,23.294861],[68.695694,23.307362],[68.712639,23.297083],[68.725136,23.295694],[68.730415,23.299028],[68.735687,23.308748],[68.748192,23.304029],[68.758186,23.33042],[68.746803,23.305691],[68.738747,23.309313],[68.734306,23.30904],[68.72403,23.297083],[68.714027,23.29985],[68.718475,23.304583],[68.708473,23.314861],[68.658752,23.303471],[68.660698,23.31986],[68.668198,23.322916],[68.668747,23.32542],[68.658752,23.322922],[68.656807,23.303196],[68.650139,23.304308],[68.644577,23.322639],[68.635696,23.316528],[68.637642,23.331251],[68.62458,23.339027],[68.625687,23.346251],[68.634857,23.33931],[68.636803,23.346807],[68.614586,23.359028],[68.619583,23.365419],[68.605972,23.380974],[68.59597,23.382086],[68.605698,23.36347],[68.602364,23.359306],[68.580971,23.38986],[68.568192,23.388201],[68.579582,23.375971],[68.558472,23.38707],[68.564583,23.400141],[68.560417,23.41931],[68.535698,23.421249],[68.532639,23.433472],[68.537918,23.424307],[68.54097,23.42569],[68.516251,23.47514],[68.51236,23.467918],[68.524857,23.455421],[68.523193,23.446529],[68.502357,23.46542],[68.512085,23.465973],[68.511528,23.473751],[68.50042,23.475971],[68.502357,23.49181],[68.512917,23.484859],[68.518753,23.48959],[68.512917,23.48764],[68.51458,23.49292],[68.499031,23.494028],[68.504028,23.499582],[68.503754,23.505972],[68.500137,23.498461],[68.491806,23.500971],[68.499031,23.515141],[68.484016,23.549313],[68.49736,23.547359],[68.486526,23.592916],[68.494858,23.607639],[68.488747,23.63236],[68.499031,23.644306],[68.496803,23.65292],[68.517365,23.660692],[68.519585,23.652639],[68.523193,23.651251],[68.537918,23.660961],[68.520142,23.654583],[68.524864,23.690697],[68.546249,23.696812],[68.558472,23.719311],[68.595413,23.730139],[68.60347,23.748751],[68.632637,23.757917],[68.666252,23.808472],[68.677917,23.80764],[68.687363,23.82181],[68.718475,23.825972],[68.742638,23.83708],[68.743187,23.843752],[68.727638,23.830971],[68.722084,23.831806],[68.737076,23.843203],[68.725693,23.846251],[68.729027,23.85486],[68.746803,23.859859],[68.761253,23.87487],[68.716248,23.857361],[68.660141,23.858473],[68.665695,23.851807],[68.644859,23.846251],[68.646797,23.839581],[68.63736,23.83597],[68.604858,23.838196],[68.603752,23.85014],[68.574585,23.821251],[68.535141,23.75708],[68.525139,23.759026],[68.526253,23.773472],[68.515419,23.785419],[68.517906,23.79542],[68.530983,23.80014],[68.535141,23.80625],[68.537361,23.81514],[68.52597,23.802078],[68.522919,23.817083],[68.515137,23.824862],[68.546524,23.835693],[68.572914,23.880972],[68.613472,23.903194],[68.638466,23.894861],[68.663193,23.91736],[68.662369,23.92264],[68.659576,23.921808],[68.638191,23.903194],[68.619858,23.90653],[68.62236,23.927361],[68.614296,23.92264],[68.59597,23.941805],[68.587364,23.940695],[68.58847,23.922358],[68.558746,23.924028],[68.559303,23.931805],[68.543747,23.935141],[68.537361,23.94681],[68.546806,23.963194],[68.749245,23.962046],[68.75956,24.035822],[68.764122,24.284122],[68.772652,24.294136],[68.826355,24.308395],[68.847725,24.20838],[68.869629,24.209036],[68.872421,24.200661],[68.887543,24.19585],[68.904053,24.209169],[68.921967,24.25865],[68.947243,24.276627],[68.970566,24.23753],[69.000534,24.22588],[69.092926,24.269083],[69.199768,24.235199],[69.27491,24.268848],[69.310272,24.276688],[69.361938,24.266174],[69.43158,24.273653],[69.501167,24.25502],[69.600677,24.277847],[69.724579,24.175097],[69.870308,24.164707],[70.000641,24.166395],[70.024086,24.169353],[70.059303,24.192802],[70.119041,24.290699],[70.237061,24.317266],[70.325592,24.347439],[70.370316,24.353451],[70.574867,24.420315],[70.61187,24.400539],[70.592049,24.358631],[70.572067,24.344549],[70.587418,24.310146],[70.572258,24.293577],[70.587807,24.285397],[70.572426,24.264929],[70.574249,24.252333],[70.593552,24.240274],[70.655304,24.225088],[70.805763,24.222727],[70.853653,24.247375],[70.894104,24.257097],[70.901062,24.262707],[70.889076,24.26886],[70.885139,24.290751],[70.959747,24.346241],[70.998428,24.360571],[71.012993,24.346861],[71.047188,24.34734],[71.066429,24.355671],[71.088287,24.381453],[71.122093,24.390871],[71.131767,24.4018],[71.134102,24.413811],[71.11895,24.431049],[71.02858,24.433378],[71.007568,24.442242],[71.015343,24.52277],[70.998268,24.54134],[71.000557,24.599213],[71.020477,24.63051],[71.060776,24.646448],[71.10714,24.680651],[71.146736,24.65801],[71.297737,24.607641],[71.32164,24.64032],[71.351036,24.653219],[71.356712,24.654051],[71.367653,24.62726],[71.383057,24.621681],[71.488319,24.673851],[71.536972,24.678921],[71.551422,24.670631],[71.583099,24.676531],[71.597832,24.663851],[71.616592,24.670681],[71.66156,24.633261],[71.716316,24.654329],[71.745773,24.65428],[71.798988,24.670521],[71.815086,24.65468],[71.811768,24.62182],[71.846573,24.614861],[71.858391,24.60417],[71.868683,24.62348],[71.862762,24.654753],[71.876472,24.675159],[71.893799,24.665751],[71.920082,24.667351],[71.92598,24.65871],[71.918793,24.6462],[71.934509,24.62685],[71.944191,24.62678],[71.993248,24.65313],[71.989876,24.667049],[72.001091,24.68297],[72.05249,24.70579],[72.085251,24.697008],[72.092323,24.674761],[72.082397,24.66847],[72.0849,24.652752]]]]}},{"type":"Feature","properties":{"name":"Haryana","code":""},"geometry":{"type":"Polygon","coordinates":[[[76.809799,30.906801],[76.852432,30.870689],[76.902161,30.897228],[76.926613,30.854441],[76.927513,30.837353],[76.942833,30.829189],[76.953751,30.811211],[76.979103,30.798813],[76.988457,30.815001],[76.997963,30.814291],[77.000031,30.789021],[76.988602,30.777071],[77.004463,30.76635],[77.0131,30.742208],[77.02829,30.743441],[77.033707,30.755421],[77.076843,30.744761],[77.153526,30.688721],[77.152733,30.6542],[77.162361,30.638651],[77.157486,30.59955],[77.111496,30.567289],[77.131058,30.54151],[77.185349,30.525881],[77.199661,30.506599],[77.202606,30.480341],[77.226768,30.488611],[77.251778,30.484411],[77.26358,30.466671],[77.310699,30.453621],[77.326256,30.463182],[77.346077,30.461901],[77.356796,30.44206],[77.380386,30.44614],[77.400612,30.418751],[77.450539,30.465231],[77.453346,30.440361],[77.415901,30.41283],[77.434952,30.403671],[77.486832,30.412613],[77.492943,30.433048],[77.50985,30.44883],[77.542892,30.39723],[77.584442,30.381361],[77.592018,30.370861],[77.569893,30.337111],[77.570351,30.31123],[77.526779,30.282312],[77.473267,30.188591],[77.446846,30.16861],[77.423546,30.16848],[77.415321,30.156691],[77.415527,30.133499],[77.398003,30.118723],[77.414429,30.10713],[77.396736,30.09576],[77.3685,30.091558],[77.331741,30.064451],[77.270409,30.04834],[77.263161,30.00215],[77.235481,29.981173],[77.229576,29.961903],[77.180168,29.906212],[77.182457,29.87328],[77.167587,29.84639],[77.169037,29.82958],[77.153969,29.813782],[77.152382,29.79328],[77.117043,29.770901],[77.112953,29.7486],[77.143326,29.705971],[77.121101,29.691561],[77.131302,29.662991],[77.109703,29.64724],[77.085617,29.6008],[77.109718,29.55299],[77.089417,29.544691],[77.084908,29.53359],[77.09761,29.512012],[77.119896,29.49733],[77.123322,29.486061],[77.114296,29.461861],[77.139389,29.442101],[77.124878,29.422171],[77.12587,29.410641],[77.146797,29.389771],[77.116943,29.37668],[77.120033,29.349791],[77.146446,29.34506],[77.153946,29.33548],[77.154213,29.316921],[77.129486,29.272791],[77.14402,29.243332],[77.125221,29.224871],[77.139992,29.182081],[77.126617,29.15402],[77.13858,29.134769],[77.122047,29.105768],[77.157188,29.077532],[77.162636,29.048571],[77.214043,29.006691],[77.19014,28.955662],[77.205368,28.93646],[77.19677,28.920931],[77.221191,28.904133],[77.18177,28.889801],[77.18364,28.862301],[77.164589,28.86063],[77.14238,28.84247],[77.133812,28.844723],[77.12854,28.865391],[77.083351,28.874619],[77.075851,28.884512],[77.065659,28.873001],[77.049759,28.87319],[77.03154,28.83679],[76.983498,28.839081],[76.973686,28.82583],[76.960831,28.831671],[76.95578,28.820021],[76.942307,28.820681],[76.937469,28.803501],[76.946571,28.774031],[76.93821,28.759621],[76.950661,28.73646],[76.941261,28.71703],[76.954597,28.705372],[76.94725,28.67716],[76.929733,28.674419],[76.917488,28.65727],[76.933907,28.63765],[76.92366,28.628651],[76.910347,28.637831],[76.877937,28.63763],[76.854813,28.592352],[76.83503,28.5914],[76.832916,28.582508],[76.837616,28.55699],[76.876312,28.5284],[76.879372,28.50905],[76.897453,28.517771],[76.944626,28.51363],[76.968468,28.52758],[77.005547,28.514441],[77.011398,28.524111],[76.995949,28.5369],[77.006096,28.54278],[77.048767,28.515242],[77.072479,28.520281],[77.107666,28.49387],[77.102737,28.470449],[77.118301,28.44243],[77.142433,28.435711],[77.165771,28.408461],[77.215309,28.415741],[77.240616,28.42886],[77.243279,28.447491],[77.225746,28.46401],[77.242653,28.4846],[77.278053,28.49815],[77.30687,28.490681],[77.334473,28.511089],[77.360481,28.49786],[77.376007,28.47616],[77.397896,28.47117],[77.397797,28.458641],[77.425781,28.45454],[77.435997,28.43161],[77.474556,28.413511],[77.466843,28.399681],[77.49424,28.358261],[77.463753,28.338011],[77.495789,28.307041],[77.494766,28.29261],[77.492737,28.28063],[77.464813,28.27743],[77.487076,28.261761],[77.53878,28.25441],[77.535622,28.24052],[77.515579,28.229761],[77.519119,28.20178],[77.48912,28.21199],[77.492119,28.185101],[77.505661,28.195471],[77.537949,28.190891],[77.542366,28.18166],[77.531769,28.170259],[77.496368,28.15987],[77.495293,28.145811],[77.487251,28.141432],[77.499641,28.127359],[77.49231,28.098011],[77.478233,28.107971],[77.468872,28.086012],[77.482903,28.060711],[77.479111,28.044163],[77.535217,27.99333],[77.509583,27.973331],[77.51503,27.965481],[77.535919,27.965549],[77.536133,27.949303],[77.519211,27.931881],[77.511169,27.937422],[77.495377,27.930771],[77.484749,27.943913],[77.477661,27.94021],[77.468452,27.931881],[77.474617,27.912062],[77.469818,27.89473],[77.445847,27.878408],[77.412292,27.896158],[77.40155,27.881901],[77.412392,27.859072],[77.339333,27.859591],[77.329247,27.85199],[77.327332,27.837721],[77.288887,27.82914],[77.289703,27.817833],[77.277077,27.80674],[77.262497,27.816111],[77.252846,27.79764],[77.234558,27.78581],[77.226852,27.796101],[77.206772,27.80106],[77.193848,27.821939],[77.188942,27.798429],[77.168701,27.784901],[77.162163,27.79059],[77.180656,27.808653],[77.172379,27.81632],[77.15062,27.815559],[77.151428,27.791811],[77.126526,27.776461],[77.119972,27.789471],[77.101166,27.785492],[77.072411,27.809521],[77.038277,27.820042],[77.020668,27.77812],[77.039436,27.7749],[77.050102,27.761042],[77.067337,27.76376],[77.079216,27.738411],[77.053207,27.727859],[77.028946,27.749371],[77.003372,27.73855],[76.993538,27.741701],[76.970497,27.657143],[76.934196,27.6751],[76.923851,27.66073],[76.905403,27.65597],[76.891647,27.67989],[76.894737,27.689659],[76.88092,27.699369],[76.900307,27.69463],[76.914566,27.700821],[76.902786,27.71644],[76.883347,27.724422],[76.906601,27.807659],[76.903778,27.832661],[76.926643,27.834221],[76.926086,27.894421],[76.938179,27.89599],[76.93882,27.919029],[76.919098,27.92486],[76.924927,27.978361],[76.918648,27.99761],[76.946556,28.071341],[76.961761,28.144011],[76.941742,28.148701],[76.941566,28.15517],[76.921051,28.162251],[76.884048,28.19166],[76.899849,28.204769],[76.86618,28.211521],[76.863632,28.22464],[76.805809,28.215891],[76.802612,28.196072],[76.793846,28.199551],[76.790253,28.19376],[76.796143,28.170481],[76.791489,28.157242],[76.755081,28.14661],[76.739128,28.12904],[76.709961,28.13236],[76.682182,28.097771],[76.65123,28.09676],[76.647926,28.067671],[76.660072,28.019051],[76.598969,28.00984],[76.538193,27.970541],[76.531036,27.979328],[76.538521,28.03912],[76.525856,28.045448],[76.505226,28.03503],[76.492218,28.047098],[76.453728,28.049669],[76.457977,28.061972],[76.483818,28.058281],[76.497658,28.064732],[76.44857,28.09317],[76.46093,28.1119],[76.497803,28.106621],[76.498093,28.12254],[76.486893,28.12281],[76.489723,28.133678],[76.469963,28.1385],[76.470993,28.154741],[76.397041,28.147793],[76.37677,28.138071],[76.359833,28.143381],[76.353249,28.166191],[76.335907,28.177341],[76.288857,28.182673],[76.279068,28.17872],[76.278183,28.168571],[76.355606,28.12845],[76.339546,28.109699],[76.308029,28.11128],[76.297401,28.101049],[76.324883,28.092159],[76.337349,28.073061],[76.354599,28.074202],[76.3368,28.029661],[76.316597,28.02099],[76.297157,28.025961],[76.290123,28.0299],[76.290077,28.04911],[76.264923,28.068741],[76.243568,28.068939],[76.225937,28.055189],[76.177338,28.059259],[76.176888,28.04896],[76.193428,28.035231],[76.204163,28.04225],[76.213562,28.04018],[76.213829,28.031681],[76.195877,28.021738],[76.174263,28.02191],[76.154938,27.998991],[76.16098,27.980101],[76.179466,27.972841],[76.166458,27.91507],[76.198639,27.898991],[76.199753,27.8881],[76.189011,27.876369],[76.193108,27.863913],[76.223282,27.840931],[76.207733,27.828491],[76.19413,27.831211],[76.17292,27.807461],[76.127769,27.8332],[76.122139,27.854401],[76.088066,27.868448],[76.080093,27.85107],[76.060028,27.85718],[76.049629,27.84786],[76.009308,27.86261],[76.005249,27.857441],[75.963081,27.864731],[75.973457,27.877453],[75.975189,27.893091],[75.967247,27.899311],[75.977386,27.90926],[75.955887,27.91955],[75.928833,27.916809],[75.923622,27.93309],[75.938507,27.951092],[75.944611,27.940088],[75.963173,27.936951],[75.973198,27.958],[75.96833,27.962311],[75.986908,27.984631],[75.955467,27.98864],[75.956398,28.00102],[75.979889,28.001451],[75.99054,28.010172],[75.972679,28.018141],[75.969986,28.030949],[75.980507,28.03871],[76.010078,28.036711],[76.005356,28.054531],[76.035629,28.07398],[76.031212,28.083893],[76.015648,28.088852],[76.001923,28.060732],[75.98455,28.050741],[75.974586,28.057051],[75.987633,28.070589],[75.982063,28.080221],[75.936089,28.093531],[75.947403,28.10969],[75.991112,28.12818],[75.994667,28.1506],[76.027748,28.172722],[76.066353,28.16777],[76.065056,28.14447],[76.087936,28.143539],[76.092888,28.155218],[76.074806,28.172428],[76.065613,28.19895],[76.045067,28.20293],[76.053009,28.22423],[76.011192,28.241751],[76.007401,28.253153],[76.018723,28.280958],[75.986572,28.295891],[75.967628,28.324093],[75.954666,28.318531],[75.956306,28.338371],[75.927406,28.3451],[75.922379,28.36891],[75.897133,28.380081],[75.889229,28.39366],[75.883156,28.3867],[75.835083,28.397701],[75.828239,28.409073],[75.818138,28.40589],[75.802589,28.414228],[75.78759,28.404442],[75.770317,28.407619],[75.76545,28.42078],[75.785133,28.439211],[75.778229,28.457611],[75.735001,28.472641],[75.736549,28.487202],[75.690079,28.4991],[75.663933,28.520861],[75.66333,28.536112],[75.629097,28.545971],[75.61805,28.602209],[75.584953,28.60638],[75.576996,28.616671],[75.55571,28.614592],[75.549011,28.643122],[75.539566,28.64887],[75.528923,28.75028],[75.498543,28.787661],[75.513367,28.83659],[75.487991,28.85965],[75.488426,28.898319],[75.467079,28.92625],[75.468887,28.93799],[75.497566,28.941488],[75.502937,28.961481],[75.516518,28.975389],[75.511101,29.01083],[75.473427,29.020201],[75.434738,29.016541],[75.440559,29.041521],[75.43026,29.06472],[75.380653,29.07032],[75.380699,29.11072],[75.39621,29.128441],[75.361153,29.14262],[75.368958,29.169958],[75.388573,29.1707],[75.40065,29.18891],[75.396461,29.213421],[75.386116,29.221243],[75.399368,29.240271],[75.395706,29.26194],[75.379547,29.263931],[75.357979,29.25461],[75.345306,29.22616],[75.314926,29.23596],[75.325371,29.278311],[75.319267,29.29344],[75.279373,29.276821],[75.271729,29.25437],[75.235229,29.25194],[75.223457,29.234951],[75.195313,29.244221],[75.179993,29.26862],[75.164017,29.26438],[75.147476,29.24585],[75.113747,29.242901],[75.108177,29.22677],[75.078079,29.23245],[75.062706,29.23892],[75.065323,29.246611],[75.039917,29.287149],[75.023857,29.291531],[74.991043,29.271749],[74.976906,29.281118],[74.95311,29.28194],[74.940109,29.304819],[74.950966,29.326071],[74.935921,29.33795],[74.927147,29.364639],[74.841133,29.40407],[74.809547,29.398479],[74.775917,29.360151],[74.756638,29.355961],[74.731697,29.353788],[74.711243,29.36891],[74.688683,29.36516],[74.650177,29.37237],[74.641823,29.3312],[74.595779,29.328312],[74.596718,29.36219],[74.572899,29.38645],[74.57003,29.406158],[74.557808,29.418631],[74.531296,29.42498],[74.529106,29.449539],[74.53463,29.465033],[74.542809,29.46657],[74.578911,29.45862],[74.614403,29.527111],[74.566536,29.563499],[74.575363,29.627321],[74.586037,29.63526],[74.578522,29.654753],[74.603477,29.72143],[74.6054,29.75288],[74.586639,29.768511],[74.571396,29.753248],[74.537788,29.75386],[74.525833,29.741369],[74.472,29.74403],[74.465263,29.78755],[74.491669,29.826509],[74.532532,29.839281],[74.553566,29.865641],[74.533691,29.90262],[74.505028,29.907761],[74.524643,29.951561],[74.552002,29.92923],[74.572952,29.925888],[74.5858,29.914761],[74.646973,29.904671],[74.639862,29.922491],[74.680962,29.94919],[74.690788,29.969271],[74.724007,29.961861],[74.775993,29.9744],[74.801178,29.992573],[74.849632,29.959129],[74.871956,29.959129],[74.881493,29.968349],[74.894356,29.95294],[74.885239,29.93911],[74.915733,29.94916],[74.943176,29.902538],[74.969887,29.889921],[74.969467,29.880671],[74.989929,29.856461],[75.037498,29.881781],[75.051758,29.874861],[75.065483,29.87904],[75.084801,29.91514],[75.102676,29.89702],[75.10421,29.873192],[75.081253,29.849373],[75.104088,29.838011],[75.107117,29.82653],[75.093338,29.819311],[75.090179,29.806662],[75.124916,29.80562],[75.13546,29.78038],[75.154053,29.781019],[75.159187,29.78422],[75.148949,29.79612],[75.155426,29.819811],[75.182343,29.838701],[75.200912,29.83],[75.19796,29.796221],[75.212387,29.78652],[75.23098,29.752068],[75.221367,29.73307],[75.206161,29.73525],[75.193687,29.725201],[75.187248,29.71192],[75.19767,29.69647],[75.195282,29.687759],[75.157837,29.66271],[75.173302,29.649481],[75.17334,29.630081],[75.221237,29.60655],[75.211189,29.582399],[75.228172,29.558558],[75.22348,29.546171],[75.296066,29.568081],[75.304512,29.588478],[75.28035,29.603251],[75.280563,29.610109],[75.307533,29.632561],[75.317726,29.6707],[75.330147,29.672279],[75.350449,29.659281],[75.33535,29.69385],[75.361946,29.712891],[75.378777,29.7113],[75.397232,29.761021],[75.409996,29.77532],[75.443787,29.78618],[75.435471,29.798849],[75.444267,29.80785],[75.506332,29.774071],[75.511711,29.76005],[75.530197,29.772711],[75.556396,29.765833],[75.568787,29.74262],[75.613228,29.746458],[75.62262,29.75362],[75.625359,29.77323],[75.656387,29.77606],[75.687431,29.75178],[75.697449,29.755211],[75.705933,29.80862],[75.748398,29.81212],[75.771622,29.82539],[75.796051,29.807121],[75.829018,29.812321],[75.843628,29.775961],[75.863777,29.752331],[75.87928,29.74707],[75.897232,29.755529],[75.923149,29.734911],[75.964859,29.73138],[76.017593,29.756071],[76.041481,29.748781],[76.058426,29.773149],[76.074341,29.78124],[76.077667,29.805773],[76.094383,29.811562],[76.116386,29.7964],[76.139267,29.816763],[76.166656,29.818321],[76.194183,29.844971],[76.211113,29.843231],[76.211761,29.853149],[76.228523,29.854528],[76.242012,29.869028],[76.225296,29.885061],[76.184639,29.88858],[76.181992,29.923241],[76.16629,29.928659],[76.178909,29.946268],[76.203873,29.94412],[76.194733,29.965679],[76.190918,30.016413],[76.215439,30.02713],[76.198387,30.03793],[76.254997,30.10458],[76.228691,30.109331],[76.190613,30.13496],[76.194107,30.140779],[76.211929,30.135061],[76.203873,30.158901],[76.25116,30.118999],[76.279846,30.113651],[76.293083,30.118629],[76.322899,30.108221],[76.348923,30.127661],[76.325882,30.14924],[76.343063,30.153448],[76.363747,30.127541],[76.390007,30.127541],[76.384567,30.145811],[76.401642,30.157728],[76.380997,30.183241],[76.410202,30.20229],[76.428581,30.179792],[76.426041,30.14756],[76.446457,30.137121],[76.452087,30.10071],[76.490829,30.097151],[76.501122,30.07663],[76.533638,30.082781],[76.554871,30.098761],[76.580803,30.086851],[76.576767,30.0751],[76.601051,30.080231],[76.626671,30.10565],[76.622742,30.1703],[76.641716,30.189251],[76.638916,30.20594],[76.604279,30.215172],[76.612,30.230968],[76.584,30.256531],[76.532532,30.227131],[76.545967,30.24354],[76.547638,30.264921],[76.609818,30.270611],[76.622833,30.291389],[76.626297,30.28393],[76.66243,30.299551],[76.674629,30.325951],[76.679497,30.321371],[76.715157,30.332911],[76.738533,30.35965],[76.730392,30.367441],[76.711357,30.365129],[76.718086,30.37711],[76.70488,30.380833],[76.70015,30.393612],[76.726547,30.405001],[76.725166,30.42042],[76.748871,30.426632],[76.757866,30.43889],[76.766747,30.436001],[76.770821,30.418301],[76.808456,30.41186],[76.832458,30.433882],[76.839729,30.42075],[76.864731,30.408791],[76.866241,30.394831],[76.880226,30.386223],[76.880226,30.359701],[76.897766,30.3626],[76.930267,30.39259],[76.925797,30.40159],[76.905182,30.40469],[76.903709,30.424881],[76.888847,30.441111],[76.898048,30.467781],[76.888916,30.484589],[76.912369,30.49366],[76.920326,30.518021],[76.920067,30.524691],[76.88504,30.540421],[76.90593,30.55839],[76.898888,30.56403],[76.904533,30.58057],[76.89856,30.58843],[76.913429,30.599703],[76.87709,30.63702],[76.858582,30.640631],[76.862228,30.679272],[76.839859,30.65678],[76.834999,30.66411],[76.818817,30.660591],[76.817703,30.69063],[76.836296,30.71427],[76.822746,30.740082],[76.846786,30.792521],[76.833511,30.804571],[76.827751,30.832569],[76.801216,30.842522],[76.769043,30.87653],[76.762543,30.89341],[76.769859,30.906391],[76.810188,30.93038],[76.809799,30.906801]]]}},{"type":"Feature","properties":{"name":"Himachal Pradesh","code":""},"geometry":{"type":"Polygon","coordinates":[[[76.802757,33.23666],[76.813942,33.24744],[76.828346,33.246399],[76.811081,33.215462],[76.818588,33.20557],[76.803307,33.193851],[76.80661,33.184731],[76.798126,33.173302],[76.803459,33.155689],[76.82917,33.137722],[76.844437,33.112301],[76.86869,33.12022],[76.877197,33.114239],[76.884773,33.097439],[76.89431,33.095139],[76.890747,33.080761],[76.917511,33.03368],[76.998466,32.989571],[77.035316,32.99968],[77.065933,32.985531],[77.074898,32.973351],[77.097122,32.977581],[77.103157,32.987202],[77.136391,32.980461],[77.135277,32.960941],[77.146126,32.95639],[77.148781,32.94138],[77.146187,32.914021],[77.157433,32.913239],[77.173859,32.931129],[77.188957,32.910061],[77.228256,32.895569],[77.224823,32.88002],[77.238876,32.865162],[77.258316,32.876362],[77.281281,32.855652],[77.305161,32.85405],[77.327896,32.819881],[77.356476,32.825272],[77.35968,32.859581],[77.387466,32.885521],[77.410133,32.87822],[77.42572,32.883671],[77.436172,32.865891],[77.455223,32.86174],[77.48455,32.886539],[77.494347,32.881512],[77.519562,32.887379],[77.544716,32.911732],[77.569649,32.921661],[77.583923,32.943802],[77.612961,32.94141],[77.653313,32.9594],[77.665207,32.986031],[77.695007,32.977821],[77.70369,32.966129],[77.712486,32.971802],[77.790169,32.90543],[77.792503,32.898079],[77.772743,32.890911],[77.761429,32.86483],[77.808212,32.83604],[77.825089,32.83987],[77.847603,32.828411],[77.861267,32.816162],[77.866966,32.790291],[77.880898,32.77541],[77.915131,32.76606],[77.911827,32.736511],[77.918472,32.730789],[77.903252,32.6931],[77.95266,32.6404],[77.954247,32.625961],[77.982559,32.586529],[78.035797,32.591949],[78.041466,32.605301],[78.033897,32.635609],[78.065331,32.624279],[78.079002,32.65279],[78.093376,32.662151],[78.121498,32.642349],[78.136002,32.670319],[78.152542,32.67902],[78.170479,32.677212],[78.183952,32.663872],[78.212936,32.669189],[78.233261,32.683701],[78.236588,32.694672],[78.295723,32.712811],[78.298111,32.724831],[78.287659,32.737831],[78.344742,32.763432],[78.371353,32.761829],[78.377823,32.719311],[78.363152,32.671989],[78.370926,32.638161],[78.388817,32.62323],[78.331757,32.584869],[78.296623,32.577511],[78.299171,32.52927],[78.278519,32.507931],[78.31041,32.475929],[78.382431,32.529652],[78.399063,32.526371],[78.409172,32.51202],[78.438393,32.505352],[78.448723,32.490139],[78.437332,32.471062],[78.43811,32.45639],[78.466118,32.44516],[78.478142,32.425861],[78.518761,32.418499],[78.497627,32.395241],[78.491722,32.373299],[78.464073,32.35223],[78.466156,32.284019],[78.439209,32.24646],[78.539421,32.249981],[78.592911,32.21867],[78.593697,32.182419],[78.57431,32.158619],[78.589531,32.14555],[78.597336,32.122032],[78.647873,32.107132],[78.65741,32.081322],[78.731407,32.007648],[78.771027,31.999811],[78.752586,31.939569],[78.729446,31.90659],[78.721786,31.83733],[78.694687,31.81719],[78.691353,31.79335],[78.703323,31.770409],[78.724663,31.763861],[78.711342,31.741262],[78.734398,31.69198],[78.749901,31.684721],[78.779648,31.68984],[78.786743,31.657551],[78.826889,31.627991],[78.831093,31.615261],[78.797287,31.576153],[78.72126,31.540951],[78.706642,31.518393],[78.715149,31.50773],[78.716583,31.484882],[78.748932,31.49062],[78.795479,31.452763],[78.79248,31.417858],[78.776436,31.40123],[78.816719,31.388411],[78.834229,31.372471],[78.840149,31.350601],[78.82901,31.3302],[78.858246,31.312981],[78.879539,31.27072],[78.906883,31.25919],[78.915649,31.225161],[78.935127,31.222363],[78.935852,31.205681],[78.946213,31.19356],[78.97187,31.182371],[78.9758,31.150709],[78.996582,31.115339],[78.965652,31.11537],[78.942116,31.105028],[78.920471,31.10759],[78.912659,31.11618],[78.896797,31.105631],[78.871399,31.107321],[78.818733,31.147211],[78.811707,31.169411],[78.797577,31.182503],[78.803169,31.19923],[78.795036,31.20504],[78.749451,31.194351],[78.659836,31.203251],[78.647697,31.19467],[78.634453,31.221889],[78.595367,31.236391],[78.566582,31.23374],[78.537117,31.206711],[78.470108,31.203751],[78.466568,31.22094],[78.444138,31.2442],[78.419456,31.25988],[78.414383,31.25091],[78.39753,31.247791],[78.381363,31.281471],[78.356323,31.290871],[78.298363,31.28821],[78.293419,31.266041],[78.26902,31.27136],[78.23259,31.23502],[78.206818,31.23723],[78.200272,31.225719],[78.187561,31.222219],[78.171417,31.23181],[78.147827,31.231571],[78.134903,31.21612],[78.119156,31.214041],[78.087738,31.1908],[78.053833,31.19293],[78.029953,31.18531],[78.01622,31.171513],[78.014236,31.15494],[77.992577,31.16703],[77.969383,31.165152],[77.954758,31.17878],[77.914688,31.156578],[77.887489,31.154701],[77.878723,31.124672],[77.851532,31.11097],[77.842827,31.081291],[77.82473,31.07443],[77.814697,31.060902],[77.800606,31.06208],[77.821602,31.029921],[77.818848,31.015791],[77.825333,31.008133],[77.810051,31.005211],[77.813606,30.99892],[77.796417,30.96982],[77.818916,30.960091],[77.817146,30.953569],[77.763878,30.97699],[77.734573,30.95957],[77.745598,30.92231],[77.795616,30.9238],[77.80085,30.912741],[77.784439,30.888371],[77.789368,30.858549],[77.765167,30.865179],[77.754547,30.882441],[77.744522,30.881191],[77.731461,30.850771],[77.744408,30.829851],[77.688286,30.768669],[77.691589,30.74831],[77.720337,30.738241],[77.741096,30.710661],[77.733406,30.685829],[77.779053,30.663771],[77.768303,30.65148],[77.775452,30.637468],[77.771278,30.628481],[77.78199,30.619358],[77.756607,30.620321],[77.75444,30.60075],[77.734787,30.60816],[77.729523,30.598383],[77.761848,30.562988],[77.778267,30.55736],[77.803238,30.56378],[77.810646,30.53318],[77.799179,30.511391],[77.711227,30.47727],[77.67907,30.451731],[77.640236,30.452351],[77.630547,30.436159],[77.603752,30.437441],[77.574631,30.426519],[77.562241,30.410063],[77.576157,30.389891],[77.565346,30.38489],[77.538742,30.401913],[77.50985,30.44883],[77.492943,30.433048],[77.486832,30.412613],[77.434952,30.403671],[77.416443,30.408392],[77.453346,30.440361],[77.450539,30.465231],[77.400612,30.418751],[77.380386,30.44614],[77.356796,30.44206],[77.346077,30.461901],[77.326256,30.463182],[77.310699,30.453621],[77.26358,30.466671],[77.251778,30.484411],[77.226768,30.488611],[77.202606,30.480341],[77.199661,30.506599],[77.185349,30.525881],[77.122337,30.548231],[77.111496,30.567289],[77.158638,30.603142],[77.162361,30.638651],[77.152733,30.6542],[77.153526,30.688721],[77.076843,30.744761],[77.033707,30.755421],[77.02829,30.743441],[77.0131,30.742208],[77.004463,30.76635],[76.988602,30.777071],[77.000031,30.789021],[76.997963,30.814291],[76.988457,30.815001],[76.979103,30.798813],[76.953751,30.811211],[76.942833,30.829189],[76.927513,30.837353],[76.926613,30.854441],[76.902161,30.897228],[76.852432,30.870689],[76.815758,30.896009],[76.810188,30.93038],[76.769859,30.906391],[76.748627,30.929161],[76.726021,30.939331],[76.712601,30.963421],[76.694237,30.97249],[76.662636,30.97113],[76.610069,31.00423],[76.613602,31.02199],[76.598969,31.053551],[76.609528,31.060671],[76.604897,31.078379],[76.611847,31.09639],[76.625732,31.110243],[76.623711,31.11801],[76.589317,31.127701],[76.598747,31.151171],[76.590073,31.157269],[76.590393,31.182859],[76.634148,31.21534],[76.616257,31.229441],[76.580612,31.216352],[76.575966,31.225788],[76.601616,31.25091],[76.570503,31.280149],[76.545921,31.25588],[76.53495,31.25535],[76.53717,31.283951],[76.518112,31.26231],[76.514267,31.283079],[76.488586,31.273401],[76.466713,31.310211],[76.431137,31.282841],[76.428497,31.28923],[76.448273,31.30599],[76.37925,31.391171],[76.390396,31.397331],[76.373032,31.413649],[76.363136,31.441351],[76.359146,31.41563],[76.346893,31.40571],[76.315842,31.402378],[76.318237,31.3811],[76.329582,31.379519],[76.336662,31.35302],[76.330078,31.34528],[76.317833,31.352221],[76.295967,31.34223],[76.302269,31.326361],[76.296097,31.319201],[76.261169,31.30583],[76.255623,31.314951],[76.172829,31.30674],[76.166321,31.341459],[76.135033,31.361759],[76.134087,31.382643],[76.153038,31.397251],[76.153496,31.414013],[76.115517,31.465441],[76.108162,31.49511],[76.043159,31.59197],[76.044029,31.603031],[76.023193,31.615471],[76.002747,31.64657],[76.00473,31.663031],[75.975792,31.69533],[75.959511,31.749538],[75.921829,31.817181],[75.952896,31.823961],[75.971466,31.814548],[75.894547,31.9498],[75.836372,31.981649],[75.784286,31.994329],[75.738007,32.035801],[75.710487,32.036022],[75.689819,32.061531],[75.649361,32.077171],[75.598526,32.06601],[75.578758,32.08168],[75.631203,32.119499],[75.655479,32.146061],[75.661827,32.164669],[75.656158,32.17662],[75.620216,32.185169],[75.622543,32.23468],[75.675842,32.264019],[75.736397,32.273762],[75.84388,32.379311],[75.871933,32.398449],[75.925926,32.411781],[75.934631,32.424759],[75.850967,32.50787],[75.872543,32.576191],[75.923622,32.6437],[75.924057,32.658222],[75.905403,32.672249],[75.896576,32.691059],[75.909836,32.72094],[75.912483,32.757122],[75.873787,32.81369],[75.805511,32.85614],[75.787422,32.893322],[75.800003,32.903919],[75.798309,32.919422],[75.807953,32.92979],[75.833893,32.934601],[75.900116,32.915699],[75.933777,32.884312],[75.987419,32.900581],[76.017189,32.917641],[76.028076,32.937439],[76.0504,32.944271],[76.082207,32.9688],[76.093689,33.004829],[76.128197,33.010082],[76.152237,33.0229],[76.237289,33.032589],[76.255241,33.05228],[76.275002,33.103989],[76.355789,33.154602],[76.391678,33.186691],[76.469063,33.179909],[76.495972,33.19603],[76.53418,33.199348],[76.547478,33.20953],[76.581902,33.206871],[76.599586,33.173759],[76.627007,33.162479],[76.696716,33.18148],[76.729866,33.179432],[76.75988,33.22467],[76.759972,33.252979],[76.785439,33.25359],[76.802757,33.23666]]]}},{"type":"Feature","properties":{"name":"Jammu and Kashmir","code":""},"geometry":{"type":"Polygon","coordinates":[[[77.899567,35.427895],[77.928017,35.44054],[77.951286,35.47364],[77.990646,35.48711],[78.079353,35.492199],[78.109833,35.476768],[78.097328,35.455639],[78.021202,35.416882],[77.99707,35.394089],[77.990288,35.379032],[77.991852,35.348549],[78.002022,35.294621],[78.042763,35.202332],[78.124176,35.135422],[78.117096,35.111641],[78.088318,35.09568],[78.08287,35.082489],[78.133476,34.970871],[78.184647,34.881519],[78.207321,34.766109],[78.248032,34.695099],[78.300339,34.66193],[78.398361,34.648632],[78.409317,34.613499],[78.425117,34.603462],[78.569336,34.61195],[78.62101,34.57428],[78.660057,34.52972],[78.73008,34.496651],[78.763023,34.460461],[78.824951,34.414131],[78.922546,34.375389],[78.981461,34.332851],[78.993401,34.288742],[78.975006,34.242859],[78.9562,34.217831],[78.888878,34.166431],[78.729233,34.095699],[78.706383,34.072182],[78.71212,34.05048],[78.760643,34.036098],[78.770363,34.01973],[78.763626,34.001511],[78.71579,33.964531],[78.711563,33.922501],[78.72567,33.87112],[78.775063,33.80125],[78.783989,33.770432],[78.775223,33.74622],[78.709297,33.679611],[78.710983,33.654869],[78.763199,33.563049],[78.823257,33.48349],[78.921257,33.398701],[79.066597,33.295891],[79.073112,33.2836],[79.067207,33.249832],[79.074966,33.228611],[79.141441,33.2001],[79.185463,33.191231],[79.377258,33.189911],[79.409836,33.178772],[79.415466,33.147659],[79.354927,33.030609],[79.35247,32.979031],[79.387123,32.933079],[79.448578,32.889229],[79.47123,32.802822],[79.526726,32.76759],[79.540527,32.748692],[79.564293,32.670761],[79.55777,32.630619],[79.545357,32.607361],[79.508789,32.591461],[79.464149,32.592651],[79.448013,32.586079],[79.346977,32.526642],[79.312218,32.487091],[79.29734,32.488529],[79.258408,32.52338],[79.202957,32.51083],[79.148857,32.483829],[79.126526,32.46431],[79.118149,32.450001],[79.121193,32.41613],[79.104469,32.371712],[79.095642,32.367939],[79.067543,32.384979],[79.049217,32.383369],[79.024986,32.367012],[78.993759,32.3643],[78.977203,32.34277],[78.914673,32.367092],[78.874573,32.414619],[78.836021,32.425282],[78.781181,32.4753],[78.76371,32.56781],[78.780327,32.59832],[78.763916,32.67849],[78.745926,32.696079],[78.654427,32.649231],[78.625671,32.607052],[78.54493,32.612309],[78.526413,32.606491],[78.485611,32.573219],[78.452721,32.579502],[78.412239,32.556061],[78.405228,32.52523],[78.416527,32.515099],[78.409172,32.51202],[78.399063,32.526371],[78.382431,32.529652],[78.31041,32.475929],[78.278519,32.507931],[78.299171,32.52927],[78.296623,32.577511],[78.331757,32.584869],[78.388817,32.62323],[78.370926,32.638161],[78.363152,32.671989],[78.377823,32.719311],[78.371353,32.761829],[78.344742,32.763432],[78.287659,32.737831],[78.298111,32.724831],[78.295723,32.712811],[78.236588,32.694672],[78.233261,32.683701],[78.212936,32.669189],[78.183952,32.663872],[78.170479,32.677212],[78.152542,32.67902],[78.136002,32.670319],[78.121498,32.642349],[78.093376,32.662151],[78.079002,32.65279],[78.065331,32.624279],[78.033897,32.635609],[78.041466,32.605301],[78.035797,32.591949],[77.982559,32.586529],[77.954247,32.625961],[77.95266,32.6404],[77.903252,32.6931],[77.918472,32.730789],[77.911827,32.736511],[77.915131,32.76606],[77.880898,32.77541],[77.866966,32.790291],[77.861267,32.816162],[77.847603,32.828411],[77.825089,32.83987],[77.808212,32.83604],[77.761429,32.86483],[77.772743,32.890911],[77.792503,32.898079],[77.790169,32.90543],[77.712486,32.971802],[77.70369,32.966129],[77.695007,32.977821],[77.665207,32.986031],[77.653313,32.9594],[77.612961,32.94141],[77.583923,32.943802],[77.569649,32.921661],[77.544716,32.911732],[77.519562,32.887379],[77.494347,32.881512],[77.48455,32.886539],[77.455223,32.86174],[77.436172,32.865891],[77.42572,32.883671],[77.410133,32.87822],[77.387466,32.885521],[77.35968,32.859581],[77.356476,32.825272],[77.327896,32.819881],[77.305161,32.85405],[77.281281,32.855652],[77.258316,32.876362],[77.238876,32.865162],[77.224823,32.88002],[77.228256,32.895569],[77.188957,32.910061],[77.173859,32.931129],[77.157433,32.913239],[77.146187,32.914021],[77.148781,32.94138],[77.146126,32.95639],[77.135277,32.960941],[77.136391,32.980461],[77.103157,32.987202],[77.097122,32.977581],[77.074898,32.973351],[77.065933,32.985531],[77.035316,32.99968],[76.998466,32.989571],[76.917511,33.03368],[76.890747,33.080761],[76.89431,33.095139],[76.884773,33.097439],[76.877197,33.114239],[76.86869,33.12022],[76.844437,33.112301],[76.82917,33.137722],[76.803459,33.155689],[76.798126,33.173302],[76.80661,33.184731],[76.803307,33.193851],[76.818588,33.20557],[76.811081,33.215462],[76.828346,33.246399],[76.813942,33.24744],[76.802757,33.23666],[76.778267,33.255711],[76.755341,33.249489],[76.76236,33.23954],[76.75988,33.22467],[76.729866,33.179432],[76.696716,33.18148],[76.627007,33.162479],[76.599586,33.173759],[76.581902,33.206871],[76.547478,33.20953],[76.53418,33.199348],[76.495972,33.19603],[76.469063,33.179909],[76.391678,33.186691],[76.355789,33.154602],[76.275002,33.103989],[76.255241,33.05228],[76.237289,33.032589],[76.152237,33.0229],[76.128197,33.010082],[76.093689,33.004829],[76.082207,32.9688],[76.0504,32.944271],[76.028076,32.937439],[76.017189,32.917641],[75.94577,32.885139],[75.933777,32.884312],[75.900116,32.915699],[75.867119,32.93021],[75.807953,32.92979],[75.798309,32.919422],[75.800003,32.903919],[75.787422,32.893322],[75.789833,32.881401],[75.82106,32.842762],[75.873787,32.81369],[75.912483,32.757122],[75.909836,32.72094],[75.896576,32.691059],[75.905403,32.672249],[75.924057,32.658222],[75.923622,32.6437],[75.804337,32.487061],[75.77887,32.47504],[75.745926,32.476349],[75.711533,32.418159],[75.684959,32.40062],[75.592636,32.381699],[75.545151,32.360821],[75.524269,32.34005],[75.515823,32.297989],[75.498947,32.27533],[75.490021,32.287979],[75.490227,32.310211],[75.467758,32.317562],[75.472237,32.34005],[75.414993,32.324272],[75.331779,32.3447],[75.322327,32.337326],[75.231529,32.399189],[75.195473,32.405312],[75.18853,32.42448],[75.147636,32.41338],[75.12793,32.421169],[75.109787,32.454041],[75.071609,32.482964],[75.030167,32.49176],[74.979347,32.447769],[74.948898,32.454086],[74.933632,32.467571],[74.899658,32.466129],[74.876663,32.485641],[74.835327,32.496212],[74.758026,32.479939],[74.698418,32.48494],[74.681381,32.503811],[74.680511,32.538189],[74.652397,32.560162],[74.642212,32.61105],[74.676208,32.658001],[74.65419,32.692451],[74.650139,32.71841],[74.667526,32.76659],[74.69458,32.809521],[74.697021,32.839714],[74.641998,32.822899],[74.641541,32.791889],[74.614235,32.757732],[74.567108,32.755211],[74.531532,32.74073],[74.466057,32.781361],[74.430061,32.844654],[74.42849,32.883602],[74.413895,32.90395],[74.347748,32.908211],[74.318031,32.919701],[74.320717,32.941429],[74.346359,32.965549],[74.35318,32.983131],[74.349831,33.016251],[74.337921,33.02594],[74.254967,33.048775],[74.205246,33.043301],[74.176247,33.107151],[74.111702,33.16444],[74.08284,33.18074],[74.026253,33.188591],[74.014275,33.19825],[74.011017,33.238499],[74.020302,33.258781],[74.036499,33.264744],[74.078941,33.260231],[74.102982,33.270542],[74.170746,33.346649],[74.185081,33.383511],[74.179291,33.425686],[74.187073,33.455521],[74.178139,33.481682],[74.095711,33.570396],[74.053902,33.565079],[74.028442,33.57468],[74.0,33.623669],[73.9757,33.693634],[73.956253,33.720291],[73.966461,33.740322],[74.0,33.752579],[74.065727,33.820099],[74.143341,33.830139],[74.219673,33.867176],[74.261124,33.924797],[74.262741,33.974289],[74.248688,34.013821],[74.214676,34.038555],[74.161423,34.038872],[74.123695,34.05518],[74.087029,34.037762],[74.006073,34.022442],[74.0,34.03019],[73.89817,34.032822],[73.883217,34.04995],[73.885651,34.075119],[73.904381,34.096893],[73.904083,34.12225],[73.976578,34.211803],[73.982033,34.239079],[73.976227,34.264809],[73.899406,34.359814],[73.841751,34.338322],[73.807396,34.35672],[73.773392,34.349751],[73.763222,34.359631],[73.76432,34.371071],[73.776985,34.416302],[73.854813,34.473351],[73.898743,34.49577],[73.886688,34.514999],[73.89534,34.546669],[73.948067,34.57309],[73.92733,34.645889],[73.941559,34.6772],[73.96022,34.696682],[74.012894,34.709854],[74.049133,34.684959],[74.09314,34.694519],[74.141792,34.6912],[74.202957,34.73658],[74.279747,34.768269],[74.307297,34.800304],[74.341263,34.789692],[74.375542,34.803444],[74.473969,34.790634],[74.506577,34.775532],[74.580177,34.7701],[74.638832,34.73354],[74.671303,34.700699],[74.703003,34.693081],[74.835602,34.677551],[74.910507,34.683208],[75.018745,34.641499],[75.142296,34.662411],[75.206718,34.64629],[75.24971,34.647312],[75.26606,34.639549],[75.261856,34.610882],[75.377823,34.552422],[75.506096,34.537331],[75.615562,34.53854],[75.749207,34.515831],[75.79303,34.53392],[75.843277,34.574631],[75.918648,34.604839],[75.946251,34.63118],[75.991852,34.629971],[76.036461,34.670269],[76.07444,34.676311],[76.121933,34.646652],[76.157913,34.64341],[76.260048,34.684372],[76.316139,34.731632],[76.385933,34.73595],[76.474342,34.794373],[76.514091,34.783802],[76.561813,34.758339],[76.681816,34.75959],[76.706192,34.80125],[76.74324,34.840099],[76.738861,34.901928],[76.749367,34.926601],[76.81105,34.935455],[76.870041,34.972431],[76.97036,34.935581],[76.99749,34.939152],[77.010139,34.956287],[77.010948,35.027592],[77.018097,35.038464],[77.068367,35.02412],[77.156822,35.054699],[77.650566,35.367081],[77.814651,35.485249],[77.823929,35.501331],[77.846779,35.500782],[77.862671,35.458591],[77.879417,35.436249],[77.899567,35.427895]]]}},{"type":"Feature","properties":{"name":"Jharkhand","code":""},"geometry":{"type":"Polygon","coordinates":[[[87.599892,25.314663],[87.622673,25.310801],[87.625977,25.318611],[87.651787,25.307249],[87.684151,25.310131],[87.680649,25.304279],[87.693497,25.303053],[87.689072,25.284941],[87.70797,25.27136],[87.707787,25.256409],[87.78331,25.246178],[87.787582,25.22049],[87.769287,25.127001],[87.776527,25.09127],[87.876976,25.02804],[87.906487,24.985811],[87.966492,24.9296],[87.973343,24.896482],[87.966507,24.8813],[87.888977,24.85294],[87.897766,24.842781],[87.898422,24.82453],[87.867668,24.822983],[87.876663,24.79369],[87.854538,24.764311],[87.835243,24.763231],[87.837532,24.787802],[87.818062,24.765982],[87.813896,24.753361],[87.839706,24.73819],[87.867386,24.729401],[87.877777,24.73908],[87.890778,24.722589],[87.900833,24.7216],[87.902916,24.709938],[87.88662,24.674103],[87.913406,24.65856],[87.906296,24.632643],[87.884613,24.62665],[87.90226,24.625921],[87.901611,24.612581],[87.877007,24.616291],[87.872742,24.61072],[87.908119,24.608179],[87.909973,24.593868],[87.905449,24.583801],[87.891487,24.57962],[87.887321,24.56271],[87.850479,24.557833],[87.848213,24.55105],[87.824509,24.559483],[87.808998,24.576231],[87.769409,24.58176],[87.767578,24.571569],[87.791588,24.565689],[87.806343,24.5452],[87.797493,24.53867],[87.795151,24.491051],[87.806671,24.510601],[87.810211,24.49209],[87.822876,24.49441],[87.809097,24.476591],[87.817848,24.468451],[87.814949,24.451349],[87.802513,24.45014],[87.791039,24.437759],[87.784752,24.414541],[87.79863,24.411222],[87.805222,24.41814],[87.81002,24.40662],[87.79258,24.396441],[87.797508,24.382181],[87.761238,24.333311],[87.756279,24.303593],[87.727188,24.286221],[87.71032,24.29207],[87.702637,24.25992],[87.681358,24.246441],[87.661903,24.244951],[87.657036,24.235399],[87.647148,24.24856],[87.635712,24.242531],[87.643013,24.230101],[87.637726,24.21158],[87.670952,24.205738],[87.678307,24.191111],[87.692558,24.18618],[87.696457,24.167212],[87.689568,24.149839],[87.616058,24.16466],[87.569382,24.155651],[87.607613,24.128942],[87.581726,24.1234],[87.569221,24.10675],[87.576157,24.08526],[87.539169,24.087801],[87.516922,24.111],[87.493599,24.11521],[87.496948,24.099331],[87.488922,24.0882],[87.505783,24.082081],[87.501236,24.073318],[87.489731,24.073231],[87.491226,24.052021],[87.510551,24.039831],[87.50135,24.022329],[87.491226,24.023371],[87.482758,24.013653],[87.448517,24.01634],[87.43383,24.008322],[87.44677,24.00835],[87.441399,24.003231],[87.458359,23.9935],[87.45797,23.981421],[87.439102,23.97813],[87.426376,23.99032],[87.356636,24.00919],[87.348106,23.99579],[87.327873,23.995991],[87.315392,24.004421],[87.332329,24.01754],[87.332359,24.03101],[87.282646,24.02693],[87.237976,24.04122],[87.232651,24.024599],[87.240593,24.00572],[87.250099,23.995781],[87.260818,24.002901],[87.268028,23.984631],[87.261543,23.966169],[87.291817,23.9557],[87.291931,23.938751],[87.285133,23.933889],[87.294548,23.898571],[87.270416,23.87294],[87.261749,23.878172],[87.259201,23.904202],[87.248222,23.907011],[87.243111,23.884863],[87.255219,23.8393],[87.242729,23.82616],[87.229126,23.823009],[87.218559,23.830801],[87.236237,23.853069],[87.222481,23.857639],[87.188568,23.840837],[87.195656,23.854259],[87.180603,23.85153],[87.156693,23.864889],[87.130928,23.866961],[87.130333,23.85091],[87.166443,23.81959],[87.148743,23.794371],[87.139206,23.80006],[87.124161,23.795038],[87.110252,23.799063],[87.116096,23.804802],[87.105927,23.79952],[87.095726,23.809481],[87.084511,23.805269],[87.056946,23.816259],[87.034409,23.836828],[86.966911,23.865299],[86.951233,23.845871],[86.936378,23.84486],[86.924156,23.865881],[86.895012,23.879951],[86.875267,23.862381],[86.887688,23.822161],[86.882263,23.81448],[86.87693,23.81345],[86.871216,23.844181],[86.82077,23.81131],[86.809303,23.814131],[86.803673,23.830681],[86.792839,23.831381],[86.800972,23.81333],[86.797691,23.797718],[86.816719,23.77615],[86.819771,23.76107],[86.816101,23.744831],[86.804512,23.739853],[86.792038,23.68737],[86.738129,23.67761],[86.731697,23.69379],[86.693848,23.694521],[86.624443,23.67277],[86.591606,23.67115],[86.590622,23.662241],[86.528656,23.628981],[86.481293,23.635038],[86.43988,23.62961],[86.439636,23.6091],[86.427277,23.610331],[86.406227,23.58798],[86.380928,23.58436],[86.382881,23.57202],[86.357971,23.54306],[86.367653,23.522558],[86.353706,23.49642],[86.370598,23.490261],[86.371948,23.48266],[86.355499,23.48156],[86.351837,23.463631],[86.337898,23.46109],[86.340416,23.452393],[86.33136,23.447241],[86.32621,23.457561],[86.300148,23.44371],[86.31424,23.428289],[86.300003,23.420061],[86.282372,23.42746],[86.278473,23.44112],[86.246651,23.434153],[86.253052,23.42485],[86.243179,23.41958],[86.239548,23.431681],[86.224663,23.43568],[86.238747,23.46969],[86.225327,23.469881],[86.220978,23.45598],[86.17878,23.46773],[86.172333,23.47854],[86.145531,23.47307],[86.14518,23.49399],[86.155113,23.50423],[86.154556,23.51915],[86.142929,23.527342],[86.153267,23.551592],[86.144768,23.567772],[86.126686,23.56675],[86.119438,23.573912],[86.072769,23.56822],[86.071442,23.57848],[86.046867,23.58387],[86.011009,23.561241],[86.010773,23.551649],[86.021103,23.54549],[86.032768,23.504841],[86.050873,23.501551],[86.047226,23.493643],[85.943909,23.45462],[85.906372,23.47175],[85.874123,23.476231],[85.859543,23.450951],[85.862877,23.409971],[85.878456,23.40803],[85.882477,23.3811],[85.894348,23.379681],[85.895691,23.37059],[85.885277,23.373758],[85.866257,23.364849],[85.877983,23.323709],[85.860771,23.31498],[85.861496,23.303329],[85.833656,23.28068],[85.826363,23.263121],[85.831558,23.19512],[85.857521,23.194363],[85.877213,23.17296],[85.877312,23.158661],[85.900383,23.1481],[85.914993,23.12953],[85.94381,23.129471],[85.981941,23.145901],[86.036926,23.14361],[86.048393,23.129169],[86.047966,23.108681],[86.080963,23.1043],[86.091797,23.090771],[86.115692,23.093632],[86.136566,23.083101],[86.134567,23.062941],[86.148331,23.05267],[86.150017,23.040899],[86.160156,23.039061],[86.175629,23.012991],[86.204361,23.01321],[86.203812,22.997858],[86.212479,22.99185],[86.261292,22.995531],[86.279373,23.010719],[86.298256,23.013283],[86.31218,22.995211],[86.332153,22.988901],[86.369499,22.99431],[86.393036,22.974239],[86.416283,22.994791],[86.445229,22.98509],[86.497353,22.989908],[86.507622,22.972771],[86.499916,22.96854],[86.512238,22.966261],[86.540283,22.98723],[86.538513,22.961868],[86.526627,22.960871],[86.518356,22.94433],[86.49662,22.94754],[86.484528,22.93428],[86.470421,22.94945],[86.458206,22.932961],[86.432823,22.923403],[86.432419,22.91577],[86.463043,22.896631],[86.44696,22.88341],[86.446877,22.85878],[86.432838,22.860491],[86.433907,22.82859],[86.412636,22.78643],[86.416153,22.776508],[86.443886,22.758591],[86.45401,22.75964],[86.478981,22.722391],[86.487747,22.723289],[86.506592,22.701521],[86.509956,22.716061],[86.539253,22.72065],[86.58078,22.688992],[86.617867,22.673389],[86.636688,22.655121],[86.634323,22.59726],[86.648277,22.59161],[86.651703,22.57579],[86.672798,22.57238],[86.706017,22.58036],[86.759941,22.57243],[86.764519,22.550631],[86.784073,22.544241],[86.782806,22.52437],[86.798607,22.498821],[86.790962,22.493629],[86.798012,22.48399],[86.789223,22.47451],[86.748268,22.478661],[86.75148,22.45068],[86.763893,22.42289],[86.818413,22.4123],[86.843933,22.396061],[86.829193,22.324591],[86.885117,22.296709],[86.885681,22.252121],[86.822807,22.26133],[86.816338,22.2493],[86.811867,22.263931],[86.808952,22.246469],[86.799606,22.240973],[86.800629,22.261923],[86.790268,22.2628],[86.792831,22.238729],[86.809868,22.238003],[86.800117,22.213631],[86.77906,22.211521],[86.782501,22.225363],[86.792206,22.223843],[86.775887,22.231541],[86.775223,22.214628],[86.747803,22.207981],[86.682167,22.219511],[86.665146,22.23856],[86.651146,22.2332],[86.645576,22.26137],[86.608513,22.278761],[86.590927,22.274832],[86.578461,22.297819],[86.552063,22.29529],[86.539886,22.30373],[86.532379,22.298191],[86.520836,22.311489],[86.523651,22.318571],[86.507988,22.32402],[86.499947,22.340952],[86.483719,22.344419],[86.458237,22.322111],[86.438393,22.323368],[86.433357,22.30154],[86.421692,22.31389],[86.352737,22.345421],[86.347366,22.359001],[86.319862,22.38036],[86.279823,22.44552],[86.265182,22.439541],[86.220383,22.449091],[86.211502,22.459711],[86.216949,22.464031],[86.218208,22.46821],[86.209137,22.462841],[86.202393,22.47028],[86.10733,22.484898],[86.069206,22.54307],[86.03849,22.563589],[86.018341,22.543631],[86.028267,22.53433],[86.022026,22.52055],[86.01545,22.524481],[85.969246,22.499781],[85.953506,22.455973],[85.992973,22.42214],[86.008743,22.42432],[86.021248,22.37504],[85.992882,22.33816],[85.998428,22.331079],[86.004761,22.335649],[86.020432,22.329399],[86.005898,22.31591],[86.008423,22.309959],[86.043289,22.30619],[86.008499,22.292671],[85.969788,22.243401],[86.026718,22.185223],[85.994629,22.131781],[86.000473,22.108971],[85.942581,22.019131],[85.928772,22.01936],[85.912239,22.004801],[85.905426,21.966631],[85.891151,21.978519],[85.818329,21.970011],[85.815392,21.980131],[85.784279,21.9786],[85.76075,21.989719],[85.756126,22.00839],[85.775597,22.028271],[85.778938,22.036261],[85.770332,22.051283],[85.787941,22.07719],[85.814369,22.07007],[85.830757,22.076971],[85.824913,22.08713],[85.808708,22.091841],[85.814743,22.102112],[85.802048,22.11083],[85.75782,22.084982],[85.746063,22.06988],[85.681503,22.04878],[85.671951,22.051472],[85.672363,22.059721],[85.644608,22.090281],[85.591087,22.07444],[85.554337,22.09082],[85.539543,22.08659],[85.514847,22.10821],[85.39444,22.1586],[85.385368,22.152342],[85.363197,22.15457],[85.358131,22.1196],[85.345367,22.126991],[85.323013,22.12499],[85.300079,22.107059],[85.274162,22.08009],[85.230942,22.000271],[85.21489,22.010712],[85.210747,22.04318],[85.183456,22.05493],[85.172462,22.06819],[85.164368,22.065229],[85.170807,22.048191],[85.155548,22.070459],[85.118881,22.066471],[85.099709,22.084539],[85.095436,22.099451],[85.0439,22.110701],[85.019951,22.103371],[85.002319,22.079943],[84.987427,22.076738],[84.97982,22.084681],[84.980499,22.091261],[85.023743,22.111992],[85.031151,22.13736],[85.025398,22.154001],[85.047791,22.174299],[85.069481,22.23065],[85.070511,22.27216],[85.114456,22.290489],[85.114037,22.314213],[85.087959,22.314081],[85.092957,22.341091],[85.074059,22.348591],[85.083076,22.378441],[85.077263,22.40831],[85.057037,22.44471],[85.073639,22.466681],[85.062492,22.478411],[85.03331,22.476921],[85.031563,22.469782],[84.954582,22.438902],[84.952446,22.45277],[84.947281,22.45108],[84.917397,22.43438],[84.916397,22.42338],[84.893799,22.418011],[84.880249,22.417591],[84.876526,22.443251],[84.832542,22.426378],[84.812691,22.43161],[84.807793,22.446861],[84.752693,22.442013],[84.743851,22.414751],[84.661606,22.413919],[84.632103,22.42865],[84.526627,22.420021],[84.476669,22.405981],[84.477592,22.38368],[84.45565,22.375221],[84.447853,22.37908],[84.426941,22.364651],[84.426086,22.34881],[84.394493,22.343851],[84.367416,22.349569],[84.289223,22.33732],[84.266167,22.34783],[84.246559,22.373701],[84.194107,22.371811],[84.152489,22.40093],[84.13588,22.420683],[84.134926,22.470949],[84.106117,22.473848],[84.057587,22.510151],[84.002502,22.520861],[84.005051,22.569563],[84.021347,22.587233],[84.048126,22.594143],[84.080391,22.636551],[84.149933,22.63442],[84.196999,22.66378],[84.220612,22.668911],[84.232239,22.68858],[84.225357,22.735161],[84.254227,22.76298],[84.285286,22.763371],[84.290306,22.787163],[84.309967,22.798983],[84.318398,22.843752],[84.32946,22.85955],[84.369888,22.8645],[84.378189,22.887861],[84.370857,22.901609],[84.386299,22.91684],[84.389053,22.93874],[84.370537,22.975071],[84.325157,22.97933],[84.278572,22.961248],[84.2714,22.98885],[84.250908,22.97143],[84.237411,22.9804],[84.217056,22.976473],[84.189926,23.02372],[84.176682,23.020519],[84.167862,22.970961],[84.148003,22.963869],[84.123672,23.036619],[84.129379,23.081541],[84.087868,23.109489],[84.061462,23.1099],[84.033676,23.138441],[84.031128,23.161133],[84.05835,23.2036],[84.050453,23.24095],[84.06382,23.29224],[84.059952,23.308201],[84.070251,23.32999],[84.049957,23.35186],[84.043388,23.37401],[84.020737,23.37546],[84.006531,23.3528],[83.974861,23.364792],[83.965828,23.38121],[83.979446,23.426691],[83.969528,23.455408],[84.008759,23.49958],[84.022667,23.544241],[84.024117,23.587881],[84.001869,23.62044],[84.007027,23.632311],[83.937889,23.622431],[83.929588,23.593679],[83.935257,23.56304],[83.810883,23.58886],[83.800476,23.583179],[83.774887,23.599501],[83.764938,23.621481],[83.747787,23.62665],[83.743027,23.640461],[83.750946,23.65333],[83.714729,23.682541],[83.734718,23.713551],[83.729401,23.75473],[83.712357,23.772331],[83.695389,23.820669],[83.658333,23.82782],[83.649551,23.848061],[83.561211,23.862951],[83.55761,23.86953],[83.576157,23.88438],[83.542847,23.898241],[83.53894,23.9335],[83.507721,23.97946],[83.507507,24.00139],[83.516556,24.01062],[83.506706,24.02824],[83.447586,24.04248],[83.43132,24.057932],[83.425369,24.083761],[83.403091,24.080778],[83.383263,24.099871],[83.323563,24.10133],[83.349007,24.126438],[83.378342,24.20079],[83.377342,24.235661],[83.393433,24.24712],[83.401886,24.266001],[83.400513,24.28524],[83.380638,24.300468],[83.375938,24.314541],[83.403328,24.337391],[83.426613,24.33996],[83.451393,24.36475],[83.429886,24.40379],[83.400139,24.40868],[83.400673,24.43714],[83.389786,24.43759],[83.381409,24.45565],[83.39547,24.503771],[83.509506,24.52754],[83.600159,24.513241],[83.682457,24.515581],[83.71669,24.50495],[83.794487,24.529449],[83.857689,24.53756],[83.868042,24.532881],[83.933006,24.551743],[83.972351,24.596628],[83.99221,24.638033],[84.02417,24.629061],[84.046738,24.612289],[84.052933,24.587961],[84.061363,24.589371],[84.059746,24.576981],[84.072479,24.569601],[84.078339,24.54501],[84.089691,24.53393],[84.089096,24.504128],[84.109779,24.4814],[84.139961,24.504801],[84.136292,24.529362],[84.146057,24.5403],[84.164406,24.533712],[84.153641,24.517641],[84.17926,24.51042],[84.186417,24.522499],[84.172882,24.547131],[84.188301,24.555321],[84.199913,24.55702],[84.208923,24.537161],[84.217491,24.53517],[84.22068,24.550331],[84.235008,24.553181],[84.234261,24.543579],[84.257141,24.53075],[84.28009,24.55192],[84.269226,24.564253],[84.297432,24.563143],[84.326347,24.50272],[84.321709,24.489758],[84.294189,24.480761],[84.285263,24.465919],[84.293213,24.450823],[84.314987,24.44751],[84.330399,24.43119],[84.315056,24.423452],[84.327789,24.422161],[84.325867,24.410931],[84.335861,24.39583],[84.361366,24.386633],[84.382217,24.3897],[84.385017,24.379341],[84.399788,24.37464],[84.394943,24.36779],[84.422539,24.35915],[84.417427,24.331362],[84.454536,24.33865],[84.465111,24.30839],[84.487061,24.304832],[84.484207,24.296921],[84.493538,24.287041],[84.502296,24.29455],[84.503197,24.315411],[84.52549,24.339479],[84.519379,24.34584],[84.527962,24.36483],[84.521523,24.376261],[84.545853,24.373699],[84.565781,24.38394],[84.55912,24.397108],[84.572479,24.41234],[84.581848,24.401461],[84.622887,24.40395],[84.658257,24.393742],[84.678917,24.456343],[84.706528,24.472359],[84.724907,24.47295],[84.74202,24.496458],[84.7799,24.50485],[84.795326,24.529491],[84.801643,24.521118],[84.819496,24.52482],[84.832626,24.51148],[84.827187,24.470119],[84.833458,24.469589],[84.834396,24.45252],[84.847481,24.465931],[84.859749,24.45664],[84.867447,24.466921],[84.880173,24.462801],[84.877899,24.42263],[84.898178,24.39382],[84.898033,24.372129],[84.968567,24.37595],[84.990402,24.41223],[85.032097,24.42535],[85.057487,24.416483],[85.076157,24.439871],[85.065483,24.386761],[85.089417,24.3792],[85.115059,24.409019],[85.155296,24.418011],[85.16938,24.42947],[85.150673,24.46287],[85.223923,24.471189],[85.246498,24.495291],[85.281967,24.4972],[85.282516,24.52669],[85.37027,24.529581],[85.406616,24.545662],[85.433273,24.536079],[85.486481,24.550751],[85.49752,24.5485],[85.502419,24.531429],[85.518303,24.524549],[85.536461,24.536011],[85.536797,24.565241],[85.554611,24.556129],[85.568291,24.565201],[85.562851,24.59127],[85.576576,24.60301],[85.598251,24.59757],[85.615448,24.58293],[85.664703,24.58193],[85.673248,24.592941],[85.672127,24.6194],[85.661186,24.646641],[85.66333,24.664713],[85.649529,24.68704],[85.679657,24.693768],[85.696663,24.713472],[85.70813,24.74769],[85.704781,24.768831],[85.73674,24.822651],[85.76545,24.81251],[85.777237,24.79895],[85.810661,24.794498],[85.827217,24.809643],[85.877777,24.800291],[85.910507,24.75367],[85.950302,24.732119],[85.970169,24.73358],[85.977257,24.747631],[85.999977,24.751381],[86.009567,24.768],[86.050583,24.779541],[86.053001,24.761749],[86.036011,24.747341],[86.03907,24.74132],[86.063187,24.751671],[86.086578,24.746321],[86.109299,24.732241],[86.124443,24.70516],[86.133598,24.67551],[86.125946,24.670801],[86.118248,24.641891],[86.133293,24.60354],[86.152267,24.59971],[86.165657,24.583681],[86.194939,24.585161],[86.215706,24.591171],[86.217377,24.611771],[86.264137,24.575838],[86.266258,24.581951],[86.276886,24.5742],[86.273788,24.582748],[86.292633,24.58609],[86.322861,24.584091],[86.304047,24.55829],[86.309837,24.54734],[86.301338,24.531979],[86.312416,24.508471],[86.279137,24.462002],[86.300903,24.4568],[86.303757,24.444839],[86.319496,24.440161],[86.350723,24.44371],[86.415588,24.37921],[86.452209,24.368629],[86.465683,24.385],[86.465828,24.421881],[86.488586,24.425001],[86.491127,24.45405],[86.484489,24.45882],[86.505722,24.5177],[86.523529,24.535749],[86.546692,24.53504],[86.55793,24.548479],[86.554642,24.559271],[86.578239,24.567871],[86.602921,24.605068],[86.609299,24.60741],[86.606918,24.594351],[86.618858,24.5947],[86.618286,24.584492],[86.668396,24.56064],[86.71862,24.578213],[86.731583,24.5758],[86.745651,24.5895],[86.750862,24.617979],[86.777122,24.619761],[86.786903,24.599371],[86.794373,24.59683],[86.785606,24.617201],[86.805779,24.594501],[86.800293,24.564602],[86.837051,24.568281],[86.838806,24.55407],[86.854637,24.550461],[86.876396,24.56732],[86.911179,24.538679],[86.898079,24.58654],[86.918938,24.61941],[86.934143,24.62652],[86.930092,24.64282],[86.948616,24.642761],[86.945503,24.62656],[86.971191,24.630301],[87.010201,24.60626],[87.024353,24.621099],[87.027519,24.60932],[87.050468,24.60677],[87.044403,24.624031],[87.054733,24.670601],[87.081856,24.724541],[87.073593,24.743071],[87.086311,24.75832],[87.082848,24.779228],[87.096672,24.801493],[87.077301,24.80835],[87.077301,24.818142],[87.094971,24.8262],[87.114471,24.85553],[87.150978,24.858431],[87.147926,24.867868],[87.158226,24.889551],[87.146507,24.912863],[87.155312,24.931681],[87.14859,24.94212],[87.153687,24.990971],[87.144203,25.017971],[87.176643,25.06402],[87.211357,25.0896],[87.233879,25.085821],[87.250557,25.10585],[87.291107,25.08927],[87.297913,25.134661],[87.315033,25.165041],[87.310646,25.169821],[87.323456,25.223091],[87.369888,25.20505],[87.377136,25.222618],[87.391777,25.227518],[87.467636,25.193142],[87.472641,25.240883],[87.487556,25.261999],[87.49572,25.26248],[87.481506,25.295172],[87.490067,25.305201],[87.498871,25.29229],[87.539749,25.281618],[87.547447,25.33094],[87.567108,25.333891],[87.58007,25.348391],[87.587662,25.340548],[87.581161,25.328039],[87.599892,25.314663]]]}},{"type":"Feature","properties":{"name":"Karnataka","code":""},"geometry":{"type":"MultiPolygon","coordinates":[[[[74.670143,13.198471],[74.676247,13.194861],[74.675972,13.191527],[74.670143,13.198471]]],[[[74.725136,13.280142],[74.728195,13.279027],[74.727356,13.278471],[74.725136,13.280142]]],[[[74.698753,13.28153],[74.701248,13.279305],[74.699303,13.278749],[74.698753,13.28153]]],[[[74.724586,13.28514],[74.72847,13.287084],[74.728203,13.28597],[74.724586,13.28514]]],[[[74.689857,13.330693],[74.692085,13.332083],[74.69236,13.330691],[74.689857,13.330693]]],[[[74.685692,13.337084],[74.689857,13.335418],[74.687637,13.33514],[74.685692,13.337084]]],[[[74.68264,13.348473],[74.687363,13.342082],[74.68708,13.34125],[74.681526,13.342916],[74.68264,13.348473]]],[[[74.670143,13.37985],[74.674858,13.380695],[74.67514,13.37569],[74.670143,13.37985]]],[[[74.47847,14.00931],[74.482918,14.00653],[74.480423,14.004861],[74.47847,14.00931]]],[[[74.323456,14.015421],[74.330414,14.018194],[74.327637,14.01125],[74.323456,14.015421]]],[[[74.40181,14.315421],[74.404587,14.312638],[74.399017,14.31264],[74.40181,14.315421]]],[[[74.365143,14.55264],[74.372917,14.552362],[74.378197,14.545418],[74.366806,14.541249],[74.365143,14.55264]]],[[[74.25264,14.705974],[74.255142,14.703752],[74.251526,14.704321],[74.25264,14.705974]]],[[[74.238197,14.710694],[74.240143,14.70903],[74.237923,14.70903],[74.238197,14.710694]]],[[[74.153198,14.74014],[74.158211,14.739311],[74.157356,14.73764],[74.153198,14.74014]]],[[[74.109848,14.754029],[74.112915,14.757918],[74.12014,14.753471],[74.109848,14.754029]]],[[[74.08625,14.79486],[74.089027,14.795421],[74.089027,14.793752],[74.08625,14.79486]]],[[[74.054863,14.817084],[74.056252,14.815969],[74.054306,14.81625],[74.054863,14.817084]]],[[[74.062637,14.820689],[74.065697,14.81986],[74.06292,14.819306],[74.062637,14.820689]]],[[[74.057083,14.820142],[74.06208,14.820416],[74.057358,14.819028],[74.057083,14.820142]]],[[[74.093193,14.838196],[74.094864,14.836805],[74.092918,14.835971],[74.093193,14.838196]]],[[[74.097084,14.842916],[74.102081,14.844584],[74.100975,14.842084],[74.097084,14.842916]]],[[[74.094582,14.877921],[74.097359,14.87708],[74.094307,14.875972],[74.094582,14.877921]]],[[[77.325577,18.45512],[77.342079,18.43029],[77.354073,18.448742],[77.369629,18.447651],[77.36441,18.42985],[77.369751,18.400709],[77.400497,18.3978],[77.41011,18.388531],[77.391823,18.365931],[77.398331,18.3475],[77.355423,18.31852],[77.362526,18.30829],[77.407806,18.299561],[77.436371,18.306492],[77.436928,18.28204],[77.465393,18.25996],[77.510208,18.27844],[77.509506,18.30673],[77.560982,18.28311],[77.570656,18.29047],[77.60302,18.278],[77.572533,18.240561],[77.584961,18.216742],[77.574387,18.199921],[77.564308,18.20055],[77.579361,18.162121],[77.597771,18.15184],[77.597458,18.08429],[77.567337,18.07629],[77.556709,18.06217],[77.547432,18.063631],[77.545746,18.053761],[77.553116,18.03467],[77.584969,18.02479],[77.592247,18.010168],[77.606667,18.018011],[77.628799,17.992519],[77.646179,17.9932],[77.643608,17.97345],[77.653397,17.969353],[77.644257,17.96269],[77.64399,17.946371],[77.629723,17.962971],[77.623741,17.95775],[77.62886,17.948511],[77.616798,17.938101],[77.616577,17.902868],[77.585167,17.90823],[77.596687,17.870451],[77.572746,17.87281],[77.549736,17.818029],[77.543716,17.826269],[77.526001,17.826818],[77.526077,17.811689],[77.51088,17.801441],[77.504486,17.782591],[77.554451,17.761259],[77.565956,17.764111],[77.562027,17.74711],[77.53936,17.725422],[77.494278,17.71604],[77.484467,17.70365],[77.450348,17.691299],[77.445007,17.64842],[77.453217,17.63077],[77.440506,17.604092],[77.439926,17.58147],[77.46122,17.57703],[77.474083,17.565111],[77.489998,17.566271],[77.501617,17.54088],[77.52742,17.573221],[77.536697,17.571329],[77.548393,17.549459],[77.589828,17.562759],[77.591728,17.532681],[77.616577,17.52935],[77.621216,17.522251],[77.656616,17.521339],[77.687996,17.498543],[77.684013,17.472851],[77.648087,17.481178],[77.652763,17.50325],[77.640427,17.476011],[77.610947,17.46994],[77.610611,17.444233],[77.595901,17.44268],[77.573196,17.454201],[77.572563,17.42952],[77.53347,17.44095],[77.510147,17.427259],[77.510689,17.41254],[77.535507,17.4041],[77.521332,17.386332],[77.528023,17.37211],[77.499123,17.354071],[77.474472,17.359171],[77.479317,17.369612],[77.451599,17.370491],[77.455101,17.33791],[77.434021,17.28826],[77.452797,17.286631],[77.454506,17.27589],[77.422577,17.25325],[77.41494,17.229879],[77.405457,17.23741],[77.380356,17.21977],[77.398811,17.208778],[77.391487,17.192369],[77.37075,17.190071],[77.359993,17.161621],[77.37542,17.148701],[77.376328,17.13789],[77.462639,17.104071],[77.460312,17.09284],[77.476921,17.076233],[77.49939,17.00732],[77.478371,16.99025],[77.479187,16.968033],[77.464073,16.95269],[77.467743,16.91711],[77.4534,16.909033],[77.456627,16.82375],[77.471756,16.796289],[77.471138,16.779131],[77.437538,16.783211],[77.423416,16.714531],[77.43737,16.707548],[77.466797,16.711941],[77.465042,16.678282],[77.416573,16.662811],[77.416847,16.654751],[77.436226,16.64253],[77.432938,16.637638],[77.469391,16.646912],[77.453827,16.613798],[77.463631,16.604811],[77.458778,16.592051],[77.464172,16.584209],[77.436729,16.581209],[77.41729,16.56391],[77.391441,16.565201],[77.401573,16.54678],[77.415657,16.544001],[77.415321,16.51783],[77.379082,16.510721],[77.369087,16.50211],[77.366287,16.48411],[77.324409,16.48093],[77.296646,16.49147],[77.292,16.473639],[77.235176,16.468081],[77.258209,16.447309],[77.28466,16.403],[77.342949,16.379721],[77.373199,16.379921],[77.411743,16.36268],[77.43811,16.37443],[77.494492,16.37579],[77.51886,16.37011],[77.554527,16.34156],[77.591606,16.337511],[77.584389,16.328041],[77.592278,16.29011],[77.580681,16.28606],[77.564987,16.29771],[77.543213,16.28706],[77.533783,16.26263],[77.519333,16.270882],[77.501228,16.267811],[77.487556,16.249821],[77.488762,16.22435],[77.510757,16.223339],[77.511169,16.21719],[77.495323,16.213001],[77.494919,16.18712],[77.483627,16.15855],[77.486671,16.115761],[77.509399,16.103531],[77.492889,16.083771],[77.502937,16.073233],[77.490723,16.03063],[77.501686,16.005541],[77.510109,16.002251],[77.505516,15.972669],[77.5159,15.957461],[77.509453,15.92086],[77.426422,15.942279],[77.376221,15.93325],[77.353607,15.943702],[77.282448,15.947362],[77.248917,15.957741],[77.180626,15.950063],[77.076797,15.90974],[77.02227,15.83178],[77.041542,15.821661],[77.063889,15.82317],[77.061516,15.797921],[77.067238,15.79605],[77.048508,15.76076],[77.047089,15.725012],[77.076271,15.721411],[77.076256,15.710371],[77.084366,15.70896],[77.075928,15.690879],[77.124977,15.659051],[77.116203,15.62511],[77.081436,15.652841],[77.068871,15.640909],[77.029282,15.633839],[77.026596,15.49999],[76.971893,15.506331],[76.97039,15.490922],[77.006096,15.448231],[77.027397,15.435181],[77.028542,15.401302],[77.043823,15.383741],[77.038033,15.358782],[77.062897,15.33791],[77.061577,15.32186],[77.109688,15.327282],[77.115417,15.28985],[77.147911,15.28567],[77.145172,15.266051],[77.164146,15.25907],[77.165253,15.250972],[77.140251,15.251551],[77.120903,15.221241],[77.14138,15.218132],[77.149963,15.207901],[77.1632,15.161331],[77.157707,15.148951],[77.136971,15.149252],[77.13208,15.142681],[77.152763,15.131621],[77.154037,15.120521],[77.127609,15.093641],[77.109573,15.028569],[77.082069,15.02229],[77.078819,15.00001],[77.041008,15.005482],[77.046883,15.029212],[77.000679,15.02959],[76.983513,15.020422],[76.981781,15.010361],[76.942749,15.027031],[76.876701,15.028679],[76.860573,15.05671],[76.796936,15.09076],[76.774223,15.071381],[76.771126,15.054091],[76.784576,15.01667],[76.756989,14.982971],[76.763771,14.96987],[76.815453,14.96381],[76.827896,14.95101],[76.841156,14.961171],[76.864456,14.96402],[76.865479,14.9376],[76.860306,14.89119],[76.843773,14.88642],[76.854118,14.861372],[76.840088,14.830041],[76.84874,14.804031],[76.837212,14.804141],[76.833771,14.784909],[76.78035,14.779262],[76.798073,14.734591],[76.771278,14.67384],[76.76091,14.596281],[76.776283,14.59033],[76.799728,14.527732],[76.827583,14.523059],[76.854218,14.49888],[76.870201,14.46844],[76.906517,14.484161],[76.973396,14.478281],[76.964371,14.451741],[76.943787,14.445102],[76.941566,14.399542],[76.913101,14.413552],[76.883141,14.390291],[76.879097,14.34639],[76.898972,14.319241],[76.94294,14.305379],[76.950111,14.294029],[76.943756,14.281681],[76.924858,14.272181],[76.943466,14.23631],[77.00412,14.231569],[77.049629,14.239542],[77.07534,14.20935],[77.10508,14.213282],[77.115517,14.25682],[77.106926,14.261761],[77.111923,14.287531],[77.125771,14.301532],[77.13192,14.330591],[77.152153,14.337741],[77.196358,14.3143],[77.231956,14.31107],[77.281143,14.331111],[77.279587,14.27609],[77.359261,14.26933],[77.355408,14.23004],[77.381622,14.21018],[77.383789,14.191821],[77.414879,14.203221],[77.415703,14.211962],[77.401016,14.26041],[77.384338,14.265611],[77.375008,14.295189],[77.385658,14.32487],[77.39489,14.32916],[77.425873,14.320811],[77.427528,14.30485],[77.442337,14.309751],[77.443626,14.277551],[77.454697,14.27219],[77.479347,14.284771],[77.499367,14.26051],[77.490082,14.227631],[77.510353,14.17202],[77.500443,14.150961],[77.463333,14.16423],[77.409721,14.16972],[77.389717,14.16526],[77.376686,14.129601],[77.347733,14.124341],[77.344536,14.096011],[77.38974,14.11857],[77.395447,14.103441],[77.358559,14.058929],[77.337967,14.053831],[77.326187,14.02294],[77.383362,14.007359],[77.375656,13.969111],[77.420502,13.976871],[77.430641,13.96878],[77.428703,13.943341],[77.407707,13.9361],[77.410156,13.914601],[77.427406,13.90922],[77.425629,13.902052],[77.397057,13.880541],[77.391861,13.87989],[77.390419,13.89769],[77.348343,13.896541],[77.342613,13.912242],[77.36261,13.942301],[77.343742,13.950892],[77.353783,13.982321],[77.33033,13.990359],[77.313492,14.02482],[77.303558,14.02673],[77.278511,14.006901],[77.272606,14.00802],[77.271507,14.028102],[77.242569,14.006311],[77.171387,14.008599],[77.147339,13.991622],[77.134346,13.998131],[77.121101,14.04218],[77.076492,14.03805],[77.069031,14.04719],[77.023697,14.053259],[77.023987,14.083371],[77.008316,14.098131],[77.020271,14.122321],[77.013802,14.127401],[77.019829,14.172702],[76.958496,14.175509],[76.941643,14.189312],[76.936981,14.165892],[76.917183,14.157671],[76.891426,14.158999],[76.883682,14.131032],[76.912506,14.122109],[76.926979,14.12721],[76.942917,14.111901],[76.946297,14.08526],[76.968086,14.07974],[76.975006,14.06527],[76.971527,14.052391],[76.937973,14.0476],[76.931099,14.022732],[76.994377,13.981491],[76.988998,13.956692],[77.035843,13.925591],[77.041283,13.8974],[77.017281,13.893371],[77.005989,13.85009],[76.986259,13.83923],[76.968391,13.81439],[76.983719,13.80419],[76.981232,13.7858],[76.993927,13.74151],[77.011421,13.732721],[77.019867,13.76986],[77.026367,13.771441],[77.060043,13.738861],[77.080589,13.737391],[77.08036,13.753423],[77.095268,13.76088],[77.12352,13.750891],[77.16658,13.754669],[77.171341,13.77205],[77.154099,13.800562],[77.162247,13.820741],[77.123886,13.84939],[77.139389,13.85904],[77.162491,13.85698],[77.155937,13.899812],[77.177032,13.9174],[77.178802,13.85984],[77.196892,13.85953],[77.204941,13.881161],[77.21151,13.861419],[77.225479,13.89547],[77.233841,13.894932],[77.241562,13.888851],[77.240738,13.865882],[77.253036,13.856121],[77.250443,13.839471],[77.282928,13.84098],[77.306931,13.85724],[77.320007,13.825751],[77.359467,13.845671],[77.372856,13.831289],[77.42453,13.83513],[77.408661,13.799252],[77.419258,13.79971],[77.416893,13.79094],[77.428658,13.78799],[77.440567,13.802292],[77.457451,13.79705],[77.45079,13.785531],[77.462616,13.743579],[77.456848,13.71264],[77.444817,13.695761],[77.449753,13.675791],[77.476486,13.6776],[77.485138,13.68669],[77.479721,13.703211],[77.487343,13.706792],[77.502769,13.70441],[77.512329,13.68568],[77.521523,13.68787],[77.527542,13.71903],[77.515121,13.73704],[77.519669,13.74385],[77.539513,13.74372],[77.556076,13.71646],[77.595596,13.743579],[77.621246,13.727402],[77.636749,13.735242],[77.612648,13.74687],[77.610466,13.75544],[77.649086,13.77584],[77.670227,13.777499],[77.663712,13.75226],[77.695526,13.761432],[77.702187,13.730991],[77.708748,13.732739],[77.71286,13.79052],[77.728416,13.80174],[77.778488,13.812892],[77.776039,13.835911],[77.80278,13.84067],[77.827721,13.86062],[77.819206,13.866021],[77.827248,13.8716],[77.825043,13.879901],[77.806358,13.908641],[77.818291,13.934881],[77.830116,13.927152],[77.886986,13.931182],[77.889687,13.911351],[77.911606,13.897241],[77.95076,13.92792],[77.961273,13.949971],[77.978577,13.947651],[77.978027,13.89335],[77.942467,13.880231],[77.94458,13.819971],[77.965782,13.82016],[77.985161,13.86167],[78.037827,13.85285],[78.041153,13.886729],[78.070923,13.87196],[78.074913,13.854919],[78.106041,13.853541],[78.113533,13.840891],[78.117256,13.821772],[78.107658,13.8036],[78.118233,13.7769],[78.084923,13.733492],[78.109383,13.710231],[78.105377,13.684401],[78.085152,13.680632],[78.064056,13.68818],[78.058342,13.66697],[78.079987,13.65039],[78.080727,13.635341],[78.090607,13.633],[78.107361,13.647092],[78.155762,13.64871],[78.160538,13.62343],[78.193939,13.616159],[78.193741,13.594902],[78.179466,13.578941],[78.183273,13.55638],[78.195839,13.560681],[78.208496,13.581881],[78.22261,13.57709],[78.227692,13.587221],[78.24968,13.574301],[78.312477,13.583502],[78.390762,13.5781],[78.397758,13.566192],[78.367287,13.495172],[78.362556,13.452071],[78.371277,13.391001],[78.355156,13.355071],[78.356407,13.34672],[78.374771,13.34641],[78.397377,13.332332],[78.38839,13.318452],[78.371292,13.332409],[78.366997,13.32004],[78.391251,13.30371],[78.424469,13.319101],[78.435982,13.29835],[78.471748,13.30792],[78.472557,13.291132],[78.50116,13.277211],[78.520798,13.255591],[78.528763,13.275862],[78.550606,13.27603],[78.555656,13.29943],[78.577469,13.26205],[78.558876,13.227131],[78.557198,13.212021],[78.56868,13.204263],[78.540947,13.187251],[78.542473,13.18017],[78.563339,13.177401],[78.569077,13.156483],[78.53878,13.151571],[78.535446,13.13074],[78.508751,13.11959],[78.511139,13.10633],[78.527962,13.09736],[78.501923,13.081661],[78.504578,13.052762],[78.451576,13.031532],[78.457901,12.963242],[78.422653,12.9686],[78.427353,12.950531],[78.419777,12.946682],[78.421356,12.92353],[78.456131,12.892753],[78.454239,12.853162],[78.438492,12.879741],[78.435829,12.90067],[78.426407,12.902061],[78.417343,12.889031],[78.402916,12.891321],[78.388397,12.90552],[78.378342,12.895191],[78.345428,12.928061],[78.327187,12.889231],[78.313477,12.888621],[78.310936,12.873831],[78.327492,12.874041],[78.321587,12.86285],[78.304092,12.865761],[78.303101,12.8472],[78.262627,12.85659],[78.241096,12.847421],[78.240219,12.803142],[78.22065,12.75259],[78.120667,12.770012],[78.114487,12.787071],[78.086479,12.80334],[78.076126,12.820511],[78.065948,12.818931],[78.064568,12.83017],[78.051399,12.83231],[78.04673,12.84237],[78.014923,12.845921],[78.016777,12.833529],[78.009079,12.8337],[78.007126,12.820041],[77.993301,12.813671],[78.0056,12.803269],[78.00148,12.79544],[77.9814,12.795641],[77.981346,12.810421],[77.971298,12.82264],[77.957466,12.82153],[77.958,12.836342],[77.946846,12.838081],[77.945557,12.849331],[77.933456,12.844781],[77.939903,12.829349],[77.932976,12.812921],[77.910477,12.819711],[77.915337,12.844271],[77.934448,12.85604],[77.919678,12.8635],[77.928719,12.871431],[77.924286,12.87784],[77.887459,12.866921],[77.882263,12.858399],[77.8256,12.85899],[77.813629,12.844011],[77.784882,12.83381],[77.788033,12.823642],[77.801018,12.820809],[77.800667,12.80563],[77.791367,12.79632],[77.799492,12.786859],[77.771629,12.759831],[77.782921,12.738822],[77.753067,12.725099],[77.751663,12.718401],[77.763039,12.71446],[77.750237,12.687161],[77.733559,12.69148],[77.727257,12.682872],[77.731407,12.66398],[77.715317,12.663011],[77.703819,12.673741],[77.695473,12.651239],[77.67836,12.64902],[77.667809,12.65064],[77.670303,12.671239],[77.654289,12.67417],[77.59034,12.657541],[77.587967,12.64269],[77.597816,12.62102],[77.582123,12.605089],[77.570053,12.557932],[77.578506,12.507011],[77.606369,12.499791],[77.575363,12.46838],[77.596649,12.46461],[77.617287,12.48551],[77.625206,12.477262],[77.620087,12.40848],[77.603828,12.353751],[77.568596,12.32419],[77.542709,12.283711],[77.523521,12.281001],[77.518341,12.26953],[77.502083,12.2663],[77.490631,12.27306],[77.470177,12.26187],[77.462952,12.235771],[77.473663,12.224941],[77.465668,12.202261],[77.482483,12.19012],[77.511307,12.183971],[77.538521,12.194489],[77.555832,12.187112],[77.604118,12.195162],[77.726357,12.16732],[77.739067,12.14786],[77.74025,12.12929],[77.768448,12.105592],[77.746101,12.069321],[77.715622,12.048502],[77.689453,12.00995],[77.663712,11.95296],[77.664711,11.9397],[77.643417,11.944172],[77.591362,11.926331],[77.547997,11.93075],[77.523651,11.921481],[77.484398,11.9324],[77.476906,11.876012],[77.452797,11.888531],[77.456299,11.839122],[77.41925,11.750671],[77.412468,11.762281],[77.359489,11.778791],[77.345657,11.76407],[77.326118,11.75894],[77.284813,11.798362],[77.278297,11.78974],[77.241737,11.80246],[77.237076,11.788192],[77.227051,11.78375],[77.137238,11.771972],[77.12738,11.760932],[77.102829,11.76312],[77.109299,11.712801],[77.096268,11.723121],[77.071632,11.72501],[77.05011,11.75775],[77.061852,11.772061],[77.056541,11.77712],[77.04126,11.77759],[77.027573,11.7617],[77.022339,11.764701],[77.031677,11.783951],[77.004433,11.80302],[76.972771,11.801069],[76.974838,11.791021],[76.959602,11.7652],[76.944443,11.781341],[76.899689,11.783272],[76.88797,11.7659],[76.880867,11.724591],[76.853561,11.698782],[76.828476,11.64411],[76.829697,11.629341],[76.850906,11.60183],[76.83728,11.57448],[76.833496,11.587031],[76.816513,11.59721],[76.746269,11.610541],[76.607872,11.600442],[76.560066,11.610121],[76.553627,11.61292],[76.540421,11.670509],[76.504211,11.698041],[76.485321,11.682349],[76.473778,11.68422],[76.451363,11.65512],[76.41021,11.66457],[76.402939,11.699482],[76.396408,11.701079],[76.418892,11.717081],[76.41198,11.734291],[76.405586,11.733361],[76.407677,11.753331],[76.372337,11.736201],[76.356049,11.739911],[76.334976,11.73063],[76.310501,11.743861],[76.299957,11.776152],[76.283653,11.784869],[76.272011,11.80354],[76.244392,11.79531],[76.218529,11.800039],[76.205513,11.819581],[76.20089,11.85413],[76.184036,11.863762],[76.149422,11.861011],[76.116531,11.84304],[76.108063,11.851181],[76.10791,11.970639],[76.072807,11.961281],[76.029587,11.932781],[76.003967,11.931921],[75.998192,11.923621],[75.865898,11.94563],[75.844437,11.97027],[75.826973,11.977971],[75.82663,12.005791],[75.799957,12.030291],[75.793259,12.04751],[75.799683,12.071181],[75.751907,12.07741],[75.717056,12.06209],[75.717148,12.078431],[75.700661,12.08353],[75.701599,12.100331],[75.684196,12.102241],[75.678307,12.093061],[75.66243,12.091181],[75.648079,12.10558],[75.635086,12.142391],[75.617088,12.148932],[75.591446,12.143049],[75.576843,12.15075],[75.548752,12.18839],[75.533737,12.196092],[75.537933,12.211052],[75.52533,12.21963],[75.511108,12.253321],[75.492523,12.26682],[75.482727,12.286181],[75.467209,12.29538],[75.458366,12.288552],[75.419128,12.2864],[75.430397,12.299521],[75.410057,12.341341],[75.421387,12.36673],[75.381172,12.38479],[75.365601,12.407041],[75.366623,12.45166],[75.39193,12.445089],[75.422508,12.460061],[75.41449,12.496712],[75.404236,12.489601],[75.397316,12.49781],[75.383072,12.49266],[75.370003,12.48347],[75.372063,12.468781],[75.340866,12.45605],[75.334846,12.490241],[75.304947,12.496753],[75.304657,12.51729],[75.281143,12.51814],[75.272408,12.539881],[75.276833,12.56409],[75.286766,12.56499],[75.291397,12.574882],[75.316193,12.568662],[75.328461,12.577111],[75.327858,12.585181],[75.30825,12.58787],[75.301491,12.599061],[75.291138,12.59662],[75.276726,12.61166],[75.236298,12.56184],[75.2229,12.56264],[75.210846,12.58398],[75.203407,12.58057],[75.209541,12.597272],[75.198708,12.60616],[75.201431,12.625111],[75.182579,12.627441],[75.159172,12.61705],[75.142967,12.63331],[75.161293,12.664071],[75.150642,12.676342],[75.131889,12.67084],[75.112671,12.675911],[75.104416,12.691551],[75.086098,12.697782],[75.083092,12.666409],[75.070267,12.65802],[75.047806,12.660089],[75.044678,12.687441],[75.056793,12.686721],[75.049667,12.7147],[75.038116,12.71859],[75.00708,12.709209],[75.003067,12.713692],[75.012169,12.722841],[74.99305,12.73314],[74.984779,12.729881],[75.008606,12.760431],[75.00528,12.785492],[74.992287,12.79046],[74.981926,12.77524],[74.954201,12.779281],[74.885597,12.748771],[74.867081,12.754452],[74.820969,12.852362],[74.806808,12.919307],[74.820969,12.929312],[74.802361,12.93125],[74.774582,13.077638],[74.780418,13.061527],[74.784241,13.059032],[74.779587,13.096811],[74.789581,13.09875],[74.778473,13.099311],[74.773483,13.08319],[74.720695,13.284028],[74.714027,13.321531],[74.690407,13.34847],[74.713196,13.330693],[74.721802,13.28403],[74.725136,13.278196],[74.729027,13.277081],[74.735977,13.289591],[74.723747,13.290138],[74.71125,13.341811],[74.695137,13.347641],[74.694313,13.454031],[74.670692,13.63375],[74.644585,13.684862],[74.606796,13.866529],[74.614586,13.85125],[74.626526,13.847916],[74.633186,13.84903],[74.615417,13.85208],[74.617638,13.859583],[74.601807,13.87264],[74.570137,13.946529],[74.548752,13.948471],[74.538483,13.965421],[74.531517,13.96486],[74.51458,13.98625],[74.501526,14.022641],[74.517914,14.027083],[74.504028,14.041811],[74.500969,14.027081],[74.492638,14.078473],[74.487923,14.09264],[74.480423,14.093201],[74.487923,14.11042],[74.47097,14.183473],[74.441803,14.22375],[74.413475,14.315695],[74.396248,14.409584],[74.381805,14.42125],[74.372917,14.469862],[74.35376,14.502921],[74.369308,14.52764],[74.379593,14.524582],[74.373192,14.537083],[74.384308,14.52375],[74.393471,14.529311],[74.384033,14.53069],[74.38736,14.54681],[74.383186,14.551811],[74.364586,14.553762],[74.376251,14.563751],[74.375969,14.57375],[74.356529,14.562641],[74.36042,14.55014],[74.354309,14.542915],[74.337364,14.568749],[74.355972,14.522079],[74.341248,14.513751],[74.309593,14.520691],[74.313751,14.544584],[74.290695,14.595971],[74.294586,14.60153],[74.269577,14.62681],[74.284027,14.630972],[74.277916,14.657918],[74.282913,14.663472],[74.275414,14.660416],[74.281807,14.67792],[74.269302,14.702361],[74.256813,14.705971],[74.267357,14.713201],[74.24958,14.739584],[74.232643,14.747921],[74.228203,14.737082],[74.207077,14.73764],[74.204865,14.717916],[74.19236,14.725693],[74.193466,14.73514],[74.181252,14.748473],[74.163475,14.753195],[74.166809,14.76653],[74.153198,14.74597],[74.157364,14.760693],[74.142921,14.777921],[74.119041,14.774861],[74.119026,14.785974],[74.110138,14.784583],[74.109024,14.793194],[74.092636,14.80319],[74.113197,14.807641],[74.111809,14.796806],[74.120972,14.802083],[74.12458,14.837361],[74.130417,14.839862],[74.130981,14.84625],[74.114586,14.853194],[74.12458,14.845138],[74.112076,14.846811],[74.099297,14.880421],[74.097359,14.895659],[74.104172,14.90375],[74.139397,14.920461],[74.175392,14.908919],[74.1661,14.939442],[74.180367,14.95305],[74.204163,14.937851],[74.203087,14.927421],[74.211838,14.92142],[74.224716,14.94134],[74.241676,14.94645],[74.243866,14.95749],[74.26207,14.957552],[74.270119,14.966641],[74.273911,14.975222],[74.261711,14.990761],[74.302338,15.03986],[74.278343,15.0959],[74.293091,15.119963],[74.289566,15.14313],[74.30143,15.149881],[74.321907,15.18407],[74.306686,15.223201],[74.263519,15.241881],[74.257523,15.257629],[74.267937,15.258391],[74.282959,15.2813],[74.334129,15.282862],[74.341652,15.292931],[74.323341,15.329591],[74.328369,15.367251],[74.282639,15.38862],[74.27562,15.423901],[74.282516,15.443121],[74.256332,15.48952],[74.287277,15.526],[74.26989,15.561151],[74.254311,15.56583],[74.268547,15.609589],[74.262497,15.622911],[74.252533,15.62382],[74.255257,15.65421],[74.245041,15.665631],[74.231583,15.66652],[74.224052,15.658871],[74.228798,15.652961],[74.213249,15.64903],[74.21154,15.660979],[74.196327,15.664911],[74.197693,15.67893],[74.190132,15.680981],[74.175438,15.67016],[74.173431,15.652052],[74.163231,15.64859],[74.12603,15.65029],[74.096527,15.67085],[74.133598,15.678401],[74.141533,15.700361],[74.130623,15.717921],[74.160133,15.734349],[74.167671,15.74925],[74.204399,15.753401],[74.227348,15.785671],[74.23893,15.78454],[74.235237,15.75397],[74.250069,15.74118],[74.27401,15.75312],[74.292168,15.739311],[74.324081,15.75653],[74.32975,15.77038],[74.350937,15.76336],[74.364853,15.773651],[74.375801,15.801201],[74.366371,15.815491],[74.389313,15.84414],[74.344536,15.852051],[74.367027,15.871091],[74.374123,15.89161],[74.393433,15.85177],[74.411583,15.852591],[74.391869,15.901159],[74.435226,15.95117],[74.470276,16.040541],[74.440483,16.05702],[74.390053,16.03513],[74.378586,16.036621],[74.381737,16.05357],[74.368156,16.052959],[74.380997,16.07826],[74.397247,16.078388],[74.397316,16.08713],[74.415207,16.09182],[74.434593,16.11062],[74.464546,16.102112],[74.481857,16.086969],[74.496407,16.10158],[74.485809,16.14699],[74.494667,16.155041],[74.497818,16.181339],[74.512878,16.188263],[74.503113,16.231041],[74.484123,16.246731],[74.473183,16.23852],[74.461227,16.24843],[74.422531,16.25745],[74.421227,16.28059],[74.391266,16.2756],[74.390381,16.290241],[74.380066,16.293501],[74.362572,16.28714],[74.353287,16.29184],[74.359863,16.27961],[74.337051,16.26572],[74.330658,16.27294],[74.331787,16.28618],[74.348717,16.29147],[74.340591,16.311621],[74.332108,16.31076],[74.337273,16.323393],[74.323021,16.325123],[74.329117,16.33259],[74.323456,16.339891],[74.334396,16.340523],[74.323708,16.353611],[74.332237,16.356951],[74.325462,16.37925],[74.33255,16.37557],[74.335007,16.38872],[74.343063,16.390671],[74.351898,16.366301],[74.361656,16.36475],[74.359612,16.37882],[74.36911,16.394329],[74.364571,16.403238],[74.342651,16.400492],[74.338867,16.452162],[74.296318,16.459011],[74.299896,16.50263],[74.288948,16.50378],[74.282539,16.482571],[74.268776,16.47603],[74.253159,16.494881],[74.285759,16.50337],[74.271973,16.53343],[74.276367,16.544533],[74.288223,16.539471],[74.289619,16.52257],[74.294479,16.531542],[74.306923,16.529171],[74.314117,16.502098],[74.323906,16.506298],[74.322227,16.5445],[74.329407,16.553471],[74.346123,16.54645],[74.365616,16.55707],[74.362587,16.53874],[74.389923,16.527901],[74.403481,16.578671],[74.428833,16.582729],[74.440819,16.598692],[74.472458,16.604811],[74.462837,16.644489],[74.477386,16.66078],[74.498009,16.62664],[74.551437,16.633211],[74.54985,16.59218],[74.565559,16.59038],[74.569817,16.581221],[74.559669,16.55975],[74.574051,16.55197],[74.616997,16.56797],[74.62394,16.581921],[74.636368,16.575741],[74.642807,16.606771],[74.690376,16.60446],[74.694313,16.615191],[74.660507,16.637581],[74.671738,16.66353],[74.696106,16.67498],[74.687279,16.67901],[74.69561,16.685831],[74.698196,16.7152],[74.736618,16.715839],[74.779007,16.74859],[74.800407,16.745651],[74.850342,16.760321],[74.854973,16.770769],[74.92382,16.769951],[74.915863,16.785681],[74.911957,16.85594],[74.939667,16.87652],[74.964096,16.87788],[74.967262,16.90538],[74.952843,16.906481],[74.927032,16.925623],[74.938393,16.94099],[74.954536,16.93],[74.969498,16.935911],[74.985817,16.92902],[75.0037,16.945827],[75.030296,16.94153],[75.031906,16.925671],[75.048149,16.938711],[75.090416,16.94865],[75.097969,16.91387],[75.118759,16.909971],[75.138397,16.892921],[75.141129,16.873541],[75.171753,16.864798],[75.189659,16.873501],[75.183197,16.842041],[75.215858,16.84034],[75.230011,16.840919],[75.243446,16.864491],[75.268303,16.860861],[75.282776,16.874241],[75.291779,16.901138],[75.285576,16.909431],[75.288437,16.954773],[75.345329,16.95252],[75.39476,16.976393],[75.431023,16.963461],[75.443802,16.97949],[75.467911,16.985331],[75.489693,16.965389],[75.492493,16.9429],[75.510651,16.947309],[75.532867,16.966652],[75.570343,16.963621],[75.569916,17.00617],[75.575798,17.007799],[75.60952,17.003111],[75.610657,16.96962],[75.636337,16.965811],[75.645027,16.951033],[75.674606,16.96027],[75.668831,16.97776],[75.672241,17.03573],[75.653999,17.03064],[75.643753,17.0364],[75.662689,17.061783],[75.678406,17.06286],[75.67849,17.094172],[75.674103,17.11355],[75.653633,17.113131],[75.652733,17.13273],[75.628021,17.17012],[75.630699,17.186161],[75.642647,17.18816],[75.662117,17.20833],[75.659889,17.26144],[75.657478,17.270571],[75.632317,17.272221],[75.624687,17.2938],[75.605957,17.303261],[75.616043,17.32876],[75.613106,17.342291],[75.584831,17.349779],[75.578537,17.382931],[75.615807,17.391859],[75.610138,17.41954],[75.63559,17.47751],[75.677559,17.457972],[75.691193,17.412611],[75.715179,17.408932],[75.737038,17.4219],[75.769768,17.406841],[75.782318,17.378813],[75.802338,17.370102],[75.815056,17.37385],[75.824722,17.42285],[75.856003,17.407682],[75.861969,17.385851],[75.878906,17.40033],[75.878448,17.41654],[75.887238,17.41733],[75.896431,17.394979],[75.893661,17.353621],[75.931152,17.32411],[76.000267,17.337749],[76.015457,17.350611],[76.054527,17.3543],[76.078743,17.33007],[76.095963,17.357813],[76.121208,17.366341],[76.163147,17.34091],[76.163803,17.300331],[76.175758,17.297211],[76.18383,17.311043],[76.172333,17.34873],[76.228996,17.36323],[76.244362,17.37468],[76.25,17.357901],[76.27018,17.356531],[76.275879,17.33053],[76.317207,17.329441],[76.313011,17.343271],[76.343613,17.349932],[76.352272,17.310591],[76.381706,17.31181],[76.39299,17.336281],[76.410637,17.347691],[76.408066,17.369289],[76.362,17.37508],[76.373177,17.43442],[76.333656,17.432293],[76.330803,17.468819],[76.350006,17.47213],[76.375038,17.493521],[76.343483,17.49435],[76.346336,17.51148],[76.366127,17.522173],[76.360901,17.536261],[76.340027,17.54257],[76.331673,17.59487],[76.415672,17.6042],[76.428726,17.644411],[76.442757,17.64187],[76.440849,17.64937],[76.452301,17.655548],[76.489296,17.660669],[76.486366,17.71352],[76.523636,17.715231],[76.523697,17.75889],[76.573303,17.76],[76.56459,17.75366],[76.573227,17.702169],[76.593246,17.71756],[76.614449,17.768312],[76.626953,17.75596],[76.630653,17.729],[76.655212,17.7164],[76.663139,17.68786],[76.690552,17.679953],[76.690872,17.701941],[76.703453,17.71862],[76.698151,17.72604],[76.727608,17.737],[76.717972,17.747869],[76.715706,17.781919],[76.739433,17.779131],[76.762756,17.787109],[76.78817,17.826471],[76.765739,17.8508],[76.737457,17.857059],[76.740677,17.89801],[76.765953,17.89843],[76.774567,17.876961],[76.802803,17.86832],[76.808228,17.883091],[76.833076,17.88275],[76.831757,17.890673],[76.853836,17.897839],[76.88118,17.893051],[76.900208,17.914688],[76.916443,17.915091],[76.917717,18.03323],[76.954643,18.03968],[76.947029,18.073761],[76.968277,18.097111],[76.953392,18.110111],[76.922562,18.11611],[76.931763,18.13658],[76.925369,18.144819],[76.933357,18.157909],[76.943756,18.154739],[76.954109,18.184891],[76.987892,18.188478],[76.997757,18.166849],[77.023987,18.16268],[77.021713,18.178221],[77.032837,18.183781],[77.049446,18.173208],[77.057671,18.152363],[77.086182,18.15027],[77.096619,18.158131],[77.108887,18.152691],[77.116333,18.167608],[77.095543,18.195101],[77.149986,18.21656],[77.147766,18.23765],[77.16568,18.25592],[77.170532,18.28087],[77.206177,18.27796],[77.195412,18.31271],[77.20015,18.31917],[77.209976,18.313742],[77.230812,18.36558],[77.245033,18.370588],[77.232872,18.386127],[77.240227,18.408648],[77.258362,18.410419],[77.313271,18.439381],[77.317413,18.453791],[77.325577,18.45512]]]]}},{"type":"Feature","properties":{"name":"Kerala","code":""},"geometry":{"type":"MultiPolygon","coordinates":[[[[76.467361,9.540971],[76.479027,9.537083],[76.479309,9.530139],[76.465973,9.529861],[76.467361,9.540971]]],[[[76.404297,9.54153],[76.404861,9.527638],[76.382919,9.527638],[76.382362,9.534031],[76.404297,9.54153]]],[[[76.434586,9.551528],[76.434029,9.528473],[76.40625,9.527638],[76.405693,9.542362],[76.434586,9.551528]]],[[[76.436806,9.551528],[76.464577,9.54153],[76.464302,9.529861],[76.435417,9.528473],[76.436806,9.551528]]],[[[76.414307,9.563195],[76.425697,9.54986],[76.382919,9.534861],[76.38208,9.543196],[76.414307,9.563195]]],[[[76.381813,9.617931],[76.387917,9.619032],[76.384583,9.613473],[76.381813,9.617931]]],[[[76.381531,9.71486],[76.380966,9.716811],[76.381813,9.717092],[76.381531,9.71486]]],[[[76.370132,9.75653],[76.373192,9.752361],[76.372917,9.751251],[76.370132,9.75653]]],[[[76.324028,9.825695],[76.329033,9.81764],[76.325417,9.80735],[76.322914,9.809027],[76.324028,9.825695]]],[[[76.371803,9.82319],[76.373474,9.824861],[76.373192,9.821528],[76.371803,9.82319]]],[[[76.366806,9.82569],[76.369858,9.826251],[76.370132,9.824031],[76.366806,9.82569]]],[[[76.377083,9.83903],[76.379303,9.837081],[76.376251,9.836806],[76.377083,9.83903]]],[[[76.373466,9.84125],[76.375137,9.83764],[76.372643,9.840418],[76.373466,9.84125]]],[[[76.287918,9.846811],[76.290413,9.84625],[76.288193,9.84403],[76.287918,9.846811]]],[[[76.349586,9.874582],[76.366249,9.855421],[76.371803,9.830973],[76.34903,9.838472],[76.349586,9.874582]]],[[[76.308472,9.92153],[76.311249,9.90819],[76.317093,9.902921],[76.315414,9.896528],[76.31736,9.886532],[76.304306,9.902921],[76.308472,9.92153]]],[[[76.260696,9.970696],[76.274864,9.966251],[76.294029,9.92569],[76.267357,9.939312],[76.260696,9.970696]]],[[[76.268753,9.972642],[76.270973,9.970969],[76.268753,9.972081],[76.268753,9.972642]]],[[[76.243187,9.980421],[76.244308,9.978472],[76.243195,9.978194],[76.243187,9.980421]]],[[[76.266808,10.00153],[76.269859,10.00042],[76.269028,9.996805],[76.266808,10.00153]]],[[[76.241806,10.014311],[76.258751,9.990141],[76.259857,9.98097],[76.24958,9.975981],[76.241806,10.014311]]],[[[76.25042,10.014311],[76.253746,10.01236],[76.251808,10.01236],[76.25042,10.014311]]],[[[76.259583,10.02931],[76.259308,10.02514],[76.258194,10.02514],[76.259583,10.02931]]],[[[76.265976,10.030694],[76.267082,10.02292],[76.262642,10.018473],[76.257919,10.023749],[76.265976,10.030694]]],[[[76.239861,10.10237],[76.246529,10.096809],[76.248192,10.09069],[76.243469,10.097361],[76.240417,10.091811],[76.239861,10.10237]]],[[[76.05014,10.535142],[76.051529,10.533752],[76.049309,10.533752],[76.05014,10.535142]]],[[[76.049576,10.53903],[76.051247,10.536528],[76.049309,10.535974],[76.049576,10.53903]]],[[[75.838196,11.134311],[75.83625,11.128191],[75.831528,11.126527],[75.830139,11.129862],[75.838196,11.134311]]],[[[75.81041,11.16153],[75.811249,11.159584],[75.810143,11.15931],[75.81041,11.16153]]],[[[75.366806,11.943472],[75.365967,11.940692],[75.363747,11.93792],[75.366806,11.943472]]],[[[75.364853,11.93875],[75.36792,11.939582],[75.364304,11.935972],[75.364853,11.93875]]],[[[75.300423,11.96153],[75.302361,11.961249],[75.302361,11.959581],[75.300423,11.96153]]],[[[75.295143,11.96764],[75.298187,11.96681],[75.29847,11.965138],[75.295143,11.96764]]],[[[75.285416,11.987083],[75.288193,11.98542],[75.288483,11.982641],[75.296249,11.969311],[75.285416,11.987083]]],[[[75.29792,12.017362],[75.295135,12.012917],[75.287918,12.014312],[75.292358,12.013752],[75.29792,12.017362]]],[[[75.295418,12.023472],[75.299858,12.02236],[75.295967,12.02153],[75.295418,12.023472]]],[[[75.157639,12.109311],[75.164856,12.10153],[75.181808,12.04986],[75.164307,12.089312],[75.157639,12.109311]]],[[[75.160431,12.111811],[75.170692,12.110141],[75.168747,12.095969],[75.160431,12.111811]]],[[[75.192093,12.115419],[75.19458,12.114031],[75.191803,12.113751],[75.192093,12.115419]]],[[[75.149582,12.139583],[75.162086,12.134042],[75.15847,12.120971],[75.149582,12.139583]]],[[[75.134308,12.18236],[75.151802,12.159582],[75.150139,12.146805],[75.134308,12.18236]]],[[[75.13208,12.18875],[75.134308,12.189311],[75.134026,12.18736],[75.13208,12.18875]]],[[[75.129303,12.196531],[75.131531,12.19569],[75.129303,12.19458],[75.129303,12.196531]]],[[[75.126526,12.205142],[75.127357,12.194861],[75.157372,12.110161],[75.123466,12.191811],[75.126526,12.205142]]],[[[74.989456,12.790811],[75.00528,12.785492],[75.008606,12.760431],[74.984779,12.729881],[74.99305,12.73314],[75.012169,12.722841],[75.003067,12.713692],[75.00708,12.709209],[75.038116,12.71859],[75.049667,12.7147],[75.056793,12.686721],[75.044678,12.687441],[75.047806,12.660089],[75.070267,12.65802],[75.083092,12.666409],[75.086098,12.697782],[75.104416,12.691551],[75.112671,12.675911],[75.131889,12.67084],[75.150642,12.676342],[75.161293,12.664071],[75.142967,12.63331],[75.159172,12.61705],[75.182579,12.627441],[75.201431,12.625111],[75.198708,12.60616],[75.209541,12.597272],[75.203407,12.58057],[75.210846,12.58398],[75.2229,12.56264],[75.236298,12.56184],[75.276726,12.61166],[75.291138,12.59662],[75.301491,12.599061],[75.30825,12.58787],[75.327858,12.585181],[75.328461,12.577111],[75.316193,12.568662],[75.291397,12.574882],[75.27092,12.55354],[75.281143,12.51814],[75.304657,12.51729],[75.304947,12.496753],[75.334846,12.490241],[75.336761,12.457782],[75.355637,12.458021],[75.372063,12.468781],[75.370003,12.48347],[75.383072,12.49266],[75.397316,12.49781],[75.404236,12.489601],[75.41449,12.496712],[75.422508,12.460061],[75.39193,12.445089],[75.366623,12.45166],[75.365601,12.407041],[75.381172,12.38479],[75.421387,12.36673],[75.410057,12.341341],[75.430397,12.299521],[75.419128,12.2864],[75.458366,12.288552],[75.467209,12.29538],[75.482727,12.286181],[75.492523,12.26682],[75.511108,12.253321],[75.52533,12.21963],[75.537933,12.211052],[75.533737,12.196092],[75.548752,12.18839],[75.576843,12.15075],[75.591446,12.143049],[75.617088,12.148932],[75.635086,12.142391],[75.658226,12.094301],[75.672737,12.09067],[75.684196,12.102241],[75.701599,12.100331],[75.700661,12.08353],[75.717148,12.078431],[75.717056,12.06209],[75.751907,12.07741],[75.795349,12.074231],[75.801697,12.067979],[75.793259,12.04751],[75.799957,12.030291],[75.82663,12.005791],[75.826973,11.977971],[75.876747,11.940712],[75.998192,11.923621],[76.003967,11.931921],[76.029587,11.932781],[76.072807,11.961281],[76.10791,11.970639],[76.108063,11.851181],[76.116531,11.84304],[76.149422,11.861011],[76.184036,11.863762],[76.20089,11.85413],[76.205513,11.819581],[76.218529,11.800039],[76.244392,11.79531],[76.272011,11.80354],[76.283653,11.784869],[76.299957,11.776152],[76.310501,11.743861],[76.334976,11.73063],[76.356049,11.739911],[76.372337,11.736201],[76.407677,11.753331],[76.405586,11.733361],[76.41198,11.734291],[76.418892,11.717081],[76.396408,11.701079],[76.402939,11.699482],[76.407402,11.669531],[76.423462,11.659321],[76.434219,11.633521],[76.424797,11.62329],[76.380066,11.622419],[76.370697,11.59347],[76.335587,11.578341],[76.328583,11.588551],[76.297897,11.564331],[76.290642,11.580561],[76.270973,11.592909],[76.225746,11.56444],[76.24247,11.52879],[76.2332,11.51868],[76.244759,11.494321],[76.240097,11.459641],[76.257927,11.473223],[76.266083,11.468692],[76.278061,11.474531],[76.28904,11.456318],[76.297966,11.45886],[76.320908,11.444699],[76.333687,11.458711],[76.390579,11.427961],[76.410393,11.433591],[76.408173,11.41482],[76.448387,11.381419],[76.510078,11.361151],[76.509491,11.346612],[76.5382,11.35159],[76.539787,11.320951],[76.528542,11.30345],[76.540169,11.292348],[76.52195,11.281201],[76.513527,11.26196],[76.446388,11.230461],[76.438026,11.19455],[76.452721,11.18021],[76.466537,11.18609],[76.465866,11.198742],[76.487648,11.20279],[76.506012,11.20198],[76.521233,11.19027],[76.593338,11.197491],[76.623039,11.185671],[76.66819,11.21068],[76.67939,11.22703],[76.696968,11.231331],[76.725578,11.208891],[76.717957,11.198311],[76.721153,11.184511],[76.689026,11.16509],[76.691177,11.14451],[76.696678,11.132681],[76.709831,11.1403],[76.722206,11.122512],[76.738716,11.12129],[76.734138,11.093361],[76.748039,11.075101],[76.734497,11.06389],[76.737099,11.04751],[76.751129,11.04676],[76.767181,11.03221],[76.78997,11.049682],[76.792473,11.042373],[76.781837,11.028951],[76.756973,11.024591],[76.70652,11.031351],[76.679787,10.999431],[76.677773,10.979701],[76.660446,10.96046],[76.649162,10.924152],[76.732689,10.88098],[76.772987,10.881641],[76.817558,10.861801],[76.845192,10.826502],[76.837128,10.815539],[76.840416,10.80766],[76.888298,10.799882],[76.897507,10.7708],[76.880402,10.72614],[76.883743,10.707351],[76.875046,10.70672],[76.855507,10.675272],[76.870163,10.6641],[76.87262,10.629432],[76.804993,10.626341],[76.808617,10.594481],[76.829727,10.585062],[76.824516,10.53764],[76.831436,10.524571],[76.807327,10.41492],[76.815033,10.40179],[76.821457,10.40341],[76.815666,10.386531],[76.839348,10.35971],[76.825691,10.334211],[76.819672,10.29524],[76.838547,10.277599],[76.864273,10.290041],[76.862297,10.267061],[76.884628,10.255079],[76.892319,10.232671],[76.905479,10.224751],[76.927773,10.229589],[76.970787,10.208651],[77.006668,10.23637],[77.038551,10.24816],[77.042503,10.261971],[77.033836,10.272171],[77.046097,10.27429],[77.05188,10.285481],[77.108322,10.307171],[77.162956,10.346281],[77.22216,10.340301],[77.214493,10.305801],[77.250549,10.253751],[77.246529,10.22061],[77.269966,10.224332],[77.280449,10.207252],[77.264412,10.17974],[77.259781,10.119081],[77.253273,10.111409],[77.225113,10.11845],[77.2033,10.103622],[77.194603,10.106249],[77.187798,10.092502],[77.195198,10.073542],[77.248093,10.02023],[77.240883,10.000131],[77.24984,9.972781],[77.261421,9.963721],[77.249916,9.942539],[77.234711,9.942831],[77.204437,9.89432],[77.206543,9.877762],[77.199112,9.865981],[77.223663,9.84901],[77.208923,9.814522],[77.227089,9.806311],[77.233986,9.78852],[77.209816,9.779941],[77.218597,9.76001],[77.206039,9.73749],[77.208229,9.72167],[77.189926,9.71551],[77.191689,9.686182],[77.165657,9.64823],[77.162247,9.619811],[77.151871,9.60602],[77.174568,9.597161],[77.195938,9.604192],[77.196579,9.5957],[77.222809,9.57279],[77.255013,9.564991],[77.304306,9.593041],[77.31485,9.588621],[77.310677,9.570361],[77.324783,9.5632],[77.340897,9.595051],[77.351326,9.58804],[77.343201,9.584811],[77.345253,9.56727],[77.335876,9.55683],[77.348808,9.5462],[77.350548,9.526292],[77.37072,9.508692],[77.386757,9.51674],[77.396233,9.496542],[77.385513,9.486192],[77.378586,9.45075],[77.363632,9.443301],[77.351608,9.449701],[77.334251,9.431051],[77.321678,9.40565],[77.327629,9.38981],[77.31134,9.327902],[77.284142,9.327471],[77.283501,9.30091],[77.266823,9.29088],[77.274117,9.26317],[77.267609,9.2624],[77.259499,9.224411],[77.266808,9.208819],[77.250267,9.19024],[77.239731,9.18995],[77.236618,9.179191],[77.24839,9.175781],[77.251778,9.143041],[77.230156,9.114812],[77.195862,9.088422],[77.182083,9.036501],[77.153763,9.03656],[77.132179,9.01185],[77.134247,8.99998],[77.143196,8.997881],[77.180168,8.94702],[77.180443,8.91575],[77.184769,8.91017],[77.193863,8.92191],[77.204742,8.917411],[77.206253,8.893182],[77.221451,8.88814],[77.227127,8.871819],[77.241501,8.864782],[77.247047,8.83188],[77.227356,8.80056],[77.217361,8.79703],[77.214676,8.775761],[77.19838,8.7695],[77.197807,8.757742],[77.183006,8.76111],[77.176521,8.735021],[77.155319,8.73756],[77.161728,8.715161],[77.187721,8.683761],[77.190338,8.654891],[77.228279,8.612901],[77.228409,8.597813],[77.265083,8.54256],[77.247543,8.50138],[77.222557,8.488321],[77.20639,8.504432],[77.186493,8.493371],[77.209518,8.437719],[77.188683,8.434741],[77.179779,8.409091],[77.153687,8.377441],[77.134819,8.37853],[77.143227,8.362271],[77.135773,8.34567],[77.147499,8.354581],[77.15461,8.351399],[77.151062,8.33094],[77.159653,8.312501],[77.149773,8.321942],[77.121948,8.322942],[77.100853,8.311651],[77.104652,8.3016],[77.090698,8.29747],[77.008751,8.357084],[76.995415,8.376251],[76.989586,8.372917],[76.975418,8.384581],[76.959862,8.421811],[76.699585,8.737638],[76.631805,8.836251],[76.593483,8.87375],[76.567917,8.880416],[76.582359,8.87264],[76.583473,8.871541],[76.582642,8.870142],[76.565407,8.87958],[76.546249,8.90236],[76.518753,9.018473],[76.463478,9.134029],[76.469307,9.136532],[76.472076,9.122921],[76.477081,9.133473],[76.483749,9.126805],[76.479858,9.16514],[76.490417,9.17014],[76.475693,9.16653],[76.477638,9.148472],[76.470703,9.14236],[76.442352,9.200421],[76.440407,9.230421],[76.431526,9.230416],[76.422638,9.245693],[76.439583,9.19014],[76.467918,9.14292],[76.46125,9.139584],[76.337914,9.415972],[76.302086,9.573192],[76.28653,9.749861],[76.237358,9.965422],[76.253197,9.969583],[76.265419,9.93458],[76.295418,9.91792],[76.296524,9.892916],[76.292084,9.908473],[76.272636,9.89986],[76.266525,9.912361],[76.265419,9.896806],[76.257362,9.9157],[76.269577,9.866252],[76.281517,9.874031],[76.275696,9.89403],[76.279587,9.887917],[76.282082,9.89875],[76.287636,9.898472],[76.297081,9.852917],[76.28347,9.850421],[76.284584,9.832639],[76.294029,9.83792],[76.291252,9.84986],[76.302917,9.84736],[76.295692,9.889862],[76.319313,9.876251],[76.316803,9.84486],[76.321808,9.807642],[76.335693,9.765972],[76.340416,9.76292],[76.347641,9.711806],[76.346527,9.750419],[76.330139,9.801809],[76.33625,9.80931],[76.318466,9.84375],[76.320686,9.87125],[76.337364,9.864862],[76.34903,9.827921],[76.370697,9.820143],[76.359581,9.798751],[76.372086,9.738472],[76.360695,9.700417],[76.371803,9.68514],[76.393196,9.678752],[76.39875,9.674305],[76.393196,9.67514],[76.367081,9.610973],[76.367638,9.583195],[76.359581,9.575694],[76.353195,9.539861],[76.357086,9.525416],[76.37458,9.52264],[76.383194,9.506527],[76.383194,9.525972],[76.434029,9.52736],[76.442352,9.511251],[76.442917,9.527641],[76.479027,9.528751],[76.480423,9.511251],[76.480698,9.529029],[76.502083,9.530973],[76.487083,9.542362],[76.466522,9.542359],[76.466522,9.559312],[76.46347,9.543472],[76.426529,9.555141],[76.41597,9.565971],[76.430138,9.611251],[76.417358,9.633201],[76.425423,9.641251],[76.419304,9.641805],[76.421249,9.65042],[76.417923,9.642361],[76.402641,9.647359],[76.404587,9.664583],[76.419029,9.658194],[76.40403,9.666531],[76.41375,9.69681],[76.382637,9.703469],[76.390976,9.742085],[76.36792,9.790972],[76.390419,9.816806],[76.381248,9.826812],[76.384026,9.827083],[76.394302,9.817916],[76.395142,9.818194],[76.382919,9.829029],[76.384583,9.844311],[76.371529,9.84236],[76.379585,9.853473],[76.377357,9.864862],[76.356247,9.907921],[76.344025,9.910417],[76.340141,9.919584],[76.323753,9.914305],[76.341248,9.902921],[76.343193,9.885141],[76.329308,9.902921],[76.335419,9.884027],[76.318748,9.888761],[76.321526,9.892362],[76.304031,9.934305],[76.311531,9.948472],[76.30014,9.936809],[76.304581,9.929031],[76.303474,9.925694],[76.269859,9.989305],[76.276527,9.998752],[76.267365,10.032084],[76.260139,10.034311],[76.257362,10.023193],[76.268196,9.982641],[76.24958,10.029862],[76.25708,10.039031],[76.26403,10.03347],[76.266251,10.03736],[76.255692,10.042639],[76.255142,10.047639],[76.254028,10.03932],[76.240417,10.070973],[76.251251,10.051805],[76.257362,10.054862],[76.251808,10.051261],[76.25708,10.045971],[76.26181,10.05736],[76.25708,10.067921],[76.267082,10.06708],[76.257362,10.084584],[76.265137,10.072641],[76.26458,10.07931],[76.259033,10.09125],[76.25264,10.08375],[76.252083,10.093195],[76.236809,10.114033],[76.230415,10.114028],[76.231247,10.121531],[76.227356,10.122641],[76.22847,10.124861],[76.225693,10.127083],[76.229027,10.11375],[76.235138,10.110972],[76.230972,10.109584],[76.242638,10.076252],[76.239304,10.075139],[76.233192,10.095141],[76.227081,10.10237],[76.229027,10.095695],[76.227081,10.09458],[76.215698,10.11264],[76.224297,10.103469],[76.221252,10.125695],[76.207359,10.135138],[76.212639,10.139313],[76.205696,10.147082],[76.202362,10.132081],[76.217636,10.08986],[76.211533,10.10431],[76.210419,10.09125],[76.219307,10.072919],[76.218193,10.084306],[76.221252,10.084306],[76.230141,10.059862],[76.225418,10.05403],[76.223198,10.067083],[76.219582,10.068473],[76.221252,10.053472],[76.238747,10.03042],[76.230415,10.016805],[76.237083,10.015973],[76.237358,9.996805],[76.239586,9.995142],[76.242081,9.978194],[76.245415,9.972362],[76.22403,9.977079],[76.16597,10.174861],[76.175972,10.183193],[76.17765,10.174031],[76.185417,10.16514],[76.193192,10.162362],[76.194031,10.155693],[76.202637,10.139028],[76.204033,10.151812],[76.199577,10.149031],[76.193466,10.16375],[76.177086,10.182639],[76.191528,10.194311],[76.165138,10.18792],[76.164581,10.181805],[76.159859,10.188472],[76.099304,10.380694],[76.034027,10.525695],[76.037361,10.532361],[76.052635,10.532083],[76.052361,10.543472],[76.063469,10.535693],[76.067642,10.544584],[76.049583,10.546806],[76.04097,10.564306],[76.047363,10.56792],[76.042915,10.574582],[76.041527,10.575421],[76.036247,10.567916],[76.048187,10.535142],[76.031807,10.537084],[76.030975,10.526527],[76.040138,10.51125],[76.036247,10.51014],[75.910141,10.79236],[75.857635,11.018471],[75.862915,11.005416],[75.866531,11.005416],[75.867653,11.009311],[75.855972,11.020696],[75.825142,11.122917],[75.835693,11.12653],[75.847923,11.142641],[75.861252,11.129584],[75.858475,11.138472],[75.845139,11.14376],[75.82486,11.125417],[75.801804,11.158194],[75.806526,11.16264],[75.810692,11.157084],[75.815971,11.15986],[75.82235,11.155972],[75.828751,11.158194],[75.812363,11.162362],[75.829025,11.180696],[75.814026,11.17931],[75.802086,11.162638],[75.747643,11.318472],[75.733749,11.334029],[75.735695,11.353194],[75.68264,11.448195],[75.655136,11.465973],[75.634308,11.461531],[75.617363,11.477083],[75.590416,11.560969],[75.590698,11.56875],[75.595695,11.550695],[75.599861,11.544307],[75.594582,11.570972],[75.585693,11.58625],[75.589859,11.570143],[75.588196,11.569028],[75.542358,11.681811],[75.508469,11.731531],[75.497643,11.732363],[75.472076,11.76376],[75.48597,11.765141],[75.493469,11.75625],[75.507637,11.761248],[75.492363,11.758201],[75.487923,11.766531],[75.474861,11.766529],[75.486809,11.77625],[75.484581,11.788473],[75.500137,11.798195],[75.474304,11.803472],[75.486809,11.792361],[75.478752,11.788751],[75.480698,11.779306],[75.468193,11.764305],[75.453751,11.770139],[75.454308,11.77542],[75.460419,11.77681],[75.46347,11.785141],[75.46347,11.79903],[75.460136,11.80736],[75.461243,11.78458],[75.454025,11.778472],[75.383751,11.85681],[75.366806,11.851251],[75.355141,11.85986],[75.331528,11.897361],[75.318192,11.905417],[75.318748,11.915972],[75.298737,11.94347],[75.30542,11.947085],[75.356529,11.928471],[75.372086,11.939584],[75.385139,11.91653],[75.399307,11.915416],[75.389313,11.917921],[75.388748,11.929861],[75.378754,11.930139],[75.374863,11.956532],[75.358749,11.931532],[75.317917,11.94625],[75.317642,11.952083],[75.309593,11.96986],[75.304306,11.97125],[75.303749,11.96875],[75.314308,11.949583],[75.27903,12.002085],[75.272919,12.006531],[75.279587,11.994579],[75.265419,12.007081],[75.268196,12.023472],[75.285141,12.01875],[75.291809,12.005141],[75.295418,12.010141],[75.298737,12.00347],[75.333191,12.010141],[75.299309,12.015689],[75.316246,12.04625],[75.328186,12.035971],[75.339302,12.047638],[75.326805,12.037917],[75.315697,12.04764],[75.311249,12.04403],[75.310692,12.036805],[75.307083,12.034309],[75.31208,12.04903],[75.296173,12.059241],[75.314758,12.087609],[75.309067,12.102661],[75.328178,12.10728],[75.339882,12.098251],[75.402519,12.136841],[75.374603,12.14908],[75.363609,12.13497],[75.325157,12.144891],[75.311157,12.13646],[75.310677,12.124732],[75.283928,12.114982],[75.274529,12.100261],[75.259857,12.108931],[75.223061,12.10484],[75.224922,12.03195],[75.231056,12.024562],[75.217087,12.010141],[75.200417,12.007361],[75.181526,12.048192],[75.187637,12.045418],[75.178749,12.080694],[75.189308,12.089583],[75.195137,12.070142],[75.20153,12.07042],[75.207642,12.073472],[75.215141,12.066805],[75.220139,12.070142],[75.206802,12.074584],[75.195686,12.07153],[75.189026,12.091251],[75.172638,12.085702],[75.177086,12.09903],[75.180138,12.094871],[75.185966,12.093471],[75.191246,12.097081],[75.192917,12.10068],[75.197357,12.117361],[75.192093,12.132643],[75.191528,12.10125],[75.181808,12.09514],[75.177917,12.10042],[75.173187,12.10068],[75.171249,12.115141],[75.161247,12.11931],[75.163467,12.136251],[75.129028,12.212082],[75.117638,12.20625],[75.056808,12.362361],[75.062637,12.340972],[74.973473,12.498749],[74.932358,12.604032],[74.940971,12.589306],[74.939857,12.594861],[74.88736,12.705695],[74.892639,12.708473],[74.883751,12.709581],[74.866531,12.752641],[74.885597,12.748771],[74.954201,12.779281],[74.981926,12.77524],[74.992577,12.783621],[74.989456,12.790811]]]]}},{"type":"Feature","properties":{"name":"Lakshadweep","code":""},"geometry":{"type":"MultiPolygon","coordinates":[[[[73.010406,8.277362],[73.012917,8.27875],[73.01236,8.276806],[73.010406,8.277362]]],[[[73.080971,8.327642],[73.069031,8.30792],[73.067085,8.285694],[73.049309,8.266805],[73.018753,8.271529],[73.018196,8.27764],[73.04097,8.274032],[73.055687,8.28264],[73.073196,8.319029],[73.080971,8.327642]]],[[[72.290138,10.049583],[72.286797,10.04069],[72.281807,10.037916],[72.283752,10.043473],[72.290138,10.049583]]],[[[73.62986,10.068751],[73.633751,10.068751],[73.630142,10.067639],[73.62986,10.068751]]],[[[73.628197,10.075142],[73.627914,10.071805],[73.62542,10.072917],[73.628197,10.075142]]],[[[73.651527,10.10431],[73.652077,10.095971],[73.647919,10.079032],[73.647919,10.06125],[73.641808,10.057084],[73.635414,10.072083],[73.645142,10.077639],[73.651527,10.10431]]],[[[72.327919,10.13653],[72.331528,10.128195],[72.331802,10.124861],[72.325974,10.126805],[72.327919,10.13653]]],[[[73.658478,10.152922],[73.665138,10.141811],[73.662086,10.129861],[73.658478,10.152922]]],[[[72.642082,10.577361],[72.649017,10.56181],[72.615417,10.540694],[72.623192,10.54708],[72.642082,10.577361]]],[[[72.16597,10.81375],[72.169304,10.81236],[72.165138,10.81208],[72.16597,10.81375]]],[[[72.170975,10.818194],[72.172363,10.817921],[72.170975,10.81736],[72.170975,10.818194]]],[[[73.661537,10.817641],[73.677086,10.817641],[73.702637,10.814862],[73.67292,10.804583],[73.662086,10.808472],[73.661537,10.817641]]],[[[72.172638,10.819861],[72.194305,10.870694],[72.206528,10.877361],[72.203751,10.86875],[72.172638,10.819861]]],[[[72.291252,10.945972],[72.29097,10.936251],[72.284302,10.935417],[72.285698,10.944862],[72.291252,10.945972]]],[[[72.32653,10.953195],[72.317642,10.94375],[72.313469,10.943194],[72.314857,10.948472],[72.32653,10.953195]]],[[[72.332085,10.958473],[72.334305,10.955973],[72.331802,10.955139],[72.332085,10.958473]]],[[[72.731537,11.13625],[72.732918,11.127915],[72.720139,11.110694],[72.715973,11.125139],[72.731537,11.13625]]],[[[72.104027,11.21125],[72.105972,11.209862],[72.103752,11.208196],[72.104027,11.21125]]],[[[72.100418,11.21514],[72.104309,11.21264],[72.100136,11.214311],[72.100418,11.21514]]],[[[72.790138,11.259861],[72.778198,11.217362],[72.761253,11.180139],[72.777916,11.240972],[72.790138,11.259861]]],[[[73.000694,11.485416],[73.002357,11.485694],[73.001808,11.484582],[73.000694,11.485416]]],[[[72.996803,11.495421],[73.009033,11.48736],[73.007637,11.467641],[73.001808,11.491531],[72.996803,11.495421]]],[[[72.18486,11.59736],[72.189026,11.598751],[72.189026,11.59597],[72.18486,11.59736]]],[[[72.714027,11.706251],[72.716805,11.702084],[72.71653,11.692083],[72.704865,11.680695],[72.714027,11.706251]]]]}},{"type":"Feature","properties":{"name":"Madhya Pradesh","code":""},"geometry":{"type":"Polygon","coordinates":[[[78.364647,26.868841],[78.38974,26.8249],[78.425873,26.832319],[78.450783,26.798052],[78.515572,26.78511],[78.565849,26.75769],[78.601967,26.75606],[78.620438,26.7752],[78.659019,26.76923],[78.677361,26.792381],[78.715347,26.800213],[78.722939,26.779343],[78.741081,26.792521],[78.76638,26.76454],[78.811386,26.765471],[78.864929,26.70467],[78.903946,26.713381],[78.948143,26.696741],[78.937912,26.662691],[78.973877,26.682541],[78.993179,26.68457],[79.001167,26.673901],[78.987221,26.64418],[79.00309,26.626659],[79.005661,26.61047],[78.978027,26.59243],[78.979622,26.57408],[78.991341,26.58231],[79.006737,26.5578],[78.997986,26.55094],[79.020546,26.551661],[79.01963,26.541441],[79.033096,26.53599],[79.031296,26.524771],[79.041023,26.52276],[79.05088,26.500771],[79.060936,26.5033],[79.064339,26.486841],[79.048462,26.456051],[79.08094,26.443901],[79.083298,26.45302],[79.094917,26.4571],[79.126762,26.444811],[79.117233,26.417122],[79.100677,26.411732],[79.086823,26.417822],[79.080727,26.4055],[79.090477,26.379391],[79.076797,26.362692],[79.133743,26.344971],[79.127037,26.331659],[79.115646,26.335091],[79.126587,26.316031],[79.108757,26.30862],[79.093849,26.311941],[79.083099,26.2939],[79.083572,26.272409],[79.076103,26.27519],[79.07769,26.287218],[79.067268,26.287621],[79.053276,26.2796],[79.048531,26.26597],[79.037033,26.266991],[79.062668,26.246931],[79.057053,26.232891],[79.020393,26.234253],[79.020622,26.20857],[79.009903,26.204941],[79.014946,26.19747],[78.991753,26.203968],[78.977379,26.195499],[79.003403,26.172958],[79.000717,26.15498],[78.96534,26.155781],[78.942673,26.139141],[78.969223,26.123442],[78.97184,26.1087],[79.00351,26.094311],[79.003151,26.081793],[78.997116,26.073931],[78.982483,26.073759],[78.9758,26.059881],[78.944328,26.036951],[78.950401,26.019861],[78.943169,25.99069],[78.923622,25.980871],[78.931137,25.976311],[78.925476,25.96542],[78.929527,25.94936],[78.909782,25.946081],[78.876381,25.915661],[78.887192,25.898972],[78.882683,25.87027],[78.863586,25.874672],[78.846626,25.8605],[78.846222,25.83876],[78.852936,25.843611],[78.865753,25.834351],[78.861923,25.799198],[78.849693,25.79586],[78.840981,25.820641],[78.811249,25.83012],[78.800461,25.81288],[78.822273,25.815228],[78.820503,25.7994],[78.799553,25.79936],[78.775787,25.761499],[78.746819,25.74909],[78.752403,25.727411],[78.791237,25.710541],[78.789406,25.699831],[78.811333,25.67448],[78.805191,25.624557],[78.740952,25.60388],[78.711166,25.60659],[78.677017,25.594101],[78.648621,25.565639],[78.623413,25.571001],[78.618149,25.58699],[78.608627,25.589081],[78.581192,25.564308],[78.541786,25.56514],[78.486267,25.58223],[78.46212,25.567471],[78.455193,25.55195],[78.429337,25.56386],[78.408661,25.532902],[78.416748,25.517773],[78.409569,25.518648],[78.409409,25.504271],[78.420723,25.477619],[78.393753,25.471251],[78.37738,25.44838],[78.360977,25.446602],[78.347588,25.45484],[78.330276,25.400999],[78.295517,25.3748],[78.296227,25.36499],[78.323196,25.355268],[78.331291,25.33672],[78.308029,25.310989],[78.345161,25.297941],[78.34507,25.28297],[78.362221,25.26543],[78.35453,25.24608],[78.368889,25.241661],[78.375168,25.225752],[78.397758,25.217751],[78.383949,25.206001],[78.385361,25.19516],[78.403557,25.18894],[78.417267,25.172781],[78.446457,25.169022],[78.441986,25.157351],[78.418297,25.1535],[78.442917,25.128771],[78.395317,25.130527],[78.374413,25.10854],[78.327766,25.08877],[78.324989,25.072498],[78.338066,25.02734],[78.327538,24.999559],[78.213913,24.915571],[78.199738,24.896231],[78.165359,24.881741],[78.163803,24.8571],[78.165329,24.848171],[78.191582,24.83967],[78.208969,24.81307],[78.225822,24.776571],[78.22039,24.74737],[78.268478,24.667101],[78.256691,24.648621],[78.269852,24.615381],[78.258888,24.558189],[78.224182,24.54134],[78.216537,24.531643],[78.219719,24.522779],[78.240173,24.509581],[78.239632,24.48946],[78.269623,24.476183],[78.260307,24.460011],[78.266876,24.447371],[78.360947,24.38579],[78.362572,24.378151],[78.325996,24.329618],[78.344536,24.303289],[78.38237,24.27393],[78.406952,24.27701],[78.411308,24.28758],[78.434776,24.297661],[78.440292,24.325531],[78.467796,24.33934],[78.475327,24.36743],[78.505371,24.39395],[78.552582,24.360628],[78.578438,24.35708],[78.602081,24.3183],[78.62281,24.309851],[78.621719,24.286261],[78.634163,24.28937],[78.654449,24.273741],[78.669121,24.24502],[78.69886,24.23448],[78.718582,24.239151],[78.732216,24.25382],[78.745888,24.239271],[78.760277,24.25849],[78.766426,24.25058],[78.760536,24.23385],[78.791687,24.180241],[78.80571,24.184299],[78.813522,24.210279],[78.824257,24.2013],[78.838768,24.21468],[78.862831,24.214041],[78.87886,24.223051],[78.879097,24.254011],[78.91172,24.276501],[78.907761,24.301231],[78.966873,24.353661],[78.97422,24.39864],[78.986893,24.423241],[78.984383,24.44136],[78.981987,24.447241],[78.944397,24.443258],[78.931076,24.459978],[78.908592,24.46677],[78.90094,24.488371],[78.913811,24.500841],[78.924362,24.499081],[78.923347,24.4884],[78.930717,24.484541],[78.966393,24.496948],[78.944168,24.509508],[78.944656,24.55621],[78.913147,24.581301],[78.881721,24.6397],[78.866539,24.645493],[78.852402,24.620941],[78.839058,24.62822],[78.830849,24.608891],[78.801826,24.607828],[78.776901,24.59309],[78.749466,24.60498],[78.740067,24.65996],[78.772392,24.704142],[78.764549,24.794992],[78.78054,24.814972],[78.764481,24.861368],[78.668396,24.902399],[78.653717,24.94422],[78.640503,24.940363],[78.642433,24.95265],[78.622047,24.964901],[78.644188,25.03525],[78.64193,25.061491],[78.620323,25.091593],[78.597168,25.097872],[78.593712,25.157391],[78.561493,25.227449],[78.568581,25.25861],[78.557022,25.269329],[78.528496,25.274509],[78.520851,25.288038],[78.505318,25.281548],[78.496681,25.293859],[78.454033,25.270601],[78.435753,25.273241],[78.427361,25.288671],[78.440598,25.304161],[78.467056,25.293011],[78.492172,25.32383],[78.500252,25.304131],[78.525078,25.30653],[78.541458,25.326599],[78.531502,25.33485],[78.525146,25.363012],[78.535057,25.36401],[78.556023,25.34861],[78.576218,25.351931],[78.577759,25.37714],[78.5569,25.38415],[78.561127,25.395693],[78.588341,25.392113],[78.603493,25.41707],[78.628586,25.406462],[78.636803,25.41411],[78.633659,25.438061],[78.652718,25.444],[78.674889,25.438141],[78.68576,25.44779],[78.701401,25.42886],[78.66909,25.403881],[78.656517,25.42013],[78.65789,25.38798],[78.669403,25.3929],[78.671562,25.384562],[78.68718,25.380632],[78.692757,25.387739],[78.70903,25.37875],[78.70385,25.358648],[78.713623,25.352989],[78.735672,25.349192],[78.764381,25.3584],[78.761223,25.38216],[78.752861,25.390341],[78.759621,25.402071],[78.754646,25.406219],[78.741562,25.398581],[78.743141,25.412701],[78.812912,25.430428],[78.789452,25.44202],[78.765373,25.430033],[78.755066,25.433851],[78.748123,25.448441],[78.724648,25.463308],[78.73175,25.50065],[78.736061,25.50433],[78.743591,25.484892],[78.756546,25.476151],[78.789528,25.483513],[78.829857,25.465691],[78.845749,25.45439],[78.813873,25.446308],[78.834267,25.432461],[78.853699,25.452301],[78.85717,25.46714],[78.828323,25.509981],[78.876007,25.524321],[78.869003,25.551161],[78.885536,25.56077],[78.91037,25.55934],[78.91684,25.54129],[78.925682,25.559958],[78.941689,25.551441],[78.941887,25.531151],[78.916382,25.52075],[78.935181,25.494301],[78.935638,25.480021],[78.903229,25.446938],[78.929131,25.428329],[78.942589,25.441702],[78.960129,25.43889],[78.978508,25.376013],[78.948441,25.370003],[78.938713,25.352831],[78.928627,25.351801],[78.896957,25.36521],[78.892456,25.375298],[78.895393,25.380791],[78.931137,25.377123],[78.949356,25.40016],[78.931038,25.40316],[78.901077,25.389259],[78.874748,25.387659],[78.837738,25.352173],[78.843506,25.332361],[78.83329,25.331341],[78.814568,25.310961],[78.791939,25.314793],[78.783287,25.303181],[78.791206,25.293011],[78.811676,25.299841],[78.805626,25.270931],[78.841751,25.22916],[78.862289,25.283131],[78.872429,25.28821],[78.866867,25.310989],[78.856438,25.316959],[78.875603,25.334011],[78.876518,25.34446],[78.907883,25.339401],[78.918869,25.345991],[78.927612,25.331711],[78.955772,25.347761],[78.952797,25.311878],[78.970047,25.28521],[78.94754,25.283701],[78.946182,25.263771],[78.915207,25.27569],[78.891693,25.245461],[78.875877,25.25577],[78.872177,25.25079],[78.867073,25.23254],[78.882416,25.21106],[78.867386,25.18996],[78.877136,25.162182],[78.924232,25.2106],[78.948341,25.220181],[78.963921,25.219431],[78.982407,25.19915],[78.995811,25.195938],[79.000359,25.216051],[78.994667,25.233749],[78.971169,25.244921],[78.986771,25.27496],[79.004967,25.27697],[79.015991,25.26515],[79.012123,25.248249],[79.029373,25.24934],[79.026482,25.234671],[79.056442,25.22571],[79.024597,25.186571],[79.035782,25.173901],[79.021767,25.14319],[79.043053,25.13817],[79.084297,25.19253],[79.090576,25.176229],[79.120422,25.164181],[79.107811,25.1437],[79.125107,25.129219],[79.114822,25.1178],[79.124336,25.11187],[79.138206,25.11841],[79.156616,25.1119],[79.179306,25.117693],[79.179878,25.12883],[79.168793,25.131571],[79.166779,25.142349],[79.184853,25.151133],[79.196716,25.142931],[79.206383,25.113762],[79.222786,25.123251],[79.23838,25.116369],[79.24353,25.140791],[79.224876,25.14023],[79.213913,25.14838],[79.245842,25.161961],[79.259201,25.153273],[79.25808,25.12402],[79.276543,25.12026],[79.282181,25.13352],[79.300987,25.130831],[79.314537,25.151878],[79.278801,25.197399],[79.281487,25.22714],[79.273598,25.248119],[79.293327,25.2402],[79.310783,25.219481],[79.32534,25.222441],[79.332588,25.20083],[79.346962,25.214241],[79.329117,25.2299],[79.341118,25.23049],[79.340088,25.27276],[79.331902,25.27627],[79.31469,25.261393],[79.303917,25.265402],[79.28775,25.290241],[79.271111,25.266502],[79.261963,25.267731],[79.256508,25.27947],[79.260139,25.31024],[79.277603,25.328051],[79.291321,25.329288],[79.294731,25.340219],[79.304222,25.339849],[79.345886,25.33304],[79.33448,25.317398],[79.341873,25.304581],[79.330757,25.294048],[79.349709,25.28842],[79.352966,25.265381],[79.365738,25.26807],[79.367416,25.294321],[79.401886,25.279251],[79.401222,25.26236],[79.415306,25.25922],[79.431213,25.25955],[79.457413,25.283871],[79.490402,25.27035],[79.483963,25.26498],[79.45919,25.269451],[79.427017,25.225039],[79.442398,25.220951],[79.442703,25.212561],[79.432137,25.20278],[79.409576,25.208761],[79.403893,25.189581],[79.383873,25.17028],[79.380226,25.14912],[79.38929,25.120581],[79.399147,25.113461],[79.414963,25.122999],[79.415123,25.139099],[79.431137,25.135401],[79.431068,25.10751],[79.468376,25.134451],[79.460533,25.096331],[79.489876,25.08275],[79.50016,25.099201],[79.517227,25.101788],[79.513771,25.125723],[79.565521,25.177551],[79.589699,25.14728],[79.602806,25.15477],[79.597878,25.131432],[79.620033,25.14267],[79.637848,25.131081],[79.666168,25.127121],[79.676598,25.13699],[79.717766,25.13382],[79.745636,25.143883],[79.769218,25.125259],[79.849213,25.096981],[79.855896,25.098501],[79.842682,25.116331],[79.847672,25.13339],[79.872177,25.148512],[79.860588,25.156061],[79.862602,25.17697],[79.851852,25.20348],[79.863037,25.219191],[79.847137,25.2402],[79.872459,25.253792],[79.8936,25.24621],[79.902397,25.25692],[79.913452,25.23344],[79.920998,25.25071],[79.932571,25.25032],[79.942566,25.271879],[79.949219,25.265301],[79.996727,25.26865],[79.991257,25.283161],[80.01265,25.30172],[80.009911,25.324753],[80.020737,25.343161],[80.070023,25.3431],[80.083298,25.355831],[80.123299,25.33843],[80.137123,25.35573],[80.159126,25.366199],[80.15918,25.377649],[80.187897,25.38365],[80.193916,25.416231],[80.211372,25.40395],[80.229561,25.410921],[80.245186,25.40489],[80.255867,25.428711],[80.273727,25.425039],[80.310753,25.387318],[80.313248,25.372259],[80.302628,25.35828],[80.311737,25.334209],[80.304047,25.288893],[80.340973,25.278601],[80.357712,25.251131],[80.378029,25.237511],[80.399063,25.24297],[80.423698,25.174143],[80.415482,25.165293],[80.386757,25.162882],[80.351288,25.144901],[80.344116,25.12492],[80.313271,25.101171],[80.310516,25.081951],[80.28196,25.063221],[80.266937,25.030243],[80.314102,25.00351],[80.325943,25.003111],[80.337982,25.020941],[80.347939,25.016468],[80.358849,25.026079],[80.367821,25.025431],[80.372833,25.008329],[80.38739,25.012421],[80.380882,25.027658],[80.372353,25.029181],[80.380203,25.041601],[80.364067,25.04772],[80.365761,25.05776],[80.379257,25.05595],[80.394127,25.072021],[80.405251,25.06085],[80.40992,25.076719],[80.424507,25.071501],[80.444283,25.081291],[80.444206,25.068171],[80.455933,25.07382],[80.470177,25.044691],[80.494209,25.045321],[80.502129,25.06735],[80.490593,25.078211],[80.499977,25.08956],[80.476128,25.102251],[80.509506,25.101021],[80.518997,25.08193],[80.543419,25.067661],[80.559998,25.074989],[80.562439,25.09144],[80.606781,25.07218],[80.587776,25.1091],[80.601448,25.12281],[80.590759,25.13158],[80.594589,25.155241],[80.605789,25.149281],[80.608337,25.13295],[80.624962,25.137671],[80.632393,25.123281],[80.601357,25.104408],[80.620041,25.089581],[80.635239,25.097561],[80.656296,25.074442],[80.668289,25.086752],[80.67926,25.08182],[80.673569,25.054171],[80.727203,25.071821],[80.733597,25.062441],[80.77594,25.061691],[80.78138,25.069561],[80.775978,25.084301],[80.751122,25.09112],[80.745773,25.0994],[80.725243,25.09796],[80.719009,25.104021],[80.725372,25.122883],[80.700867,25.128038],[80.699638,25.13715],[80.723053,25.148783],[80.738098,25.1346],[80.774033,25.14662],[80.782143,25.137081],[80.799576,25.146418],[80.809616,25.130701],[80.818642,25.13055],[80.827698,25.11031],[80.837753,25.12751],[80.8321,25.141411],[80.8423,25.1712],[80.836281,25.19268],[80.864166,25.18786],[80.878036,25.195601],[80.904922,25.160311],[80.88842,25.141239],[80.87542,25.14443],[80.864983,25.12365],[80.872986,25.10257],[80.86425,25.08816],[80.875076,25.079538],[80.870651,25.071051],[80.826683,25.03919],[80.848183,24.99814],[80.836403,24.98609],[80.824707,24.986061],[80.818642,24.973631],[80.789993,24.971783],[80.80291,24.95694],[80.8022,24.94446],[80.834908,24.934528],[80.875008,24.94071],[80.884827,24.948891],[80.900047,24.939581],[80.897301,24.95672],[80.936821,24.9725],[80.944847,24.96801],[80.943863,24.950701],[80.955231,24.925711],[80.97226,24.939602],[80.98101,24.929661],[81.000023,24.94021],[81.016777,24.932461],[81.021141,24.938259],[81.009529,24.954321],[81.019249,24.945],[81.026672,24.954969],[81.076416,24.952261],[81.0895,24.92448],[81.132446,24.892071],[81.140083,24.916439],[81.152313,24.916281],[81.16143,24.958511],[81.17659,24.954969],[81.198959,24.934738],[81.184418,24.92922],[81.199486,24.926941],[81.212608,24.934521],[81.200012,24.96685],[81.21273,24.981663],[81.201698,24.995729],[81.23069,25.018091],[81.261589,25.06846],[81.253029,25.079048],[81.259117,25.087301],[81.245697,25.105541],[81.257957,25.11685],[81.261467,25.144348],[81.274773,25.153419],[81.269119,25.16774],[81.306389,25.165993],[81.304291,25.14529],[81.314667,25.116291],[81.323013,25.118393],[81.310966,25.14896],[81.312973,25.163548],[81.329956,25.172491],[81.349411,25.167351],[81.36451,25.137859],[81.38652,25.13393],[81.39122,25.123131],[81.406242,25.1234],[81.400208,25.133801],[81.430222,25.133631],[81.438339,25.110441],[81.400848,25.107771],[81.458862,25.092991],[81.458298,25.086771],[81.483727,25.07494],[81.48645,25.084101],[81.494621,25.082109],[81.494263,25.1017],[81.507576,25.10681],[81.48172,25.117321],[81.472878,25.137121],[81.489609,25.13422],[81.495407,25.152349],[81.524651,25.143641],[81.518738,25.151831],[81.530006,25.16334],[81.507813,25.17625],[81.509567,25.187031],[81.549026,25.186581],[81.566399,25.195749],[81.587997,25.183788],[81.581779,25.16827],[81.605492,25.165628],[81.610001,25.173653],[81.618988,25.159651],[81.615067,25.14393],[81.592117,25.136381],[81.591026,25.12299],[81.602303,25.11751],[81.601227,25.10021],[81.616753,25.12262],[81.625061,25.120449],[81.62265,25.11124],[81.63195,25.10327],[81.593796,25.0798],[81.609711,25.064699],[81.604347,25.060749],[81.621902,25.056921],[81.658691,25.079731],[81.662216,25.06514],[81.675827,25.065981],[81.683067,25.056763],[81.681892,25.043772],[81.70536,25.037903],[81.713387,25.04006],[81.716408,25.052973],[81.732391,25.04871],[81.789223,25.010139],[81.829369,25.019333],[81.886131,24.992821],[81.89402,25.00346],[81.889328,25.013111],[81.898468,25.009621],[81.894501,24.9874],[81.901642,24.982821],[81.904106,24.942268],[81.912041,24.93092],[81.896446,24.892509],[81.928383,24.87306],[81.926727,24.86079],[81.959152,24.83061],[81.968063,24.843861],[82.00489,24.850691],[82.037201,24.83296],[82.081871,24.822111],[82.11219,24.792261],[82.126373,24.793949],[82.132248,24.80448],[82.159393,24.792261],[82.173363,24.800961],[82.162811,24.804981],[82.195969,24.82453],[82.179008,24.804651],[82.208717,24.79777],[82.209473,24.78149],[82.189362,24.782282],[82.195671,24.763748],[82.172882,24.739571],[82.202606,24.740789],[82.213753,24.728661],[82.213402,24.744209],[82.199486,24.752069],[82.209183,24.75951],[82.222809,24.75174],[82.220917,24.76705],[82.238373,24.75441],[82.24366,24.775751],[82.249626,24.756369],[82.24144,24.738461],[82.24305,24.701761],[82.228691,24.69076],[82.229927,24.66964],[82.2351,24.665911],[82.235519,24.67639],[82.247978,24.67557],[82.253052,24.666092],[82.266747,24.67841],[82.258347,24.682091],[82.263367,24.686411],[82.296417,24.670012],[82.29393,24.613741],[82.329773,24.623751],[82.345963,24.618801],[82.360847,24.602001],[82.409172,24.59783],[82.414566,24.606392],[82.403526,24.636162],[82.411789,24.657848],[82.401596,24.6838],[82.420151,24.705252],[82.432312,24.706282],[82.444847,24.696371],[82.448853,24.6779],[82.476677,24.68358],[82.486763,24.675501],[82.518433,24.678341],[82.529266,24.65196],[82.573967,24.663],[82.657928,24.700397],[82.695953,24.67572],[82.695183,24.644253],[82.762787,24.64567],[82.767891,24.610613],[82.760078,24.599819],[82.796371,24.59976],[82.800766,24.552681],[82.746017,24.541521],[82.741203,24.55459],[82.712532,24.556219],[82.715637,24.5133],[82.736549,24.499771],[82.72377,24.47633],[82.730606,24.470331],[82.725037,24.444733],[82.732712,24.432741],[82.720192,24.42968],[82.707161,24.38518],[82.718498,24.371222],[82.746773,24.37252],[82.754463,24.379511],[82.760582,24.373041],[82.764137,24.292431],[82.750587,24.268131],[82.749916,24.23613],[82.726997,24.223261],[82.736137,24.16835],[82.723076,24.156811],[82.720367,24.13899],[82.688362,24.14423],[82.670853,24.15847],[82.657387,24.134798],[82.701363,24.097071],[82.708397,24.080761],[82.741463,24.07509],[82.748039,24.08053],[82.754921,24.07324],[82.766258,24.077868],[82.755768,24.043598],[82.739922,24.03105],[82.741997,24.0214],[82.752357,24.00843],[82.797272,24.00514],[82.798882,23.97089],[82.807777,23.963058],[82.796806,23.96142],[82.774849,23.93857],[82.753777,23.935881],[82.7481,23.922281],[82.701927,23.924932],[82.677086,23.909821],[82.656517,23.907862],[82.646118,23.888733],[82.66021,23.870338],[82.652023,23.856501],[82.64064,23.85803],[82.629517,23.839001],[82.605911,23.836163],[82.585983,23.822861],[82.527351,23.82408],[82.544518,23.794189],[82.496651,23.785049],[82.460022,23.811399],[82.388229,23.801371],[82.368347,23.8111],[82.328232,23.803671],[82.255287,23.82189],[82.226143,23.806932],[82.199257,23.831921],[82.20665,23.84103],[82.203888,23.852991],[82.173523,23.83909],[82.162407,23.81996],[82.045403,23.820589],[82.032173,23.829309],[82.032516,23.845079],[82.000732,23.86314],[81.950706,23.85289],[81.916443,23.87299],[81.894096,23.844061],[81.811729,23.8095],[81.772629,23.814199],[81.719063,23.840429],[81.723007,23.85898],[81.702682,23.8634],[81.697388,23.885962],[81.682396,23.88979],[81.679497,23.907648],[81.661598,23.925598],[81.629219,23.90766],[81.610512,23.906973],[81.596909,23.889023],[81.614853,23.87277],[81.597389,23.86194],[81.605827,23.838209],[81.628113,23.83433],[81.642563,23.804581],[81.639656,23.77113],[81.674088,23.753971],[81.672096,23.740021],[81.687286,23.72135],[81.67321,23.693432],[81.649498,23.683451],[81.643127,23.660332],[81.613243,23.66098],[81.602676,23.600033],[81.569733,23.58865],[81.577072,23.55489],[81.605698,23.550489],[81.607048,23.506889],[81.628227,23.49037],[81.647652,23.50243],[81.654533,23.531551],[81.693092,23.52334],[81.736031,23.56743],[81.747963,23.56538],[81.756386,23.552521],[81.804619,23.545811],[81.812576,23.51763],[81.827179,23.51129],[81.86969,23.51457],[81.899971,23.53413],[81.916359,23.532091],[81.948936,23.49674],[81.947617,23.47163],[81.971397,23.44747],[81.97612,23.413111],[81.987396,23.419519],[81.999527,23.412811],[82.015976,23.42351],[82.023247,23.410183],[82.014519,23.387918],[82.045738,23.377871],[82.05677,23.393539],[82.09848,23.397701],[82.110901,23.355841],[82.137833,23.361841],[82.158081,23.333321],[82.18586,23.32539],[82.186386,23.277658],[82.169823,23.27018],[82.142487,23.227701],[82.14666,23.20945],[82.137321,23.16497],[82.153763,23.158041],[82.151077,23.141741],[82.132767,23.13162],[82.12825,23.11211],[82.115883,23.1038],[82.067131,23.116817],[82.024086,23.08012],[81.982147,23.086243],[81.938103,23.07781],[81.918427,23.040979],[81.937218,23.009493],[81.940247,22.95709],[81.913857,22.948221],[81.874611,22.913321],[81.860008,22.915001],[81.856346,22.89086],[81.769402,22.873508],[81.760857,22.834339],[81.784279,22.766621],[81.763977,22.746771],[81.762497,22.7353],[81.746613,22.726488],[81.765976,22.676121],[81.762726,22.663589],[81.748932,22.64607],[81.74054,22.648069],[81.736938,22.66905],[81.722946,22.67621],[81.707016,22.649641],[81.678596,22.64888],[81.656548,22.632002],[81.641388,22.60754],[81.640121,22.58655],[81.648689,22.568951],[81.623573,22.564278],[81.615791,22.539021],[81.59977,22.535709],[81.563057,22.551008],[81.556931,22.532162],[81.542221,22.529921],[81.519066,22.539982],[81.511971,22.523529],[81.502937,22.526791],[81.49321,22.519621],[81.479858,22.493311],[81.438057,22.49394],[81.448029,22.46739],[81.424438,22.479239],[81.417587,22.473631],[81.41893,22.45422],[81.396553,22.44132],[81.386177,22.45116],[81.378738,22.505301],[81.322937,22.52433],[81.314812,22.515911],[81.31591,22.48971],[81.303963,22.48175],[81.275467,22.499441],[81.260452,22.493561],[81.255516,22.472483],[81.240387,22.459181],[81.218391,22.451651],[81.194191,22.46208],[81.192642,22.482479],[81.180046,22.49015],[81.16407,22.481911],[81.148079,22.455851],[81.109993,22.44112],[81.100937,22.38324],[81.115662,22.34409],[81.109268,22.329639],[81.113846,22.29438],[81.096817,22.27746],[81.084679,22.24675],[81.048866,22.24419],[81.019447,22.229191],[81.015793,22.214109],[81.025757,22.197691],[81.025116,22.188822],[81.011696,22.18401],[81.019051,22.16526],[81.015793,22.13271],[80.986702,22.130871],[80.971756,22.121481],[80.972267,22.111891],[80.987251,22.110651],[81.003693,22.096889],[80.997429,22.08087],[81.004272,22.070021],[80.987762,22.048479],[80.978851,22.048311],[80.963417,22.058361],[80.965538,22.08198],[80.950523,22.11301],[80.924797,22.12067],[80.90609,22.114441],[80.891228,22.06596],[80.876633,22.056789],[80.868599,22.011209],[80.845772,21.960899],[80.818443,21.956791],[80.836563,21.935659],[80.824059,21.88936],[80.839592,21.875401],[80.841171,21.856453],[80.83168,21.846189],[80.837677,21.829851],[80.811203,21.747492],[80.782722,21.739571],[80.7621,21.757919],[80.742973,21.757961],[80.718529,21.711861],[80.725113,21.69829],[80.707497,21.664101],[80.722458,21.622761],[80.709396,21.603981],[80.709236,21.58675],[80.719536,21.571501],[80.713547,21.555712],[80.730659,21.538721],[80.721977,21.49564],[80.730217,21.472052],[80.721207,21.449402],[80.697548,21.427198],[80.69165,21.388182],[80.662918,21.337339],[80.617752,21.319172],[80.593163,21.324791],[80.581627,21.341591],[80.561363,21.343309],[80.564171,21.35787],[80.53688,21.369131],[80.519432,21.38957],[80.485497,21.397638],[80.448318,21.40233],[80.440407,21.372101],[80.403366,21.37649],[80.389076,21.407379],[80.411308,21.438202],[80.400963,21.465431],[80.375328,21.49114],[80.370613,21.520969],[80.324432,21.548717],[80.330093,21.554701],[80.320183,21.57358],[80.291916,21.57803],[80.28801,21.592291],[80.260223,21.62015],[80.216309,21.62034],[80.204697,21.633541],[80.188217,21.634201],[80.147873,21.6063],[80.114937,21.60701],[80.109901,21.59341],[80.063568,21.554581],[80.028229,21.557341],[79.993553,21.534712],[79.966248,21.55727],[79.936386,21.556801],[79.921249,21.5462],[79.915817,21.524481],[79.857079,21.530922],[79.825043,21.546721],[79.791817,21.581409],[79.73262,21.60253],[79.713821,21.591131],[79.69381,21.590952],[79.684837,21.58069],[79.658142,21.577332],[79.647476,21.557173],[79.608711,21.555931],[79.576149,21.54336],[79.536621,21.544218],[79.53756,21.568991],[79.505821,21.590281],[79.498192,21.61237],[79.51162,21.63113],[79.50264,21.6346],[79.488579,21.674122],[79.458511,21.687323],[79.440727,21.68224],[79.415779,21.691448],[79.394737,21.674591],[79.349022,21.67889],[79.34832,21.684408],[79.284813,21.693911],[79.26487,21.71492],[79.228691,21.723928],[79.234772,21.715208],[79.220917,21.69659],[79.21817,21.681261],[79.228401,21.671391],[79.219902,21.65081],[79.147827,21.660521],[79.14109,21.63953],[79.099167,21.6189],[79.104111,21.60936],[79.088089,21.59919],[79.07608,21.607681],[79.009552,21.6015],[78.994446,21.61875],[78.974762,21.617559],[78.940346,21.59376],[78.913239,21.59236],[78.911636,21.57091],[78.927826,21.560289],[78.91272,21.563129],[78.904427,21.55484],[78.924576,21.538681],[78.923439,21.523788],[78.940643,21.5137],[78.931831,21.4874],[78.895767,21.500568],[78.879852,21.48497],[78.851547,21.495701],[78.784622,21.48914],[78.772186,21.467131],[78.76104,21.489759],[78.746483,21.49387],[78.738838,21.4729],[78.72419,21.46438],[78.684067,21.48196],[78.637451,21.484198],[78.620972,21.477541],[78.605377,21.488371],[78.584869,21.486881],[78.5653,21.50598],[78.566528,21.515697],[78.50856,21.528433],[78.4804,21.506121],[78.456276,21.504452],[78.451698,21.497332],[78.430099,21.501751],[78.432182,21.519911],[78.413498,21.57774],[78.422562,21.60195],[78.379517,21.61865],[78.371658,21.61503],[78.377632,21.5956],[78.360962,21.578299],[78.347687,21.578861],[78.336777,21.590521],[78.304108,21.57143],[78.300003,21.585058],[78.266121,21.59428],[78.255409,21.585239],[78.269257,21.570711],[78.215477,21.55373],[78.180946,21.558681],[78.172737,21.553303],[78.168007,21.526041],[78.177643,21.514318],[78.169342,21.498501],[78.063713,21.43886],[77.980278,21.4028],[77.941116,21.398951],[77.938782,21.386909],[77.881866,21.377691],[77.883377,21.38549],[77.79937,21.4123],[77.793449,21.390739],[77.74649,21.384211],[77.733879,21.364731],[77.705246,21.35907],[77.70433,21.377701],[77.692596,21.38065],[77.691132,21.39707],[77.667221,21.37149],[77.662086,21.387972],[77.65097,21.393391],[77.639206,21.387939],[77.601547,21.393559],[77.604813,21.366993],[77.584442,21.364479],[77.548409,21.381229],[77.487022,21.37775],[77.469307,21.4569],[77.438309,21.472919],[77.439217,21.489323],[77.416969,21.53306],[77.457512,21.55657],[77.504356,21.554668],[77.566986,21.529751],[77.589249,21.53035],[77.607117,21.54277],[77.590683,21.561611],[77.570999,21.56262],[77.571327,21.627041],[77.542183,21.701031],[77.533386,21.71269],[77.521042,21.71413],[77.496872,21.749201],[77.475868,21.757881],[77.475471,21.771441],[77.401131,21.75618],[77.28624,21.762751],[77.277077,21.759809],[77.286903,21.736443],[77.28315,21.72422],[77.26738,21.729071],[77.258026,21.71583],[77.224602,21.71789],[77.221596,21.700109],[77.20742,21.69401],[77.184326,21.70446],[77.188026,21.72257],[77.171448,21.727261],[77.157776,21.713409],[77.121101,21.725349],[77.072327,21.722931],[77.059486,21.7094],[76.997276,21.68161],[76.901123,21.600809],[76.85215,21.61503],[76.833549,21.593069],[76.795349,21.59754],[76.780243,21.562468],[76.787827,21.540131],[76.762932,21.52265],[76.791801,21.489891],[76.784187,21.46649],[76.743393,21.44314],[76.732086,21.40881],[76.624527,21.3351],[76.661072,21.282421],[76.658493,21.24781],[76.642578,21.247721],[76.623367,21.192659],[76.559387,21.205811],[76.529198,21.189293],[76.487373,21.19606],[76.47702,21.1553],[76.457512,21.13834],[76.45269,21.114868],[76.411827,21.107269],[76.409439,21.09409],[76.376373,21.077311],[76.281769,21.07531],[76.262108,21.094702],[76.172638,21.0846],[76.168457,21.105412],[76.135666,21.126211],[76.139923,21.140068],[76.11396,21.16464],[76.127419,21.177919],[76.166847,21.170721],[76.172722,21.18829],[76.164032,21.224173],[76.144402,21.238091],[76.159218,21.259142],[76.144997,21.287771],[76.129257,21.29751],[76.098671,21.373928],[76.052376,21.352701],[76.027496,21.368139],[75.984879,21.377178],[75.968742,21.39397],[75.916542,21.389828],[75.888107,21.39963],[75.832626,21.383301],[75.801407,21.39015],[75.758942,21.38549],[75.73835,21.393433],[75.673416,21.38035],[75.629463,21.381229],[75.608917,21.395],[75.576553,21.385521],[75.581253,21.37986],[75.559807,21.382261],[75.548149,21.37249],[75.524582,21.387161],[75.468407,21.394201],[75.413376,21.391068],[75.398392,21.38298],[75.361382,21.403231],[75.353783,21.39349],[75.311958,21.395281],[75.301903,21.38925],[75.299629,21.415661],[75.259109,21.405218],[75.236366,21.417101],[75.219856,21.41087],[75.115097,21.45956],[75.057747,21.564939],[75.017838,21.572611],[74.994743,21.591091],[74.920387,21.612751],[74.901878,21.63023],[74.864861,21.634029],[74.831566,21.61062],[74.802879,21.616131],[74.802063,21.61005],[74.789063,21.610861],[74.703796,21.62936],[74.663261,21.65287],[74.591408,21.663832],[74.58345,21.685131],[74.558876,21.682081],[74.560966,21.701981],[74.552376,21.718399],[74.523338,21.718081],[74.511223,21.726749],[74.51786,21.763708],[74.505966,21.78261],[74.503647,21.807182],[74.527496,21.908781],[74.514641,21.922468],[74.515556,21.93392],[74.489853,21.947149],[74.493401,21.954491],[74.448639,21.97113],[74.436279,21.999481],[74.445732,22.006851],[74.453918,22.00227],[74.446037,22.02652],[74.435547,22.030998],[74.388313,22.02018],[74.354637,21.979198],[74.30204,21.96744],[74.289711,21.935791],[74.200638,21.92565],[74.146019,21.95406],[74.143669,21.972221],[74.153206,21.975571],[74.153847,21.98642],[74.105003,21.99894],[74.097702,22.015459],[74.145233,22.04368],[74.137833,22.053501],[74.162987,22.06057],[74.167557,22.082361],[74.18071,22.086601],[74.170212,22.10133],[74.154663,22.105501],[74.130272,22.09771],[74.126633,22.13212],[74.13504,22.16165],[74.124908,22.172159],[74.12278,22.2129],[74.075783,22.221878],[74.074547,22.234529],[74.091583,22.2437],[74.059151,22.285749],[74.059052,22.30541],[74.066437,22.305443],[74.075966,22.341303],[74.071983,22.360241],[74.111961,22.371613],[74.117096,22.357571],[74.129143,22.35269],[74.134293,22.332331],[74.191063,22.32193],[74.194832,22.34934],[74.202217,22.343031],[74.206802,22.36762],[74.227043,22.35854],[74.225433,22.378201],[74.245636,22.377531],[74.256111,22.38599],[74.257988,22.40003],[74.294182,22.394468],[74.27121,22.404982],[74.254021,22.43306],[74.218567,22.44282],[74.216263,22.434391],[74.204613,22.437172],[74.204491,22.466681],[74.190826,22.47788],[74.182709,22.464531],[74.186676,22.444151],[74.161072,22.432159],[74.156288,22.456732],[74.144249,22.456711],[74.130379,22.421541],[74.123001,22.420811],[74.105072,22.433411],[74.103348,22.467831],[74.078087,22.465643],[74.080307,22.486031],[74.090439,22.48255],[74.085266,22.508518],[74.0588,22.51055],[74.037086,22.49151],[74.04464,22.542122],[74.078056,22.551628],[74.105751,22.53767],[74.118599,22.53981],[74.133476,22.51878],[74.15332,22.51742],[74.158691,22.5343],[74.195198,22.55687],[74.190079,22.567402],[74.213837,22.56744],[74.236656,22.613871],[74.257637,22.624441],[74.256416,22.635681],[74.265358,22.644831],[74.317207,22.636461],[74.328079,22.644211],[74.381088,22.638639],[74.403076,22.730709],[74.439232,22.785551],[74.439186,22.809441],[74.464943,22.815081],[74.47892,22.858641],[74.462822,22.91346],[74.451477,22.924],[74.418701,22.918371],[74.400383,22.89938],[74.362022,22.93309],[74.341637,22.964691],[74.370796,22.980053],[74.355362,23.003071],[74.349197,23.030241],[74.327721,23.04269],[74.322777,23.062691],[74.355103,23.075802],[74.361122,23.090311],[74.39119,23.112],[74.433167,23.10568],[74.467247,23.085258],[74.512283,23.088831],[74.513603,23.095901],[74.542656,23.106901],[74.5457,23.132071],[74.608063,23.144821],[74.669159,23.20149],[74.715523,23.19467],[74.745697,23.212111],[74.750839,23.230381],[74.745796,23.23271],[74.724319,23.220119],[74.695007,23.22308],[74.722153,23.242512],[74.701149,23.272142],[74.673126,23.27487],[74.646248,23.25972],[74.632141,23.263401],[74.622292,23.28134],[74.586761,23.28446],[74.571922,23.300892],[74.553467,23.28252],[74.533661,23.32303],[74.519249,23.321938],[74.518303,23.32873],[74.542717,23.33869],[74.54583,23.363798],[74.560226,23.364491],[74.570717,23.37775],[74.57402,23.422543],[74.598457,23.42976],[74.61338,23.461361],[74.654732,23.46442],[74.669327,23.483892],[74.683716,23.486589],[74.700661,23.503681],[74.733658,23.500521],[74.742371,23.51948],[74.763939,23.524712],[74.785011,23.548031],[74.796333,23.546261],[74.802887,23.534052],[74.845421,23.554171],[74.906029,23.622952],[74.93972,23.630371],[74.924217,23.668501],[74.907623,23.682831],[74.92305,23.696581],[74.92424,23.719151],[74.940567,23.734871],[74.931923,23.756418],[74.939476,23.770672],[74.929932,23.794209],[74.910339,23.80084],[74.915817,23.845671],[74.905678,23.873911],[74.92131,23.935713],[74.968697,23.979731],[74.972229,24.00363],[74.987793,24.014332],[74.992989,24.029701],[74.981216,24.04104],[74.979408,24.072012],[74.965172,24.082722],[74.959518,24.11009],[74.93618,24.12377],[74.936653,24.138981],[74.923508,24.149281],[74.927513,24.15715],[74.900337,24.174301],[74.881126,24.213503],[74.886711,24.22492],[74.905853,24.233721],[74.894287,24.261681],[74.86972,24.280708],[74.853317,24.269979],[74.815163,24.27701],[74.772537,24.27198],[74.752808,24.28266],[74.757462,24.296221],[74.78363,24.316801],[74.786987,24.371651],[74.812317,24.409151],[74.825241,24.408333],[74.827011,24.423601],[74.857498,24.451502],[74.858131,24.467333],[74.818268,24.46195],[74.824699,24.479231],[74.816841,24.491171],[74.791878,24.493271],[74.778999,24.483381],[74.750656,24.492001],[74.730827,24.510031],[74.711937,24.510941],[74.728561,24.53479],[74.747711,24.53624],[74.748543,24.551729],[74.756752,24.554621],[74.747971,24.596809],[74.790123,24.61076],[74.783447,24.636761],[74.817108,24.671671],[74.813339,24.68615],[74.789467,24.67894],[74.775276,24.687731],[74.789658,24.726631],[74.780052,24.742748],[74.803146,24.754852],[74.799316,24.795641],[74.809807,24.7964],[74.849846,24.69865],[74.856361,24.705179],[74.873436,24.669481],[74.892853,24.65535],[74.897003,24.66556],[74.902466,24.656311],[74.942856,24.660391],[74.943008,24.668898],[74.952026,24.670313],[74.957283,24.68269],[74.961983,24.679581],[74.962166,24.700842],[74.999893,24.708488],[74.990753,24.733768],[74.993431,24.752729],[75.020233,24.752768],[75.021378,24.77286],[75.007057,24.796061],[74.929413,24.795483],[74.916946,24.787182],[74.884682,24.802431],[74.878052,24.813181],[74.858566,24.813061],[74.857941,24.794621],[74.848892,24.79266],[74.837517,24.80846],[74.85746,24.817848],[74.859032,24.82901],[74.855888,24.853201],[74.824112,24.91481],[74.83271,24.967451],[74.853203,24.97472],[74.862099,24.965839],[74.867203,24.936941],[74.884697,24.94976],[74.900543,24.939741],[74.912933,24.928389],[74.906883,24.90716],[74.912521,24.899099],[74.929512,24.88789],[74.930779,24.89397],[74.948738,24.8948],[74.944809,24.877911],[75.012611,24.874081],[75.043388,24.859228],[75.059853,24.874731],[75.056343,24.881941],[75.063148,24.877468],[75.081673,24.889139],[75.090111,24.87973],[75.118866,24.88904],[75.115707,24.965391],[75.119827,24.97576],[75.149086,24.98122],[75.134323,24.98266],[75.138023,24.986362],[75.164398,24.991661],[75.169243,25.00997],[75.154709,25.02887],[75.159126,25.045471],[75.173782,25.053793],[75.200562,25.034498],[75.205482,25.04241],[75.345589,25.042801],[75.35424,25.037371],[75.351547,25.02516],[75.318947,25.00651],[75.32312,24.982241],[75.337486,24.9631],[75.313873,24.90044],[75.302673,24.943161],[75.290459,24.952021],[75.285362,24.97669],[75.275902,24.97673],[75.266312,24.96192],[75.293083,24.92318],[75.267029,24.914211],[75.261452,24.88966],[75.311302,24.869459],[75.325966,24.887009],[75.371971,24.877981],[75.424217,24.892752],[75.417099,24.863901],[75.330231,24.83173],[75.305733,24.81333],[75.278938,24.853491],[75.227386,24.85915],[75.247971,24.88089],[75.249947,24.895691],[75.241241,24.902632],[75.223419,24.89003],[75.2192,24.906488],[75.208191,24.91],[75.201317,24.884201],[75.227737,24.847759],[75.251923,24.83717],[75.246712,24.82184],[75.217377,24.820461],[75.206421,24.809931],[75.202713,24.788801],[75.192299,24.78875],[75.185516,24.768051],[75.216949,24.72241],[75.22406,24.73546],[75.267242,24.732719],[75.451897,24.693218],[75.483467,24.69762],[75.53508,24.720018],[75.552101,24.71377],[75.581902,24.7227],[75.613327,24.688421],[75.659187,24.7017],[75.680046,24.727831],[75.759682,24.764799],[75.786186,24.76553],[75.838753,24.72987],[75.842026,24.717461],[75.827141,24.671501],[75.843903,24.66935],[75.848808,24.653061],[75.846207,24.631401],[75.828148,24.61335],[75.839203,24.608749],[75.838356,24.59569],[75.845016,24.610361],[75.863457,24.612921],[75.874077,24.607111],[75.884361,24.581739],[75.917397,24.57148],[75.907822,24.565363],[75.906616,24.5522],[75.925041,24.5334],[75.909348,24.514881],[75.892563,24.52153],[75.891052,24.509588],[75.905472,24.505308],[75.911819,24.49242],[75.908997,24.456141],[75.898621,24.441591],[75.847252,24.41897],[75.829002,24.42252],[75.812546,24.436781],[75.815109,24.465113],[75.79113,24.475203],[75.783577,24.45183],[75.776176,24.45388],[75.748726,24.42841],[75.756409,24.42767],[75.75528,24.409309],[75.726883,24.405279],[75.729683,24.3895],[75.738571,24.3953],[75.737923,24.347971],[75.765091,24.310659],[75.797417,24.314348],[75.811203,24.30345],[75.816826,24.290751],[75.811783,24.27043],[75.818527,24.268223],[75.812691,24.256882],[75.826881,24.24641],[75.807762,24.240671],[75.805336,24.229719],[75.791893,24.223242],[75.773506,24.220892],[75.743492,24.139601],[75.776299,24.138962],[75.789612,24.1098],[75.802399,24.11833],[75.812187,24.102871],[75.835793,24.111351],[75.833763,24.07543],[75.779617,24.06208],[75.780243,24.036261],[75.771271,24.012211],[75.760887,24.012911],[75.762039,23.997952],[75.737846,23.995333],[75.735512,23.98056],[75.700409,23.969061],[75.696136,23.990391],[75.684067,23.993111],[75.685806,24.017941],[75.669197,24.033543],[75.641472,24.01837],[75.634743,23.99983],[75.583839,23.99192],[75.569321,23.999371],[75.566933,24.022711],[75.542648,24.02556],[75.514381,24.048733],[75.489197,24.000313],[75.464767,23.980728],[75.456497,23.92074],[75.487427,23.910843],[75.504097,23.891911],[75.560623,23.859951],[75.57618,23.841511],[75.572296,23.834831],[75.560081,23.836851],[75.556061,23.825932],[75.562531,23.816931],[75.583313,23.815208],[75.582527,23.80036],[75.612137,23.80662],[75.651833,23.801949],[75.659088,23.78894],[75.674408,23.784468],[75.684479,23.760569],[75.698669,23.79184],[75.687401,23.81925],[75.71785,23.819033],[75.715721,23.845591],[75.729111,23.85821],[75.698128,23.877108],[75.702332,23.904051],[75.731323,23.901501],[75.749748,23.89002],[75.759171,23.881329],[75.761627,23.85689],[75.777061,23.85387],[75.79422,23.87431],[75.837036,23.881329],[75.860657,23.89559],[75.878616,23.88456],[75.921227,23.904171],[75.931808,23.901939],[75.948227,23.92226],[75.975822,23.93294],[75.980186,23.97438],[75.960243,23.997461],[75.960182,24.02537],[76.002136,24.035231],[76.026726,24.050463],[76.046959,24.07567],[76.084541,24.08215],[76.108597,24.09713],[76.134697,24.095289],[76.129227,24.118933],[76.136887,24.131338],[76.128891,24.174858],[76.119957,24.18014],[76.121323,24.19639],[76.154457,24.243761],[76.143013,24.28529],[76.169228,24.296091],[76.172127,24.31558],[76.185486,24.331511],[76.20623,24.310921],[76.194656,24.2848],[76.215569,24.216808],[76.247673,24.227921],[76.282776,24.215712],[76.28965,24.23703],[76.326897,24.253618],[76.352997,24.248911],[76.414436,24.20742],[76.423607,24.22695],[76.453247,24.216822],[76.469948,24.2314],[76.479416,24.21751],[76.505386,24.205469],[76.513336,24.172861],[76.531433,24.163469],[76.579727,24.180679],[76.565773,24.2008],[76.571487,24.213478],[76.597389,24.229919],[76.58802,24.249559],[76.613953,24.24218],[76.616348,24.26284],[76.64006,24.26232],[76.647247,24.272409],[76.668297,24.267382],[76.692963,24.285049],[76.702499,24.2488],[76.687782,24.23245],[76.67421,24.19343],[76.701141,24.17144],[76.720711,24.16172],[76.729393,24.170561],[76.754997,24.172091],[76.76886,24.16468],[76.790932,24.125759],[76.801117,24.12034],[76.856003,24.138941],[76.89994,24.131111],[76.916138,24.188721],[76.933167,24.186871],[76.944443,24.206291],[76.922577,24.216791],[76.916451,24.23197],[76.874199,24.27109],[76.840179,24.33872],[76.836967,24.360708],[76.852318,24.374868],[76.835876,24.416571],[76.846031,24.41934],[76.851097,24.43539],[76.837883,24.450588],[76.851326,24.469109],[76.845276,24.4909],[76.835327,24.494381],[76.81459,24.53437],[76.846046,24.55102],[76.866203,24.54936],[76.879547,24.525311],[76.888969,24.52676],[76.899826,24.54781],[76.912872,24.54357],[76.918777,24.529982],[76.91465,24.487659],[76.941086,24.46735],[76.965317,24.460861],[76.97966,24.474628],[77.001526,24.4779],[77.005997,24.49395],[77.024071,24.501329],[77.031952,24.528799],[77.050308,24.526531],[77.064697,24.56991],[77.059456,24.64242],[77.026657,24.71092],[76.992142,24.717398],[76.971977,24.73167],[76.963303,24.75955],[76.951736,24.765461],[76.909393,24.746811],[76.886688,24.75415],[76.847298,24.750401],[76.846741,24.769993],[76.801582,24.819839],[76.802292,24.826571],[76.83165,24.840242],[76.895042,24.83951],[76.926521,24.849783],[76.948921,24.872869],[76.913857,24.88788],[76.912697,24.897242],[76.924637,24.910372],[76.920868,24.91678],[76.907417,24.92326],[76.891228,24.91968],[76.893227,24.935421],[76.867279,24.965441],[76.868057,25.001369],[76.854347,25.010311],[76.874489,25.013111],[76.882027,25.0341],[76.909767,25.035671],[76.968666,25.055941],[76.974663,25.070671],[76.993729,25.07995],[77.077232,25.057989],[77.114456,25.06909],[77.140167,25.096201],[77.157707,25.08828],[77.169579,25.11372],[77.220833,25.110243],[77.26226,25.119261],[77.302856,25.08387],[77.357147,25.101551],[77.386673,25.12196],[77.398529,25.113272],[77.38694,25.132961],[77.390709,25.18819],[77.417992,25.193029],[77.406403,25.226292],[77.375572,25.249022],[77.362717,25.250071],[77.349663,25.27177],[77.372589,25.294291],[77.371788,25.320221],[77.363762,25.333],[77.336418,25.325581],[77.356041,25.367889],[77.344261,25.38793],[77.361343,25.41296],[77.354347,25.424023],[77.305298,25.436411],[77.282982,25.42359],[77.220261,25.373428],[77.215027,25.324501],[77.210701,25.333691],[77.198158,25.330521],[77.205147,25.31143],[77.153557,25.31325],[77.115768,25.33506],[77.07547,25.339691],[77.058258,25.321913],[77.03936,25.32505],[77.024193,25.30109],[76.95874,25.29718],[76.952721,25.278551],[76.941826,25.27536],[76.928703,25.279152],[76.929207,25.297298],[76.893227,25.322401],[76.842979,25.330542],[76.770096,25.312191],[76.759842,25.32268],[76.766731,25.336231],[76.740402,25.34779],[76.681076,25.34548],[76.6436,25.376398],[76.625496,25.375111],[76.602547,25.388981],[76.588966,25.43149],[76.564278,25.442402],[76.55632,25.479811],[76.520309,25.52993],[76.522209,25.55036],[76.509781,25.579821],[76.514732,25.633678],[76.499428,25.64834],[76.510803,25.672838],[76.477783,25.695061],[76.482391,25.71813],[76.530617,25.733971],[76.52224,25.76634],[76.529312,25.797972],[76.592728,25.874168],[76.626602,25.870871],[76.646126,25.908852],[76.674362,25.9118],[76.722206,25.900311],[76.745468,25.909231],[76.762413,25.92207],[76.753448,25.93224],[76.755913,25.94169],[76.785912,25.94047],[76.806313,25.952978],[76.818886,25.971251],[76.819847,25.98868],[76.84024,26.01129],[76.830406,26.029591],[76.870422,26.05645],[76.887779,26.093323],[76.938713,26.106079],[76.986038,26.132353],[77.004807,26.159241],[77.034737,26.181931],[77.091682,26.19088],[77.124031,26.237951],[77.170227,26.244511],[77.20311,26.2374],[77.289948,26.295591],[77.308167,26.315001],[77.318047,26.34638],[77.334671,26.357231],[77.366249,26.371519],[77.382889,26.36241],[77.436768,26.368141],[77.439728,26.378691],[77.426407,26.39551],[77.427719,26.40691],[77.522881,26.414911],[77.551483,26.440559],[77.608742,26.459341],[77.626717,26.48299],[77.667686,26.50831],[77.69503,26.50087],[77.713982,26.50425],[77.744347,26.54525],[77.767006,26.553478],[77.812996,26.55481],[77.824677,26.572741],[77.820412,26.599838],[77.842438,26.615179],[77.879387,26.620291],[77.894577,26.66221],[77.947891,26.665041],[77.992218,26.702641],[78.069389,26.678511],[78.085739,26.68305],[78.089149,26.73811],[78.116058,26.75462],[78.09568,26.771799],[78.095383,26.789431],[78.105522,26.800753],[78.176117,26.791492],[78.179367,26.801161],[78.16095,26.82704],[78.167572,26.831951],[78.222992,26.83721],[78.260887,26.82095],[78.267792,26.849661],[78.282066,26.864088],[78.341202,26.873951],[78.364647,26.868841]]]}},{"type":"Feature","properties":{"name":"Maharashtra","code":""},"geometry":{"type":"MultiPolygon","coordinates":[[[[73.454582,15.888474],[73.456802,15.888752],[73.456802,15.887081],[73.454582,15.888474]]],[[[73.461525,15.889027],[73.464302,15.889584],[73.464302,15.886805],[73.461525,15.889027]]],[[[73.465141,15.894862],[73.467636,15.894584],[73.467361,15.893472],[73.465141,15.894862]]],[[[73.457077,16.04071],[73.462357,16.04431],[73.46125,16.038752],[73.457077,16.04071]]],[[[73.44236,16.100971],[73.444313,16.10153],[73.443748,16.099581],[73.44236,16.100971]]],[[[73.082359,17.818201],[73.085976,17.816528],[73.083458,17.81403],[73.082359,17.818201]]],[[[73.036797,18.051811],[73.03875,18.05014],[73.03653,18.05069],[73.036797,18.051811]]],[[[72.962906,18.30068],[72.967087,18.299305],[72.96347,18.29847],[72.962906,18.30068]]],[[[73.075691,18.30792],[73.079308,18.30625],[73.076248,18.304861],[73.075691,18.30792]]],[[[73.081253,18.321527],[73.082085,18.319027],[73.080414,18.319027],[73.081253,18.321527]]],[[[72.864304,18.635695],[72.865417,18.634027],[72.863472,18.632641],[72.864304,18.635695]]],[[[72.812637,18.70236],[72.814857,18.704584],[72.81514,18.702921],[72.812637,18.70236]]],[[[72.841805,18.708195],[72.842636,18.706251],[72.841248,18.705141],[72.841805,18.708195]]],[[[72.901527,18.964312],[72.90847,18.959583],[72.908752,18.953192],[72.903473,18.95653],[72.901527,18.942917],[72.89875,18.940969],[72.901527,18.964312]]],[[[72.939026,18.972361],[72.942093,18.965691],[72.934029,18.95208],[72.924309,18.963472],[72.939026,18.972361]]],[[[73.025696,18.99736],[73.028198,18.998751],[73.028473,18.992916],[73.025696,18.99736]]],[[[72.780418,19.132917],[72.78347,19.134861],[72.78347,19.13236],[72.780418,19.132917]]],[[[72.72625,19.467081],[72.736526,19.465696],[72.732918,19.457361],[72.72625,19.467081]]],[[[74.435547,22.030998],[74.446037,22.02652],[74.444519,22.015991],[74.453819,22.00617],[74.436218,22.00223],[74.448639,21.97113],[74.493401,21.954491],[74.489853,21.947149],[74.515556,21.93392],[74.514641,21.922468],[74.527496,21.908781],[74.503647,21.807182],[74.505966,21.78261],[74.51786,21.763708],[74.511757,21.724951],[74.52433,21.717918],[74.55172,21.718948],[74.560966,21.701981],[74.557297,21.683533],[74.584167,21.68474],[74.590553,21.66416],[74.663261,21.65287],[74.703796,21.62936],[74.793083,21.610338],[74.802879,21.616131],[74.832458,21.610901],[74.864861,21.634029],[74.901878,21.63023],[74.920387,21.612751],[74.994743,21.591091],[75.017838,21.572611],[75.057747,21.564939],[75.089996,21.514332],[75.106667,21.469629],[75.122978,21.453333],[75.219856,21.41087],[75.236366,21.417101],[75.259109,21.405218],[75.299629,21.415661],[75.301903,21.38925],[75.311958,21.395281],[75.353783,21.39349],[75.361382,21.403231],[75.398392,21.38298],[75.413376,21.391068],[75.468407,21.394201],[75.524582,21.387161],[75.548149,21.37249],[75.559807,21.382261],[75.581253,21.37986],[75.576553,21.385521],[75.608917,21.395],[75.629463,21.381229],[75.673416,21.38035],[75.732941,21.39333],[75.758942,21.38549],[75.801407,21.39015],[75.832626,21.383301],[75.888107,21.39963],[75.916542,21.389828],[75.959396,21.396191],[75.984879,21.377178],[76.027496,21.368139],[76.052376,21.352701],[76.098671,21.373928],[76.129257,21.29751],[76.144997,21.287771],[76.159218,21.259142],[76.144402,21.238091],[76.164032,21.224173],[76.172722,21.18829],[76.166847,21.170721],[76.127419,21.177919],[76.114319,21.17046],[76.139923,21.140068],[76.135666,21.126211],[76.168457,21.105412],[76.168648,21.085821],[76.262108,21.094702],[76.281769,21.07531],[76.376373,21.077311],[76.409439,21.09409],[76.411827,21.107269],[76.45269,21.114868],[76.457512,21.13834],[76.47702,21.1553],[76.482452,21.188231],[76.491173,21.197821],[76.529198,21.189293],[76.559387,21.205811],[76.623367,21.192659],[76.642578,21.247721],[76.658493,21.24781],[76.661072,21.282421],[76.624527,21.3351],[76.732086,21.40881],[76.743393,21.44314],[76.784187,21.46649],[76.791801,21.489891],[76.762932,21.52265],[76.787827,21.540131],[76.780243,21.562468],[76.795349,21.59754],[76.833549,21.593069],[76.85215,21.61503],[76.901123,21.600809],[76.997276,21.68161],[77.059486,21.7094],[77.072327,21.722931],[77.121101,21.725349],[77.157776,21.713409],[77.171448,21.727261],[77.188026,21.72257],[77.184326,21.70446],[77.20742,21.69401],[77.221596,21.700109],[77.224602,21.71789],[77.258026,21.71583],[77.26738,21.729071],[77.28315,21.72422],[77.286903,21.736443],[77.277077,21.759809],[77.28624,21.762751],[77.401131,21.75618],[77.475471,21.771441],[77.475868,21.757881],[77.496872,21.749201],[77.521042,21.71413],[77.533386,21.71269],[77.542183,21.701031],[77.571327,21.627041],[77.570999,21.56262],[77.590683,21.561611],[77.607117,21.54277],[77.589249,21.53035],[77.566986,21.529751],[77.504356,21.554668],[77.457512,21.55657],[77.416969,21.53306],[77.439217,21.489323],[77.438309,21.472919],[77.469307,21.4569],[77.487022,21.37775],[77.548409,21.381229],[77.584442,21.364479],[77.604813,21.366993],[77.601547,21.393559],[77.639206,21.387939],[77.65097,21.393391],[77.662086,21.387972],[77.667221,21.37149],[77.691132,21.39707],[77.692596,21.38065],[77.70433,21.377701],[77.705246,21.35907],[77.733879,21.364731],[77.74649,21.384211],[77.793449,21.390739],[77.79937,21.4123],[77.883377,21.38549],[77.881866,21.377691],[77.938782,21.386909],[77.941116,21.398951],[77.980278,21.4028],[78.063713,21.43886],[78.169342,21.498501],[78.177643,21.514318],[78.168007,21.526041],[78.172737,21.553303],[78.180946,21.558681],[78.215477,21.55373],[78.269257,21.570711],[78.255409,21.585239],[78.266121,21.59428],[78.300003,21.585058],[78.304108,21.57143],[78.336777,21.590521],[78.347687,21.578861],[78.360962,21.578299],[78.377632,21.5956],[78.371658,21.61503],[78.379517,21.61865],[78.422562,21.60195],[78.413498,21.57774],[78.432182,21.519911],[78.430099,21.501751],[78.451698,21.497332],[78.456276,21.504452],[78.4804,21.506121],[78.50856,21.528433],[78.566528,21.515697],[78.5653,21.50598],[78.584869,21.486881],[78.605377,21.488371],[78.620972,21.477541],[78.637451,21.484198],[78.684067,21.48196],[78.72419,21.46438],[78.738838,21.4729],[78.746483,21.49387],[78.76104,21.489759],[78.772186,21.467131],[78.784622,21.48914],[78.851547,21.495701],[78.879852,21.48497],[78.895767,21.500568],[78.931831,21.4874],[78.940643,21.5137],[78.923439,21.523788],[78.924576,21.538681],[78.904427,21.55484],[78.91272,21.563129],[78.927826,21.560289],[78.911636,21.57091],[78.913239,21.59236],[78.940346,21.59376],[78.974762,21.617559],[78.994446,21.61875],[79.009552,21.6015],[79.07608,21.607681],[79.088089,21.59919],[79.104111,21.60936],[79.099167,21.6189],[79.14109,21.63953],[79.147827,21.660521],[79.219902,21.65081],[79.228401,21.671391],[79.21817,21.681261],[79.220917,21.69659],[79.234772,21.715208],[79.228691,21.723928],[79.26487,21.71492],[79.284813,21.693911],[79.34832,21.684408],[79.349022,21.67889],[79.394737,21.674591],[79.415779,21.691448],[79.440727,21.68224],[79.458511,21.687323],[79.488579,21.674122],[79.50264,21.6346],[79.51162,21.63113],[79.498192,21.61237],[79.505821,21.590281],[79.53756,21.568991],[79.536621,21.544218],[79.576149,21.54336],[79.608711,21.555931],[79.647476,21.557173],[79.658142,21.577332],[79.684837,21.58069],[79.69381,21.590952],[79.713821,21.591131],[79.73262,21.60253],[79.791817,21.581409],[79.825043,21.546721],[79.857079,21.530922],[79.915817,21.524481],[79.921249,21.5462],[79.936386,21.556801],[79.966248,21.55727],[79.993553,21.534712],[80.028229,21.557341],[80.063568,21.554581],[80.109901,21.59341],[80.114937,21.60701],[80.147873,21.6063],[80.188217,21.634201],[80.204697,21.633541],[80.216309,21.62034],[80.260223,21.62015],[80.28801,21.592291],[80.291916,21.57803],[80.320183,21.57358],[80.330093,21.554701],[80.324432,21.548717],[80.370613,21.520969],[80.375328,21.49114],[80.400963,21.465431],[80.411308,21.438202],[80.389076,21.407379],[80.403366,21.37649],[80.440407,21.372101],[80.448318,21.40233],[80.511406,21.391861],[80.53688,21.369131],[80.564171,21.35787],[80.561363,21.343309],[80.581627,21.341591],[80.593163,21.324791],[80.617752,21.319172],[80.656532,21.330772],[80.67379,21.30908],[80.670959,21.29591],[80.64489,21.276003],[80.635307,21.250139],[80.603447,21.227423],[80.550636,21.201172],[80.520737,21.203541],[80.507637,21.182442],[80.457298,21.17284],[80.438652,21.121401],[80.449249,21.11194],[80.439507,21.11178],[80.433319,21.097151],[80.447342,21.036621],[80.423759,21.00959],[80.438087,20.9921],[80.455559,20.93211],[80.473923,20.927361],[80.54184,20.93392],[80.555893,20.819681],[80.543343,20.7918],[80.545532,20.765369],[80.560188,20.711773],[80.580116,20.683641],[80.572792,20.67429],[80.507607,20.6546],[80.484848,20.63518],[80.481598,20.6171],[80.500099,20.586863],[80.511902,20.585119],[80.567307,20.612408],[80.622322,20.603863],[80.612862,20.590578],[80.61972,20.56732],[80.609947,20.55633],[80.603317,20.46242],[80.594688,20.446421],[80.603439,20.43325],[80.586021,20.395611],[80.602226,20.37644],[80.617767,20.333681],[80.605423,20.32019],[80.542023,20.306849],[80.510826,20.269611],[80.465446,20.271622],[80.382957,20.24172],[80.413986,20.190231],[80.394592,20.181589],[80.386017,20.162809],[80.393837,20.14402],[80.439629,20.12912],[80.45134,20.144871],[80.498032,20.13892],[80.503586,20.12879],[80.52359,20.124472],[80.540367,20.109833],[80.534958,20.0854],[80.546158,20.06571],[80.532539,20.003933],[80.545547,19.987181],[80.520378,19.93088],[80.480476,19.927801],[80.4645,19.946251],[80.443703,19.952671],[80.406296,19.932501],[80.407677,19.905903],[80.444443,19.893551],[80.46122,19.903431],[80.482651,19.898899],[80.49752,19.86875],[80.475021,19.857059],[80.460297,19.82803],[80.431656,19.810301],[80.39753,19.816231],[80.394707,19.794579],[80.452438,19.7929],[80.478088,19.772409],[80.48024,19.795441],[80.459549,19.811331],[80.469162,19.824661],[80.507507,19.829948],[80.542427,19.819271],[80.539673,19.774599],[80.570526,19.75474],[80.582077,19.738071],[80.633507,19.718491],[80.66584,19.692211],[80.656853,19.612261],[80.720993,19.608391],[80.764267,19.584831],[80.766411,19.568319],[80.785156,19.56041],[80.827606,19.562672],[80.845383,19.529173],[80.879051,19.51903],[80.889702,19.49925],[80.892067,19.465681],[80.867493,19.44346],[80.835083,19.442381],[80.787933,19.426701],[80.812737,19.38274],[80.845009,19.36091],[80.799347,19.325163],[80.778091,19.318541],[80.749237,19.286741],[80.688606,19.283489],[80.681801,19.295841],[80.684196,19.320028],[80.67189,19.326448],[80.610153,19.30714],[80.567818,19.400921],[80.53154,19.3743],[80.51384,19.3482],[80.475586,19.335043],[80.445427,19.26989],[80.42807,19.254381],[80.388451,19.243311],[80.379181,19.232611],[80.386673,19.18902],[80.324852,19.141533],[80.320862,19.124491],[80.331543,19.10108],[80.319946,19.088221],[80.322113,19.074871],[80.288841,19.046289],[80.293411,19.021591],[80.267723,18.987329],[80.267639,18.928789],[80.335732,18.856119],[80.348503,18.82394],[80.346222,18.811081],[80.294159,18.79059],[80.27182,18.76222],[80.254562,18.765951],[80.242157,18.759748],[80.240799,18.74869],[80.26754,18.71797],[80.246666,18.701321],[80.207878,18.70046],[80.188957,18.675581],[80.170967,18.67734],[80.158081,18.69594],[80.110817,18.676189],[80.061897,18.716513],[80.046356,18.720921],[80.012352,18.76676],[79.931992,18.78443],[79.894012,18.830839],[79.925507,18.837542],[79.939003,18.858892],[79.934486,19.0217],[79.92598,19.04249],[79.916107,19.047359],[79.859589,19.03463],[79.858047,19.104111],[79.871208,19.1227],[79.943207,19.170601],[79.922508,19.203409],[79.920166,19.22641],[79.945183,19.284121],[79.961777,19.297491],[79.957153,19.33457],[79.973053,19.40102],[79.94577,19.440781],[79.940208,19.46451],[79.911026,19.49234],[79.870216,19.504961],[79.828217,19.53701],[79.816597,19.56901],[79.793297,19.58009],[79.785423,19.59359],[79.740326,19.60314],[79.712929,19.58333],[79.639717,19.575001],[79.615807,19.55863],[79.598053,19.503771],[79.582657,19.503052],[79.552498,19.520042],[79.542656,19.548523],[79.514992,19.54195],[79.513397,19.518061],[79.470421,19.497452],[79.441261,19.53351],[79.413612,19.53348],[79.371193,19.561548],[79.369026,19.571232],[79.329681,19.573681],[79.314262,19.565521],[79.30484,19.590151],[79.243866,19.612553],[79.237701,19.599541],[79.250107,19.577681],[79.239769,19.559481],[79.236633,19.526798],[79.215706,19.51058],[79.206848,19.491671],[79.222939,19.467791],[79.177788,19.460691],[79.140266,19.50111],[79.104736,19.512741],[79.102867,19.52795],[79.063393,19.53125],[79.051521,19.545273],[79.018356,19.53997],[78.992859,19.56204],[78.978477,19.550922],[78.954552,19.55183],[78.949562,19.55747],[78.98053,19.585081],[78.96286,19.617323],[78.968956,19.649233],[78.954193,19.66341],[78.915909,19.66773],[78.890976,19.65526],[78.858803,19.656311],[78.86348,19.69677],[78.845627,19.75835],[78.80761,19.75799],[78.784866,19.778749],[78.73835,19.77943],[78.716446,19.7668],[78.695908,19.789711],[78.603653,19.817501],[78.584991,19.811689],[78.526268,19.821659],[78.51239,19.81428],[78.50367,19.792419],[78.493919,19.79315],[78.476189,19.81636],[78.428673,19.823111],[78.397659,19.836403],[78.385933,19.852701],[78.384148,19.879223],[78.33625,19.88319],[78.322968,19.894972],[78.335106,19.91011],[78.328377,19.916088],[78.310196,19.912741],[78.294128,19.84955],[78.338997,19.83918],[78.335983,19.818661],[78.360489,19.80574],[78.367737,19.78108],[78.353203,19.737751],[78.345413,19.734423],[78.345276,19.71357],[78.322693,19.70365],[78.316063,19.690552],[78.285812,19.689671],[78.269722,19.66313],[78.28756,19.654461],[78.310989,19.604179],[78.31115,19.57177],[78.296509,19.55838],[78.279106,19.558201],[78.295029,19.537281],[78.299431,19.504129],[78.310013,19.486431],[78.308891,19.456409],[78.297333,19.44883],[78.273216,19.45384],[78.251999,19.43005],[78.224266,19.434032],[78.198112,19.40745],[78.182167,19.41177],[78.187569,19.39562],[78.179596,19.35301],[78.197151,19.33173],[78.183151,19.278961],[78.186409,19.24935],[78.170059,19.23633],[78.149742,19.230051],[78.126709,19.246403],[78.099388,19.24548],[78.082253,19.25477],[78.051132,19.24176],[78.045746,19.270861],[77.948921,19.34128],[77.940628,19.342501],[77.912277,19.317951],[77.893257,19.321161],[77.860878,19.30213],[77.861923,19.2841],[77.900673,19.277128],[77.905708,19.26722],[77.900391,19.256121],[77.867386,19.25526],[77.84655,19.19698],[77.844536,19.18819],[77.858391,19.180773],[77.849243,19.155281],[77.831093,19.135653],[77.845192,19.11421],[77.848137,19.09008],[77.828613,19.084942],[77.81517,19.103662],[77.80265,19.101961],[77.793533,19.071211],[77.79718,19.05131],[77.761688,19.06204],[77.757393,19.028551],[77.765327,19.01539],[77.767357,18.981421],[77.781509,18.97632],[77.787132,18.984282],[77.817139,18.98237],[77.812691,18.949459],[77.853729,18.952278],[77.8405,18.911301],[77.881577,18.908531],[77.887672,18.88512],[77.898659,18.883739],[77.8992,18.867928],[77.925339,18.859211],[77.929649,18.846491],[77.944138,18.842291],[77.942551,18.82229],[77.907593,18.829519],[77.837463,18.807461],[77.786438,18.68412],[77.769402,18.69059],[77.764381,18.707939],[77.757629,18.70709],[77.732857,18.676001],[77.729721,18.642733],[77.748093,18.60531],[77.736511,18.55481],[77.712357,18.55444],[77.65757,18.527201],[77.645287,18.536301],[77.648811,18.55262],[77.634407,18.545181],[77.616333,18.54867],[77.613297,18.542391],[77.597267,18.547541],[77.593292,18.523142],[77.601448,18.52195],[77.586273,18.50292],[77.602837,18.491381],[77.601067,18.474211],[77.576523,18.48378],[77.570633,18.46686],[77.546196,18.463383],[77.583649,18.45355],[77.585213,18.44545],[77.560173,18.435049],[77.534508,18.4424],[77.52594,18.427351],[77.555206,18.417852],[77.549301,18.387718],[77.5214,18.364651],[77.519501,18.349253],[77.527328,18.339401],[77.55336,18.331223],[77.570229,18.30818],[77.549957,18.291349],[77.509506,18.30673],[77.510208,18.27844],[77.465393,18.25996],[77.436928,18.28204],[77.436371,18.306492],[77.407806,18.299561],[77.362526,18.30829],[77.355423,18.31852],[77.398331,18.3475],[77.391823,18.365931],[77.41011,18.388531],[77.400497,18.3978],[77.369751,18.400709],[77.36441,18.42985],[77.369629,18.447651],[77.354073,18.448742],[77.342079,18.43029],[77.33271,18.44846],[77.317413,18.453791],[77.313271,18.439381],[77.258362,18.410419],[77.240227,18.408648],[77.232872,18.386127],[77.245033,18.370588],[77.230812,18.36558],[77.209976,18.313742],[77.20015,18.31917],[77.195412,18.31271],[77.206177,18.27796],[77.170532,18.28087],[77.16568,18.25592],[77.147766,18.23765],[77.149986,18.21656],[77.095543,18.195101],[77.116333,18.167608],[77.108887,18.152691],[77.096619,18.158131],[77.086182,18.15027],[77.057671,18.152363],[77.049446,18.173208],[77.032837,18.183781],[77.021713,18.178221],[77.023987,18.16268],[76.997757,18.166849],[76.987892,18.188478],[76.954109,18.184891],[76.943756,18.154739],[76.933357,18.157909],[76.925369,18.144819],[76.931763,18.13658],[76.922562,18.11611],[76.953392,18.110111],[76.968277,18.097111],[76.947029,18.073761],[76.954643,18.03968],[76.917717,18.03323],[76.916443,17.915091],[76.900208,17.914688],[76.88118,17.893051],[76.853836,17.897839],[76.831757,17.890673],[76.833076,17.88275],[76.808228,17.883091],[76.802803,17.86832],[76.774567,17.876961],[76.765953,17.89843],[76.740677,17.89801],[76.737457,17.857059],[76.765739,17.8508],[76.78817,17.826471],[76.762756,17.787109],[76.739433,17.779131],[76.715706,17.781919],[76.717972,17.747869],[76.727608,17.737],[76.698151,17.72604],[76.703453,17.71862],[76.690872,17.701941],[76.690552,17.679953],[76.663139,17.68786],[76.655212,17.7164],[76.630653,17.729],[76.626953,17.75596],[76.614449,17.768312],[76.593246,17.71756],[76.573227,17.702169],[76.56459,17.75366],[76.573303,17.76],[76.523697,17.75889],[76.523636,17.715231],[76.486366,17.71352],[76.489296,17.660669],[76.452301,17.655548],[76.440849,17.64937],[76.442757,17.64187],[76.428726,17.644411],[76.415672,17.6042],[76.331673,17.59487],[76.340027,17.54257],[76.360901,17.536261],[76.366127,17.522173],[76.346336,17.51148],[76.343483,17.49435],[76.375038,17.493521],[76.350006,17.47213],[76.330803,17.468819],[76.333656,17.432293],[76.373177,17.43442],[76.362,17.37508],[76.408066,17.369289],[76.410637,17.347691],[76.39299,17.336281],[76.381706,17.31181],[76.352272,17.310591],[76.343613,17.349932],[76.313011,17.343271],[76.317207,17.329441],[76.275879,17.33053],[76.27018,17.356531],[76.25,17.357901],[76.244362,17.37468],[76.228996,17.36323],[76.172333,17.34873],[76.18383,17.311043],[76.175758,17.297211],[76.163803,17.300331],[76.163147,17.34091],[76.121208,17.366341],[76.095963,17.357813],[76.078743,17.33007],[76.054527,17.3543],[76.015457,17.350611],[76.000267,17.337749],[75.931152,17.32411],[75.893661,17.353621],[75.896431,17.394979],[75.887238,17.41733],[75.878448,17.41654],[75.878906,17.40033],[75.861969,17.385851],[75.856003,17.407682],[75.824722,17.42285],[75.815056,17.37385],[75.802338,17.370102],[75.782318,17.378813],[75.769768,17.406841],[75.737038,17.4219],[75.715179,17.408932],[75.691193,17.412611],[75.677559,17.457972],[75.63559,17.47751],[75.610138,17.41954],[75.615807,17.391859],[75.578537,17.382931],[75.584831,17.349779],[75.613106,17.342291],[75.616043,17.32876],[75.605957,17.303261],[75.624687,17.2938],[75.632317,17.272221],[75.657478,17.270571],[75.659889,17.26144],[75.662117,17.20833],[75.642647,17.18816],[75.630699,17.186161],[75.628021,17.17012],[75.652733,17.13273],[75.653633,17.113131],[75.674103,17.11355],[75.67849,17.094172],[75.678406,17.06286],[75.662689,17.061783],[75.643753,17.0364],[75.653999,17.03064],[75.672241,17.03573],[75.668831,16.97776],[75.674606,16.96027],[75.645027,16.951033],[75.636337,16.965811],[75.610657,16.96962],[75.60952,17.003111],[75.575798,17.007799],[75.569916,17.00617],[75.570343,16.963621],[75.532867,16.966652],[75.510651,16.947309],[75.492493,16.9429],[75.489693,16.965389],[75.467911,16.985331],[75.443802,16.97949],[75.431023,16.963461],[75.39476,16.976393],[75.345329,16.95252],[75.288437,16.954773],[75.285576,16.909431],[75.291779,16.901138],[75.282776,16.874241],[75.268303,16.860861],[75.243446,16.864491],[75.230011,16.840919],[75.215858,16.84034],[75.183197,16.842041],[75.189659,16.873501],[75.171753,16.864798],[75.141129,16.873541],[75.138397,16.892921],[75.118759,16.909971],[75.097969,16.91387],[75.090416,16.94865],[75.048149,16.938711],[75.031906,16.925671],[75.030296,16.94153],[75.0037,16.945827],[74.985817,16.92902],[74.969498,16.935911],[74.954536,16.93],[74.938393,16.94099],[74.927032,16.925623],[74.952843,16.906481],[74.967262,16.90538],[74.964096,16.87788],[74.939667,16.87652],[74.911957,16.85594],[74.915863,16.785681],[74.92382,16.769951],[74.854973,16.770769],[74.850342,16.760321],[74.800407,16.745651],[74.779007,16.74859],[74.736618,16.715839],[74.698196,16.7152],[74.69561,16.685831],[74.687279,16.67901],[74.696106,16.67498],[74.671738,16.66353],[74.660507,16.637581],[74.694313,16.615191],[74.690376,16.60446],[74.642807,16.606771],[74.636368,16.575741],[74.62394,16.581921],[74.616997,16.56797],[74.574051,16.55197],[74.559669,16.55975],[74.569817,16.581221],[74.565559,16.59038],[74.54985,16.59218],[74.551437,16.633211],[74.498009,16.62664],[74.477386,16.66078],[74.462837,16.644489],[74.472458,16.604811],[74.440819,16.598692],[74.428833,16.582729],[74.403481,16.578671],[74.389923,16.527901],[74.362587,16.53874],[74.365616,16.55707],[74.346123,16.54645],[74.329407,16.553471],[74.322227,16.5445],[74.323906,16.506298],[74.314117,16.502098],[74.306923,16.529171],[74.294479,16.531542],[74.289619,16.52257],[74.284317,16.543093],[74.271553,16.53866],[74.285759,16.50337],[74.253159,16.494881],[74.268776,16.47603],[74.282539,16.482571],[74.288948,16.50378],[74.299896,16.50263],[74.296318,16.459011],[74.338867,16.452162],[74.342651,16.400492],[74.364571,16.403238],[74.36911,16.394329],[74.359612,16.37882],[74.361656,16.36475],[74.351898,16.366301],[74.343063,16.390671],[74.335007,16.38872],[74.33255,16.37557],[74.325462,16.37925],[74.332237,16.356951],[74.323708,16.353611],[74.334396,16.340523],[74.323456,16.339891],[74.329117,16.33259],[74.323021,16.325123],[74.337273,16.323393],[74.332108,16.31076],[74.340591,16.311621],[74.348717,16.29147],[74.331787,16.28618],[74.333839,16.26807],[74.359863,16.27961],[74.353287,16.29184],[74.390381,16.290241],[74.391266,16.2756],[74.421227,16.28059],[74.422531,16.25745],[74.461227,16.24843],[74.473183,16.23852],[74.484123,16.246731],[74.508331,16.22294],[74.502113,16.21414],[74.513298,16.201229],[74.512878,16.188263],[74.497818,16.181339],[74.494667,16.155041],[74.485809,16.14699],[74.497108,16.11237],[74.48909,16.08732],[74.434593,16.11062],[74.415207,16.09182],[74.397316,16.08713],[74.397247,16.078388],[74.380997,16.07826],[74.368156,16.052959],[74.381737,16.05357],[74.378586,16.036621],[74.390053,16.03513],[74.440483,16.05702],[74.470276,16.040541],[74.435226,15.95117],[74.391869,15.901159],[74.411583,15.852591],[74.393433,15.85177],[74.374123,15.89161],[74.367027,15.871091],[74.344536,15.852051],[74.389313,15.84414],[74.366371,15.815491],[74.375801,15.801201],[74.364853,15.773651],[74.350937,15.76336],[74.32975,15.77038],[74.324081,15.75653],[74.292168,15.739311],[74.27401,15.75312],[74.250069,15.74118],[74.235237,15.75397],[74.23893,15.78454],[74.227348,15.785671],[74.204399,15.753401],[74.167671,15.74925],[74.160133,15.734349],[74.130623,15.717921],[74.141533,15.700361],[74.133598,15.678401],[74.096527,15.67085],[74.12603,15.65029],[74.122757,15.645221],[74.080551,15.62617],[74.039299,15.620851],[74.027931,15.6046],[74.002388,15.609052],[73.975983,15.628942],[73.969261,15.644321],[73.9757,15.659781],[73.971306,15.687251],[73.957237,15.696739],[73.95887,15.711291],[73.945366,15.741522],[73.882446,15.749351],[73.886856,15.770291],[73.873497,15.795321],[73.861588,15.79388],[73.856987,15.77823],[73.838783,15.76089],[73.833038,15.737752],[73.820396,15.73991],[73.797569,15.725092],[73.758247,15.732752],[73.737038,15.717251],[73.677086,15.725417],[73.648483,15.74569],[73.666527,15.75681],[73.674576,15.753191],[73.668747,15.758189],[73.663193,15.75764],[73.654297,15.787631],[73.662361,15.804583],[73.652641,15.794031],[73.636253,15.815694],[73.629585,15.845694],[73.621246,15.858751],[73.612923,15.854581],[73.590416,15.912361],[73.568748,15.912639],[73.537086,15.937639],[73.509857,15.937361],[73.501526,15.955421],[73.505966,15.9682],[73.488747,15.987917],[73.483192,16.035973],[73.466797,16.054029],[73.454865,16.05514],[73.467636,16.071251],[73.457077,16.08069],[73.462639,16.08625],[73.457359,16.120972],[73.435692,16.19903],[73.444031,16.198195],[73.439308,16.205141],[73.446251,16.205141],[73.449028,16.207916],[73.44236,16.206804],[73.447365,16.224583],[73.429863,16.199032],[73.410973,16.27347],[73.414864,16.283194],[73.433472,16.283751],[73.435699,16.28653],[73.417084,16.285694],[73.416809,16.292358],[73.410423,16.27792],[73.393753,16.314583],[73.395416,16.331812],[73.385406,16.336531],[73.389305,16.362083],[73.394302,16.35486],[73.410416,16.358194],[73.411247,16.362083],[73.36792,16.36347],[73.370972,16.389591],[73.373749,16.376251],[73.388748,16.39514],[73.401253,16.389591],[73.405418,16.404861],[73.365417,16.397638],[73.357086,16.44042],[73.358467,16.44153],[73.363747,16.439032],[73.364861,16.439583],[73.350418,16.445971],[73.325142,16.51375],[73.316246,16.51347],[73.31736,16.530701],[73.310143,16.53903],[73.318176,16.556528],[73.322083,16.551805],[73.334862,16.561531],[73.346802,16.52986],[73.364029,16.515972],[73.36348,16.51181],[73.350136,16.507084],[73.34903,16.504301],[73.366806,16.51321],[73.390137,16.509863],[73.390137,16.514311],[73.357918,16.526251],[73.354309,16.539305],[73.372917,16.539862],[73.350693,16.54347],[73.345703,16.556528],[73.373466,16.55014],[73.394028,16.552641],[73.356247,16.555416],[73.354858,16.565971],[73.362083,16.56625],[73.362358,16.568472],[73.342636,16.56625],[73.344856,16.57626],[73.324028,16.581806],[73.316803,16.600969],[73.330696,16.608473],[73.347076,16.59514],[73.352638,16.596531],[73.340698,16.605421],[73.350983,16.611811],[73.351807,16.625139],[73.330696,16.62014],[73.342087,16.628189],[73.339859,16.638201],[73.323753,16.63625],[73.321808,16.642363],[73.333191,16.653469],[73.329582,16.685696],[73.337357,16.684589],[73.339584,16.685696],[73.318176,16.696529],[73.30542,16.729305],[73.30764,16.78014],[73.317642,16.805973],[73.333191,16.81653],[73.32653,16.820696],[73.311249,16.806807],[73.295418,16.816792],[73.287918,16.843472],[73.293198,16.849028],[73.287918,16.858192],[73.294861,16.862083],[73.285698,16.880701],[73.296806,16.88986],[73.31237,16.88764],[73.313469,16.88903],[73.293747,16.897921],[73.277084,16.892084],[73.286797,16.916241],[73.281807,16.949581],[73.292084,16.956806],[73.294304,16.985971],[73.279861,16.992361],[73.270973,16.986528],[73.269302,17.000139],[73.282913,17.000971],[73.283752,17.012083],[73.276253,17.023472],[73.257362,17.019581],[73.254303,17.027361],[73.255966,17.04792],[73.265976,17.04764],[73.277641,17.034031],[73.275414,17.025417],[73.282639,17.017916],[73.289864,17.021807],[73.286247,17.01792],[73.286247,17.00931],[73.289307,17.006821],[73.293198,17.02264],[73.280418,17.03208],[73.284309,17.040138],[73.313751,17.033195],[73.319862,17.038195],[73.302635,17.037361],[73.290138,17.04764],[73.278473,17.040419],[73.287918,17.054312],[73.2882,17.07542],[73.298195,17.078472],[73.283203,17.07958],[73.28347,17.113195],[73.265976,17.112917],[73.272636,17.120419],[73.252907,17.18903],[73.231247,17.198195],[73.24514,17.196529],[73.247093,17.210421],[73.231529,17.245972],[73.223198,17.247639],[73.228752,17.250971],[73.221527,17.255695],[73.223473,17.266529],[73.211807,17.275696],[73.204582,17.26848],[73.202362,17.288197],[73.189308,17.29792],[73.195694,17.306805],[73.204857,17.29875],[73.222092,17.302919],[73.227638,17.28153],[73.244026,17.307362],[73.242638,17.31875],[73.229309,17.319031],[73.21875,17.329308],[73.226807,17.334305],[73.214584,17.345694],[73.219856,17.356531],[73.207077,17.38431],[73.176529,17.38736],[73.167084,17.405138],[73.178749,17.406803],[73.18708,17.414577],[73.186806,17.430695],[73.205696,17.43903],[73.185974,17.441805],[73.184029,17.455694],[73.193748,17.468472],[73.184029,17.505699],[73.162102,17.53014],[73.154305,17.529305],[73.137085,17.555973],[73.140419,17.568472],[73.152359,17.57375],[73.163193,17.56847],[73.168472,17.582361],[73.143738,17.601801],[73.127083,17.637081],[73.135696,17.644583],[73.114029,17.694309],[73.135696,17.70764],[73.135139,17.716249],[73.112083,17.789583],[73.095695,17.810972],[73.08847,17.808201],[73.094856,17.82403],[73.087357,17.838751],[73.09375,17.841808],[73.114861,17.833469],[73.124863,17.835972],[73.134033,17.824581],[73.132637,17.830139],[73.125137,17.836811],[73.096809,17.84292],[73.101807,17.844584],[73.090416,17.843752],[73.071251,17.88875],[73.075974,17.896805],[73.063469,17.890694],[73.05014,17.906807],[73.052086,17.929029],[73.072357,17.927361],[73.092361,17.940695],[73.070419,17.929029],[73.041542,17.93236],[73.029602,17.944311],[73.029305,17.966806],[73.038193,17.98431],[73.017914,17.990973],[73.016808,18.006531],[73.002083,18.02125],[73.023468,18.02375],[73.045418,18.041531],[73.029587,18.032084],[73.02153,18.039305],[73.039581,18.04875],[73.040413,18.053194],[73.025139,18.050421],[73.015694,18.032084],[73.00486,18.052641],[72.989861,18.05514],[73.002907,18.075701],[72.97097,18.13208],[72.981804,18.137083],[72.990417,18.157915],[72.979027,18.192638],[72.98764,18.195141],[72.955696,18.219591],[72.930969,18.220417],[72.942642,18.24682],[72.935417,18.28153],[72.964577,18.28014],[72.981529,18.242081],[73.017906,18.245703],[73.069305,18.222082],[73.070686,18.207361],[73.05764,18.19903],[73.055695,18.187084],[73.071526,18.172361],[73.068748,18.165409],[73.07708,18.164862],[73.072639,18.15653],[73.079308,18.162371],[73.088196,18.151527],[73.083748,18.16181],[73.09153,18.167921],[73.059586,18.190695],[73.075691,18.19986],[73.080399,18.231253],[73.061531,18.250973],[73.067917,18.270142],[73.042923,18.297079],[73.048195,18.303749],[73.076805,18.29847],[73.07653,18.296247],[73.08625,18.287916],[73.077637,18.29847],[73.087906,18.326811],[73.08403,18.329309],[73.068192,18.304861],[73.050423,18.30792],[73.040138,18.301531],[73.054581,18.27042],[73.027916,18.264305],[73.01236,18.283749],[73.00042,18.284309],[72.99292,18.273472],[72.981529,18.299864],[72.970413,18.299583],[72.967636,18.310141],[72.955406,18.315969],[72.960976,18.319584],[72.950966,18.336248],[72.934029,18.342916],[72.934303,18.350973],[72.919861,18.346806],[72.914017,18.354853],[72.911247,18.36681],[72.926247,18.372915],[72.926247,18.38653],[72.906525,18.402637],[72.909019,18.42181],[72.895416,18.472643],[72.904587,18.50264],[72.911247,18.503193],[72.904587,18.539305],[72.917358,18.52903],[72.928467,18.541811],[72.884026,18.638472],[72.898483,18.62958],[72.901802,18.632643],[72.88736,18.641251],[72.870407,18.63958],[72.855141,18.69681],[72.864296,18.721251],[72.863472,18.791248],[72.869308,18.804583],[72.887077,18.803749],[72.88736,18.798197],[72.900696,18.804031],[72.916252,18.79236],[72.940697,18.827921],[72.970413,18.78986],[72.982643,18.80958],[72.980698,18.850695],[72.988747,18.865973],[72.946533,18.846252],[72.926529,18.850971],[72.908195,18.885695],[72.907913,18.902084],[72.927361,18.911531],[72.941803,18.895416],[72.94236,18.909307],[72.957642,18.908472],[72.96125,18.923195],[72.939316,18.945971],[72.955696,18.97403],[72.979309,18.962639],[73.012642,18.977638],[73.031517,18.993191],[73.032349,18.99931],[73.002907,19.00153],[73.003746,19.029322],[72.99292,19.059032],[72.963196,19.058472],[72.955414,19.027639],[72.918472,18.99958],[72.906807,18.99931],[72.909302,18.991249],[72.885971,18.99958],[72.885139,19.009029],[72.862076,19.002918],[72.844307,18.929029],[72.838196,18.928471],[72.844864,18.924862],[72.833191,18.921249],[72.80764,18.89097],[72.803749,18.908472],[72.825417,18.91958],[72.818474,18.924862],[72.823471,18.94153],[72.808197,18.954861],[72.793198,18.938749],[72.791817,18.950701],[72.814026,18.98181],[72.814583,19.027082],[72.82653,19.018471],[72.838196,19.039282],[72.834862,19.049864],[72.824303,19.03764],[72.815971,19.04236],[72.826813,19.09403],[72.821526,19.122084],[72.803467,19.141533],[72.829582,19.16597],[72.829865,19.182364],[72.804306,19.15097],[72.79792,19.155972],[72.802635,19.14514],[72.793472,19.12986],[72.786247,19.12958],[72.789017,19.150141],[72.780136,19.16625],[72.794586,19.172081],[72.796806,19.19903],[72.828186,19.245701],[72.839584,19.250692],[72.839577,19.267361],[72.836525,19.251249],[72.820419,19.245419],[72.805138,19.22097],[72.79847,19.223192],[72.804031,19.21874],[72.793747,19.195974],[72.782364,19.193195],[72.786247,19.202641],[72.779297,19.205421],[72.77597,19.224585],[72.784584,19.265972],[72.778198,19.279039],[72.799026,19.331251],[72.757637,19.375973],[72.765976,19.393194],[72.744583,19.462921],[72.780136,19.491253],[72.786247,19.525972],[72.783195,19.528749],[72.775406,19.526529],[72.784027,19.525702],[72.78347,19.516251],[72.764862,19.504305],[72.718193,19.53875],[72.72097,19.56653],[72.712639,19.59597],[72.737923,19.597919],[72.730141,19.60125],[72.727913,19.624861],[72.712906,19.644581],[72.709862,19.70681],[72.693748,19.729313],[72.708748,19.72625],[72.719307,19.75514],[72.706802,19.732361],[72.693466,19.735691],[72.685417,19.760139],[72.689583,19.802919],[72.695686,19.804861],[72.688469,19.805695],[72.68708,19.79431],[72.676247,19.817083],[72.659302,19.820971],[72.650696,19.854311],[72.654587,19.85903],[72.672638,19.85264],[72.681252,19.865139],[72.677086,19.91931],[72.664307,19.93292],[72.69014,19.958195],[72.719856,19.968752],[72.734306,19.942638],[72.754028,19.93903],[72.75486,19.927361],[72.755417,19.93903],[72.753746,19.94264],[72.737915,19.944305],[72.732918,19.96125],[72.716248,19.972361],[72.721527,20.001249],[72.707642,20.070141],[72.711533,20.079309],[72.726807,20.083191],[72.73764,20.136539],[72.801849,20.125019],[72.802063,20.14847],[72.815857,20.15328],[72.835342,20.144642],[72.828842,20.15657],[72.835533,20.18766],[72.84967,20.189251],[72.844139,20.19779],[72.850288,20.207941],[72.872002,20.208241],[72.874542,20.225809],[72.910866,20.226061],[72.970428,20.21233],[72.976196,20.180019],[72.986687,20.17131],[72.973228,20.1308],[72.989243,20.113213],[73.004311,20.11792],[73.010513,20.140223],[73.017479,20.134958],[73.010208,20.110401],[73.045273,20.071781],[73.059212,20.06793],[73.060638,20.09906],[73.09845,20.09367],[73.117546,20.07881],[73.136696,20.085251],[73.1633,20.073111],[73.181442,20.05162],[73.198906,20.062271],[73.198036,20.07781],[73.219116,20.0975],[73.216316,20.122],[73.226723,20.12258],[73.232643,20.1406],[73.238121,20.128111],[73.259468,20.12464],[73.268463,20.13929],[73.293633,20.153881],[73.29406,20.193861],[73.31115,20.207211],[73.352852,20.198471],[73.367599,20.213371],[73.364799,20.200998],[73.374313,20.192659],[73.376328,20.20532],[73.395287,20.209169],[73.398079,20.196001],[73.426826,20.201571],[73.42041,20.257],[73.424622,20.276831],[73.436943,20.282122],[73.414787,20.381571],[73.391579,20.37289],[73.39135,20.3902],[73.429741,20.414391],[73.449013,20.4667],[73.475937,20.49502],[73.472267,20.51405],[73.50074,20.540241],[73.481796,20.54336],[73.48082,20.583599],[73.4375,20.597471],[73.430786,20.620531],[73.415962,20.626162],[73.401581,20.64921],[73.439919,20.664841],[73.454529,20.68605],[73.447296,20.701111],[73.458687,20.714319],[73.475189,20.72167],[73.482613,20.71723],[73.497292,20.68602],[73.487411,20.67555],[73.498436,20.653419],[73.517807,20.670141],[73.538376,20.673861],[73.562943,20.64739],[73.584183,20.6479],[73.622192,20.625299],[73.636772,20.57929],[73.670708,20.56234],[73.701019,20.578381],[73.748207,20.56736],[73.787056,20.602259],[73.805962,20.601521],[73.838287,20.615761],[73.846413,20.62352],[73.845352,20.66707],[73.841507,20.675138],[73.825432,20.673618],[73.822647,20.693821],[73.842758,20.70212],[73.863602,20.6943],[73.885567,20.72961],[73.920906,20.72353],[73.949532,20.74231],[73.947182,20.76078],[73.938347,20.76079],[73.945099,20.840132],[73.931061,20.848391],[73.927322,20.899111],[73.89502,20.94014],[73.901787,20.9617],[73.915382,20.964821],[73.906448,20.98315],[73.879189,20.986471],[73.850128,21.001419],[73.846832,20.99399],[73.816406,20.996052],[73.807701,21.022558],[73.784706,21.019569],[73.774857,21.01045],[73.769447,21.014521],[73.775642,21.027601],[73.766068,21.040051],[73.747612,21.03998],[73.742188,21.0555],[73.739067,21.094839],[73.752609,21.11409],[73.738892,21.10133],[73.714783,21.107191],[73.710587,21.119022],[73.69339,21.10099],[73.659943,21.108379],[73.65773,21.12105],[73.628723,21.12015],[73.623596,21.137991],[73.629082,21.141661],[73.611473,21.154461],[73.588799,21.15419],[73.588303,21.1679],[73.613167,21.17606],[73.619698,21.157949],[73.637451,21.153139],[73.636398,21.13266],[73.681313,21.152121],[73.713196,21.150461],[73.717072,21.141741],[73.736687,21.138281],[73.747971,21.151531],[73.741623,21.16711],[73.783661,21.16506],[73.79631,21.18173],[73.822548,21.171921],[73.835907,21.195181],[73.821342,21.19532],[73.818779,21.203859],[73.820137,21.221861],[73.836349,21.24234],[73.832138,21.26745],[73.891991,21.262411],[73.948486,21.29755],[73.957008,21.344452],[73.952843,21.40237],[73.968697,21.392061],[74.015793,21.41798],[74.048546,21.41943],[74.067162,21.481932],[74.078148,21.457811],[74.108986,21.448023],[74.122459,21.450701],[74.128922,21.46352],[74.156487,21.453131],[74.185539,21.467022],[74.222633,21.45899],[74.22905,21.479601],[74.238731,21.478413],[74.249672,21.46287],[74.268379,21.474739],[74.305916,21.479391],[74.327721,21.49575],[74.335518,21.54023],[74.315819,21.543171],[74.309967,21.567322],[74.285347,21.55492],[74.270111,21.535631],[74.254967,21.536461],[74.239197,21.550291],[74.205238,21.529211],[74.182869,21.56156],[74.145828,21.550341],[74.135201,21.556881],[74.069206,21.559509],[74.04715,21.549681],[74.025558,21.55262],[74.005341,21.54077],[73.983521,21.542042],[73.985687,21.52136],[73.974457,21.52408],[73.966316,21.53907],[73.957283,21.516472],[73.939407,21.510111],[73.933777,21.52359],[73.910477,21.52017],[73.903603,21.508753],[73.882568,21.509783],[73.860786,21.495823],[73.845032,21.521568],[73.823151,21.600679],[73.806839,21.602371],[73.787613,21.62505],[73.800133,21.63464],[73.829033,21.63979],[73.845238,21.63316],[73.885628,21.64506],[73.898102,21.667271],[73.896362,21.700281],[73.831207,21.76289],[73.841293,21.76865],[73.838379,21.78413],[73.844963,21.790682],[73.83567,21.79348],[73.832108,21.81085],[73.813568,21.81012],[73.810516,21.823338],[73.841522,21.838501],[73.879601,21.83864],[73.899513,21.85449],[73.936363,21.86315],[74.046669,21.92281],[74.138161,21.953371],[74.156921,21.952801],[74.201637,21.925529],[74.290649,21.93606],[74.304398,21.969179],[74.349358,21.976391],[74.373756,21.996189],[74.388313,22.02018],[74.435547,22.030998]]]]}},{"type":"Feature","properties":{"name":"Manipur","code":""},"geometry":{"type":"Polygon","coordinates":[[[94.577232,25.648331],[94.5952,25.64385],[94.55574,25.585812],[94.564659,25.56794],[94.557419,25.51277],[94.632973,25.465658],[94.665977,25.4554],[94.682426,25.45973],[94.673828,25.416201],[94.649193,25.406351],[94.63118,25.387291],[94.622116,25.33676],[94.598679,25.28907],[94.585358,25.21575],[94.608871,25.191048],[94.63092,25.19038],[94.647781,25.174412],[94.687187,25.157871],[94.703476,25.159781],[94.745659,25.136591],[94.750717,25.063519],[94.74221,25.025249],[94.70314,24.978271],[94.703812,24.963551],[94.71907,24.942471],[94.701508,24.927561],[94.688942,24.895021],[94.656837,24.873598],[94.637848,24.84236],[94.624832,24.795811],[94.633308,24.764961],[94.610847,24.722113],[94.590988,24.71093],[94.581657,24.73134],[94.573441,24.722021],[94.576561,24.712061],[94.550987,24.716539],[94.550743,24.674919],[94.531487,24.632391],[94.502419,24.596359],[94.465492,24.57556],[94.429596,24.49334],[94.403419,24.48778],[94.411499,24.46965],[94.400452,24.46207],[94.408913,24.44412],[94.403908,24.421141],[94.365341,24.399679],[94.386108,24.384621],[94.383369,24.37941],[94.351753,24.34201],[94.326347,24.338949],[94.327988,24.292431],[94.313248,24.25408],[94.295143,24.239851],[94.28373,24.17988],[94.262718,24.167747],[94.259697,24.08956],[94.247177,24.062563],[94.23307,24.0669],[94.245323,24.044243],[94.194496,23.96501],[94.195969,23.937721],[94.170776,23.935093],[94.161461,23.852779],[94.139297,23.8559],[94.135147,23.846071],[94.122643,23.84273],[94.096092,23.893572],[94.05661,23.8976],[94.043221,23.918001],[94.017693,23.93395],[93.969383,23.933941],[93.953781,23.950199],[93.907021,23.95714],[93.866226,23.93792],[93.815987,23.929829],[93.756943,24.009493],[93.739952,23.99917],[93.620659,24.01424],[93.620911,23.991199],[93.603462,23.969591],[93.580063,23.970291],[93.563538,23.989578],[93.554932,23.965219],[93.508713,23.9489],[93.468857,23.97394],[93.46698,23.99931],[93.444031,24.02776],[93.424736,24.071711],[93.366432,24.09297],[93.351433,24.112419],[93.353836,24.097681],[93.334007,24.09013],[93.34201,24.067438],[93.337372,24.0534],[93.288193,24.05155],[93.255287,24.02379],[93.25238,24.033831],[93.266609,24.060261],[93.263718,24.072821],[93.248016,24.085339],[93.223839,24.084011],[93.216736,24.05006],[93.169838,24.054953],[93.169876,24.075062],[93.142197,24.086788],[93.129372,24.064081],[93.100922,24.04509],[93.102348,24.074011],[93.079491,24.10297],[93.053688,24.090691],[92.996422,24.11673],[92.976379,24.11482],[92.973602,24.12388],[92.98941,24.131781],[92.991127,24.15033],[93.005447,24.16061],[93.003311,24.174049],[93.010918,24.182213],[93.003036,24.197521],[93.016617,24.200031],[93.022293,24.21006],[93.019409,24.228849],[93.026588,24.232632],[93.006706,24.25396],[93.013916,24.271669],[93.008217,24.280479],[93.035233,24.318399],[93.043373,24.34339],[93.021568,24.346821],[93.017097,24.379961],[93.024353,24.390471],[93.000496,24.403271],[93.006447,24.41193],[93.015991,24.402531],[93.039169,24.411131],[93.03215,24.42886],[93.037903,24.461151],[93.048256,24.463961],[93.048523,24.475483],[93.035767,24.496948],[93.044327,24.5058],[93.04142,24.514591],[93.052826,24.51965],[93.052681,24.54472],[93.061218,24.554779],[93.065536,24.54727],[93.072693,24.56109],[93.061119,24.574833],[93.087143,24.57118],[93.106979,24.583561],[93.075417,24.59623],[93.086761,24.61133],[93.079422,24.621323],[93.089386,24.62763],[93.084846,24.647671],[93.096283,24.652719],[93.104706,24.675343],[93.091797,24.677811],[93.093193,24.687853],[93.075867,24.71039],[93.088783,24.70919],[93.107246,24.741899],[93.09864,24.744381],[93.109787,24.80974],[93.122673,24.81983],[93.121277,24.808531],[93.137062,24.81109],[93.152946,24.78978],[93.174423,24.803671],[93.178757,24.796141],[93.181587,24.804939],[93.197357,24.81126],[93.191597,24.822561],[93.19297,24.836382],[93.201553,24.840172],[93.194382,24.84392],[93.201553,24.843941],[93.197197,24.856491],[93.208702,24.856531],[93.229088,24.8773],[93.230492,24.894901],[93.243378,24.903742],[93.238991,24.91503],[93.253258,24.918831],[93.24305,24.93133],[93.248497,24.9401],[93.239983,24.938843],[93.25412,24.942619],[93.249237,24.95508],[93.262413,24.95137],[93.263237,24.966379],[93.251526,24.981421],[93.255676,25.002201],[93.263321,25.004238],[93.246948,25.003632],[93.24884,25.018801],[93.25779,25.021742],[93.268181,25.049681],[93.304596,25.047993],[93.312721,25.077959],[93.335777,25.09584],[93.349213,25.125408],[93.353073,25.181801],[93.403572,25.263071],[93.420708,25.26626],[93.42643,25.281061],[93.459969,25.294731],[93.474022,25.30928],[93.476753,25.279039],[93.510788,25.275608],[93.505142,25.244131],[93.55471,25.250528],[93.590286,25.21995],[93.593033,25.203913],[93.608017,25.202051],[93.672943,25.31151],[93.672073,25.328711],[93.687126,25.331211],[93.69278,25.361589],[93.71804,25.361601],[93.723106,25.375582],[93.739792,25.384418],[93.746666,25.40571],[93.781067,25.424711],[93.808998,25.46559],[93.813889,25.48473],[93.804047,25.499029],[93.788467,25.506491],[93.765793,25.499901],[93.770638,25.540279],[93.819717,25.54439],[93.836487,25.563061],[93.862236,25.557529],[93.900238,25.568729],[93.965218,25.556578],[93.980469,25.571253],[94.010422,25.571312],[94.007652,25.59094],[94.014732,25.59613],[94.054123,25.576759],[94.06942,25.558981],[94.085953,25.559731],[94.096199,25.541719],[94.09211,25.53273],[94.138733,25.523701],[94.16011,25.55525],[94.167908,25.54701],[94.19487,25.552429],[94.190727,25.530781],[94.214851,25.50024],[94.25206,25.499071],[94.286743,25.5117],[94.308983,25.493801],[94.388542,25.53657],[94.420273,25.54265],[94.430023,25.592722],[94.447823,25.598042],[94.474037,25.621641],[94.505371,25.616993],[94.524193,25.643433],[94.551781,25.66246],[94.573013,25.697651],[94.596947,25.686911],[94.577232,25.648331]]]}},{"type":"Feature","properties":{"name":"Meghalaya","code":""},"geometry":{"type":"Polygon","coordinates":[[[91.819313,26.11874],[91.875786,26.097731],[91.869347,26.05686],[91.883232,26.030001],[91.916969,26.021461],[91.922096,25.999531],[91.933968,26.014669],[91.978172,26.02585],[91.991066,26.041033],[92.052856,26.032831],[92.093361,26.048521],[92.133118,26.045891],[92.178307,26.07951],[92.180443,26.068501],[92.212013,26.070971],[92.241173,26.06254],[92.301582,26.07649],[92.221687,25.998602],[92.167397,25.967699],[92.156319,25.944799],[92.163696,25.911791],[92.180893,25.90859],[92.197182,25.91803],[92.2006,25.908241],[92.225479,25.907049],[92.179886,25.870173],[92.180962,25.85136],[92.153107,25.81275],[92.150993,25.783649],[92.165527,25.734449],[92.149567,25.714508],[92.161453,25.69598],[92.160698,25.67186],[92.170952,25.66688],[92.228996,25.716209],[92.236847,25.708391],[92.270523,25.710932],[92.308258,25.726151],[92.333542,25.725231],[92.385101,25.753563],[92.386963,25.743111],[92.410736,25.74313],[92.416977,25.729681],[92.433167,25.731453],[92.442017,25.72086],[92.427223,25.710411],[92.432137,25.69101],[92.465446,25.682461],[92.501709,25.622931],[92.557617,25.611988],[92.560959,25.574251],[92.572502,25.560421],[92.587479,25.552988],[92.602592,25.557381],[92.653458,25.59218],[92.660652,25.570318],[92.649879,25.560011],[92.644699,25.537441],[92.575592,25.490431],[92.567413,25.46747],[92.59816,25.471651],[92.609093,25.416571],[92.628647,25.42503],[92.629303,25.434641],[92.641632,25.419533],[92.654282,25.435341],[92.660103,25.41036],[92.673767,25.417141],[92.718102,25.374983],[92.737053,25.38125],[92.760567,25.335279],[92.772453,25.339611],[92.78437,25.332539],[92.792221,25.285181],[92.76976,25.26893],[92.776703,25.260538],[92.764648,25.24935],[92.77224,25.233259],[92.803566,25.217239],[92.779572,25.20311],[92.747139,25.207769],[92.693939,25.181351],[92.666908,25.177061],[92.659538,25.159121],[92.638008,25.14522],[92.621643,25.117701],[92.524666,25.14003],[92.525223,25.12558],[92.542946,25.0996],[92.484299,25.108061],[92.474617,25.070801],[92.459839,25.054661],[92.463257,25.037128],[92.446533,25.042042],[92.425903,25.03182],[92.347168,25.052191],[92.35659,25.06777],[92.347832,25.078253],[92.33004,25.081751],[92.314941,25.07233],[92.233543,25.097],[92.212318,25.116461],[92.232323,25.11961],[92.203308,25.128321],[92.187546,25.12196],[92.139496,25.1455],[92.145287,25.158991],[92.139717,25.16243],[92.07177,25.189623],[92.030563,25.18207],[92.013939,25.190191],[91.988861,25.175621],[91.922249,25.187059],[91.86747,25.17787],[91.834732,25.1824],[91.781906,25.16828],[91.752876,25.179821],[91.744003,25.15122],[91.707306,25.1588],[91.695847,25.13908],[91.644531,25.122721],[91.628273,25.128321],[91.62587,25.14501],[91.605583,25.145802],[91.60331,25.15995],[91.617416,25.175911],[91.58033,25.17285],[91.579163,25.160601],[91.558853,25.14929],[91.474068,25.13386],[91.471199,25.150148],[91.445961,25.149101],[91.419807,25.170111],[91.403236,25.16416],[91.37529,25.167149],[91.36805,25.17561],[91.342323,25.172258],[91.326317,25.18235],[91.294899,25.185789],[91.297577,25.190628],[91.273788,25.204308],[91.251549,25.19462],[91.082497,25.197493],[90.929863,25.160561],[90.885689,25.164263],[90.866959,25.15612],[90.814407,25.1625],[90.810463,25.1717],[90.785423,25.183969],[90.764496,25.166241],[90.740372,25.16464],[90.746407,25.158701],[90.739281,25.15443],[90.71991,25.166519],[90.704399,25.155272],[90.687637,25.16621],[90.692818,25.171671],[90.673012,25.166641],[90.671173,25.19729],[90.665001,25.185551],[90.648293,25.181971],[90.648781,25.17334],[90.516701,25.17507],[90.452362,25.144503],[90.414467,25.160021],[90.379547,25.164263],[90.34153,25.193501],[90.318077,25.189659],[90.241409,25.206831],[90.228577,25.203421],[90.174896,25.224022],[90.115196,25.226921],[90.059776,25.262939],[90.034348,25.266993],[90.008278,25.282421],[89.985947,25.28236],[89.971237,25.303061],[89.953377,25.295649],[89.948616,25.30397],[89.911263,25.308691],[89.881477,25.287031],[89.834267,25.29567],[89.847397,25.310251],[89.835411,25.31966],[89.836922,25.33423],[89.822456,25.355721],[89.821663,25.385361],[89.839836,25.43856],[89.856667,25.46249],[89.85511,25.476049],[89.864029,25.47286],[89.879959,25.48864],[89.870102,25.544222],[89.88636,25.557871],[89.966461,25.571701],[89.979156,25.590731],[90.002121,25.58419],[90.01844,25.608391],[90.004539,25.623821],[89.983322,25.626711],[89.980438,25.637569],[89.946953,25.658831],[89.936996,25.68663],[89.921127,25.694422],[89.894241,25.72724],[89.895416,25.74412],[89.921867,25.739168],[89.93351,25.744551],[89.955246,25.77446],[89.94458,25.824478],[89.967957,25.826151],[90.001602,25.842241],[90.000267,25.8486],[90.008316,25.84683],[90.021919,25.865528],[90.004738,25.878681],[90.021263,25.89319],[90.042099,25.890751],[90.063309,25.915548],[90.091927,25.928761],[90.087959,25.936199],[90.10537,25.941931],[90.118652,25.96126],[90.14003,25.958139],[90.153397,25.964701],[90.176117,25.957083],[90.18251,25.94445],[90.208443,25.961573],[90.212761,25.95389],[90.227371,25.955139],[90.324341,25.97438],[90.339317,25.996861],[90.36499,26.010321],[90.3965,26.014151],[90.428627,25.98904],[90.477287,26.015261],[90.505737,25.996021],[90.534462,25.958021],[90.533783,25.936293],[90.512543,25.89624],[90.571373,25.93903],[90.582458,25.959791],[90.629013,25.937429],[90.606506,25.912281],[90.614197,25.899509],[90.624809,25.898899],[90.627327,25.91699],[90.675652,25.93648],[90.686043,25.950809],[90.717743,25.954708],[90.725403,25.948771],[90.747437,25.957321],[90.740303,25.940891],[90.744133,25.932791],[90.75264,25.93396],[90.74054,25.915211],[90.758949,25.92164],[90.757721,25.911072],[90.778061,25.908291],[90.791702,25.93574],[90.809891,25.95216],[90.836197,25.94726],[90.836761,25.93819],[90.843239,25.944811],[90.872887,25.942923],[90.88298,25.95175],[90.919113,25.913311],[90.915878,25.943161],[90.932068,25.939672],[90.942749,25.947571],[90.96064,25.927698],[90.967453,25.88718],[91.029221,25.888048],[91.02652,25.866621],[91.013107,25.857191],[91.000786,25.82225],[91.020813,25.82262],[91.049103,25.848808],[91.078537,25.852619],[91.072876,25.838331],[91.049881,25.828899],[91.063263,25.82037],[91.081352,25.829342],[91.120781,25.831341],[91.152863,25.850073],[91.179016,25.842751],[91.19648,25.859011],[91.202629,25.840542],[91.189873,25.82078],[91.179932,25.77632],[91.189178,25.76347],[91.191986,25.729582],[91.223877,25.723419],[91.255371,25.747829],[91.275627,25.746941],[91.333557,25.83884],[91.4189,25.854721],[91.444397,25.841021],[91.468727,25.85903],[91.507881,25.864799],[91.525406,25.87289],[91.529739,25.889681],[91.507782,25.867441],[91.474762,25.871231],[91.483383,25.89106],[91.503258,25.89216],[91.508537,25.90976],[91.531326,25.923712],[91.535896,25.934002],[91.505577,25.91308],[91.501633,25.920761],[91.519783,25.940891],[91.518501,25.958151],[91.551262,25.974899],[91.575836,26.03311],[91.588127,26.030149],[91.597061,26.017061],[91.620293,26.027031],[91.632156,26.022409],[91.624718,25.985903],[91.637947,25.964849],[91.630119,25.944639],[91.611153,25.93992],[91.651489,25.907669],[91.669312,25.90539],[91.720177,25.954071],[91.723183,26.030321],[91.731262,26.05921],[91.759483,26.071293],[91.778519,26.091249],[91.790367,26.087021],[91.819313,26.11874]]]}},{"type":"Feature","properties":{"name":"Mizoram","code":""},"geometry":{"type":"Polygon","coordinates":[[[92.800797,24.41905],[92.831367,24.400501],[92.825043,24.390491],[92.832703,24.376369],[92.8629,24.3995],[92.890778,24.40229],[92.905167,24.394451],[92.911537,24.412901],[92.935707,24.39554],[92.951248,24.404831],[92.960327,24.395882],[92.980263,24.409691],[93.024353,24.390471],[93.017097,24.379961],[93.021568,24.346821],[93.043373,24.34339],[93.035233,24.318399],[93.011078,24.28808],[93.006706,24.25396],[93.026588,24.232632],[93.019409,24.228849],[93.023682,24.217569],[93.016617,24.200031],[93.003036,24.197521],[93.010918,24.182213],[93.003311,24.174049],[93.005447,24.16061],[92.991127,24.15033],[92.98941,24.131781],[92.973602,24.12388],[92.976379,24.11482],[92.996422,24.11673],[93.053688,24.090691],[93.079491,24.10297],[93.102348,24.074011],[93.100922,24.04509],[93.129372,24.064081],[93.147911,24.088091],[93.169876,24.075062],[93.169838,24.054953],[93.216736,24.05006],[93.223839,24.084011],[93.248016,24.085339],[93.263718,24.072821],[93.266609,24.060261],[93.25238,24.033831],[93.255287,24.02379],[93.288193,24.05155],[93.337372,24.0534],[93.342216,24.044592],[93.333237,24.039801],[93.342163,24.03067],[93.334427,23.98695],[93.351608,23.977982],[93.37104,23.94054],[93.39872,23.930281],[93.397057,23.840933],[93.41098,23.80773],[93.405289,23.761591],[93.417732,23.73255],[93.416946,23.71213],[93.444702,23.682428],[93.428276,23.653549],[93.434746,23.58884],[93.423973,23.569351],[93.427643,23.53437],[93.407623,23.50848],[93.397186,23.433311],[93.398262,23.411261],[93.414238,23.388012],[93.396446,23.374029],[93.39875,23.364271],[93.365807,23.354481],[93.379326,23.33268],[93.378418,23.25613],[93.394707,23.224279],[93.373947,23.150301],[93.379112,23.14361],[93.390663,23.147921],[93.393646,23.138613],[93.365021,23.11669],[93.351089,23.080301],[93.357407,23.072781],[93.345169,23.06476],[93.332642,23.035671],[93.297722,23.005798],[93.268066,23.012341],[93.253197,23.006481],[93.220177,23.0452],[93.19445,23.06031],[93.167831,23.049021],[93.141853,23.06061],[93.132942,23.047501],[93.135788,23.01288],[93.129196,23.000769],[93.14257,22.993719],[93.148087,22.975552],[93.142502,22.96442],[93.153442,22.93062],[93.16835,22.91913],[93.138756,22.913179],[93.133202,22.87521],[93.121666,22.862753],[93.120796,22.837339],[93.111221,22.828213],[93.116188,22.81628],[93.099266,22.81041],[93.112686,22.74424],[93.091751,22.709341],[93.104172,22.69615],[93.103546,22.674089],[93.1185,22.651482],[93.114777,22.639191],[93.136353,22.62291],[93.144371,22.59886],[93.145607,22.586123],[93.117783,22.55891],[93.111687,22.53179],[93.133659,22.519939],[93.12886,22.509821],[93.142067,22.463261],[93.156723,22.452141],[93.175423,22.451321],[93.190811,22.427259],[93.19738,22.379972],[93.192589,22.370838],[93.206566,22.329531],[93.196342,22.32464],[93.20858,22.261068],[93.190369,22.249693],[93.14711,22.24654],[93.159073,22.209841],[93.169823,22.20006],[93.154411,22.17819],[93.130707,22.17909],[93.11718,22.20133],[93.097267,22.199341],[93.076988,22.21011],[93.046661,22.19762],[93.054939,22.16543],[93.046928,22.13867],[93.059219,22.127541],[93.065567,22.102053],[93.013268,22.102211],[93.014496,22.085211],[92.999969,22.050381],[93.009247,21.983931],[92.998978,21.977949],[92.988029,21.98292],[92.966568,22.027121],[92.955803,22.029921],[92.93161,22.017509],[92.939087,22.008558],[92.927711,21.99589],[92.910889,21.94623],[92.894257,22.011963],[92.87468,22.0301],[92.867737,22.065363],[92.844643,22.063433],[92.817093,22.09557],[92.773743,22.11105],[92.770126,22.12307],[92.717888,22.15263],[92.699356,22.148333],[92.693558,22.07725],[92.68956,22.107092],[92.683838,22.105349],[92.68998,22.040979],[92.684357,22.01791],[92.659241,22.014723],[92.637917,21.98867],[92.60968,21.976837],[92.611549,22.00017],[92.59903,22.03776],[92.60498,22.057631],[92.570419,22.129122],[92.587639,22.13966],[92.609978,22.121309],[92.613892,22.172941],[92.604752,22.18251],[92.597679,22.257151],[92.586166,22.289381],[92.587532,22.32098],[92.56562,22.39187],[92.55278,22.5205],[92.541618,22.5541],[92.531448,22.56234],[92.540497,22.578751],[92.539803,22.604111],[92.526978,22.676161],[92.504211,22.73568],[92.511398,22.73661],[92.484619,22.75025],[92.492126,22.753862],[92.4813,22.762451],[92.486526,22.772831],[92.477791,22.79833],[92.457687,22.821136],[92.464371,22.856028],[92.453529,22.865561],[92.458267,22.87196],[92.447533,22.893591],[92.432899,22.88693],[92.421432,22.92012],[92.405632,22.9161],[92.396553,22.931601],[92.375427,22.934881],[92.38546,23.037998],[92.393669,23.058168],[92.383881,23.087431],[92.365799,23.105949],[92.373436,23.127871],[92.364738,23.137421],[92.371628,23.159752],[92.362198,23.19203],[92.361099,23.237537],[92.40863,23.24608],[92.396103,23.267351],[92.387711,23.308559],[92.372856,23.322929],[92.383537,23.35021],[92.380402,23.36249],[92.374359,23.371021],[92.364189,23.36952],[92.369141,23.378901],[92.359818,23.381289],[92.361771,23.409073],[92.352501,23.41477],[92.350212,23.434259],[92.340767,23.431183],[92.339081,23.456011],[92.332336,23.46133],[92.338051,23.464479],[92.323196,23.473803],[92.33255,23.478651],[92.323441,23.49015],[92.323196,23.524652],[92.31282,23.533781],[92.317993,23.554611],[92.305862,23.591263],[92.29361,23.595961],[92.300179,23.625259],[92.281441,23.630051],[92.29525,23.692699],[92.268501,23.728611],[92.259399,23.814991],[92.286789,23.81678],[92.27475,23.849058],[92.291969,23.871449],[92.295052,23.86548],[92.320198,23.865829],[92.316261,23.883291],[92.331146,23.911802],[92.329681,23.92312],[92.3134,23.93453],[92.311447,23.960583],[92.329056,23.989651],[92.314133,24.034712],[92.321747,24.05872],[92.316803,24.066759],[92.327332,24.074503],[92.331551,24.098751],[92.328247,24.13862],[92.336838,24.14679],[92.324608,24.20579],[92.309746,24.2148],[92.313751,24.2229],[92.29763,24.227228],[92.296608,24.25173],[92.422379,24.253111],[92.418976,24.194361],[92.434196,24.181381],[92.436569,24.15243],[92.465973,24.13475],[92.480873,24.141321],[92.485863,24.162201],[92.512833,24.162579],[92.508636,24.169201],[92.515129,24.175488],[92.529663,24.174801],[92.550636,24.245899],[92.588013,24.244862],[92.611588,24.253349],[92.624283,24.332651],[92.64904,24.328751],[92.657516,24.34351],[92.690666,24.354801],[92.765198,24.520849],[92.800797,24.41905]]]}},{"type":"Feature","properties":{"name":"Nagaland","code":""},"geometry":{"type":"Polygon","coordinates":[[[95.214447,26.936951],[95.23185,26.926142],[95.233856,26.890841],[95.212852,26.885603],[95.184502,26.86483],[95.19561,26.849621],[95.208603,26.850719],[95.199043,26.83993],[95.215118,26.79838],[95.244919,26.787331],[95.2201,26.759821],[95.216141,26.735319],[95.236107,26.71221],[95.237633,26.686291],[95.209839,26.651508],[95.182022,26.643261],[95.154709,26.61949],[95.154488,26.580803],[95.144417,26.563011],[95.126816,26.562351],[95.114792,26.548],[95.120781,26.529791],[95.066307,26.456779],[95.066406,26.450371],[95.087021,26.451988],[95.106186,26.429991],[95.104767,26.401251],[95.135742,26.387833],[95.128296,26.354662],[95.131149,26.2925],[95.120697,26.274872],[95.129669,26.25617],[95.121231,26.238701],[95.14254,26.214241],[95.124672,26.196621],[95.118057,26.16894],[95.127876,26.136971],[95.120567,26.109741],[95.126717,26.101],[95.17099,26.096783],[95.185699,26.080351],[95.165573,26.053379],[95.162636,26.03142],[95.106468,25.968151],[95.036697,25.93507],[95.021866,25.91],[95.015411,25.872021],[95.033226,25.846531],[95.037483,25.820223],[95.051796,25.80517],[95.045502,25.782791],[95.052528,25.762659],[95.033691,25.74144],[95.009399,25.73851],[94.989037,25.70908],[94.937576,25.669031],[94.919678,25.611141],[94.888977,25.593111],[94.904991,25.56711],[94.849442,25.56069],[94.833923,25.54673],[94.812492,25.495371],[94.772743,25.481293],[94.756683,25.49202],[94.746513,25.47913],[94.669762,25.45536],[94.632973,25.465658],[94.557419,25.51277],[94.564659,25.56794],[94.55574,25.585812],[94.5952,25.64385],[94.576088,25.644701],[94.595619,25.69128],[94.573013,25.697651],[94.551781,25.66246],[94.524193,25.643433],[94.505371,25.616993],[94.474037,25.621641],[94.447823,25.598042],[94.430023,25.592722],[94.420273,25.54265],[94.388542,25.53657],[94.313538,25.494471],[94.302643,25.494633],[94.286743,25.5117],[94.25206,25.499071],[94.214851,25.50024],[94.190727,25.530781],[94.19487,25.552429],[94.167908,25.54701],[94.16011,25.55525],[94.138733,25.523701],[94.09211,25.53273],[94.096199,25.541719],[94.085953,25.559731],[94.06942,25.558981],[94.054123,25.576759],[94.014732,25.59613],[94.007652,25.59094],[94.010422,25.571312],[93.980469,25.571253],[93.965218,25.556578],[93.900238,25.568729],[93.862236,25.557529],[93.836487,25.563061],[93.819717,25.54439],[93.770638,25.540279],[93.765793,25.499901],[93.788467,25.506491],[93.804047,25.499029],[93.813889,25.48473],[93.808998,25.46559],[93.781067,25.424711],[93.746666,25.40571],[93.739792,25.384418],[93.723106,25.375582],[93.71804,25.361601],[93.69278,25.361589],[93.687126,25.331211],[93.672073,25.328711],[93.672943,25.31151],[93.612579,25.20619],[93.593033,25.203913],[93.590286,25.21995],[93.55471,25.250528],[93.505142,25.244131],[93.510788,25.275608],[93.476753,25.279039],[93.474022,25.30928],[93.456703,25.32526],[93.461937,25.33659],[93.451889,25.344191],[93.478218,25.379883],[93.463257,25.410961],[93.461868,25.434698],[93.434959,25.454773],[93.417107,25.452791],[93.39592,25.464121],[93.386368,25.493351],[93.371819,25.501131],[93.352341,25.537571],[93.340393,25.537291],[93.331741,25.54681],[93.348312,25.563219],[93.364182,25.56065],[93.365158,25.569761],[93.384743,25.577921],[93.390053,25.594721],[93.406837,25.596479],[93.407639,25.609421],[93.427536,25.631458],[93.446793,25.638811],[93.46196,25.63339],[93.457138,25.640591],[93.499916,25.656521],[93.52594,25.699673],[93.530571,25.692699],[93.543556,25.7017],[93.5467,25.73447],[93.565483,25.741341],[93.57325,25.760799],[93.583771,25.75775],[93.588226,25.76815],[93.605568,25.76746],[93.60807,25.776871],[93.62233,25.779831],[93.640999,25.817921],[93.678062,25.828871],[93.690536,25.847569],[93.705482,25.848631],[93.687683,25.909441],[93.751846,25.936371],[93.749413,25.942051],[93.770256,25.953501],[93.773018,25.966021],[93.789421,25.952581],[93.798332,25.909693],[93.779823,25.84631],[93.795761,25.81435],[93.81884,25.826229],[93.824303,25.847092],[93.842339,25.86261],[93.882736,25.845909],[93.915901,25.887663],[93.934631,25.89143],[93.940193,25.900961],[93.979393,25.91968],[93.969208,25.96084],[93.956009,25.97419],[93.960587,25.997009],[93.954887,26.00733],[93.965889,26.0424],[93.991119,26.072639],[93.986427,26.088301],[94.002167,26.11138],[93.991241,26.11812],[93.998306,26.13098],[93.990753,26.133871],[94.005226,26.141861],[93.999657,26.158241],[94.004807,26.173271],[94.035736,26.20319],[94.049133,26.250212],[94.070473,26.260031],[94.07682,26.2852],[94.102676,26.308691],[94.108047,26.326401],[94.128723,26.32325],[94.11937,26.3337],[94.175507,26.344219],[94.179993,26.35412],[94.167671,26.35331],[94.164467,26.360121],[94.175606,26.371759],[94.174011,26.420891],[94.186546,26.46051],[94.276741,26.55884],[94.289787,26.56411],[94.284943,26.540291],[94.293922,26.480742],[94.316513,26.462931],[94.323883,26.47938],[94.352066,26.49575],[94.351112,26.508621],[94.377617,26.513121],[94.378273,26.525261],[94.399452,26.53232],[94.414848,26.583281],[94.407867,26.61433],[94.454521,26.639021],[94.462502,26.63546],[94.458572,26.65535],[94.464523,26.667511],[94.498268,26.673712],[94.522728,26.704369],[94.545059,26.710901],[94.563438,26.707371],[94.56295,26.690632],[94.574692,26.691021],[94.571503,26.696222],[94.582787,26.70558],[94.592407,26.70273],[94.596169,26.71818],[94.604683,26.717211],[94.59333,26.726131],[94.604149,26.739281],[94.622719,26.71953],[94.653389,26.723631],[94.686607,26.73259],[94.736511,26.76741],[94.745796,26.782141],[94.756371,26.772268],[94.773087,26.794962],[94.802208,26.806061],[94.805359,26.812191],[94.796646,26.81852],[94.813057,26.82476],[94.821083,26.85446],[94.851532,26.88134],[94.869637,26.915009],[94.886223,26.932461],[94.923767,26.950331],[94.933601,26.93854],[94.964172,26.940641],[94.985672,26.918249],[94.993057,26.926161],[95.021347,26.9254],[95.110046,26.966909],[95.116943,26.983681],[95.149483,26.99984],[95.195518,27.04295],[95.195198,26.98999],[95.209961,26.98263],[95.215042,26.970371],[95.206757,26.962591],[95.213417,26.95879],[95.214447,26.936951]]]}},{"type":"Feature","properties":{"name":"Orissa","code":""},"geometry":{"type":"MultiPolygon","coordinates":[[[[84.766525,19.104586],[84.767365,19.101805],[84.764862,19.101528],[84.766525,19.104586]]],[[[84.756531,19.110971],[84.758469,19.10486],[84.765419,19.104031],[84.756805,19.101528],[84.756531,19.110971]]],[[[84.783195,19.110971],[84.761253,19.071251],[84.730217,19.089306],[84.749031,19.090139],[84.750969,19.082081],[84.759308,19.100695],[84.765686,19.099581],[84.783195,19.110971]]],[[[86.238335,19.911112],[86.237221,19.907778],[86.236656,19.908331],[86.238335,19.911112]]],[[[86.372498,19.954445],[86.367821,19.95216],[86.355133,19.949921],[86.370827,19.954975],[86.372093,19.95764],[86.372498,19.954445]]],[[[86.386108,19.963333],[86.383331,19.959442],[86.378891,19.959442],[86.386108,19.963333]]],[[[86.3965,19.969004],[86.390472,19.965509],[86.399353,19.972321],[86.3965,19.969004]]],[[[86.364998,19.971945],[86.372223,19.969166],[86.364998,19.968611],[86.364998,19.971945]]],[[[86.320732,19.991409],[86.32,19.988611],[86.318611,19.995001],[86.320732,19.991409]]],[[[86.319008,20.002333],[86.320831,19.993328],[86.315613,19.999165],[86.319008,20.002333]]],[[[86.335571,19.990829],[86.327217,19.99861],[86.329437,20.010563],[86.335831,20.003056],[86.335571,19.990829]]],[[[86.309998,20.011667],[86.31472,20.015278],[86.315277,20.008055],[86.309998,20.011667]]],[[[86.254158,20.022209],[86.25528,20.024721],[86.258331,20.021938],[86.254158,20.022209]]],[[[86.412216,20.020559],[86.40889,20.01889],[86.412498,20.025833],[86.412216,20.020559]]],[[[86.270836,20.027222],[86.267776,20.020828],[86.264717,20.022209],[86.270836,20.027222]]],[[[86.320953,20.0245],[86.326668,20.024443],[86.325836,20.023056],[86.320953,20.0245]]],[[[86.315002,20.03167],[86.325279,20.016399],[86.321388,20.01],[86.315826,20.021669],[86.301109,20.02639],[86.315002,20.03167]]],[[[86.263336,20.033611],[86.267776,20.030834],[86.262497,20.032221],[86.263336,20.033611]]],[[[86.309166,20.038891],[86.313332,20.040001],[86.313606,20.03861],[86.309166,20.038891]]],[[[86.299171,20.040279],[86.303886,20.039721],[86.303047,20.03861],[86.299171,20.040279]]],[[[86.425835,20.043612],[86.424721,20.0375],[86.42083,20.031944],[86.425835,20.043612]]],[[[86.291107,20.047779],[86.298332,20.048334],[86.299721,20.043888],[86.291107,20.047779]]],[[[86.270279,20.058058],[86.267502,20.053055],[86.308052,20.034445],[86.279716,20.02667],[86.266937,20.03528],[86.245232,20.02936],[86.255753,20.05073],[86.270279,20.058058]]],[[[86.263351,20.05806],[86.25528,20.0525],[86.250557,20.051666],[86.256927,20.057501],[86.263351,20.05806]]],[[[86.437225,20.059444],[86.434723,20.051666],[86.43222,20.051111],[86.432503,20.056944],[86.437225,20.059444]]],[[[86.489166,20.146667],[86.49472,20.148901],[86.492226,20.145555],[86.489166,20.146667]]],[[[86.489639,20.170387],[86.508057,20.172501],[86.493958,20.162451],[86.489639,20.170387]]],[[[86.555115,20.206282],[86.553329,20.206417],[86.555328,20.207088],[86.555115,20.206282]]],[[[86.790382,20.36858],[86.79583,20.372223],[86.792221,20.365276],[86.790382,20.36858]]],[[[86.791107,20.37639],[86.797119,20.376072],[86.796387,20.374443],[86.791107,20.37639]]],[[[86.793892,20.384171],[86.791107,20.385563],[86.793892,20.387501],[86.793892,20.384171]]],[[[86.80278,20.420834],[86.814865,20.406691],[86.803886,20.371389],[86.800468,20.410921],[86.806946,20.413334],[86.80278,20.420834]]],[[[86.789726,20.387609],[86.787796,20.405081],[86.791389,20.429171],[86.795341,20.393353],[86.789726,20.387609]]],[[[86.803596,20.461971],[86.801239,20.46048],[86.802452,20.462643],[86.803596,20.461971]]],[[[86.805275,20.491945],[86.809448,20.476667],[86.803612,20.463612],[86.800827,20.473902],[86.805275,20.491945]]],[[[86.878334,20.677778],[86.872063,20.67267],[86.878326,20.679453],[86.878334,20.677778]]],[[[86.798607,20.70056],[86.793053,20.679171],[86.789246,20.675138],[86.798607,20.70056]]],[[[87.00602,20.713366],[87.003304,20.713432],[87.009018,20.720249],[87.00602,20.713366]]],[[[87.01722,20.714331],[87.002434,20.709003],[87.015831,20.722221],[87.01722,20.714331]]],[[[87.054306,20.74608],[87.050133,20.74259],[87.049026,20.743841],[87.054306,20.74608]]],[[[87.071938,20.744551],[87.068047,20.73778],[87.071793,20.748812],[87.071938,20.744551]]],[[[87.084526,20.764391],[87.092056,20.75223],[87.072479,20.754101],[87.084526,20.764391]]],[[[86.870651,20.771778],[86.991943,20.771112],[87.006943,20.743059],[87.001389,20.71583],[86.994293,20.709461],[86.928711,20.714651],[86.892891,20.695122],[86.859177,20.664721],[86.86528,20.67889],[86.856941,20.68417],[86.870277,20.69278],[86.885277,20.70722],[86.883606,20.711111],[86.87722,20.716389],[86.879723,20.727221],[86.878326,20.733061],[86.875557,20.71833],[86.883888,20.70722],[86.856392,20.68611],[86.855553,20.68306],[86.863609,20.67832],[86.853523,20.656725],[86.842003,20.652239],[86.836449,20.665979],[86.830223,20.672508],[86.816727,20.676994],[86.803474,20.676567],[86.796669,20.672508],[86.79541,20.665623],[86.798233,20.663483],[86.805931,20.66733],[86.813354,20.66239],[86.819122,20.639242],[86.805832,20.645281],[86.773796,20.646387],[86.801506,20.683405],[86.830002,20.76],[86.854164,20.775833],[86.870651,20.771778]]],[[[86.874443,20.774166],[86.877777,20.774166],[86.877502,20.772779],[86.874443,20.774166]]],[[[86.865547,20.777771],[86.868614,20.779444],[86.871666,20.77611],[86.865547,20.777771]]],[[[86.980553,20.78056],[86.987503,20.77944],[86.981392,20.77833],[86.980553,20.78056]]],[[[86.946106,20.786671],[86.94371,20.784309],[86.943611,20.78528],[86.946106,20.786671]]],[[[86.881943,20.78861],[86.941948,20.779722],[86.95153,20.77471],[86.887222,20.772221],[86.86528,20.782499],[86.881943,20.78861]]],[[[87.018578,20.822874],[87.014442,20.79722],[87.005722,20.80957],[87.002502,20.832222],[87.018578,20.822874]]],[[[87.121666,21.520555],[87.123611,21.514444],[87.119164,21.516666],[87.121666,21.520555]]],[[[86.078346,22.530411],[86.111923,22.482931],[86.173706,22.476431],[86.209137,22.462841],[86.218208,22.46821],[86.211502,22.459711],[86.220383,22.449091],[86.265182,22.439541],[86.279823,22.44552],[86.319862,22.38036],[86.347366,22.359001],[86.352737,22.345421],[86.421692,22.31389],[86.433357,22.30154],[86.438393,22.323368],[86.458237,22.322111],[86.483719,22.344419],[86.499947,22.340952],[86.507988,22.32402],[86.523651,22.318571],[86.520836,22.311489],[86.532379,22.298191],[86.539886,22.30373],[86.552063,22.29529],[86.578461,22.297819],[86.590927,22.274832],[86.608513,22.278761],[86.645576,22.26137],[86.651146,22.2332],[86.665146,22.23856],[86.682167,22.219511],[86.72097,22.216841],[86.712776,22.178289],[86.715446,22.143492],[86.790321,22.15394],[86.800453,22.14592],[86.797096,22.126131],[86.807968,22.123821],[86.806213,22.114161],[86.823311,22.112921],[86.832008,22.09511],[86.84169,22.091801],[86.8479,22.098351],[86.967056,22.077751],[86.990486,22.049381],[87.017616,22.041281],[87.026047,22.028749],[87.022263,22.01207],[87.034317,21.989191],[87.005547,21.940651],[86.997932,21.907501],[87.030243,21.865311],[87.094643,21.86034],[87.096123,21.88625],[87.088539,21.895073],[87.093536,21.9079],[87.114243,21.922171],[87.136757,21.917971],[87.158287,21.93055],[87.167442,21.97341],[87.195107,21.953569],[87.234848,21.95438],[87.232231,21.940361],[87.252403,21.917803],[87.23481,21.895601],[87.248978,21.86652],[87.247627,21.848207],[87.267563,21.821491],[87.262421,21.81386],[87.273796,21.81172],[87.271561,21.8034],[87.280609,21.799158],[87.292816,21.80547],[87.29657,21.79533],[87.332703,21.787201],[87.33667,21.779181],[87.352081,21.78573],[87.367798,21.774639],[87.370117,21.760073],[87.383301,21.770861],[87.395241,21.762423],[87.439308,21.76436],[87.451111,21.735413],[87.442932,21.72905],[87.466057,21.725191],[87.460831,21.720501],[87.470833,21.70718],[87.469696,21.691601],[87.458649,21.644939],[87.467766,21.645651],[87.482086,21.62587],[87.48111,21.607779],[87.461388,21.605],[87.404442,21.556391],[87.386383,21.566563],[87.382019,21.55335],[87.391388,21.550001],[87.379997,21.545555],[87.364166,21.553333],[87.303925,21.555704],[87.200897,21.548491],[87.129723,21.51293],[87.123611,21.521393],[87.106949,21.517735],[87.113892,21.508331],[87.089447,21.483889],[87.073334,21.471052],[87.06028,21.476944],[87.044167,21.475281],[87.045738,21.46899],[87.048393,21.475471],[87.061386,21.473333],[87.064163,21.463888],[86.98111,21.410833],[86.910843,21.340281],[86.854446,21.252783],[86.839447,21.20722],[86.822502,21.19389],[86.818611,21.178057],[86.828331,21.176947],[86.823326,21.13833],[86.83667,21.09971],[86.898613,20.997778],[86.910004,20.955833],[86.959442,20.863609],[86.970276,20.82333],[86.957497,20.784719],[86.939453,20.790279],[86.881386,20.797503],[86.827766,20.771669],[86.812775,20.748335],[86.818611,20.744171],[86.816109,20.723888],[86.794441,20.69722],[86.755699,20.613344],[86.768608,20.622219],[86.773613,20.645281],[86.815872,20.6364],[86.820557,20.639584],[86.814087,20.663658],[86.804733,20.66917],[86.796509,20.665571],[86.802238,20.675211],[86.828537,20.67227],[86.839302,20.653419],[86.844658,20.650763],[86.866882,20.664511],[86.902496,20.697781],[86.933937,20.710711],[87.005486,20.700108],[86.987213,20.6982],[87.0,20.69528],[87.045189,20.709484],[86.887238,20.606062],[86.885002,20.61639],[86.885002,20.604445],[86.792168,20.544071],[86.772781,20.506111],[86.753326,20.497499],[86.743614,20.468611],[86.738327,20.47806],[86.733887,20.479166],[86.738602,20.4725],[86.729431,20.404881],[86.749168,20.40556],[86.751953,20.4],[86.739998,20.394171],[86.756668,20.39917],[86.756668,20.388611],[86.766113,20.398333],[86.779716,20.39167],[86.78167,20.382219],[86.772781,20.378059],[86.764168,20.366388],[86.786079,20.376915],[86.777496,20.360556],[86.77861,20.354719],[86.780838,20.363611],[86.788887,20.369722],[86.789711,20.359171],[86.777779,20.342777],[86.773613,20.346945],[86.769173,20.331112],[86.711678,20.300558],[86.708611,20.2925],[86.718056,20.287779],[86.681107,20.27],[86.68,20.263332],[86.671112,20.282223],[86.666382,20.273331],[86.679733,20.258051],[86.553612,20.210003],[86.50972,20.177221],[86.493607,20.181669],[86.500275,20.189165],[86.497498,20.190281],[86.491943,20.183332],[86.4925,20.173332],[86.474167,20.168892],[86.46833,20.147221],[86.459999,20.162222],[86.466042,20.14599],[86.473053,20.149164],[86.474442,20.161671],[86.485001,20.17],[86.491112,20.15777],[86.474602,20.141418],[86.484169,20.141666],[86.478333,20.135],[86.480003,20.125834],[86.465553,20.119722],[86.462219,20.114719],[86.462776,20.10861],[86.47139,20.0975],[86.46389,20.114719],[86.481392,20.125555],[86.487503,20.140558],[86.491112,20.133333],[86.487221,20.127218],[86.489166,20.121389],[86.4925,20.139441],[86.488892,20.143055],[86.495003,20.146391],[86.503883,20.16444],[86.558891,20.20056],[86.520554,20.169167],[86.493889,20.12361],[86.48111,20.11528],[86.483887,20.110275],[86.436783,20.060968],[86.428337,20.053612],[86.421669,20.057781],[86.411766,20.05554],[86.427223,20.049723],[86.41861,20.048334],[86.415001,20.030281],[86.411667,20.03639],[86.407219,20.019718],[86.41111,20.0],[86.387497,19.976389],[86.377777,19.978889],[86.387222,19.99221],[86.382233,19.99556],[86.373848,19.979998],[86.342216,19.986391],[86.3274,20.03067],[86.290466,20.060982],[86.287224,20.049723],[86.269157,20.06278],[86.262497,20.061953],[86.247856,20.053188],[86.236656,20.026951],[86.264999,20.016947],[86.294945,20.02442],[86.321945,19.984444],[86.302666,19.983543],[86.323891,19.983612],[86.341026,19.97238],[86.317497,19.949165],[86.342438,19.969503],[86.365547,19.957781],[86.362663,19.95278],[86.296112,19.935511],[86.247391,19.91123],[86.2416,19.92205],[86.227783,19.90361],[86.221107,19.91083],[86.22657,19.91855],[86.226326,19.920521],[86.222527,19.925621],[86.224998,19.9175],[86.213608,19.911949],[86.208046,19.90472],[86.217216,19.911671],[86.227966,19.900881],[86.095146,19.859911],[86.034996,19.85528],[86.023712,19.84425],[86.034149,19.853901],[86.045563,19.847101],[85.910278,19.820555],[85.904999,19.832222],[85.908066,19.8179],[85.77993,19.785042],[85.77639,19.7775],[85.663612,19.739168],[85.659721,19.73167],[85.419197,19.62307],[85.286392,19.548059],[85.121826,19.42923],[85.06472,19.364445],[84.997643,19.327641],[84.918747,19.264585],[84.910423,19.26236],[84.905693,19.269583],[84.90625,19.262642],[84.912636,19.259581],[84.84153,19.193201],[84.777916,19.11014],[84.745697,19.11764],[84.725418,19.096531],[84.738197,19.112638],[84.733475,19.122084],[84.745697,19.120695],[84.75042,19.135971],[84.747086,19.143475],[84.73542,19.143751],[84.703186,19.120701],[84.719032,19.095844],[84.697548,19.108818],[84.693817,19.11952],[84.705223,19.14901],[84.665016,19.156731],[84.661171,19.121861],[84.609398,19.117451],[84.591843,19.12384],[84.619827,19.076509],[84.631447,19.07262],[84.648712,19.0842],[84.664589,19.066292],[84.654533,19.052311],[84.612717,19.054831],[84.614189,19.046721],[84.590118,19.01338],[84.575317,19.027191],[84.578117,19.062128],[84.566139,19.065039],[84.553596,19.047409],[84.509918,19.03746],[84.489388,19.02095],[84.477829,19.007891],[84.471657,18.98122],[84.415131,19.013861],[84.440643,18.96693],[84.415596,18.93804],[84.42939,18.913683],[84.417969,18.90066],[84.406151,18.90612],[84.412086,18.89394],[84.397827,18.88612],[84.365318,18.896259],[84.387627,18.877668],[84.383232,18.86928],[84.351448,18.8832],[84.371567,18.86722],[84.362411,18.851061],[84.351463,18.850901],[84.336021,18.866711],[84.344101,18.811941],[84.329323,18.808998],[84.332222,18.792023],[84.312492,18.77919],[84.28392,18.790821],[84.25219,18.772482],[84.216713,18.787281],[84.181511,18.777521],[84.179817,18.76897],[84.151367,18.775761],[84.131363,18.764803],[84.12294,18.748268],[84.10759,18.754801],[84.081779,18.74464],[84.065773,18.751699],[84.058609,18.768101],[84.049202,18.770651],[84.047943,18.78348],[84.027061,18.8022],[83.964027,18.80411],[83.939789,18.7966],[83.933586,18.806858],[83.901978,18.816921],[83.886879,18.805408],[83.88324,18.819691],[83.870178,18.81843],[83.864342,18.839041],[83.843666,18.8514],[83.837097,18.86471],[83.840271,18.90406],[83.816933,18.909403],[83.814766,18.953178],[83.788307,19.007811],[83.77565,19.008961],[83.739563,18.978441],[83.750366,18.94437],[83.761482,18.944601],[83.780067,18.907721],[83.767502,18.902363],[83.745827,18.918173],[83.726303,18.975561],[83.705742,18.985241],[83.705002,18.99947],[83.723251,19.0119],[83.697021,19.016479],[83.684387,19.04393],[83.656853,19.07494],[83.64473,19.113291],[83.649437,19.12188],[83.629837,19.126991],[83.623283,19.153631],[83.61409,19.13382],[83.594299,19.120331],[83.604416,19.088181],[83.58445,19.079731],[83.578766,19.049789],[83.557663,19.05138],[83.554977,19.078131],[83.546432,19.07383],[83.552299,19.04719],[83.534828,19.02862],[83.531387,19.005421],[83.495399,19.011091],[83.493553,19.0268],[83.513672,19.02478],[83.505386,19.064772],[83.493629,19.053089],[83.473236,19.077763],[83.459396,19.069672],[83.456703,19.05611],[83.477966,19.021191],[83.474602,19.000313],[83.448517,18.999632],[83.450226,18.982422],[83.460297,18.98078],[83.455482,18.94558],[83.442673,18.947741],[83.408783,18.979891],[83.408852,18.996191],[83.362328,18.99473],[83.35498,19.00939],[83.346336,19.00989],[83.334976,19.00672],[83.329178,18.98818],[83.305267,18.989681],[83.332458,18.943371],[83.318497,18.93362],[83.32901,18.916908],[83.34137,18.9184],[83.345757,18.9571],[83.361069,18.953402],[83.363899,18.937931],[83.380226,18.923283],[83.371002,18.917089],[83.362762,18.930071],[83.34903,18.93384],[83.346611,18.92687],[83.360527,18.901171],[83.383911,18.899691],[83.37249,18.889839],[83.385391,18.873262],[83.411339,18.859341],[83.397873,18.852591],[83.396301,18.830709],[83.372833,18.821211],[83.358879,18.832001],[83.350113,18.821638],[83.359993,18.80735],[83.356293,18.800119],[83.339279,18.803091],[83.333336,18.792671],[83.304222,18.79887],[83.279503,18.7896],[83.266098,18.75701],[83.219391,18.76582],[83.222351,18.74505],[83.205063,18.71586],[83.201706,18.742229],[83.185371,18.744143],[83.168549,18.759069],[83.150833,18.75869],[83.132957,18.772449],[83.11219,18.75828],[83.116501,18.747971],[83.070732,18.697191],[83.050972,18.65416],[83.009682,18.63653],[83.021263,18.610451],[83.008041,18.588421],[83.027702,18.582272],[83.041107,18.596731],[83.053947,18.58647],[83.026863,18.567961],[83.032478,18.54789],[83.051178,18.53491],[83.07148,18.542492],[83.089333,18.53791],[83.051796,18.477489],[83.015411,18.444429],[83.037323,18.43483],[83.037437,18.418949],[83.05983,18.428633],[83.055817,18.404369],[83.066498,18.39226],[83.053391,18.375299],[83.03698,18.369843],[83.017181,18.384501],[82.991966,18.374998],[82.976448,18.354912],[82.932686,18.35137],[82.927612,18.360989],[82.902748,18.355911],[82.884903,18.37862],[82.890953,18.39222],[82.884613,18.41276],[82.87001,18.4062],[82.848633,18.415009],[82.84491,18.409773],[82.818359,18.43853],[82.799171,18.439402],[82.776222,18.419691],[82.781181,18.39945],[82.793297,18.39497],[82.777908,18.37092],[82.784218,18.354151],[82.767052,18.331079],[82.751038,18.328333],[82.734329,18.313251],[82.710907,18.31282],[82.698097,18.29627],[82.658836,18.28661],[82.644859,18.257078],[82.645309,18.24045],[82.626877,18.228741],[82.580742,18.2701],[82.59095,18.29196],[82.576439,18.30681],[82.589668,18.319483],[82.602142,18.317261],[82.596512,18.34087],[82.611282,18.34646],[82.598579,18.354012],[82.60051,18.36871],[82.570602,18.38419],[82.535156,18.389561],[82.535912,18.408319],[82.553772,18.437651],[82.538361,18.44318],[82.530151,18.434311],[82.516136,18.455881],[82.527512,18.46822],[82.519516,18.482512],[82.523132,18.503929],[82.507408,18.50808],[82.499153,18.501751],[82.481453,18.51506],[82.475739,18.529408],[82.485321,18.533701],[82.474007,18.536833],[82.36129,18.40991],[82.38443,18.36911],[82.37635,18.35327],[82.334442,18.317133],[82.348747,18.30615],[82.384369,18.318701],[82.393013,18.30644],[82.37188,18.274101],[82.336899,18.266241],[82.331009,18.23336],[82.32132,18.22246],[82.332817,18.21579],[82.306099,18.19566],[82.310303,18.174603],[82.348732,18.161833],[82.364296,18.134859],[82.357567,18.125101],[82.333366,18.14238],[82.332161,18.094122],[82.343628,18.074991],[82.329773,18.040411],[82.321823,18.05018],[82.312996,18.045191],[82.316963,18.03602],[82.305527,18.037809],[82.306343,18.044991],[82.292809,18.054333],[82.297897,18.06196],[82.266953,18.048271],[82.258156,18.03487],[82.270813,18.01067],[82.26725,17.986441],[82.241707,17.979761],[82.236992,17.99201],[82.177406,18.010571],[82.16375,18.04162],[82.142296,18.04357],[82.13237,18.03562],[82.129242,18.04867],[82.113266,18.057821],[82.092361,18.052761],[82.072212,18.065638],[82.058983,18.058451],[82.065643,18.04892],[82.050858,18.04446],[82.024658,18.05788],[82.001579,18.044811],[82.001686,18.023661],[81.951767,17.9921],[81.801041,17.936081],[81.782417,17.90974],[81.703171,17.86113],[81.688286,17.8848],[81.663063,17.87693],[81.649063,17.862469],[81.642792,17.839281],[81.611153,17.815363],[81.568741,17.827881],[81.55394,17.816368],[81.481178,17.80286],[81.470123,17.823181],[81.459427,17.824711],[81.437569,17.81529],[81.419418,17.820599],[81.409256,17.804838],[81.384972,17.806593],[81.38443,17.82579],[81.398056,17.846781],[81.389549,17.862101],[81.393829,17.885139],[81.403763,17.888592],[81.437256,17.875938],[81.448273,17.903021],[81.445236,17.92617],[81.47731,17.97002],[81.473892,18.028511],[81.508659,18.092411],[81.522606,18.15727],[81.504776,18.183811],[81.527962,18.259081],[81.567596,18.273211],[81.593407,18.301281],[81.658669,18.311098],[81.64917,18.331001],[81.658096,18.339291],[81.744911,18.34535],[81.7621,18.41131],[81.844307,18.481541],[81.857941,18.51306],[81.882599,18.529181],[81.896828,18.528393],[81.900803,18.557171],[81.9086,18.564228],[81.920197,18.557301],[81.946907,18.559151],[81.945763,18.574911],[81.954529,18.58671],[81.888367,18.620991],[81.885376,18.65033],[81.893173,18.653881],[81.915527,18.63582],[81.947441,18.62882],[81.947388,18.65571],[81.960632,18.667721],[81.955078,18.680229],[81.967682,18.690613],[82.033737,18.7188],[82.078583,18.712082],[82.086746,18.746931],[82.081413,18.755871],[82.129066,18.75765],[82.130661,18.7701],[82.145477,18.773279],[82.161148,18.79096],[82.154297,18.796303],[82.16494,18.83021],[82.158203,18.869459],[82.17041,18.877571],[82.172729,18.895288],[82.213783,18.91214],[82.231216,18.90522],[82.239563,18.91046],[82.225067,19.014591],[82.194092,19.060221],[82.212112,19.090549],[82.198532,19.09417],[82.199753,19.11746],[82.176239,19.125061],[82.169823,19.11286],[82.159782,19.12648],[82.168137,19.133841],[82.165878,19.143141],[82.174789,19.145231],[82.164139,19.154638],[82.178787,19.158859],[82.171127,19.16827],[82.173393,19.184311],[82.155708,19.196529],[82.161179,19.208389],[82.151649,19.22357],[82.151726,19.265463],[82.168533,19.290661],[82.173683,19.316301],[82.183167,19.3197],[82.180252,19.332203],[82.142349,19.348171],[82.140831,19.361919],[82.144562,19.370119],[82.166367,19.365931],[82.18306,19.41761],[82.167229,19.42985],[82.119308,19.423901],[82.096893,19.461081],[82.10183,19.47366],[82.091019,19.494059],[82.092079,19.50984],[82.070847,19.515921],[82.059792,19.503641],[82.022392,19.501802],[82.046127,19.538622],[82.033958,19.590691],[82.051346,19.624441],[82.037567,19.703911],[82.044006,19.73769],[82.057198,19.75341],[82.05983,19.783098],[82.052193,19.791342],[81.980148,19.79578],[81.957413,19.83601],[81.960373,19.854738],[81.898056,19.878519],[81.849632,19.908051],[81.848831,19.938591],[81.837303,19.950081],[81.866539,20.036039],[81.873756,20.046181],[81.889458,20.04327],[81.941353,20.102251],[81.973572,20.075611],[81.986603,20.052073],[82.009956,20.0448],[82.014786,20.01951],[82.024406,20.01004],[82.057899,20.04987],[82.093193,20.032673],[82.116096,20.010401],[82.131699,20.01269],[82.165833,19.99815],[82.178467,19.978083],[82.204292,19.980339],[82.214256,19.993341],[82.230629,19.998081],[82.261696,19.97156],[82.298233,19.883461],[82.339447,19.829962],[82.356071,19.855131],[82.36805,19.854481],[82.388817,19.88176],[82.44239,19.902983],[82.458351,19.89465],[82.49424,19.89736],[82.498482,19.88517],[82.512413,19.884121],[82.523056,19.872789],[82.5299,19.88213],[82.544289,19.86903],[82.550873,19.874559],[82.593498,19.86454],[82.597382,19.86047],[82.571266,19.82238],[82.578476,19.77582],[82.58506,19.771049],[82.622963,19.78931],[82.645737,19.825371],[82.683319,19.823721],[82.702713,19.831039],[82.717506,19.87081],[82.709351,19.870121],[82.700531,19.89329],[82.711563,19.944481],[82.707489,19.990219],[82.63176,20.00009],[82.614388,19.986971],[82.598366,19.98564],[82.543617,20.012131],[82.502129,20.013531],[82.470772,20.032021],[82.395767,20.049],[82.390862,20.059589],[82.392647,20.10825],[82.378929,20.14463],[82.387192,20.148851],[82.383301,20.16046],[82.405746,20.178989],[82.413597,20.202271],[82.404327,20.239601],[82.414078,20.24155],[82.405083,20.263531],[82.42923,20.282963],[82.42244,20.30966],[82.393776,20.335522],[82.410408,20.377201],[82.409897,20.402679],[82.424286,20.410151],[82.429169,20.425753],[82.417717,20.438301],[82.419388,20.457281],[82.41008,20.473301],[82.397316,20.45192],[82.388092,20.452511],[82.380493,20.50985],[82.348793,20.52293],[82.324013,20.553881],[82.340637,20.569733],[82.338676,20.59432],[82.355827,20.603491],[82.368233,20.62406],[82.365227,20.663761],[82.3433,20.698853],[82.346992,20.714239],[82.339409,20.72583],[82.345863,20.72872],[82.335129,20.758518],[82.334038,20.84059],[82.346619,20.883848],[82.359177,20.88271],[82.359039,20.866541],[82.382797,20.86994],[82.401413,20.862431],[82.405632,20.83721],[82.415527,20.826469],[82.459053,20.823841],[82.459831,20.835649],[82.481926,20.85531],[82.485672,20.903511],[82.55294,20.941481],[82.622307,21.03657],[82.609383,21.071198],[82.625877,21.07682],[82.645027,21.101879],[82.6371,21.11162],[82.647758,21.124962],[82.634087,21.136351],[82.635941,21.14945],[82.752296,21.15974],[82.788849,21.139273],[82.812477,21.15856],[82.868828,21.15975],[82.879227,21.14909],[82.902313,21.16297],[82.937393,21.161148],[82.95607,21.175489],[82.965149,21.15576],[82.979927,21.157461],[82.983421,21.14827],[82.992973,21.15428],[83.040581,21.118931],[83.119843,21.101061],[83.161392,21.131451],[83.192749,21.139441],[83.219063,21.223711],[83.218353,21.26012],[83.242447,21.27644],[83.267677,21.268578],[83.274803,21.290571],[83.258797,21.30213],[83.254211,21.31959],[83.270782,21.35924],[83.27002,21.375038],[83.374817,21.33996],[83.402657,21.348431],[83.393173,21.365191],[83.393761,21.399443],[83.37014,21.4361],[83.350288,21.443981],[83.334633,21.49555],[83.365776,21.549681],[83.362328,21.572521],[83.380722,21.612751],[83.441231,21.649273],[83.447578,21.6446],[83.441338,21.618092],[83.449936,21.61698],[83.452759,21.60519],[83.462967,21.605511],[83.469902,21.62677],[83.484543,21.625563],[83.483078,21.639601],[83.440773,21.65517],[83.419746,21.67502],[83.427963,21.692329],[83.456337,21.694321],[83.484131,21.741552],[83.473907,21.749611],[83.47789,21.764591],[83.467178,21.78274],[83.484047,21.79434],[83.490913,21.814541],[83.506142,21.8004],[83.536568,21.79393],[83.531242,21.8319],[83.573532,21.82966],[83.584473,21.843601],[83.571518,21.87187],[83.581512,21.89743],[83.600479,21.910841],[83.587769,21.926121],[83.55336,21.93218],[83.557716,21.943911],[83.535172,21.963501],[83.548561,22.006702],[83.532448,22.034048],[83.543007,22.059391],[83.583511,22.054951],[83.600319,22.06551],[83.557266,22.099979],[83.602333,22.151838],[83.626282,22.205858],[83.645752,22.224588],[83.693001,22.245501],[83.7528,22.242861],[83.793648,22.287691],[83.819443,22.292452],[83.825203,22.31963],[83.861008,22.343781],[83.896973,22.339689],[83.915543,22.359671],[83.966988,22.357849],[84.004211,22.367661],[84.001663,22.380369],[84.023987,22.42218],[84.040009,22.432899],[84.041557,22.464109],[83.976097,22.502211],[83.97657,22.518391],[83.994293,22.528811],[84.002502,22.520861],[84.057587,22.510151],[84.106117,22.473848],[84.134926,22.470949],[84.13588,22.420683],[84.152489,22.40093],[84.194107,22.371811],[84.246559,22.373701],[84.266167,22.34783],[84.289223,22.33732],[84.367416,22.349569],[84.394493,22.343851],[84.426086,22.34881],[84.426941,22.364651],[84.447853,22.37908],[84.45565,22.375221],[84.477592,22.38368],[84.476669,22.405981],[84.526627,22.420021],[84.632103,22.42865],[84.661606,22.413919],[84.743851,22.414751],[84.752693,22.442013],[84.807793,22.446861],[84.812691,22.43161],[84.832542,22.426378],[84.876526,22.443251],[84.880249,22.417591],[84.893799,22.418011],[84.916397,22.42338],[84.917397,22.43438],[84.947281,22.45108],[84.952446,22.45277],[84.954582,22.438902],[85.031563,22.469782],[85.03331,22.476921],[85.062492,22.478411],[85.073639,22.466681],[85.057037,22.44471],[85.077263,22.40831],[85.083076,22.378441],[85.074059,22.348591],[85.092957,22.341091],[85.087959,22.314081],[85.114037,22.314213],[85.114456,22.290489],[85.070511,22.27216],[85.069481,22.23065],[85.047791,22.174299],[85.025398,22.154001],[85.031151,22.13736],[85.023743,22.111992],[84.980499,22.091261],[84.987427,22.076738],[85.007202,22.08313],[85.019951,22.103371],[85.0439,22.110701],[85.095436,22.099451],[85.099709,22.084539],[85.118881,22.066471],[85.155548,22.070459],[85.170807,22.048191],[85.164368,22.065229],[85.172462,22.06819],[85.183456,22.05493],[85.210747,22.04318],[85.21489,22.010712],[85.230942,22.000271],[85.274162,22.08009],[85.300079,22.107059],[85.323013,22.12499],[85.361382,22.121441],[85.363197,22.15457],[85.410286,22.15608],[85.514847,22.10821],[85.539543,22.08659],[85.554337,22.09082],[85.591087,22.07444],[85.644608,22.090281],[85.672363,22.059721],[85.671951,22.051472],[85.681503,22.04878],[85.746063,22.06988],[85.75782,22.084982],[85.802048,22.11083],[85.814743,22.102112],[85.808708,22.091841],[85.824913,22.08713],[85.830757,22.076971],[85.814369,22.07007],[85.787941,22.07719],[85.770332,22.051283],[85.778938,22.036261],[85.775597,22.028271],[85.756126,22.00839],[85.76075,21.989719],[85.784279,21.9786],[85.815392,21.980131],[85.818329,21.970011],[85.891151,21.978519],[85.905426,21.966631],[85.912239,22.004801],[85.928772,22.01936],[85.942581,22.019131],[86.000473,22.108971],[85.994629,22.131781],[86.026718,22.185223],[85.969788,22.243401],[86.008499,22.292671],[86.043289,22.30619],[86.008423,22.309959],[86.005898,22.31591],[86.020432,22.329399],[86.004761,22.335649],[85.998428,22.331079],[85.992882,22.33816],[86.016861,22.36223],[86.0215,22.381762],[86.008743,22.42432],[85.992973,22.42214],[85.953506,22.455973],[85.958138,22.476181],[85.980713,22.509741],[85.995918,22.508963],[86.01545,22.524481],[86.022026,22.52055],[86.028267,22.53433],[86.018341,22.543631],[86.03849,22.563589],[86.078346,22.530411]]]]}},{"type":"Feature","properties":{"name":"Puducherry","code":""},"geometry":{"type":"MultiPolygon","coordinates":[[[[79.841248,10.825141],[79.845413,10.825691],[79.840141,10.823751],[79.841248,10.825141]]],[[[79.737213,10.9891],[79.772278,10.979562],[79.783417,10.967332],[79.801453,10.986212],[79.854576,10.976022],[79.854309,10.917916],[79.847641,10.91292],[79.852913,10.912083],[79.852081,10.82763],[79.844025,10.827361],[79.823753,10.817921],[79.851524,10.825973],[79.85125,10.813771],[79.813339,10.814081],[79.812042,10.832822],[79.805893,10.82804],[79.79113,10.845701],[79.807457,10.852691],[79.789566,10.861751],[79.808983,10.86744],[79.766983,10.872762],[79.77636,10.88168],[79.77317,10.889561],[79.761223,10.89143],[79.751862,10.880859],[79.747948,10.89522],[79.743027,10.881942],[79.742981,10.899361],[79.726883,10.897451],[79.725906,10.906901],[79.704231,10.918871],[79.72123,10.93531],[79.719193,10.940541],[79.704353,10.935189],[79.703651,10.951861],[79.726692,10.952351],[79.732651,10.941161],[79.745537,10.94334],[79.738136,10.95861],[79.743813,10.967011],[79.730156,10.971011],[79.730179,10.985109],[79.737213,10.9891]]],[[[79.690483,12.001121],[79.7099,11.976221],[79.724937,11.977901],[79.73468,11.994311],[79.749649,11.986131],[79.752441,11.97613],[79.742409,11.967041],[79.715706,11.967451],[79.714493,11.955251],[79.733612,11.94721],[79.7369,11.90717],[79.747513,11.915161],[79.747841,11.928902],[79.764206,11.93459],[79.771812,11.946401],[79.787567,11.938371],[79.799728,11.96429],[79.81102,11.94251],[79.837639,11.94055],[79.830971,11.907081],[79.827637,11.907362],[79.827637,11.914322],[79.824303,11.91653],[79.825966,11.907922],[79.822372,11.90931],[79.818466,11.906252],[79.832077,11.90542],[79.823753,11.88181],[79.800972,11.883752],[79.790695,11.878749],[79.805695,11.882084],[79.81958,11.874309],[79.808746,11.875695],[79.804581,11.874583],[79.819862,11.869305],[79.80764,11.836531],[79.799576,11.840141],[79.805969,11.832362],[79.800415,11.808399],[79.794022,11.83021],[79.781761,11.840271],[79.76712,11.84048],[79.760437,11.823031],[79.752136,11.824451],[79.747307,11.832702],[79.755737,11.85047],[79.749809,11.86053],[79.743637,11.859721],[79.738403,11.835001],[79.72776,11.832339],[79.730347,11.84688],[79.706688,11.84709],[79.703796,11.83829],[79.693451,11.853891],[79.695732,11.87338],[79.659073,11.865669],[79.66037,11.87732],[79.679871,11.879262],[79.682861,11.904709],[79.702583,11.9025],[79.691689,11.897771],[79.691536,11.878401],[79.71537,11.87497],[79.716019,11.886681],[79.724899,11.89151],[79.704079,11.912991],[79.706032,11.92871],[79.694611,11.931331],[79.697823,11.916681],[79.6782,11.936532],[79.683128,11.946501],[79.701553,11.952181],[79.695259,11.961031],[79.699051,11.972059],[79.671143,11.97476],[79.665359,11.967522],[79.659607,11.977051],[79.642342,11.975811],[79.647316,11.99723],[79.659309,11.996891],[79.679039,12.01926],[79.691559,12.017441],[79.690483,12.001121]]],[[[75.374603,12.14908],[75.393929,12.145481],[75.402176,12.13414],[75.368538,12.121261],[75.339882,12.098251],[75.328178,12.10728],[75.309067,12.102661],[75.314758,12.087609],[75.296173,12.059241],[75.311668,12.049306],[75.301529,12.0246],[75.292076,12.031811],[75.297638,12.026531],[75.293198,12.017642],[75.29097,12.027921],[75.270973,12.029582],[75.26458,12.01931],[75.263474,12.002917],[75.304863,11.951811],[75.295975,11.947916],[75.224922,12.03195],[75.22113,12.100951],[75.236603,12.11023],[75.274529,12.100261],[75.283928,12.114982],[75.310677,12.124732],[75.311157,12.13646],[75.320641,12.143521],[75.363609,12.13497],[75.374603,12.14908]]],[[[82.257919,16.701811],[82.270142,16.702362],[82.285393,16.697639],[82.258751,16.690111],[82.257919,16.701811]]],[[[82.210968,16.72794],[82.227043,16.71718],[82.263702,16.71937],[82.280701,16.72275],[82.293701,16.74304],[82.302826,16.722839],[82.291252,16.707359],[82.245697,16.71681],[82.242638,16.707642],[82.256805,16.694584],[82.253448,16.68972],[82.215439,16.709761],[82.193581,16.70845],[82.174637,16.725109],[82.221817,16.750353],[82.210968,16.72794]]]]}},{"type":"Feature","properties":{"name":"Punjab","code":""},"geometry":{"type":"Polygon","coordinates":[[[75.855278,32.49958],[75.924438,32.43898],[75.932167,32.416821],[75.871933,32.398449],[75.84388,32.379311],[75.736397,32.273762],[75.675842,32.264019],[75.622543,32.23468],[75.620216,32.185169],[75.656158,32.17662],[75.661827,32.164669],[75.655479,32.146061],[75.631203,32.119499],[75.578758,32.08168],[75.598526,32.06601],[75.649361,32.077171],[75.689819,32.061531],[75.710487,32.036022],[75.738007,32.035801],[75.784286,31.994329],[75.836372,31.981649],[75.894547,31.9498],[75.971466,31.814548],[75.952896,31.823961],[75.921829,31.817181],[75.959511,31.749538],[75.975792,31.69533],[76.00473,31.663031],[76.002747,31.64657],[76.023193,31.615471],[76.044029,31.603031],[76.043159,31.59197],[76.108162,31.49511],[76.115517,31.465441],[76.153496,31.414013],[76.153038,31.397251],[76.134087,31.382643],[76.135033,31.361759],[76.166321,31.341459],[76.172829,31.30674],[76.255623,31.314951],[76.261169,31.30583],[76.296097,31.319201],[76.302269,31.326361],[76.295967,31.34223],[76.317833,31.352221],[76.330078,31.34528],[76.336662,31.35302],[76.329582,31.379519],[76.318237,31.3811],[76.315842,31.402378],[76.346893,31.40571],[76.359146,31.41563],[76.363136,31.441351],[76.373032,31.413649],[76.390396,31.397331],[76.37925,31.391171],[76.448273,31.30599],[76.428497,31.28923],[76.431137,31.282841],[76.466713,31.310211],[76.488586,31.273401],[76.514267,31.283079],[76.518112,31.26231],[76.53717,31.283951],[76.53495,31.25535],[76.545921,31.25588],[76.570503,31.280149],[76.601616,31.25091],[76.575966,31.225788],[76.580612,31.216352],[76.625946,31.227091],[76.635422,31.21298],[76.590393,31.182859],[76.590073,31.157269],[76.598747,31.151171],[76.589317,31.127701],[76.623711,31.11801],[76.625732,31.110243],[76.611847,31.09639],[76.604897,31.078379],[76.609528,31.060671],[76.598969,31.053551],[76.613602,31.02199],[76.610069,31.00423],[76.662636,30.97113],[76.694237,30.97249],[76.712601,30.963421],[76.726021,30.939331],[76.748627,30.929161],[76.769859,30.906391],[76.762543,30.89341],[76.769043,30.87653],[76.801216,30.842522],[76.827751,30.832569],[76.833511,30.804571],[76.846786,30.792521],[76.828186,30.76379],[76.801453,30.76277],[76.791367,30.769501],[76.803452,30.777601],[76.797768,30.785271],[76.780937,30.77387],[76.769302,30.776979],[76.777328,30.78546],[76.767601,30.795118],[76.750923,30.796848],[76.722748,30.77072],[76.690628,30.76008],[76.690681,30.74666],[76.701271,30.745291],[76.716141,30.72863],[76.715202,30.713301],[76.725456,30.70999],[76.726303,30.69591],[76.73848,30.689152],[76.794373,30.669319],[76.819809,30.685829],[76.818817,30.660591],[76.834999,30.66411],[76.834793,30.655821],[76.862228,30.679272],[76.858582,30.640631],[76.87709,30.63702],[76.913429,30.599703],[76.89856,30.58843],[76.904533,30.58057],[76.898888,30.56403],[76.90593,30.55839],[76.88504,30.540421],[76.920067,30.524691],[76.920326,30.518021],[76.912369,30.49366],[76.888916,30.484589],[76.898048,30.467781],[76.888847,30.441111],[76.903709,30.424881],[76.905182,30.40469],[76.929047,30.399891],[76.927299,30.388639],[76.897766,30.3626],[76.880226,30.359701],[76.880226,30.386223],[76.866241,30.394831],[76.864731,30.408791],[76.839729,30.42075],[76.832458,30.433882],[76.808456,30.41186],[76.770821,30.418301],[76.766747,30.436001],[76.757866,30.43889],[76.748871,30.426632],[76.725166,30.42042],[76.726547,30.405001],[76.70015,30.393612],[76.70488,30.380833],[76.718086,30.37711],[76.711357,30.365129],[76.730392,30.367441],[76.738533,30.35965],[76.715157,30.332911],[76.679497,30.321371],[76.674629,30.325951],[76.66243,30.299551],[76.626297,30.28393],[76.622833,30.291389],[76.609818,30.270611],[76.547638,30.264921],[76.545967,30.24354],[76.532532,30.227131],[76.584,30.256531],[76.612,30.230968],[76.604279,30.215172],[76.638916,30.20594],[76.641716,30.189251],[76.622742,30.1703],[76.626671,30.10565],[76.601051,30.080231],[76.576767,30.0751],[76.580803,30.086851],[76.554871,30.098761],[76.533638,30.082781],[76.501122,30.07663],[76.490829,30.097151],[76.452087,30.10071],[76.446457,30.137121],[76.426041,30.14756],[76.428581,30.179792],[76.410202,30.20229],[76.380997,30.183241],[76.401642,30.157728],[76.384567,30.145811],[76.390007,30.127541],[76.363747,30.127541],[76.343063,30.153448],[76.325882,30.14924],[76.348923,30.127661],[76.322899,30.108221],[76.293083,30.118629],[76.279846,30.113651],[76.25116,30.118999],[76.203873,30.158901],[76.211929,30.135061],[76.194107,30.140779],[76.190613,30.13496],[76.228691,30.109331],[76.254997,30.10458],[76.198387,30.03793],[76.215439,30.02713],[76.190918,30.016413],[76.194733,29.965679],[76.203873,29.94412],[76.178909,29.946268],[76.16629,29.928659],[76.181992,29.923241],[76.184639,29.88858],[76.225296,29.885061],[76.242012,29.869028],[76.228523,29.854528],[76.211761,29.853149],[76.211113,29.843231],[76.194183,29.844971],[76.166656,29.818321],[76.139267,29.816763],[76.116386,29.7964],[76.094383,29.811562],[76.077667,29.805773],[76.074341,29.78124],[76.058426,29.773149],[76.041481,29.748781],[76.017593,29.756071],[75.964859,29.73138],[75.923149,29.734911],[75.897232,29.755529],[75.87928,29.74707],[75.863777,29.752331],[75.843628,29.775961],[75.829018,29.812321],[75.796051,29.807121],[75.771622,29.82539],[75.748398,29.81212],[75.705933,29.80862],[75.697449,29.755211],[75.687431,29.75178],[75.656387,29.77606],[75.625359,29.77323],[75.62262,29.75362],[75.613228,29.746458],[75.568787,29.74262],[75.556396,29.765833],[75.530197,29.772711],[75.511711,29.76005],[75.506332,29.774071],[75.444267,29.80785],[75.435471,29.798849],[75.443787,29.78618],[75.409996,29.77532],[75.397232,29.761021],[75.378777,29.7113],[75.361946,29.712891],[75.33535,29.69385],[75.350449,29.659281],[75.330147,29.672279],[75.317726,29.6707],[75.307533,29.632561],[75.280563,29.610109],[75.28035,29.603251],[75.304512,29.588478],[75.296066,29.568081],[75.22348,29.546171],[75.228172,29.558558],[75.211189,29.582399],[75.221237,29.60655],[75.17334,29.630081],[75.173302,29.649481],[75.157837,29.66271],[75.195282,29.687759],[75.19767,29.69647],[75.187248,29.71192],[75.193687,29.725201],[75.206161,29.73525],[75.221367,29.73307],[75.23098,29.752068],[75.212387,29.78652],[75.19796,29.796221],[75.200912,29.83],[75.182343,29.838701],[75.155426,29.819811],[75.148949,29.79612],[75.159187,29.78422],[75.154053,29.781019],[75.13546,29.78038],[75.124916,29.80562],[75.090179,29.806662],[75.093338,29.819311],[75.107117,29.82653],[75.104088,29.838011],[75.081253,29.849373],[75.10421,29.873192],[75.102676,29.89702],[75.084801,29.91514],[75.065483,29.87904],[75.051758,29.874861],[75.037498,29.881781],[74.989929,29.856461],[74.969467,29.880671],[74.969887,29.889921],[74.943176,29.902538],[74.915733,29.94916],[74.885239,29.93911],[74.894356,29.95294],[74.881493,29.968349],[74.871956,29.959129],[74.849632,29.959129],[74.801178,29.992573],[74.775993,29.9744],[74.724007,29.961861],[74.690788,29.969271],[74.680962,29.94919],[74.639862,29.922491],[74.646973,29.904671],[74.639633,29.90395],[74.5858,29.914761],[74.572952,29.925888],[74.552002,29.92923],[74.524643,29.951561],[74.519066,29.94335],[74.466606,29.944679],[74.069199,29.96887],[73.891182,29.97007],[73.881866,30.01124],[73.898407,30.05365],[73.966652,30.121189],[73.960823,30.14323],[73.968109,30.184299],[73.957848,30.26169],[73.908546,30.336693],[73.875557,30.36079],[73.873215,30.383438],[73.903419,30.416798],[73.927856,30.420914],[73.935287,30.462957],[73.962677,30.457607],[73.972733,30.488132],[73.988518,30.50456],[74.034012,30.536261],[74.066513,30.520187],[74.077614,30.529362],[74.084396,30.54504],[74.067902,30.554871],[74.092628,30.57535],[74.090996,30.612791],[74.098419,30.61552],[74.108917,30.60568],[74.11837,30.63216],[74.150932,30.632622],[74.18615,30.659391],[74.232155,30.719622],[74.281807,30.730234],[74.262207,30.76803],[74.297379,30.78273],[74.296776,30.792431],[74.285759,30.799591],[74.307602,30.82114],[74.316147,30.847582],[74.342659,30.854469],[74.363007,30.845806],[74.371986,30.852942],[74.362213,30.872419],[74.365524,30.885406],[74.395035,30.903538],[74.416107,30.90604],[74.4207,30.925877],[74.470589,30.965988],[74.496613,30.967184],[74.514351,30.984871],[74.538116,30.993542],[74.531792,31.01269],[74.558395,31.067526],[74.571701,31.067436],[74.600182,31.043547],[74.622513,31.047022],[74.672218,31.061571],[74.694427,31.09544],[74.689911,31.11709],[74.677322,31.13061],[74.658989,31.127439],[74.651093,31.13485],[74.631203,31.121281],[74.62146,31.137032],[74.592369,31.13335],[74.600601,31.108801],[74.592796,31.087408],[74.585426,31.095211],[74.565819,31.084341],[74.551933,31.085621],[74.543411,31.12171],[74.526482,31.1224],[74.504593,31.13851],[74.501266,31.18158],[74.509483,31.187031],[74.511276,31.231272],[74.522202,31.24754],[74.511116,31.272331],[74.530235,31.298676],[74.551872,31.298454],[74.594574,31.397095],[74.625343,31.423618],[74.642067,31.459961],[74.620743,31.47798],[74.626457,31.486691],[74.609123,31.487181],[74.595108,31.500233],[74.5662,31.500839],[74.572983,31.519562],[74.603851,31.534111],[74.600906,31.567839],[74.578499,31.623405],[74.517281,31.722912],[74.518044,31.745201],[74.551796,31.75322],[74.544029,31.77643],[74.554939,31.791571],[74.549393,31.79833],[74.560226,31.815281],[74.55574,31.827669],[74.580467,31.84354],[74.583298,31.856861],[74.595993,31.864792],[74.599106,31.885111],[74.62262,31.88135],[74.637886,31.896721],[74.65081,31.8981],[74.659866,31.91823],[74.703262,31.924898],[74.709198,31.957949],[74.717789,31.957735],[74.735916,31.937389],[74.745781,31.941601],[74.747726,31.95228],[74.759483,31.946199],[74.801376,31.96179],[74.809143,31.955139],[74.819878,31.976492],[74.818352,31.99745],[74.845741,32.009232],[74.84034,32.02026],[74.865082,32.023911],[74.862251,32.045109],[74.898949,32.049881],[74.914261,32.06522],[74.96032,32.055031],[74.963783,32.043129],[75.004929,32.028755],[75.023026,32.039047],[75.05085,32.041309],[75.069023,32.058464],[75.092163,32.05949],[75.116257,32.082809],[75.144386,32.082901],[75.164452,32.06797],[75.185143,32.083752],[75.19532,32.11665],[75.22271,32.11253],[75.22776,32.084557],[75.239166,32.087151],[75.271973,32.112751],[75.283264,32.14217],[75.314232,32.159187],[75.317192,32.192806],[75.333282,32.20472],[75.314201,32.214909],[75.346237,32.21804],[75.363152,32.23468],[75.357002,32.251862],[75.366997,32.268749],[75.33992,32.288567],[75.33667,32.322594],[75.322327,32.337326],[75.325302,32.342842],[75.414993,32.324272],[75.472237,32.34005],[75.467758,32.317562],[75.490227,32.310211],[75.490021,32.287979],[75.498947,32.27533],[75.515823,32.297989],[75.529213,32.348881],[75.592636,32.381699],[75.648071,32.388809],[75.711533,32.418159],[75.745926,32.476349],[75.77887,32.47504],[75.804337,32.487061],[75.872543,32.576191],[75.851387,32.521309],[75.855278,32.49958]]]}},{"type":"Feature","properties":{"name":"Rajasthan","code":""},"geometry":{"type":"Polygon","coordinates":[[[73.881866,30.01124],[73.891182,29.97007],[74.069199,29.96887],[74.519066,29.94335],[74.505028,29.907761],[74.533691,29.90262],[74.553566,29.865641],[74.532532,29.839281],[74.491669,29.826509],[74.465263,29.78755],[74.472,29.74403],[74.525833,29.741369],[74.537788,29.75386],[74.571396,29.753248],[74.586639,29.768511],[74.6054,29.75288],[74.603477,29.72143],[74.578522,29.654753],[74.586037,29.63526],[74.575363,29.627321],[74.566536,29.563499],[74.614403,29.527111],[74.578911,29.45862],[74.542809,29.46657],[74.53463,29.465033],[74.529106,29.449539],[74.531296,29.42498],[74.557808,29.418631],[74.57003,29.406158],[74.572899,29.38645],[74.596718,29.36219],[74.595779,29.328312],[74.641823,29.3312],[74.650177,29.37237],[74.688683,29.36516],[74.711243,29.36891],[74.731697,29.353788],[74.756638,29.355961],[74.775917,29.360151],[74.809547,29.398479],[74.841133,29.40407],[74.927147,29.364639],[74.935921,29.33795],[74.950966,29.326071],[74.940109,29.304819],[74.95311,29.28194],[74.976906,29.281118],[74.991043,29.271749],[75.023857,29.291531],[75.039917,29.287149],[75.065323,29.246611],[75.062706,29.23892],[75.078079,29.23245],[75.108177,29.22677],[75.113747,29.242901],[75.147476,29.24585],[75.164017,29.26438],[75.179993,29.26862],[75.195313,29.244221],[75.223457,29.234951],[75.235229,29.25194],[75.271729,29.25437],[75.279373,29.276821],[75.319267,29.29344],[75.325371,29.278311],[75.314926,29.23596],[75.345306,29.22616],[75.357979,29.25461],[75.379547,29.263931],[75.395706,29.26194],[75.399368,29.240271],[75.386116,29.221243],[75.396461,29.213421],[75.40065,29.18891],[75.388573,29.1707],[75.368958,29.169958],[75.361153,29.14262],[75.39621,29.128441],[75.380699,29.11072],[75.380653,29.07032],[75.43026,29.06472],[75.440559,29.041521],[75.434738,29.016541],[75.473427,29.020201],[75.511101,29.01083],[75.516518,28.975389],[75.502937,28.961481],[75.497566,28.941488],[75.468887,28.93799],[75.467079,28.92625],[75.488426,28.898319],[75.487991,28.85965],[75.513367,28.83659],[75.498543,28.787661],[75.528923,28.75028],[75.539566,28.64887],[75.549011,28.643122],[75.55571,28.614592],[75.576996,28.616671],[75.584953,28.60638],[75.61805,28.602209],[75.629097,28.545971],[75.66333,28.536112],[75.663933,28.520861],[75.690079,28.4991],[75.736549,28.487202],[75.735001,28.472641],[75.778229,28.457611],[75.785133,28.439211],[75.76545,28.42078],[75.770317,28.407619],[75.78759,28.404442],[75.802589,28.414228],[75.818138,28.40589],[75.828239,28.409073],[75.835083,28.397701],[75.883156,28.3867],[75.889229,28.39366],[75.897133,28.380081],[75.922379,28.36891],[75.927406,28.3451],[75.956306,28.338371],[75.954666,28.318531],[75.967628,28.324093],[75.986572,28.295891],[76.018723,28.280958],[76.007401,28.253153],[76.011192,28.241751],[76.053009,28.22423],[76.045067,28.20293],[76.065613,28.19895],[76.074806,28.172428],[76.092888,28.155218],[76.087936,28.143539],[76.065056,28.14447],[76.066353,28.16777],[76.027748,28.172722],[75.994667,28.1506],[75.991112,28.12818],[75.947403,28.10969],[75.936089,28.093531],[75.982063,28.080221],[75.987633,28.070589],[75.974586,28.057051],[75.98455,28.050741],[76.001923,28.060732],[76.015648,28.088852],[76.031212,28.083893],[76.035629,28.07398],[76.005356,28.054531],[76.010078,28.036711],[75.980507,28.03871],[75.969986,28.030949],[75.972679,28.018141],[75.99054,28.010172],[75.979889,28.001451],[75.956398,28.00102],[75.955467,27.98864],[75.986908,27.984631],[75.96833,27.962311],[75.973198,27.958],[75.963173,27.936951],[75.944611,27.940088],[75.938507,27.951092],[75.923622,27.93309],[75.928833,27.916809],[75.955887,27.91955],[75.977386,27.90926],[75.967247,27.899311],[75.975189,27.893091],[75.973457,27.877453],[75.963081,27.864731],[76.005249,27.857441],[76.009308,27.86261],[76.049629,27.84786],[76.060028,27.85718],[76.080093,27.85107],[76.088066,27.868448],[76.122139,27.854401],[76.127769,27.8332],[76.17292,27.807461],[76.19413,27.831211],[76.207733,27.828491],[76.223282,27.840931],[76.193108,27.863913],[76.189011,27.876369],[76.199753,27.8881],[76.198639,27.898991],[76.166458,27.91507],[76.179466,27.972841],[76.16098,27.980101],[76.154938,27.998991],[76.174263,28.02191],[76.195877,28.021738],[76.213829,28.031681],[76.213562,28.04018],[76.204163,28.04225],[76.193428,28.035231],[76.176888,28.04896],[76.177338,28.059259],[76.225937,28.055189],[76.243568,28.068939],[76.264923,28.068741],[76.290077,28.04911],[76.290123,28.0299],[76.297157,28.025961],[76.316597,28.02099],[76.3368,28.029661],[76.354599,28.074202],[76.337349,28.073061],[76.324883,28.092159],[76.297401,28.101049],[76.308029,28.11128],[76.339546,28.109699],[76.355606,28.12845],[76.278183,28.168571],[76.279068,28.17872],[76.288857,28.182673],[76.335907,28.177341],[76.353249,28.166191],[76.359833,28.143381],[76.37677,28.138071],[76.397041,28.147793],[76.470993,28.154741],[76.469963,28.1385],[76.489723,28.133678],[76.486893,28.12281],[76.498093,28.12254],[76.497803,28.106621],[76.46093,28.1119],[76.44857,28.09317],[76.497658,28.064732],[76.483818,28.058281],[76.457977,28.061972],[76.453728,28.049669],[76.492218,28.047098],[76.505226,28.03503],[76.525856,28.045448],[76.538521,28.03912],[76.531036,27.979328],[76.538193,27.970541],[76.598969,28.00984],[76.660072,28.019051],[76.64785,28.092211],[76.65799,28.099072],[76.682182,28.097771],[76.709961,28.13236],[76.739128,28.12904],[76.755081,28.14661],[76.791489,28.157242],[76.796143,28.170481],[76.790253,28.19376],[76.793846,28.199551],[76.802612,28.196072],[76.805809,28.215891],[76.82383,28.214701],[76.833427,28.22485],[76.850487,28.226669],[76.863632,28.22464],[76.86618,28.211521],[76.899849,28.204769],[76.884048,28.19166],[76.921051,28.162251],[76.941566,28.15517],[76.941742,28.148701],[76.961761,28.144011],[76.946556,28.071341],[76.918648,27.99761],[76.924927,27.978361],[76.919098,27.92486],[76.93882,27.919029],[76.938179,27.89599],[76.926086,27.894421],[76.926643,27.834221],[76.903778,27.832661],[76.906601,27.807659],[76.884079,27.730909],[76.883347,27.724422],[76.902786,27.71644],[76.914566,27.700821],[76.900307,27.69463],[76.88092,27.699369],[76.896736,27.685961],[76.891647,27.67989],[76.902626,27.65852],[76.923851,27.66073],[76.934196,27.6751],[76.970497,27.657143],[76.993538,27.741701],[77.003372,27.73855],[77.028946,27.749371],[77.053207,27.727859],[77.079216,27.738411],[77.067337,27.76376],[77.050102,27.761042],[77.039436,27.7749],[77.020668,27.77812],[77.038277,27.820042],[77.072411,27.809521],[77.101166,27.785492],[77.119972,27.789471],[77.126526,27.776461],[77.151428,27.791811],[77.15062,27.815559],[77.172379,27.81632],[77.180656,27.808653],[77.162163,27.79059],[77.168701,27.784901],[77.188942,27.798429],[77.193848,27.821939],[77.206772,27.80106],[77.226852,27.796101],[77.231743,27.785801],[77.252846,27.79764],[77.262497,27.816111],[77.295387,27.799841],[77.304146,27.78801],[77.301346,27.756458],[77.312332,27.73868],[77.296341,27.72983],[77.297607,27.718681],[77.333939,27.70792],[77.342766,27.657202],[77.311211,27.611691],[77.325783,27.596878],[77.335167,27.60153],[77.350113,27.593401],[77.330399,27.57111],[77.340157,27.54674],[77.335136,27.530022],[77.382416,27.51655],[77.396423,27.47781],[77.429596,27.462049],[77.415176,27.425371],[77.426773,27.416611],[77.431892,27.399158],[77.466606,27.384291],[77.497246,27.381363],[77.522003,27.357639],[77.539093,27.353071],[77.542747,27.342428],[77.574547,27.326731],[77.614113,27.34339],[77.613503,27.31476],[77.591667,27.300558],[77.614143,27.279161],[77.606613,27.272711],[77.612846,27.260302],[77.625816,27.262341],[77.644203,27.238878],[77.639519,27.217272],[77.672997,27.200361],[77.654617,27.175581],[77.605118,27.16848],[77.606537,27.15414],[77.593658,27.147951],[77.597267,27.129051],[77.590782,27.123081],[77.544449,27.115601],[77.529373,27.104141],[77.51384,27.108089],[77.498413,27.09519],[77.517387,27.089491],[77.514297,27.070421],[77.52137,27.067223],[77.546318,27.08073],[77.565681,27.078011],[77.557396,27.0369],[77.583923,27.03932],[77.627403,27.015501],[77.634262,27.027012],[77.657028,27.022732],[77.673317,27.051559],[77.684303,27.04492],[77.682022,27.032942],[77.703583,27.000311],[77.722313,27.00034],[77.726486,27.03154],[77.755013,27.02276],[77.742546,27.00635],[77.747711,26.998501],[77.736343,26.98822],[77.714592,26.991661],[77.67028,26.97711],[77.665298,26.966921],[77.648941,26.97381],[77.593796,26.93771],[77.587448,26.94455],[77.57975,26.93087],[77.482468,26.90378],[77.455177,26.889561],[77.454178,26.87674],[77.42247,26.86702],[77.426163,26.85306],[77.417488,26.842791],[77.439217,26.819151],[77.428596,26.770111],[77.450951,26.78067],[77.464317,26.76955],[77.448311,26.74675],[77.480362,26.75388],[77.493347,26.766991],[77.496689,26.774111],[77.480988,26.7878],[77.497978,26.84795],[77.513672,26.845102],[77.512016,26.82799],[77.520691,26.822008],[77.556419,26.821991],[77.600166,26.842501],[77.604507,26.832802],[77.616203,26.848471],[77.664627,26.85984],[77.678352,26.878321],[77.693718,26.87289],[77.697731,26.880011],[77.715843,26.88133],[77.719879,26.89673],[77.710838,26.903021],[77.71891,26.91641],[77.728958,26.9258],[77.744331,26.92321],[77.75338,26.937738],[77.773483,26.93627],[77.788857,26.922281],[77.821327,26.926201],[77.871468,26.9055],[77.890106,26.88946],[77.902847,26.90114],[77.89994,26.924549],[77.941971,26.89979],[77.962959,26.912571],[77.975136,26.897528],[77.99189,26.9109],[78.00666,26.910662],[78.021713,26.894791],[78.017563,26.88203],[78.027931,26.87615],[78.016357,26.863819],[78.022026,26.86087],[78.03756,26.876963],[78.047806,26.874809],[78.042236,26.915421],[78.060539,26.915901],[78.086823,26.902008],[78.091049,26.91165],[78.101471,26.904989],[78.095352,26.92905],[78.112709,26.92749],[78.108047,26.95001],[78.114899,26.954861],[78.139473,26.95713],[78.205246,26.93889],[78.215897,26.953951],[78.232742,26.933693],[78.258316,26.934023],[78.262238,26.923512],[78.25267,26.90461],[78.22979,26.8939],[78.22657,26.882629],[78.204857,26.87739],[78.191139,26.888611],[78.213951,26.84852],[78.202789,26.832319],[78.16095,26.82704],[78.179756,26.79357],[78.145813,26.791731],[78.119026,26.802561],[78.099831,26.797009],[78.09568,26.771799],[78.116058,26.75462],[78.089149,26.73811],[78.085739,26.68305],[78.069389,26.678511],[77.992218,26.702641],[77.947891,26.665041],[77.894577,26.66221],[77.879387,26.620291],[77.842438,26.615179],[77.820412,26.599838],[77.824677,26.572741],[77.812996,26.55481],[77.767006,26.553478],[77.744347,26.54525],[77.713982,26.50425],[77.69503,26.50087],[77.667686,26.50831],[77.626717,26.48299],[77.608742,26.459341],[77.551483,26.440559],[77.522881,26.414911],[77.427719,26.40691],[77.426407,26.39551],[77.439728,26.378691],[77.436768,26.368141],[77.382889,26.36241],[77.366249,26.371519],[77.334671,26.357231],[77.318047,26.34638],[77.308167,26.315001],[77.289948,26.295591],[77.20311,26.2374],[77.170227,26.244511],[77.124031,26.237951],[77.091682,26.19088],[77.034737,26.181931],[77.004807,26.159241],[76.986038,26.132353],[76.938713,26.106079],[76.887779,26.093323],[76.870422,26.05645],[76.830406,26.029591],[76.84024,26.01129],[76.819847,25.98868],[76.818886,25.971251],[76.806313,25.952978],[76.785912,25.94047],[76.755913,25.94169],[76.753448,25.93224],[76.762413,25.92207],[76.745468,25.909231],[76.722206,25.900311],[76.674362,25.9118],[76.646126,25.908852],[76.626602,25.870871],[76.592728,25.874168],[76.529312,25.797972],[76.52224,25.76634],[76.530617,25.733971],[76.482391,25.71813],[76.477783,25.695061],[76.510803,25.672838],[76.499428,25.64834],[76.514732,25.633678],[76.509781,25.579821],[76.522209,25.55036],[76.520309,25.52993],[76.55632,25.479811],[76.564278,25.442402],[76.588966,25.43149],[76.602547,25.388981],[76.625496,25.375111],[76.6436,25.376398],[76.681076,25.34548],[76.740402,25.34779],[76.766731,25.336231],[76.759842,25.32268],[76.770096,25.312191],[76.842979,25.330542],[76.893227,25.322401],[76.929207,25.297298],[76.928703,25.279152],[76.941826,25.27536],[76.952721,25.278551],[76.95874,25.29718],[77.024193,25.30109],[77.03936,25.32505],[77.058258,25.321913],[77.07547,25.339691],[77.115768,25.33506],[77.153557,25.31325],[77.205147,25.31143],[77.198158,25.330521],[77.210701,25.333691],[77.215027,25.324501],[77.220261,25.373428],[77.282982,25.42359],[77.305298,25.436411],[77.354347,25.424023],[77.361343,25.41296],[77.344261,25.38793],[77.356041,25.367889],[77.336418,25.325581],[77.363762,25.333],[77.371788,25.320221],[77.372589,25.294291],[77.349663,25.27177],[77.362717,25.250071],[77.375572,25.249022],[77.406403,25.226292],[77.417992,25.193029],[77.390709,25.18819],[77.38694,25.132961],[77.398529,25.113272],[77.386673,25.12196],[77.357147,25.101551],[77.302856,25.08387],[77.26226,25.119261],[77.220833,25.110243],[77.169579,25.11372],[77.157707,25.08828],[77.140167,25.096201],[77.114456,25.06909],[77.077232,25.057989],[76.993729,25.07995],[76.974663,25.070671],[76.968666,25.055941],[76.909767,25.035671],[76.882027,25.0341],[76.874489,25.013111],[76.854347,25.010311],[76.868057,25.001369],[76.867279,24.965441],[76.893227,24.935421],[76.891228,24.91968],[76.907417,24.92326],[76.920868,24.91678],[76.924637,24.910372],[76.912697,24.897242],[76.913857,24.88788],[76.948921,24.872869],[76.926521,24.849783],[76.895042,24.83951],[76.83165,24.840242],[76.802292,24.826571],[76.801582,24.819839],[76.846741,24.769993],[76.847298,24.750401],[76.886688,24.75415],[76.909393,24.746811],[76.951736,24.765461],[76.963303,24.75955],[76.971977,24.73167],[76.992142,24.717398],[77.026657,24.71092],[77.059456,24.64242],[77.064697,24.56991],[77.050308,24.526531],[77.031952,24.528799],[77.024071,24.501329],[77.005997,24.49395],[77.001526,24.4779],[76.97966,24.474628],[76.965317,24.460861],[76.941086,24.46735],[76.91465,24.487659],[76.918777,24.529982],[76.912872,24.54357],[76.899826,24.54781],[76.888969,24.52676],[76.879547,24.525311],[76.866203,24.54936],[76.846046,24.55102],[76.81459,24.53437],[76.835327,24.494381],[76.845276,24.4909],[76.851326,24.469109],[76.837883,24.450588],[76.851097,24.43539],[76.846031,24.41934],[76.835876,24.416571],[76.852318,24.374868],[76.836967,24.360708],[76.840179,24.33872],[76.874199,24.27109],[76.916451,24.23197],[76.922577,24.216791],[76.944443,24.206291],[76.933167,24.186871],[76.916138,24.188721],[76.89994,24.131111],[76.856003,24.138941],[76.801117,24.12034],[76.790932,24.125759],[76.76886,24.16468],[76.754997,24.172091],[76.729393,24.170561],[76.720711,24.16172],[76.701141,24.17144],[76.67421,24.19343],[76.687782,24.23245],[76.702499,24.2488],[76.692963,24.285049],[76.668297,24.267382],[76.647247,24.272409],[76.64006,24.26232],[76.616348,24.26284],[76.613953,24.24218],[76.58802,24.249559],[76.597389,24.229919],[76.571487,24.213478],[76.565773,24.2008],[76.579727,24.180679],[76.531433,24.163469],[76.513336,24.172861],[76.505386,24.205469],[76.479416,24.21751],[76.469948,24.2314],[76.453247,24.216822],[76.423607,24.22695],[76.414436,24.20742],[76.352997,24.248911],[76.326897,24.253618],[76.28965,24.23703],[76.282776,24.215712],[76.247673,24.227921],[76.215569,24.216808],[76.194656,24.2848],[76.20623,24.310921],[76.185486,24.331511],[76.172127,24.31558],[76.169228,24.296091],[76.143013,24.28529],[76.154457,24.243761],[76.121323,24.19639],[76.119957,24.18014],[76.128891,24.174858],[76.136887,24.131338],[76.129227,24.118933],[76.134697,24.095289],[76.108597,24.09713],[76.084541,24.08215],[76.046959,24.07567],[76.026726,24.050463],[76.002136,24.035231],[75.960182,24.02537],[75.960243,23.997461],[75.980186,23.97438],[75.975822,23.93294],[75.948227,23.92226],[75.931808,23.901939],[75.921227,23.904171],[75.878616,23.88456],[75.860657,23.89559],[75.837036,23.881329],[75.79422,23.87431],[75.777061,23.85387],[75.761627,23.85689],[75.759171,23.881329],[75.749748,23.89002],[75.731323,23.901501],[75.702332,23.904051],[75.698128,23.877108],[75.729111,23.85821],[75.715721,23.845591],[75.71785,23.819033],[75.687401,23.81925],[75.698669,23.79184],[75.684479,23.760569],[75.674408,23.784468],[75.659088,23.78894],[75.651833,23.801949],[75.612137,23.80662],[75.582527,23.80036],[75.583313,23.815208],[75.562531,23.816931],[75.556061,23.825932],[75.560081,23.836851],[75.572296,23.834831],[75.57618,23.841511],[75.560623,23.859951],[75.504097,23.891911],[75.487427,23.910843],[75.456497,23.92074],[75.464767,23.980728],[75.489197,24.000313],[75.514381,24.048733],[75.542648,24.02556],[75.566933,24.022711],[75.569321,23.999371],[75.583839,23.99192],[75.634743,23.99983],[75.641472,24.01837],[75.669197,24.033543],[75.685806,24.017941],[75.684067,23.993111],[75.696136,23.990391],[75.700409,23.969061],[75.735512,23.98056],[75.737846,23.995333],[75.762039,23.997952],[75.760887,24.012911],[75.771271,24.012211],[75.780243,24.036261],[75.779617,24.06208],[75.833763,24.07543],[75.835793,24.111351],[75.812187,24.102871],[75.802399,24.11833],[75.789612,24.1098],[75.776299,24.138962],[75.743492,24.139601],[75.773506,24.220892],[75.791893,24.223242],[75.805336,24.229719],[75.807762,24.240671],[75.826881,24.24641],[75.812691,24.256882],[75.818527,24.268223],[75.811783,24.27043],[75.816826,24.290751],[75.811203,24.30345],[75.797417,24.314348],[75.765091,24.310659],[75.737923,24.347971],[75.738571,24.3953],[75.729683,24.3895],[75.726883,24.405279],[75.75528,24.409309],[75.756409,24.42767],[75.748726,24.42841],[75.776176,24.45388],[75.783577,24.45183],[75.79113,24.475203],[75.815109,24.465113],[75.812546,24.436781],[75.829002,24.42252],[75.847252,24.41897],[75.898621,24.441591],[75.908997,24.456141],[75.911819,24.49242],[75.905472,24.505308],[75.891052,24.509588],[75.892563,24.52153],[75.909348,24.514881],[75.925041,24.5334],[75.906616,24.5522],[75.907822,24.565363],[75.917397,24.57148],[75.884361,24.581739],[75.874077,24.607111],[75.863457,24.612921],[75.845016,24.610361],[75.838356,24.59569],[75.839203,24.608749],[75.828148,24.61335],[75.846207,24.631401],[75.848808,24.653061],[75.843903,24.66935],[75.827141,24.671501],[75.842026,24.717461],[75.838753,24.72987],[75.786186,24.76553],[75.759682,24.764799],[75.680046,24.727831],[75.659187,24.7017],[75.613327,24.688421],[75.581902,24.7227],[75.552101,24.71377],[75.53508,24.720018],[75.483467,24.69762],[75.451897,24.693218],[75.267242,24.732719],[75.22406,24.73546],[75.216949,24.72241],[75.185516,24.768051],[75.192299,24.78875],[75.202713,24.788801],[75.206421,24.809931],[75.217377,24.820461],[75.246712,24.82184],[75.251923,24.83717],[75.227737,24.847759],[75.201317,24.884201],[75.208191,24.91],[75.2192,24.906488],[75.223419,24.89003],[75.241241,24.902632],[75.249947,24.895691],[75.247971,24.88089],[75.227386,24.85915],[75.278938,24.853491],[75.305733,24.81333],[75.330231,24.83173],[75.417099,24.863901],[75.424217,24.892752],[75.371971,24.877981],[75.325966,24.887009],[75.311302,24.869459],[75.261452,24.88966],[75.267029,24.914211],[75.293083,24.92318],[75.266312,24.96192],[75.275902,24.97673],[75.285362,24.97669],[75.290459,24.952021],[75.302673,24.943161],[75.313873,24.90044],[75.337486,24.9631],[75.32312,24.982241],[75.318947,25.00651],[75.351547,25.02516],[75.35424,25.037371],[75.345589,25.042801],[75.205482,25.04241],[75.200562,25.034498],[75.173782,25.053793],[75.159126,25.045471],[75.154709,25.02887],[75.169243,25.00997],[75.164398,24.991661],[75.138023,24.986362],[75.134323,24.98266],[75.149086,24.98122],[75.119827,24.97576],[75.115707,24.965391],[75.118866,24.88904],[75.090111,24.87973],[75.081673,24.889139],[75.063148,24.877468],[75.056343,24.881941],[75.059853,24.874731],[75.043388,24.859228],[75.012611,24.874081],[74.944809,24.877911],[74.948738,24.8948],[74.920082,24.89185],[74.906883,24.90716],[74.912933,24.928389],[74.884697,24.94976],[74.867203,24.936941],[74.862099,24.965839],[74.846352,24.974291],[74.83271,24.967451],[74.823608,24.928501],[74.827133,24.89913],[74.837837,24.897211],[74.855888,24.853201],[74.859039,24.82016],[74.837517,24.80846],[74.848892,24.79266],[74.857941,24.794621],[74.858566,24.813061],[74.878052,24.813181],[74.884682,24.802431],[74.916946,24.787182],[74.929413,24.795483],[75.007057,24.796061],[75.021378,24.77286],[75.020233,24.752768],[74.993431,24.752729],[74.990753,24.733768],[74.999893,24.708488],[74.962166,24.700842],[74.961983,24.679581],[74.957283,24.68269],[74.952026,24.670313],[74.943008,24.668898],[74.942856,24.660391],[74.902466,24.656311],[74.897003,24.66556],[74.892853,24.65535],[74.873436,24.669481],[74.856361,24.705179],[74.849846,24.69865],[74.809807,24.7964],[74.799316,24.795641],[74.803146,24.754852],[74.780052,24.742748],[74.789658,24.726631],[74.775276,24.687731],[74.789467,24.67894],[74.813339,24.68615],[74.817108,24.671671],[74.783447,24.636761],[74.790123,24.61076],[74.747971,24.596809],[74.756752,24.554621],[74.748543,24.551729],[74.747711,24.53624],[74.728561,24.53479],[74.711937,24.510941],[74.730827,24.510031],[74.750656,24.492001],[74.778999,24.483381],[74.791878,24.493271],[74.816841,24.491171],[74.824699,24.479231],[74.818268,24.46195],[74.858131,24.467333],[74.857498,24.451502],[74.827011,24.423601],[74.825241,24.408333],[74.812317,24.409151],[74.786987,24.371651],[74.78363,24.316801],[74.757462,24.296221],[74.752808,24.28266],[74.772537,24.27198],[74.815163,24.27701],[74.853317,24.269979],[74.86972,24.280708],[74.894287,24.261681],[74.905853,24.233721],[74.886711,24.22492],[74.881126,24.213503],[74.900337,24.174301],[74.927513,24.15715],[74.923508,24.149281],[74.936653,24.138981],[74.93618,24.12377],[74.959518,24.11009],[74.965172,24.082722],[74.979408,24.072012],[74.981216,24.04104],[74.992989,24.029701],[74.987793,24.014332],[74.972229,24.00363],[74.968697,23.979731],[74.92131,23.935713],[74.905678,23.873911],[74.915817,23.845671],[74.910339,23.80084],[74.929932,23.794209],[74.939476,23.770672],[74.931923,23.756418],[74.940567,23.734871],[74.92424,23.719151],[74.92305,23.696581],[74.907623,23.682831],[74.924217,23.668501],[74.93972,23.630371],[74.906029,23.622952],[74.845421,23.554171],[74.802887,23.534052],[74.796333,23.546261],[74.785011,23.548031],[74.763939,23.524712],[74.742371,23.51948],[74.733658,23.500521],[74.700661,23.503681],[74.683716,23.486589],[74.669327,23.483892],[74.654732,23.46442],[74.61338,23.461361],[74.598457,23.42976],[74.57402,23.422543],[74.570717,23.37775],[74.560226,23.364491],[74.54583,23.363798],[74.542717,23.33869],[74.518303,23.32873],[74.519249,23.321938],[74.533661,23.32303],[74.553467,23.28252],[74.571922,23.300892],[74.586761,23.28446],[74.622292,23.28134],[74.632141,23.263401],[74.646248,23.25972],[74.673126,23.27487],[74.701149,23.272142],[74.722153,23.242512],[74.695007,23.22308],[74.724319,23.220119],[74.745796,23.23271],[74.750839,23.230381],[74.745697,23.212111],[74.715523,23.19467],[74.669159,23.20149],[74.608063,23.144821],[74.5457,23.132071],[74.542656,23.106901],[74.513603,23.095901],[74.512283,23.088831],[74.467247,23.085258],[74.433167,23.10568],[74.39119,23.112],[74.361122,23.090311],[74.355103,23.075802],[74.322777,23.062691],[74.310173,23.07954],[74.282539,23.095013],[74.288147,23.118731],[74.267067,23.16597],[74.246033,23.188259],[74.237022,23.182701],[74.207542,23.192051],[74.182991,23.15222],[74.155167,23.157751],[74.145691,23.17523],[74.127022,23.17885],[74.124702,23.20657],[74.139481,23.226822],[74.133781,23.269451],[74.113876,23.277349],[74.101662,23.29575],[74.044472,23.296091],[74.049683,23.307091],[74.037598,23.30574],[74.032661,23.33235],[73.990776,23.337629],[73.971031,23.377138],[73.962471,23.38139],[73.947296,23.37352],[73.938896,23.341419],[73.894272,23.337139],[73.894928,23.352581],[73.836456,23.430691],[73.83213,23.446751],[73.783066,23.43461],[73.764717,23.458578],[73.726143,23.412663],[73.717216,23.41884],[73.704216,23.455782],[73.681908,23.457081],[73.653206,23.440491],[73.632751,23.452393],[73.643822,23.49678],[73.658417,23.50412],[73.657333,23.51618],[73.637001,23.53113],[73.637131,23.548019],[73.651207,23.58087],[73.649986,23.607693],[73.660736,23.622902],[73.619019,23.651423],[73.577271,23.655361],[73.532242,23.613541],[73.513489,23.616812],[73.501099,23.633831],[73.511627,23.645081],[73.500526,23.65073],[73.510941,23.673389],[73.508537,23.703331],[73.479271,23.708973],[73.450821,23.75259],[73.43219,23.762081],[73.420486,23.779331],[73.400009,23.783978],[73.389847,23.76926],[73.3759,23.76667],[73.362648,23.78743],[73.372673,23.821922],[73.362076,23.86187],[73.396111,23.916792],[73.407753,23.916121],[73.424683,23.931061],[73.419579,23.98266],[73.40506,23.990549],[73.413757,24.051069],[73.396591,24.072531],[73.369629,24.08798],[73.373466,24.128139],[73.360817,24.114092],[73.335182,24.11511],[73.332497,24.073683],[73.291031,24.027403],[73.275307,24.028021],[73.245827,24.01071],[73.198936,24.05146],[73.223816,24.098221],[73.197601,24.11079],[73.193863,24.105183],[73.17173,24.111322],[73.123398,24.140301],[73.114166,24.13859],[73.116508,24.152861],[73.082687,24.18498],[73.091728,24.220881],[73.111206,24.231112],[73.100906,24.237711],[73.116066,24.26259],[73.138947,24.28005],[73.144958,24.307858],[73.180626,24.301491],[73.192947,24.343571],[73.21106,24.33423],[73.231476,24.36466],[73.210983,24.37542],[73.190392,24.35577],[73.169968,24.35067],[73.127388,24.36883],[73.111198,24.386801],[73.084961,24.39447],[73.10833,24.426321],[73.094383,24.494728],[73.051041,24.46526],[73.021851,24.465113],[73.012787,24.482401],[73.000343,24.470631],[72.981003,24.45105],[72.990616,24.420891],[72.96328,24.383739],[72.981277,24.380051],[72.991463,24.363972],[72.923912,24.326323],[72.900558,24.351448],[72.868118,24.36581],[72.815346,24.358191],[72.732536,24.361271],[72.693466,24.419281],[72.69725,24.457211],[72.658638,24.45643],[72.588501,24.472502],[72.544579,24.506851],[72.513878,24.46456],[72.511742,24.44739],[72.500557,24.450291],[72.507713,24.409931],[72.464676,24.40712],[72.456238,24.438129],[72.436676,24.46051],[72.448151,24.49332],[72.44249,24.50425],[72.421112,24.508068],[72.386322,24.500511],[72.37088,24.528761],[72.373909,24.537359],[72.357933,24.552511],[72.3349,24.55868],[72.337013,24.544149],[72.29512,24.538441],[72.290039,24.558281],[72.271683,24.550159],[72.250999,24.58016],[72.279259,24.6],[72.300331,24.600151],[72.314026,24.58539],[72.325996,24.586861],[72.342216,24.593521],[72.353783,24.618101],[72.340202,24.62299],[72.331009,24.611881],[72.315056,24.608871],[72.27475,24.622231],[72.248932,24.620781],[72.229988,24.632881],[72.21064,24.61257],[72.165398,24.6145],[72.150726,24.634102],[72.12101,24.631962],[72.0849,24.652752],[72.082397,24.66847],[72.092323,24.674761],[72.085251,24.697008],[72.05249,24.70579],[72.001091,24.68297],[71.989876,24.667049],[71.993248,24.65313],[71.944191,24.62678],[71.934509,24.62685],[71.918793,24.6462],[71.92598,24.65871],[71.920082,24.667351],[71.893799,24.665751],[71.876472,24.675159],[71.862762,24.654753],[71.868683,24.62348],[71.858391,24.60417],[71.846573,24.614861],[71.811768,24.62182],[71.815086,24.65468],[71.798988,24.670521],[71.745773,24.65428],[71.716316,24.654329],[71.66156,24.633261],[71.616592,24.670681],[71.597832,24.663851],[71.577179,24.677401],[71.551422,24.670631],[71.536972,24.678921],[71.488319,24.673851],[71.383057,24.621681],[71.367653,24.62726],[71.356712,24.654051],[71.351036,24.653219],[71.32164,24.64032],[71.297737,24.607641],[71.119278,24.66865],[71.072853,24.712],[71.023567,24.82118],[70.945488,24.934542],[70.925606,24.994711],[70.89431,25.144058],[70.766449,25.26495],[70.744263,25.320961],[70.674171,25.38932],[70.687866,25.517349],[70.676216,25.52387],[70.681137,25.660761],[70.665962,25.697229],[70.646866,25.706541],[70.61705,25.706631],[70.536232,25.676731],[70.399658,25.663799],[70.279617,25.70126],[70.244507,25.76627],[70.177963,25.8195],[70.096077,25.944317],[70.082573,26.073858],[70.145195,26.166155],[70.172668,26.245077],[70.164604,26.290916],[70.178307,26.349771],[70.175995,26.433296],[70.183899,26.486834],[70.16774,26.550743],[70.138931,26.574396],[70.066193,26.599291],[69.879311,26.581085],[69.815361,26.592157],[69.771942,26.613747],[69.72187,26.653843],[69.51545,26.740055],[69.483734,26.806231],[69.513206,27.016869],[69.586662,27.177984],[69.665947,27.251436],[69.861969,27.402779],[69.936249,27.502108],[70.016266,27.555996],[70.107811,27.766872],[70.156952,27.834049],[70.207596,27.885384],[70.30291,27.946173],[70.366165,28.008249],[70.483757,28.034012],[70.530334,28.032488],[70.56263,28.019802],[70.672104,27.914318],[70.678413,27.839052],[70.757668,27.717209],[70.884171,27.6984],[70.90686,27.70064],[71.173691,27.811991],[71.272957,27.841928],[71.409729,27.865789],[71.658287,27.868931],[71.897377,27.95742],[71.933258,28.12686],[71.99588,28.206957],[72.126129,28.303501],[72.184425,28.358006],[72.208847,28.399982],[72.301956,28.664816],[72.384697,28.763941],[72.519852,28.828609],[72.711296,28.93503],[72.941719,29.027201],[73.000031,29.147366],[73.089272,29.24909],[73.271317,29.556961],[73.391373,29.93787],[73.611183,30.022409],[73.787216,30.066401],[73.966316,30.195049],[73.960823,30.14323],[73.966652,30.121189],[73.898407,30.05365],[73.881866,30.01124]]]}},{"type":"Feature","properties":{"name":"Sikkim","code":""},"geometry":{"type":"Polygon","coordinates":[[[88.626877,28.12715],[88.666771,28.07408],[88.685799,28.078979],[88.751083,28.073313],[88.805328,28.026251],[88.829056,28.01516],[88.840881,27.991001],[88.84407,27.956423],[88.83625,27.932001],[88.861237,27.923462],[88.881386,27.89253],[88.880997,27.838961],[88.854263,27.816523],[88.852608,27.768351],[88.862381,27.739],[88.838623,27.71047],[88.846611,27.6689],[88.826019,27.64547],[88.809906,27.641918],[88.805489,27.603251],[88.784813,27.57538],[88.767067,27.56496],[88.775101,27.5376],[88.788948,27.526131],[88.783386,27.455551],[88.794731,27.44701],[88.81176,27.402561],[88.839828,27.378159],[88.858833,27.38587],[88.867218,27.36825],[88.880989,27.36319],[88.889862,27.336401],[88.922371,27.326321],[88.909462,27.305943],[88.907272,27.283541],[88.873177,27.259062],[88.830406,27.2626],[88.801102,27.24758],[88.80069,27.22068],[88.7882,27.185835],[88.760857,27.175192],[88.759758,27.155018],[88.732536,27.13735],[88.717796,27.14397],[88.711807,27.16515],[88.691498,27.178699],[88.6735,27.176611],[88.656456,27.162401],[88.638756,27.167721],[88.619019,27.187853],[88.591476,27.19446],[88.55899,27.188751],[88.520752,27.178181],[88.52993,27.15015],[88.495613,27.12536],[88.473778,27.120701],[88.454498,27.089649],[88.431946,27.08161],[88.38752,27.09841],[88.352303,27.10107],[88.340797,27.11067],[88.323837,27.1049],[88.318817,27.119341],[88.304497,27.128601],[88.277351,27.131191],[88.232506,27.119768],[88.213837,27.135122],[88.178993,27.13471],[88.152313,27.11171],[88.092667,27.136278],[88.067451,27.190269],[88.074951,27.20084],[88.058197,27.21389],[88.016968,27.218872],[88.033417,27.249716],[88.034294,27.285995],[88.046509,27.292442],[88.044113,27.304016],[88.069214,27.335581],[88.044418,27.370716],[88.049416,27.405216],[88.069717,27.425014],[88.082619,27.426414],[88.070518,27.438515],[88.06971,27.457619],[88.046616,27.478415],[88.046333,27.495766],[88.064117,27.511816],[88.06002,27.516716],[88.069839,27.526093],[88.06163,27.534792],[88.083618,27.564615],[88.07782,27.571815],[88.087135,27.589001],[88.116318,27.61035],[88.122627,27.645267],[88.147255,27.665403],[88.157448,27.690382],[88.150711,27.702007],[88.161049,27.740618],[88.181213,27.746815],[88.184418,27.774515],[88.199921,27.790529],[88.17572,27.820215],[88.203926,27.837315],[88.198914,27.853516],[88.129982,27.881516],[88.113892,27.912191],[88.128868,27.938299],[88.123909,27.95092],[88.139061,27.96348],[88.18866,27.94368],[88.203476,27.966619],[88.229698,27.96792],[88.243889,27.94854],[88.345192,27.989481],[88.389801,27.978081],[88.426537,28.00812],[88.461601,28.01981],[88.483116,28.045588],[88.501137,28.048931],[88.538948,28.038891],[88.554451,28.084831],[88.574837,28.085609],[88.616463,28.10368],[88.607468,28.12755],[88.626877,28.12715]]]}},{"type":"Feature","properties":{"name":"Tamil Nadu","code":""},"geometry":{"type":"MultiPolygon","coordinates":[[[[77.553467,8.078751],[77.555969,8.076805],[77.553192,8.077361],[77.553467,8.078751]]],[[[78.109863,8.614583],[78.120697,8.614311],[78.117363,8.610141],[78.109863,8.614583]]],[[[78.120407,8.617921],[78.119858,8.615141],[78.119026,8.615417],[78.120407,8.617921]]],[[[78.12014,8.637921],[78.115677,8.631532],[78.115974,8.62764],[78.121803,8.627915],[78.119583,8.62875],[78.122643,8.63403],[78.122917,8.629306],[78.11792,8.617361],[78.119858,8.627362],[78.115143,8.625971],[78.111252,8.632362],[78.12014,8.637921]]],[[[78.125969,8.643195],[78.12764,8.645141],[78.128197,8.642917],[78.125969,8.643195]]],[[[78.117081,8.65653],[78.12458,8.649583],[78.124031,8.638194],[78.117081,8.642361],[78.117081,8.65653]]],[[[78.210136,8.835417],[78.212067,8.83903],[78.211525,8.835417],[78.210136,8.835417]]],[[[78.222916,8.872362],[78.227081,8.87125],[78.227356,8.867361],[78.222916,8.872362]]],[[[78.251808,8.953194],[78.255417,8.95542],[78.254585,8.952918],[78.251808,8.953194]]],[[[78.487923,9.09014],[78.49514,9.090694],[78.493195,9.085694],[78.487923,9.09014]]],[[[78.538193,9.105973],[78.538193,9.102917],[78.534859,9.102361],[78.538193,9.105973]]],[[[78.57653,9.11042],[78.58625,9.108749],[78.571808,9.102081],[78.57653,9.11042]]],[[[78.484863,9.133473],[78.486809,9.130971],[78.484581,9.131251],[78.484863,9.133473]]],[[[78.694305,9.154861],[78.696526,9.151251],[78.693192,9.151239],[78.694305,9.154861]]],[[[78.728752,9.152361],[78.732086,9.155421],[78.731804,9.151251],[78.728752,9.152361]]],[[[78.828194,9.17125],[78.828476,9.165418],[78.820137,9.157639],[78.814857,9.157922],[78.828194,9.17125]]],[[[78.940697,9.184583],[78.931541,9.18154],[78.907082,9.180695],[78.902641,9.177917],[78.898476,9.179307],[78.904861,9.183473],[78.940697,9.184583]]],[[[78.965416,9.188471],[78.97097,9.185973],[78.968483,9.184031],[78.965416,9.188471]]],[[[79.070137,9.208195],[79.08625,9.19375],[79.089302,9.199862],[79.09153,9.19597],[79.085136,9.191806],[79.058197,9.197079],[79.070137,9.208195]]],[[[79.138748,9.214029],[79.141251,9.212917],[79.138466,9.212361],[79.138748,9.214029]]],[[[79.120956,9.215971],[79.134857,9.21653],[79.135971,9.214861],[79.120956,9.215971]]],[[[79.234581,9.239581],[79.238197,9.24431],[79.239304,9.240973],[79.234581,9.239581]]],[[[79.184029,9.24903],[79.183197,9.24152],[79.198196,9.23347],[79.201248,9.240693],[79.20153,9.234031],[79.197906,9.232363],[79.180969,9.240141],[79.184029,9.24903]]],[[[79.207642,9.24931],[79.222076,9.247079],[79.200966,9.241251],[79.207642,9.24931]]],[[[79.312363,9.328472],[79.335136,9.311531],[79.314583,9.28236],[79.325974,9.261805],[79.439857,9.158195],[79.298759,9.24681],[79.248192,9.260141],[79.214584,9.254028],[79.221252,9.267083],[79.204308,9.277362],[79.220413,9.292083],[79.267639,9.293195],[79.279305,9.312082],[79.312363,9.328472]]],[[[79.529305,9.384028],[79.529137,9.384028],[79.529305,9.384197],[79.529305,9.384028]]],[[[79.53009,9.385958],[79.530136,9.385694],[79.529984,9.385694],[79.53009,9.385958]]],[[[79.530418,9.385972],[79.530136,9.387084],[79.530418,9.387084],[79.530418,9.385972]]],[[[79.52993,9.388636],[79.530136,9.38875],[79.530136,9.388317],[79.52993,9.388636]]],[[[79.529861,9.389021],[79.529709,9.388955],[79.529678,9.389115],[79.529861,9.389021]]],[[[79.529305,9.389304],[79.529587,9.389311],[79.529587,9.38916],[79.529305,9.389304]]],[[[79.529305,9.38986],[79.528946,9.389603],[79.528648,9.389853],[79.529305,9.38986]]],[[[79.528648,9.389853],[79.528358,9.390138],[79.528748,9.390141],[79.528648,9.389853]]],[[[79.702919,10.288195],[79.706802,10.285141],[79.702362,10.287083],[79.702919,10.288195]]],[[[79.697083,10.288751],[79.700966,10.28931],[79.700691,10.288191],[79.697083,10.288751]]],[[[79.693466,10.291249],[79.696251,10.289583],[79.693466,10.289581],[79.693466,10.291249]]],[[[79.688751,10.295694],[79.692917,10.295418],[79.690414,10.293471],[79.688751,10.295694]]],[[[79.683472,10.298196],[79.686806,10.297084],[79.68486,10.295418],[79.683472,10.298196]]],[[[79.62014,10.29903],[79.629303,10.29903],[79.629303,10.298191],[79.62014,10.29903]]],[[[79.605972,10.30264],[79.609024,10.300972],[79.605698,10.301528],[79.605972,10.30264]]],[[[79.615974,10.308195],[79.620697,10.306531],[79.616249,10.306531],[79.615974,10.308195]]],[[[79.622093,10.307921],[79.623474,10.306529],[79.621246,10.305416],[79.622093,10.307921]]],[[[79.627914,10.308195],[79.631531,10.306807],[79.627914,10.306807],[79.627914,10.308195]]],[[[79.69986,10.309583],[79.704849,10.306531],[79.709862,10.307641],[79.710693,10.30736],[79.703751,10.30375],[79.69986,10.309583]]],[[[79.669861,10.30736],[79.68264,10.305416],[79.669586,10.306531],[79.669861,10.30736]]],[[[79.689308,10.306807],[79.694031,10.308195],[79.69236,10.304306],[79.689308,10.306807]]],[[[79.605423,10.31015],[79.609863,10.309305],[79.605141,10.30625],[79.605423,10.31015]]],[[[79.688751,10.318749],[79.71653,10.315141],[79.715973,10.311531],[79.692909,10.313751],[79.688751,10.318749]]],[[[79.627907,10.330421],[79.632919,10.32986],[79.62764,10.32597],[79.627907,10.330421]]],[[[79.624863,10.338751],[79.628754,10.342083],[79.628197,10.336811],[79.624863,10.338751]]],[[[79.837349,11.233191],[79.84153,11.23514],[79.842087,11.234021],[79.837349,11.233191]]],[[[79.824577,11.23681],[79.827919,11.235696],[79.823753,11.234583],[79.824577,11.23681]]],[[[79.987358,12.250141],[79.991531,12.249581],[79.985138,12.245141],[79.987358,12.250141]]],[[[80.321251,13.434861],[80.325142,13.435973],[80.324852,13.434312],[80.321251,13.434861]]],[[[80.075821,13.52676],[80.086723,13.527241],[80.100357,13.5052],[80.127892,13.49895],[80.1521,13.47888],[80.194061,13.47623],[80.211777,13.48231],[80.240906,13.470151],[80.259888,13.447362],[80.267998,13.414342],[80.277893,13.407532],[80.27597,13.389142],[80.312126,13.369381],[80.316254,13.428473],[80.32653,13.399031],[80.322357,13.389859],[80.329865,13.387084],[80.324303,13.370694],[80.329033,13.36653],[80.330696,13.39292],[80.319313,13.42375],[80.326248,13.429861],[80.325142,13.43792],[80.324577,13.43903],[80.326248,13.44264],[80.34597,13.325973],[80.344856,13.273191],[80.330971,13.235694],[80.317085,13.23125],[80.316246,13.244309],[80.313751,13.246531],[80.317642,13.225971],[80.310692,13.222642],[80.306252,13.215141],[80.317917,13.223752],[80.313469,13.219312],[80.310692,13.209584],[80.311531,13.209031],[80.320419,13.226541],[80.333748,13.23514],[80.299026,13.139321],[80.305138,13.10708],[80.301796,13.112922],[80.295692,13.093472],[80.305969,13.101531],[80.303192,13.089581],[80.285141,13.06875],[80.277641,13.01625],[80.266808,13.013194],[80.277084,13.010971],[80.258469,12.935972],[80.247917,12.805152],[80.241249,12.80625],[80.237358,12.833472],[80.232643,12.846251],[80.239304,12.810139],[80.231804,12.784861],[80.237923,12.78402],[80.238747,12.800694],[80.248192,12.80264],[80.254028,12.779031],[80.185417,12.577639],[80.170692,12.58514],[80.181526,12.609862],[80.164856,12.603749],[80.163483,12.594031],[80.168198,12.595141],[80.170135,12.594029],[80.161247,12.585411],[80.184586,12.574583],[80.165695,12.524861],[80.155983,12.46681],[80.050697,12.32597],[80.064026,12.34986],[80.058197,12.367362],[80.017082,12.34042],[80.013748,12.322641],[80.063187,12.351251],[80.009308,12.256527],[80.012077,12.265421],[80.006248,12.259581],[80.004585,12.260972],[80.011528,12.272641],[80.004593,12.265421],[80.002914,12.257915],[79.986526,12.251532],[79.94458,12.220141],[79.956528,12.211806],[80.00708,12.254583],[79.884865,12.064861],[79.849289,11.98764],[79.837639,11.94055],[79.81102,11.94251],[79.799728,11.96429],[79.787567,11.938371],[79.771812,11.946401],[79.764206,11.93459],[79.747841,11.928902],[79.747513,11.915161],[79.7369,11.90717],[79.733612,11.94721],[79.714493,11.955251],[79.715706,11.967451],[79.742409,11.967041],[79.752441,11.97613],[79.749649,11.986131],[79.73468,11.994311],[79.724937,11.977901],[79.705849,11.97737],[79.690758,11.99628],[79.691559,12.017441],[79.679039,12.01926],[79.659309,11.996891],[79.647316,11.99723],[79.642342,11.975811],[79.659607,11.977051],[79.665359,11.967522],[79.671143,11.97476],[79.699051,11.972059],[79.695259,11.961031],[79.701553,11.952181],[79.683128,11.946501],[79.6782,11.936532],[79.697823,11.916681],[79.694611,11.931331],[79.706032,11.92871],[79.704079,11.912991],[79.724899,11.89151],[79.716019,11.886681],[79.71537,11.87497],[79.691536,11.878401],[79.691689,11.897771],[79.702583,11.9025],[79.682861,11.904709],[79.679871,11.879262],[79.66037,11.87732],[79.659073,11.865669],[79.695732,11.87338],[79.693451,11.853891],[79.703796,11.83829],[79.706688,11.84709],[79.730347,11.84688],[79.72776,11.832339],[79.738403,11.835001],[79.743637,11.859721],[79.749809,11.86053],[79.755737,11.85047],[79.747307,11.832702],[79.752136,11.824451],[79.760437,11.823031],[79.76712,11.84048],[79.781761,11.840271],[79.794022,11.83021],[79.800697,11.80764],[79.756813,11.61764],[79.75708,11.56375],[79.763748,11.527361],[79.807358,11.444583],[79.827362,11.362922],[79.811806,11.370693],[79.813469,11.37764],[79.809593,11.383751],[79.810692,11.370971],[79.821808,11.357082],[79.833191,11.35347],[79.835693,11.362641],[79.837906,11.356811],[79.846542,11.24403],[79.833191,11.235415],[79.83403,11.23792],[79.824303,11.24125],[79.817917,11.231529],[79.80542,11.23681],[79.804581,11.236252],[79.814026,11.230691],[79.83403,11.23431],[79.840141,11.229031],[79.847641,11.242921],[79.859024,11.13986],[79.855141,10.977641],[79.801453,10.986212],[79.783417,10.967332],[79.772278,10.979562],[79.731903,10.98704],[79.730156,10.971011],[79.743813,10.967011],[79.738136,10.95861],[79.745537,10.94334],[79.732651,10.941161],[79.726692,10.952351],[79.703651,10.951861],[79.704353,10.935189],[79.719193,10.940541],[79.72123,10.93531],[79.704231,10.918871],[79.725906,10.906901],[79.726883,10.897451],[79.742981,10.899361],[79.743027,10.881942],[79.747948,10.89522],[79.751862,10.880859],[79.761223,10.89143],[79.77317,10.889561],[79.77636,10.88168],[79.766983,10.872762],[79.808983,10.86744],[79.789566,10.861751],[79.807457,10.852691],[79.79113,10.845701],[79.805893,10.82804],[79.812042,10.832822],[79.813339,10.814081],[79.85125,10.813771],[79.865967,10.416251],[79.882919,10.30236],[79.867081,10.286251],[79.835693,10.275416],[79.74292,10.275138],[79.755692,10.275416],[79.747086,10.282361],[79.750969,10.290139],[79.784859,10.280695],[79.75708,10.312083],[79.769859,10.303194],[79.775696,10.301533],[79.778473,10.302362],[79.761253,10.313195],[79.730141,10.310971],[79.710419,10.325151],[79.636528,10.318191],[79.635139,10.335421],[79.627357,10.345422],[79.631531,10.362082],[79.62986,10.363195],[79.620407,10.343751],[79.61042,10.341529],[79.622093,10.334031],[79.613472,10.317361],[79.596802,10.308751],[79.585693,10.311531],[79.57653,10.308751],[79.550697,10.313751],[79.551247,10.312359],[79.662361,10.289041],[79.662636,10.298196],[79.67347,10.301533],[79.690697,10.292083],[79.681808,10.290139],[79.739029,10.27736],[79.526527,10.305416],[79.525139,10.315419],[79.549583,10.316805],[79.55986,10.332641],[79.588753,10.332638],[79.587082,10.343473],[79.545143,10.34792],[79.542923,10.339031],[79.538193,10.347083],[79.543472,10.337639],[79.534302,10.335973],[79.543472,10.32431],[79.525696,10.318471],[79.50708,10.32514],[79.528473,10.324579],[79.527351,10.330421],[79.510406,10.32986],[79.51236,10.337639],[79.501808,10.333751],[79.503746,10.32153],[79.49514,10.32153],[79.496803,10.328194],[79.495972,10.32764],[79.493752,10.323472],[79.495972,10.319027],[79.495415,10.318749],[79.487358,10.327918],[79.494301,10.32764],[79.494858,10.330694],[79.486526,10.335695],[79.455971,10.342083],[79.455132,10.336251],[79.46653,10.339031],[79.486526,10.32625],[79.458191,10.327084],[79.457085,10.320418],[79.517639,10.316249],[79.512367,10.309031],[79.385696,10.31681],[79.369583,10.29485],[79.358475,10.302082],[79.365967,10.292081],[79.350983,10.28598],[79.347641,10.295972],[79.347359,10.286805],[79.330406,10.284031],[79.294861,10.260695],[79.267906,10.232361],[79.28125,10.213749],[79.242363,10.18292],[79.239861,10.154305],[79.229027,10.144311],[79.230141,10.130971],[79.237076,10.128471],[79.228195,10.113194],[79.22847,10.092082],[79.236526,10.074027],[79.252357,10.066531],[79.25264,10.048471],[79.267365,10.037916],[79.242638,10.02514],[79.199303,9.971249],[79.155136,9.932361],[79.147087,9.909571],[79.119858,9.877641],[79.121803,9.85458],[79.091248,9.827641],[79.057915,9.772639],[79.036812,9.761811],[78.981529,9.690421],[78.959587,9.629871],[78.929306,9.59403],[78.914864,9.494028],[78.898178,9.489032],[78.902077,9.465692],[78.939308,9.406252],[79.034302,9.318471],[79.064583,9.299862],[79.103195,9.289583],[79.140137,9.292361],[79.190697,9.281809],[79.09375,9.259861],[78.984581,9.274862],[78.955139,9.272362],[78.925697,9.265973],[78.906525,9.249584],[78.873192,9.256528],[78.834862,9.245142],[78.830139,9.254306],[78.834587,9.264305],[78.834587,9.267083],[78.832642,9.268761],[78.828751,9.25486],[78.832359,9.243196],[78.727638,9.208751],[78.717636,9.20014],[78.718475,9.19014],[78.671249,9.198472],[78.657913,9.192362],[78.642357,9.17375],[78.657356,9.157641],[78.614304,9.152083],[78.578186,9.131251],[78.53875,9.137362],[78.484016,9.127919],[78.489021,9.13292],[78.490692,9.144862],[78.488747,9.150138],[78.481796,9.127361],[78.410698,9.11181],[78.370972,9.080971],[78.365417,9.092082],[78.366531,9.076805],[78.288193,9.015416],[78.270973,9.00542],[78.268196,9.016251],[78.260971,9.018751],[78.267082,9.003196],[78.20903,8.959311],[78.168747,8.882082],[78.168198,8.826811],[78.158752,8.798194],[78.16375,8.783191],[78.160423,8.78709],[78.157364,8.771528],[78.180138,8.76736],[78.181252,8.773194],[78.18708,8.776531],[78.181526,8.771531],[78.190971,8.765418],[78.198471,8.77486],[78.194305,8.77125],[78.191528,8.789032],[78.198471,8.789032],[78.199028,8.764306],[78.223473,8.755971],[78.230133,8.748751],[78.197639,8.763194],[78.200974,8.752083],[78.223473,8.745972],[78.193748,8.752641],[78.170692,8.745141],[78.135406,8.68875],[78.12764,8.65042],[78.122643,8.66236],[78.104858,8.65153],[78.114029,8.650971],[78.113472,8.642917],[78.100677,8.640141],[78.108192,8.634584],[78.10125,8.62875],[78.107086,8.613771],[78.096802,8.602084],[78.101807,8.596249],[78.095139,8.59792],[78.096527,8.58125],[78.114861,8.57986],[78.119583,8.588482],[78.135971,8.592081],[78.125687,8.594861],[78.129303,8.597361],[78.129303,8.602362],[78.112915,8.585695],[78.101807,8.592361],[78.11042,8.61236],[78.116531,8.60764],[78.111809,8.60014],[78.12236,8.598191],[78.116806,8.60542],[78.12458,8.605694],[78.120972,8.622922],[78.127357,8.638472],[78.138748,8.588751],[78.12236,8.52181],[78.130417,8.497079],[78.065407,8.420421],[78.055687,8.381251],[78.049591,8.38042],[78.066803,8.370416],[77.982361,8.34125],[77.953751,8.314028],[77.88903,8.273195],[77.802361,8.240141],[77.804581,8.247079],[77.804031,8.248196],[77.782082,8.220422],[77.781509,8.200689],[77.746246,8.177082],[77.716248,8.165693],[77.650139,8.160141],[77.575691,8.135695],[77.559303,8.119584],[77.558746,8.096528],[77.564857,8.09986],[77.565971,8.092082],[77.550972,8.076526],[77.433746,8.097082],[77.335136,8.125972],[77.315971,8.120972],[77.296524,8.149582],[77.239304,8.176528],[77.223473,8.19653],[77.184586,8.219305],[77.166809,8.244861],[77.090698,8.297361],[77.104652,8.3016],[77.100853,8.311651],[77.121948,8.322942],[77.149773,8.321942],[77.159653,8.312501],[77.151062,8.33094],[77.15461,8.351399],[77.147499,8.354581],[77.135773,8.34567],[77.143227,8.362271],[77.134819,8.37853],[77.153687,8.377441],[77.179779,8.409091],[77.188683,8.434741],[77.209518,8.437719],[77.186493,8.493371],[77.20639,8.504432],[77.222557,8.488321],[77.247543,8.50138],[77.26516,8.53745],[77.251526,8.57099],[77.228409,8.597813],[77.228279,8.612901],[77.190338,8.654891],[77.187721,8.683761],[77.161728,8.715161],[77.155319,8.73756],[77.176521,8.735021],[77.183006,8.76111],[77.197807,8.757742],[77.19838,8.7695],[77.214676,8.775761],[77.217361,8.79703],[77.227356,8.80056],[77.247047,8.83188],[77.241501,8.864782],[77.227127,8.871819],[77.221451,8.88814],[77.206253,8.893182],[77.204742,8.917411],[77.193863,8.92191],[77.184769,8.91017],[77.180443,8.91575],[77.180168,8.94702],[77.143196,8.997881],[77.134247,8.99998],[77.132179,9.01185],[77.153763,9.03656],[77.182083,9.036501],[77.195862,9.088422],[77.230156,9.114812],[77.251778,9.143041],[77.24839,9.175781],[77.236618,9.179191],[77.239731,9.18995],[77.250267,9.19024],[77.266808,9.208819],[77.259499,9.224411],[77.267609,9.2624],[77.274117,9.26317],[77.266823,9.29088],[77.283501,9.30091],[77.284142,9.327471],[77.31134,9.327902],[77.327629,9.38981],[77.321678,9.40565],[77.334251,9.431051],[77.351608,9.449701],[77.363632,9.443301],[77.378586,9.45075],[77.385513,9.486192],[77.396233,9.496542],[77.386757,9.51674],[77.37072,9.508692],[77.350548,9.526292],[77.348808,9.5462],[77.335876,9.55683],[77.345253,9.56727],[77.343201,9.584811],[77.351326,9.58804],[77.340897,9.595051],[77.324783,9.5632],[77.310677,9.570361],[77.31485,9.588621],[77.304306,9.593041],[77.255013,9.564991],[77.222809,9.57279],[77.196579,9.5957],[77.195938,9.604192],[77.174568,9.597161],[77.151871,9.60602],[77.162247,9.619811],[77.165657,9.64823],[77.191689,9.686182],[77.189926,9.71551],[77.208229,9.72167],[77.206039,9.73749],[77.218597,9.76001],[77.209816,9.779941],[77.233986,9.78852],[77.227089,9.806311],[77.208923,9.814522],[77.223663,9.84901],[77.199112,9.865981],[77.206543,9.877762],[77.204437,9.89432],[77.234711,9.942831],[77.249916,9.942539],[77.261421,9.963721],[77.24984,9.972781],[77.240883,10.000131],[77.248093,10.02023],[77.195198,10.073542],[77.188141,10.095652],[77.194603,10.106249],[77.2033,10.103622],[77.225113,10.11845],[77.253273,10.111409],[77.259781,10.119081],[77.264412,10.17974],[77.280449,10.207252],[77.269966,10.224332],[77.246529,10.22061],[77.250549,10.253751],[77.214493,10.305801],[77.22216,10.340301],[77.162956,10.346281],[77.108322,10.307171],[77.05188,10.285481],[77.046097,10.27429],[77.033836,10.272171],[77.042503,10.261971],[77.038551,10.24816],[77.006668,10.23637],[76.970787,10.208651],[76.927773,10.229589],[76.905479,10.224751],[76.892319,10.232671],[76.884628,10.255079],[76.862297,10.267061],[76.864273,10.290041],[76.838547,10.277599],[76.819672,10.29524],[76.825691,10.334211],[76.839348,10.35971],[76.815666,10.386531],[76.821457,10.40341],[76.815033,10.40179],[76.807327,10.41492],[76.831436,10.524571],[76.824516,10.53764],[76.829727,10.585062],[76.808617,10.594481],[76.804993,10.626341],[76.87262,10.629432],[76.870163,10.6641],[76.855507,10.675272],[76.875046,10.70672],[76.883743,10.707351],[76.880402,10.72614],[76.897507,10.7708],[76.888298,10.799882],[76.840416,10.80766],[76.837128,10.815539],[76.845192,10.826502],[76.817558,10.861801],[76.772987,10.881641],[76.732689,10.88098],[76.649162,10.924152],[76.660446,10.96046],[76.677773,10.979701],[76.679787,10.999431],[76.70652,11.031351],[76.756973,11.024591],[76.781837,11.028951],[76.792473,11.042373],[76.78997,11.049682],[76.767181,11.03221],[76.751129,11.04676],[76.737099,11.04751],[76.734497,11.06389],[76.748039,11.075101],[76.734138,11.093361],[76.738716,11.12129],[76.722206,11.122512],[76.709831,11.1403],[76.696678,11.132681],[76.691177,11.14451],[76.689026,11.16509],[76.721153,11.184511],[76.717957,11.198311],[76.725578,11.208891],[76.696968,11.231331],[76.67939,11.22703],[76.66819,11.21068],[76.623039,11.185671],[76.593338,11.197491],[76.521233,11.19027],[76.506012,11.20198],[76.487648,11.20279],[76.465866,11.198742],[76.466537,11.18609],[76.452721,11.18021],[76.438026,11.19455],[76.446388,11.230461],[76.513527,11.26196],[76.52195,11.281201],[76.540169,11.292348],[76.528542,11.30345],[76.539787,11.320951],[76.5382,11.35159],[76.509491,11.346612],[76.510078,11.361151],[76.448387,11.381419],[76.408173,11.41482],[76.410393,11.433591],[76.390579,11.427961],[76.333687,11.458711],[76.320908,11.444699],[76.297966,11.45886],[76.28904,11.456318],[76.278061,11.474531],[76.266083,11.468692],[76.257927,11.473223],[76.240097,11.459641],[76.244759,11.494321],[76.2332,11.51868],[76.24247,11.52879],[76.225746,11.56444],[76.270973,11.592909],[76.290642,11.580561],[76.297897,11.564331],[76.328583,11.588551],[76.335587,11.578341],[76.350113,11.582742],[76.370697,11.59347],[76.380066,11.622419],[76.424797,11.62329],[76.435577,11.637701],[76.423462,11.659321],[76.451363,11.65512],[76.473778,11.68422],[76.485321,11.682349],[76.504211,11.698041],[76.540421,11.670509],[76.553627,11.61292],[76.560066,11.610121],[76.607872,11.600442],[76.746269,11.610541],[76.816513,11.59721],[76.833496,11.587031],[76.83728,11.57448],[76.850906,11.60183],[76.829697,11.629341],[76.828476,11.64411],[76.853561,11.698782],[76.880867,11.724591],[76.88797,11.7659],[76.899689,11.783272],[76.944443,11.781341],[76.959602,11.7652],[76.974838,11.791021],[76.972771,11.801069],[77.004433,11.80302],[77.031677,11.783951],[77.022339,11.764701],[77.027573,11.7617],[77.04126,11.77759],[77.056541,11.77712],[77.061852,11.772061],[77.05011,11.75775],[77.071632,11.72501],[77.096268,11.723121],[77.109299,11.712801],[77.102829,11.76312],[77.12738,11.760932],[77.137238,11.771972],[77.227051,11.78375],[77.237076,11.788192],[77.241737,11.80246],[77.278297,11.78974],[77.284813,11.798362],[77.326118,11.75894],[77.345657,11.76407],[77.359489,11.778791],[77.412468,11.762281],[77.41925,11.750671],[77.456299,11.839122],[77.452797,11.888531],[77.476906,11.876012],[77.484398,11.9324],[77.523651,11.921481],[77.547997,11.93075],[77.591362,11.926331],[77.643417,11.944172],[77.664711,11.9397],[77.663712,11.95296],[77.689453,12.00995],[77.715622,12.048502],[77.746101,12.069321],[77.767006,12.10914],[77.74025,12.12929],[77.739067,12.14786],[77.719513,12.17152],[77.604118,12.195162],[77.555832,12.187112],[77.538521,12.194489],[77.511307,12.183971],[77.482483,12.19012],[77.465668,12.202261],[77.473663,12.224941],[77.463501,12.24404],[77.478447,12.269651],[77.518341,12.26953],[77.523521,12.281001],[77.542709,12.283711],[77.568596,12.32419],[77.606339,12.36026],[77.620087,12.40848],[77.625206,12.477262],[77.617287,12.48551],[77.596649,12.46461],[77.575363,12.46838],[77.606369,12.499791],[77.578506,12.507011],[77.570053,12.557932],[77.582123,12.605089],[77.597816,12.62102],[77.587967,12.64269],[77.59034,12.657541],[77.654289,12.67417],[77.670303,12.671239],[77.667809,12.65064],[77.67836,12.64902],[77.695473,12.651239],[77.703819,12.673741],[77.715317,12.663011],[77.731407,12.66398],[77.727257,12.682872],[77.733559,12.69148],[77.750237,12.687161],[77.763039,12.71446],[77.751663,12.718401],[77.753067,12.725099],[77.782921,12.738822],[77.771629,12.759831],[77.799492,12.786859],[77.791367,12.79632],[77.800667,12.80563],[77.801018,12.820809],[77.788033,12.823642],[77.784882,12.83381],[77.813629,12.844011],[77.8256,12.85899],[77.882263,12.858399],[77.887459,12.866921],[77.924286,12.87784],[77.928719,12.871431],[77.919678,12.8635],[77.934448,12.85604],[77.915337,12.844271],[77.910477,12.819711],[77.932976,12.812921],[77.939903,12.829349],[77.933456,12.844781],[77.945557,12.849331],[77.946846,12.838081],[77.958,12.836342],[77.957466,12.82153],[77.971298,12.82264],[77.981346,12.810421],[77.9814,12.795641],[78.00148,12.79544],[78.0056,12.803269],[77.993301,12.813671],[78.007126,12.820041],[78.009079,12.8337],[78.016777,12.833529],[78.014923,12.845921],[78.04673,12.84237],[78.051399,12.83231],[78.064568,12.83017],[78.065948,12.818931],[78.076126,12.820511],[78.086479,12.80334],[78.114487,12.787071],[78.120667,12.770012],[78.22065,12.75259],[78.227226,12.715172],[78.220329,12.70329],[78.196083,12.69669],[78.199341,12.68998],[78.18985,12.68131],[78.228081,12.673851],[78.232658,12.693761],[78.264427,12.69184],[78.290459,12.652921],[78.308769,12.65],[78.36834,12.61184],[78.418343,12.620642],[78.454781,12.61202],[78.462929,12.63537],[78.457657,12.66225],[78.488556,12.663342],[78.497116,12.67649],[78.486313,12.690511],[78.493401,12.70347],[78.503891,12.693301],[78.509811,12.69878],[78.484413,12.72305],[78.484352,12.734781],[78.503563,12.713371],[78.510941,12.721722],[78.512306,12.70801],[78.526413,12.70123],[78.518539,12.69238],[78.524368,12.67969],[78.547676,12.685591],[78.552246,12.697091],[78.545509,12.707381],[78.553932,12.726061],[78.545647,12.728612],[78.545547,12.743911],[78.566849,12.75215],[78.565727,12.759011],[78.58194,12.770771],[78.588196,12.80478],[78.597672,12.81108],[78.591568,12.83855],[78.62571,12.919182],[78.646713,12.91902],[78.628998,12.953111],[78.637917,12.95441],[78.613663,12.97889],[78.651108,13.017932],[78.693756,13.004392],[78.702446,13.056151],[78.746017,13.045409],[78.777527,13.05316],[78.80809,13.07793],[78.858353,13.07107],[78.864738,13.084681],[78.876038,13.08616],[78.883522,13.081989],[78.88192,13.019762],[78.924637,13.018641],[78.917397,13.03255],[78.893463,13.035092],[78.914383,13.067761],[78.936638,13.069971],[78.945847,13.06351],[78.979591,13.07651],[79.000366,13.057881],[79.02282,13.056401],[79.053268,13.037991],[79.069069,13.014151],[79.082787,13.012471],[79.104378,13.02422],[79.152702,13.007293],[79.173103,13.019281],[79.176537,13.038271],[79.169426,13.05301],[79.188919,13.084619],[79.218277,13.103942],[79.218323,13.135551],[79.236702,13.126752],[79.247223,13.148082],[79.25647,13.13654],[79.26741,13.141201],[79.273849,13.120901],[79.298767,13.114832],[79.29747,13.097371],[79.307938,13.096911],[79.316727,13.119369],[79.354576,13.129771],[79.346748,13.134861],[79.347771,13.163019],[79.361206,13.156041],[79.378357,13.182431],[79.42379,13.187461],[79.421631,13.208531],[79.445503,13.216771],[79.436096,13.229832],[79.410843,13.212162],[79.408669,13.246741],[79.425026,13.281341],[79.374603,13.30304],[79.428879,13.323562],[79.535782,13.31107],[79.548729,13.267121],[79.565376,13.249401],[79.580261,13.245371],[79.601143,13.26773],[79.620758,13.25895],[79.638481,13.27619],[79.662567,13.268142],[79.668533,13.281931],[79.684303,13.25668],[79.673767,13.247021],[79.673317,13.22949],[79.691933,13.238529],[79.696037,13.233891],[79.688751,13.20741],[79.699638,13.202681],[79.722832,13.221851],[79.744377,13.194911],[79.784897,13.22348],[79.721291,13.27224],[79.746147,13.280001],[79.754059,13.30279],[79.7798,13.28207],[79.800293,13.304321],[79.851166,13.30343],[79.858856,13.313741],[79.870552,13.31176],[79.891792,13.324619],[79.910683,13.3437],[79.925507,13.33594],[79.939743,13.369101],[79.953583,13.374111],[79.950287,13.381971],[79.935623,13.38485],[79.93248,13.404371],[79.963226,13.417911],[79.961861,13.45128],[79.995377,13.459451],[80.005898,13.487771],[80.036041,13.48448],[80.032753,13.50184],[80.013618,13.503912],[80.006233,13.515062],[79.990173,13.510091],[79.989677,13.52676],[80.007713,13.532372],[80.045418,13.521981],[80.069443,13.537591],[80.075821,13.52676]]]]}},{"type":"Feature","properties":{"name":"Tripura","code":""},"geometry":{"type":"Polygon","coordinates":[[[92.173363,24.53397],[92.207253,24.506632],[92.234268,24.500441],[92.239418,24.489931],[92.230293,24.48004],[92.231087,24.460381],[92.2565,24.4363],[92.255959,24.41898],[92.273087,24.388451],[92.212852,24.24931],[92.296608,24.25173],[92.29763,24.227228],[92.313751,24.2229],[92.309746,24.2148],[92.324608,24.20579],[92.320221,24.202579],[92.329453,24.191151],[92.336838,24.14679],[92.328247,24.13862],[92.331551,24.098751],[92.327332,24.074503],[92.316803,24.066759],[92.321747,24.05872],[92.314133,24.034712],[92.329056,23.989651],[92.311447,23.960583],[92.3134,23.93453],[92.330658,23.92145],[92.316261,23.883291],[92.321983,23.86981],[92.30986,23.86264],[92.291969,23.871449],[92.27475,23.849058],[92.286789,23.81678],[92.259399,23.814991],[92.268501,23.728611],[92.247452,23.7241],[92.240517,23.708422],[92.24691,23.691759],[92.224052,23.65732],[92.212936,23.664202],[92.217728,23.69519],[92.186546,23.71052],[92.179451,23.743181],[92.150459,23.732491],[92.108528,23.678671],[92.090652,23.67712],[92.087029,23.65387],[92.072571,23.64472],[92.03553,23.661661],[92.023125,23.657965],[91.98362,23.72974],[91.962112,23.727701],[91.957329,23.69912],[91.942307,23.681808],[91.956673,23.617922],[91.950989,23.586361],[91.963867,23.578831],[91.960938,23.537628],[91.967888,23.52894],[91.959648,23.52021],[91.974228,23.50436],[91.975166,23.482443],[91.941811,23.46911],[91.947189,23.44405],[91.94178,23.43759],[91.903511,23.441448],[91.847359,23.40023],[91.838127,23.384493],[91.843971,23.380371],[91.80822,23.338659],[91.770912,23.26376],[91.775078,23.245871],[91.792168,23.229313],[91.785561,23.20784],[91.791367,23.210442],[91.799408,23.196678],[91.817818,23.127682],[91.813858,23.11858],[91.820862,23.12266],[91.822296,23.10276],[91.835503,23.09391],[91.815132,23.069851],[91.780357,23.068529],[91.785042,23.03171],[91.773376,23.04406],[91.75605,23.015619],[91.725578,22.989321],[91.698341,23.002642],[91.688499,22.98794],[91.681999,22.996161],[91.675438,22.98789],[91.652138,22.991951],[91.652679,22.983103],[91.618713,22.944151],[91.61924,22.95977],[91.604851,22.956039],[91.611961,22.973351],[91.59964,22.969608],[91.597397,22.97574],[91.583351,22.963221],[91.562798,22.976452],[91.562599,22.989681],[91.548889,22.994762],[91.553276,23.015759],[91.544083,23.01787],[91.554199,23.033779],[91.535728,23.038773],[91.541397,23.050421],[91.52858,23.05364],[91.539291,23.062059],[91.531258,23.07933],[91.535278,23.087048],[91.515503,23.10556],[91.523521,23.11425],[91.508911,23.127211],[91.521721,23.139103],[91.509041,23.13796],[91.502769,23.14513],[91.510292,23.150591],[91.497429,23.153311],[91.503792,23.165791],[91.49826,23.173311],[91.510933,23.182039],[91.474243,23.188837],[91.488892,23.198961],[91.485977,23.21224],[91.458618,23.215422],[91.4748,23.22562],[91.466736,23.23848],[91.451683,23.24346],[91.459717,23.254711],[91.423683,23.25502],[91.419006,23.280222],[91.418106,23.254299],[91.407791,23.26088],[91.415672,23.244883],[91.395821,23.22344],[91.38884,23.179461],[91.408012,23.09473],[91.422516,23.079241],[91.421997,23.05925],[91.402283,23.0518],[91.377678,23.064051],[91.356285,23.095186],[91.33934,23.151011],[91.330338,23.157673],[91.325546,23.240671],[91.332306,23.25275],[91.32534,23.25375],[91.316467,23.274681],[91.322563,23.282101],[91.306419,23.29056],[91.321548,23.30217],[91.315918,23.314281],[91.297256,23.32098],[91.302513,23.341148],[91.314957,23.34474],[91.325607,23.36231],[91.296669,23.354471],[91.299889,23.362303],[91.290909,23.371811],[91.298111,23.37875],[91.286499,23.377991],[91.28212,23.416151],[91.259857,23.448481],[91.253777,23.489719],[91.237396,23.494581],[91.239021,23.503111],[91.224457,23.502371],[91.227119,23.514009],[91.206879,23.517771],[91.218018,23.548361],[91.199448,23.547981],[91.198891,23.565693],[91.179596,23.58576],[91.182083,23.59374],[91.166573,23.59874],[91.161278,23.670601],[91.176163,23.65719],[91.195229,23.655279],[91.198891,23.646971],[91.2099,23.656588],[91.21006,23.687551],[91.158287,23.691221],[91.160431,23.739429],[91.172363,23.75206],[91.195518,23.75325],[91.224617,23.740101],[91.234093,23.76936],[91.232063,23.79701],[91.257607,23.839651],[91.232506,23.883202],[91.232162,23.89949],[91.249451,23.91329],[91.235222,23.9286],[91.276268,23.926241],[91.266083,23.948641],[91.283676,23.983103],[91.28949,23.968031],[91.29966,23.972721],[91.306412,23.998569],[91.378197,23.976879],[91.374329,24.007891],[91.390831,24.029053],[91.396507,24.051352],[91.377083,24.081251],[91.375427,24.107531],[91.410316,24.111111],[91.444122,24.097969],[91.490486,24.097801],[91.496429,24.08868],[91.542961,24.07637],[91.596199,24.08021],[91.596863,24.096371],[91.622566,24.09737],[91.640312,24.10836],[91.635948,24.139339],[91.646317,24.155319],[91.646088,24.175011],[91.656479,24.176229],[91.660233,24.187571],[91.648087,24.214371],[91.667526,24.2304],[91.668327,24.20977],[91.692398,24.159328],[91.702766,24.162611],[91.731758,24.14241],[91.7612,24.141582],[91.743469,24.247128],[91.791107,24.220963],[91.807747,24.219351],[91.815559,24.208952],[91.847488,24.228321],[91.842583,24.221741],[91.856857,24.214178],[91.849136,24.213968],[91.849991,24.20228],[91.841751,24.19772],[91.871979,24.17411],[91.888252,24.13703],[91.902626,24.137838],[91.911278,24.14537],[91.911926,24.171688],[91.941856,24.267578],[91.920433,24.335751],[91.957108,24.356251],[91.974037,24.34536],[91.974518,24.331558],[91.99543,24.32126],[91.998306,24.339291],[91.964577,24.38184],[91.974091,24.388639],[91.986366,24.376101],[91.986099,24.385462],[92.000046,24.392031],[92.006683,24.383032],[92.044579,24.375959],[92.089043,24.373421],[92.119209,24.38381],[92.13913,24.42445],[92.16687,24.42211],[92.172798,24.430891],[92.163139,24.439199],[92.166809,24.446861],[92.157646,24.46077],[92.163521,24.468641],[92.152397,24.500271],[92.161461,24.5123],[92.155876,24.524229],[92.173363,24.53397]]]}},{"type":"Feature","properties":{"name":"Uttar Pradesh","code":""},"geometry":{"type":"Polygon","coordinates":[[[77.563057,30.40449],[77.62207,30.40477],[77.634216,30.410879],[77.664108,30.38398],[77.673302,30.385651],[77.710777,30.33876],[77.812408,30.290751],[77.89637,30.26601],[77.93148,30.24696],[77.90313,30.21306],[77.895996,30.186293],[77.838531,30.11227],[77.81308,30.08963],[77.786438,30.09997],[77.757576,30.048231],[77.77227,30.026293],[77.749123,30.014101],[77.73008,29.987452],[77.744957,29.9676],[77.717682,29.934952],[77.728798,29.92856],[77.733017,29.913481],[77.711052,29.888121],[77.703018,29.889759],[77.702019,29.87178],[77.713348,29.85648],[77.730057,29.853081],[77.742149,29.809521],[77.764702,29.78546],[77.760857,29.752701],[77.769257,29.73465],[77.757713,29.715919],[77.794922,29.70046],[77.792519,29.681921],[77.828972,29.669331],[77.873878,29.701971],[77.91021,29.698938],[77.904839,29.702553],[77.927223,29.714581],[77.951981,29.70537],[77.942291,29.70203],[77.943069,29.69158],[77.96228,29.670271],[77.972183,29.67569],[77.965378,29.655479],[77.97702,29.642061],[77.976837,29.614038],[77.962402,29.609991],[77.951866,29.616039],[77.947289,29.590431],[77.972687,29.583151],[77.983757,29.588051],[77.977058,29.558111],[77.988022,29.54586],[77.994156,29.555099],[78.03688,29.552629],[78.042641,29.571913],[78.036507,29.58086],[78.04393,29.593071],[78.082062,29.60181],[78.090622,29.624771],[78.134003,29.65851],[78.139122,29.6761],[78.165932,29.679529],[78.193527,29.710058],[78.22126,29.717623],[78.2314,29.70409],[78.302933,29.757591],[78.331741,29.796181],[78.385986,29.773861],[78.412567,29.772421],[78.432129,29.75812],[78.487579,29.741383],[78.507446,29.69083],[78.511513,29.65069],[78.527359,29.624363],[78.605247,29.561798],[78.639572,29.547779],[78.693359,29.508871],[78.739059,29.50498],[78.785507,29.47603],[78.922928,29.456181],[78.900406,29.44669],[78.896477,29.42358],[78.870186,29.392363],[78.832512,29.38135],[78.836258,29.371408],[78.828819,29.368181],[78.814178,29.370043],[78.815002,29.38534],[78.808983,29.382879],[78.790146,29.352119],[78.797913,29.33832],[78.788841,29.329283],[78.781326,29.331961],[78.782463,29.346441],[78.76593,29.341051],[78.757408,29.34976],[78.741501,29.332621],[78.728348,29.33416],[78.727341,29.31749],[78.71386,29.31735],[78.761078,29.293331],[78.76683,29.28591],[78.758636,29.286671],[78.799881,29.257853],[78.813782,29.252291],[78.852623,29.261311],[78.870979,29.24073],[78.870148,29.228531],[78.882866,29.225321],[78.899162,29.202593],[78.894348,29.1959],[78.905701,29.18034],[78.904793,29.16317],[78.895042,29.156811],[78.900406,29.15062],[78.914452,29.148981],[78.923637,29.157131],[78.944389,29.14959],[78.962326,29.166811],[78.979012,29.154751],[79.000572,29.11655],[79.017006,29.117861],[79.030968,29.13023],[79.008759,29.136221],[79.010956,29.157221],[79.026398,29.14986],[79.021759,29.167301],[79.026962,29.17227],[79.046127,29.15473],[79.072861,29.151991],[79.100746,29.13168],[79.130806,29.12936],[79.14222,29.119728],[79.143982,29.106623],[79.136986,29.06934],[79.165413,29.051258],[79.154213,29.032921],[79.158279,29.022879],[79.168587,29.01586],[79.184937,29.018011],[79.182961,29.02421],[79.197586,29.022091],[79.204033,29.0291],[79.298927,28.953112],[79.30719,28.958469],[79.351891,28.952431],[79.359673,28.97048],[79.377029,28.93705],[79.401436,28.932261],[79.395653,28.885441],[79.411217,28.855881],[79.459717,28.859159],[79.476631,28.86717],[79.50724,28.8633],[79.536453,28.89254],[79.55397,28.878521],[79.550926,28.845892],[79.576553,28.850281],[79.592262,28.86655],[79.613548,28.868731],[79.666199,28.84833],[79.712189,28.88068],[79.74044,28.883181],[79.749969,28.893353],[79.774467,28.89183],[79.791618,28.870398],[79.802803,28.87182],[79.808632,28.862831],[79.808121,28.856291],[79.794617,28.852859],[79.801193,28.829638],[79.794792,28.814732],[79.786171,28.82093],[79.783363,28.80542],[79.81591,28.81226],[79.812828,28.830181],[79.824463,28.84479],[79.85405,28.84429],[79.87532,28.83024],[79.875633,28.81834],[79.846207,28.821301],[79.84053,28.808661],[79.867287,28.79645],[79.901291,28.80212],[79.888939,28.78577],[79.912048,28.764961],[79.922379,28.73271],[79.967827,28.71562],[80.002869,28.72695],[80.033447,28.761381],[80.040459,28.78311],[80.025688,28.79985],[80.058426,28.83526],[80.076714,28.824383],[80.119804,28.82873],[80.172989,28.782001],[80.217728,28.755283],[80.252289,28.757822],[80.263588,28.748941],[80.266228,28.737759],[80.257904,28.729336],[80.279221,28.709915],[80.295418,28.711315],[80.31852,28.700115],[80.327583,28.666304],[80.362381,28.64493],[80.360916,28.637014],[80.373322,28.629021],[80.41642,28.639114],[80.45282,28.628815],[80.465904,28.615103],[80.470253,28.582916],[80.482803,28.585278],[80.519341,28.551723],[80.53199,28.573425],[80.523315,28.576826],[80.505188,28.665226],[80.541618,28.690538],[80.570419,28.687803],[80.592041,28.679726],[80.581848,28.661209],[80.599251,28.655865],[80.591454,28.647625],[80.607948,28.65226],[80.613289,28.639212],[80.643219,28.643215],[80.652901,28.6339],[80.669342,28.641821],[80.681274,28.620455],[80.679031,28.604292],[80.697426,28.603296],[80.691925,28.587029],[80.716301,28.567898],[80.726219,28.574715],[80.740303,28.565815],[80.740051,28.574217],[80.76963,28.565517],[80.77124,28.54961],[80.791817,28.543516],[80.790756,28.52426],[80.817223,28.520655],[80.846054,28.49542],[80.867287,28.489439],[80.863327,28.504126],[80.877625,28.509718],[80.910309,28.49754],[80.903114,28.485615],[80.907448,28.465727],[80.917389,28.457523],[80.916115,28.467716],[80.91938,28.459637],[80.932587,28.458355],[80.944229,28.468336],[80.934044,28.458519],[80.953308,28.455536],[80.953415,28.447458],[80.968819,28.456915],[80.981514,28.455162],[80.966599,28.444599],[80.966972,28.437765],[80.980888,28.434311],[80.979614,28.442514],[80.990936,28.441639],[81.001396,28.45392],[81.019173,28.451559],[81.014694,28.438137],[81.020912,28.431675],[81.031219,28.438416],[81.035606,28.427834],[81.018547,28.41564],[81.034119,28.398716],[81.036613,28.413315],[81.081535,28.384838],[81.212418,28.360516],[81.23629,28.32456],[81.234535,28.288885],[81.322411,28.197168],[81.323021,28.168713],[81.303841,28.166929],[81.312454,28.155535],[81.321899,28.160137],[81.329727,28.148207],[81.320145,28.145103],[81.319786,28.133419],[81.373116,28.142216],[81.380188,28.155415],[81.368736,28.165861],[81.376938,28.176893],[81.412498,28.174553],[81.445709,28.16214],[81.451767,28.140751],[81.485817,28.118132],[81.480225,28.082516],[81.625916,28.001451],[81.704002,27.986521],[81.806709,27.90325],[81.835419,27.897415],[81.886848,27.857159],[81.928017,27.859646],[81.927116,27.875315],[81.970116,27.928816],[82.069717,27.923416],[82.125221,27.86484],[82.151939,27.857805],[82.155914,27.866116],[82.210205,27.842991],[82.305794,27.772429],[82.369019,27.742414],[82.403687,27.702545],[82.450714,27.678616],[82.475159,27.676342],[82.518112,27.690243],[82.543137,27.685535],[82.595596,27.696735],[82.607018,27.705793],[82.620811,27.702065],[82.666168,27.721949],[82.682716,27.713615],[82.709915,27.721699],[82.707817,27.702715],[82.72023,27.687275],[82.713753,27.664936],[82.739616,27.640549],[82.732811,27.623882],[82.736877,27.60948],[82.757881,27.586615],[82.749062,27.554924],[82.740112,27.551941],[82.751419,27.522614],[82.739716,27.518215],[82.737007,27.503101],[82.803612,27.496391],[82.931618,27.500866],[82.956223,27.467808],[83.036118,27.448715],[83.190216,27.454016],[83.219063,27.417727],[83.274216,27.383415],[83.267654,27.365406],[83.27462,27.352615],[83.296532,27.334019],[83.319603,27.329988],[83.319969,27.337196],[83.338318,27.333115],[83.361214,27.343016],[83.359863,27.350246],[83.375778,27.357122],[83.376762,27.369757],[83.39019,27.375721],[83.386818,27.390116],[83.41169,27.412506],[83.386833,27.435125],[83.403984,27.457493],[83.39093,27.47949],[83.616737,27.469423],[83.833221,27.369509],[83.858505,27.350962],[83.849342,27.335609],[83.829338,27.327471],[83.830589,27.32136],[83.854637,27.31123],[83.897583,27.33013],[83.916687,27.325331],[83.925652,27.30419],[83.896156,27.277071],[83.897957,27.25943],[83.907623,27.24803],[83.954483,27.235041],[83.985123,27.181763],[83.950912,27.140881],[83.952477,27.128983],[83.93956,27.116671],[83.939423,27.092993],[83.954941,27.086121],[84.011627,27.104881],[84.020721,27.095482],[84.005592,27.071939],[83.990761,27.06859],[84.024269,27.04472],[84.040817,27.04468],[84.030449,27.01182],[84.049522,26.99081],[84.03643,26.984032],[84.046661,26.961941],[84.024902,26.94272],[84.047668,26.931829],[84.04924,26.914591],[84.042397,26.909128],[84.052002,26.891701],[84.076256,26.87878],[84.085503,26.885242],[84.090027,26.877151],[84.100632,26.900841],[84.130249,26.885271],[84.140839,26.887581],[84.131653,26.85569],[84.168922,26.834518],[84.180809,26.85738],[84.209221,26.870991],[84.241096,26.862431],[84.252113,26.844921],[84.242836,26.821819],[84.252296,26.80868],[84.241127,26.775431],[84.224609,26.757101],[84.233986,26.739531],[84.247383,26.72929],[84.27861,26.75124],[84.298027,26.753271],[84.318512,26.71623],[84.325661,26.684258],[84.402237,26.671223],[84.404793,26.642752],[84.414398,26.627171],[84.37059,26.615391],[84.302673,26.617472],[84.295021,26.60663],[84.272217,26.599361],[84.201988,26.62434],[84.148537,26.627748],[84.152031,26.6385],[84.104317,26.632662],[84.081779,26.64286],[84.082527,26.5996],[84.049316,26.56159],[84.04776,26.543489],[84.000687,26.525011],[83.97419,26.53194],[83.962547,26.5086],[83.945656,26.510201],[83.945847,26.518421],[83.934998,26.524441],[83.902206,26.51808],[83.907463,26.50038],[83.902283,26.450251],[83.981956,26.43462],[83.990448,26.44763],[84.010986,26.44846],[84.030563,26.41301],[84.072006,26.38447],[84.0923,26.39043],[84.171356,26.37398],[84.167206,26.33811],[84.18174,26.317039],[84.168747,26.29287],[84.171356,26.267731],[84.155128,26.257721],[84.159348,26.245901],[84.14534,26.26166],[84.112953,26.261921],[84.110458,26.241831],[84.079521,26.23184],[84.079369,26.22121],[84.01152,26.240683],[84.005516,26.23407],[84.00946,26.223921],[84.024269,26.219761],[84.02359,26.20092],[84.00901,26.199558],[84.003021,26.17823],[84.027847,26.16296],[84.018143,26.145121],[84.042397,26.13155],[84.049057,26.099701],[84.091042,26.09654],[84.136673,26.04701],[84.167267,26.025471],[84.166229,25.991501],[84.17244,25.998791],[84.192276,25.989538],[84.201813,26.000561],[84.296333,25.946989],[84.351387,25.959341],[84.408302,25.931351],[84.423317,25.892422],[84.466553,25.88369],[84.485283,25.88925],[84.506523,25.872379],[84.528641,25.877741],[84.54055,25.86212],[84.519997,25.861151],[84.526978,25.83433],[84.54425,25.829981],[84.546852,25.84132],[84.556549,25.837511],[84.620216,25.79409],[84.62075,25.772381],[84.610138,25.777281],[84.600533,25.76063],[84.62233,25.747318],[84.6306,25.72834],[84.59552,25.739111],[84.555626,25.736408],[84.558609,25.700981],[84.55233,25.684031],[84.531387,25.692833],[84.535866,25.72649],[84.52459,25.684351],[84.51638,25.67771],[84.488388,25.677851],[84.489342,25.69109],[84.466507,25.685511],[84.448776,25.714491],[84.424171,25.71172],[84.423607,25.69508],[84.401878,25.699501],[84.393646,25.728903],[84.381172,25.734251],[84.388527,25.74428],[84.380013,25.74869],[84.367577,25.741701],[84.369507,25.73601],[84.331291,25.744572],[84.318588,25.67194],[84.283577,25.677139],[84.292801,25.66853],[84.285576,25.66153],[84.202911,25.66964],[84.194313,25.703421],[84.148232,25.730961],[84.135727,25.716883],[84.126549,25.718519],[84.136757,25.723751],[84.135117,25.73163],[84.094391,25.720381],[84.069649,25.69561],[84.076508,25.637531],[84.014236,25.616131],[83.944321,25.567341],[83.917053,25.558491],[83.896263,25.528273],[83.872963,25.520403],[83.86673,25.4935],[83.85112,25.473721],[83.829353,25.461491],[83.810226,25.465919],[83.805557,25.453701],[83.833382,25.45015],[83.838371,25.43689],[83.794357,25.43162],[83.805222,25.42453],[83.79937,25.41098],[83.782272,25.398729],[83.763466,25.398611],[83.761932,25.387911],[83.749733,25.392061],[83.758057,25.401211],[83.737846,25.40089],[83.732506,25.410601],[83.727173,25.3985],[83.715401,25.399233],[83.704002,25.386148],[83.69458,25.396099],[83.675201,25.378391],[83.688972,25.371288],[83.669083,25.364462],[83.66021,25.371],[83.658798,25.363029],[83.650208,25.36796],[83.642502,25.34112],[83.629967,25.343241],[83.620056,25.328581],[83.607216,25.33231],[83.583893,25.32489],[83.564171,25.308149],[83.564262,25.315851],[83.534653,25.315201],[83.546646,25.311609],[83.525612,25.29954],[83.518066,25.302481],[83.508072,25.2862],[83.480263,25.28241],[83.460281,25.25197],[83.439796,25.259201],[83.431366,25.244501],[83.419342,25.253321],[83.419342,25.246361],[83.409271,25.249281],[83.388222,25.207008],[83.379578,25.21175],[83.372101,25.201111],[83.349609,25.19894],[83.335861,25.183571],[83.348137,25.1786],[83.343208,25.15867],[83.35247,25.151821],[83.357361,25.124191],[83.35376,25.110373],[83.340126,25.1124],[83.327782,25.061001],[83.333809,25.050991],[83.321922,25.05583],[83.316071,25.02734],[83.319656,25.015541],[83.343872,25.010483],[83.338463,24.963551],[83.357018,24.955353],[83.358032,24.91399],[83.351387,24.903061],[83.360016,24.89185],[83.354897,24.885538],[83.364243,24.87858],[83.353996,24.870611],[83.368271,24.86318],[83.390388,24.83308],[83.395599,24.810991],[83.386803,24.78422],[83.419418,24.769871],[83.453087,24.73332],[83.479843,24.737831],[83.480713,24.705732],[83.49205,24.70516],[83.513702,24.68115],[83.499481,24.66848],[83.49752,24.651661],[83.523941,24.64435],[83.520683,24.630011],[83.541718,24.624559],[83.517433,24.60323],[83.52459,24.567301],[83.517181,24.54917],[83.493416,24.54207],[83.498169,24.52706],[83.393013,24.50119],[83.381409,24.45565],[83.389786,24.43759],[83.400673,24.43714],[83.400139,24.40868],[83.429886,24.40379],[83.451393,24.36475],[83.426613,24.33996],[83.403328,24.337391],[83.375938,24.314541],[83.380638,24.300468],[83.400513,24.28524],[83.401886,24.266001],[83.393433,24.24712],[83.377342,24.235661],[83.378342,24.20079],[83.349007,24.126438],[83.323563,24.10133],[83.314911,24.106981],[83.311073,24.09276],[83.289009,24.072901],[83.277489,24.049959],[83.276077,24.023281],[83.258949,24.011629],[83.241821,24.013731],[83.236923,24.00139],[83.216026,23.989403],[83.211212,23.960358],[83.189568,23.921101],[83.145218,23.909943],[83.127411,23.89002],[83.086601,23.878172],[83.061043,23.87524],[83.036438,23.883051],[82.93882,23.87587],[82.922516,23.892691],[82.881187,23.91028],[82.8489,23.946833],[82.820717,23.96496],[82.800468,23.967482],[82.797272,24.00514],[82.745888,24.013111],[82.739922,24.03105],[82.755768,24.043598],[82.766258,24.077868],[82.754921,24.07324],[82.748039,24.08053],[82.741463,24.07509],[82.708397,24.080761],[82.701363,24.097071],[82.663528,24.12393],[82.657387,24.134798],[82.670853,24.15847],[82.688362,24.14423],[82.720367,24.13899],[82.723076,24.156811],[82.736137,24.16835],[82.726997,24.223261],[82.749916,24.23613],[82.750587,24.268131],[82.764137,24.292431],[82.760582,24.373041],[82.754463,24.379511],[82.746773,24.37252],[82.718498,24.371222],[82.707161,24.38518],[82.720192,24.42968],[82.732712,24.432741],[82.725037,24.444733],[82.730606,24.470331],[82.72377,24.47633],[82.736549,24.499771],[82.715637,24.5133],[82.712532,24.556219],[82.741203,24.55459],[82.746017,24.541521],[82.800766,24.552681],[82.796371,24.59976],[82.760078,24.599819],[82.767891,24.610613],[82.762787,24.64567],[82.695183,24.644253],[82.695953,24.67572],[82.657928,24.700397],[82.573967,24.663],[82.529266,24.65196],[82.518433,24.678341],[82.486763,24.675501],[82.476677,24.68358],[82.448853,24.6779],[82.448387,24.69062],[82.432312,24.706282],[82.420151,24.705252],[82.401596,24.6838],[82.411789,24.657848],[82.403526,24.636162],[82.414566,24.606392],[82.409172,24.59783],[82.360847,24.602001],[82.345963,24.618801],[82.329773,24.623751],[82.29393,24.613741],[82.296417,24.670012],[82.263367,24.686411],[82.258347,24.682091],[82.266747,24.67841],[82.253052,24.666092],[82.247978,24.67557],[82.235519,24.67639],[82.2351,24.665911],[82.229927,24.66964],[82.228691,24.69076],[82.24305,24.701761],[82.24144,24.738461],[82.249626,24.756369],[82.24366,24.775751],[82.238373,24.75441],[82.220917,24.76705],[82.222809,24.75174],[82.209183,24.75951],[82.199486,24.752069],[82.213402,24.744209],[82.213753,24.728661],[82.202606,24.740789],[82.172882,24.739571],[82.195671,24.763748],[82.189362,24.782282],[82.209473,24.78149],[82.208717,24.79777],[82.179008,24.804651],[82.195969,24.82453],[82.162811,24.804981],[82.173363,24.800961],[82.159393,24.792261],[82.132248,24.80448],[82.126373,24.793949],[82.11219,24.792261],[82.081871,24.822111],[82.037201,24.83296],[82.00489,24.850691],[81.968063,24.843861],[81.959152,24.83061],[81.926727,24.86079],[81.928383,24.87306],[81.896446,24.892509],[81.912041,24.93092],[81.904106,24.942268],[81.901642,24.982821],[81.894501,24.9874],[81.898468,25.009621],[81.889328,25.013111],[81.89402,25.00346],[81.886131,24.992821],[81.829369,25.019333],[81.789223,25.010139],[81.732391,25.04871],[81.716408,25.052973],[81.713387,25.04006],[81.70536,25.037903],[81.681892,25.043772],[81.683067,25.056763],[81.675827,25.065981],[81.662216,25.06514],[81.658691,25.079731],[81.621902,25.056921],[81.604347,25.060749],[81.609711,25.064699],[81.593796,25.0798],[81.63195,25.10327],[81.62265,25.11124],[81.625061,25.120449],[81.616753,25.12262],[81.601227,25.10021],[81.602303,25.11751],[81.591026,25.12299],[81.592117,25.136381],[81.615067,25.14393],[81.618988,25.159651],[81.610001,25.173653],[81.605492,25.165628],[81.581779,25.16827],[81.587997,25.183788],[81.566399,25.195749],[81.549026,25.186581],[81.509567,25.187031],[81.507813,25.17625],[81.530006,25.16334],[81.518738,25.151831],[81.524651,25.143641],[81.495407,25.152349],[81.489609,25.13422],[81.472878,25.137121],[81.48172,25.117321],[81.507576,25.10681],[81.494263,25.1017],[81.494621,25.082109],[81.48645,25.084101],[81.483727,25.07494],[81.458298,25.086771],[81.458862,25.092991],[81.400848,25.107771],[81.438339,25.110441],[81.430222,25.133631],[81.400208,25.133801],[81.406242,25.1234],[81.39122,25.123131],[81.38652,25.13393],[81.36451,25.137859],[81.349411,25.167351],[81.329956,25.172491],[81.312973,25.163548],[81.310966,25.14896],[81.323013,25.118393],[81.314667,25.116291],[81.304291,25.14529],[81.306389,25.165993],[81.269119,25.16774],[81.274773,25.153419],[81.261467,25.144348],[81.257957,25.11685],[81.245697,25.105541],[81.259117,25.087301],[81.253029,25.079048],[81.261589,25.06846],[81.23069,25.018091],[81.201698,24.995729],[81.21273,24.981663],[81.200012,24.96685],[81.212608,24.934521],[81.199486,24.926941],[81.184418,24.92922],[81.198959,24.934738],[81.17659,24.954969],[81.16143,24.958511],[81.152313,24.916281],[81.140083,24.916439],[81.132446,24.892071],[81.0895,24.92448],[81.076416,24.952261],[81.026672,24.954969],[81.019249,24.945],[81.009529,24.954321],[81.021141,24.938259],[81.016777,24.932461],[81.000023,24.94021],[80.98101,24.929661],[80.97226,24.939602],[80.955231,24.925711],[80.943863,24.950701],[80.944847,24.96801],[80.936821,24.9725],[80.897301,24.95672],[80.900047,24.939581],[80.884827,24.948891],[80.875008,24.94071],[80.834908,24.934528],[80.8022,24.94446],[80.80291,24.95694],[80.789993,24.971783],[80.818642,24.973631],[80.824707,24.986061],[80.836403,24.98609],[80.848183,24.99814],[80.826683,25.03919],[80.870651,25.071051],[80.875076,25.079538],[80.86425,25.08816],[80.872986,25.10257],[80.864983,25.12365],[80.87542,25.14443],[80.88842,25.141239],[80.904922,25.160311],[80.878036,25.195601],[80.864166,25.18786],[80.836281,25.19268],[80.8423,25.1712],[80.8321,25.141411],[80.837753,25.12751],[80.827698,25.11031],[80.818642,25.13055],[80.809616,25.130701],[80.799576,25.146418],[80.782143,25.137081],[80.774033,25.14662],[80.738098,25.1346],[80.723053,25.148783],[80.699638,25.13715],[80.700867,25.128038],[80.725372,25.122883],[80.719009,25.104021],[80.725243,25.09796],[80.745773,25.0994],[80.751122,25.09112],[80.775978,25.084301],[80.78138,25.069561],[80.77594,25.061691],[80.733597,25.062441],[80.727203,25.071821],[80.673569,25.054171],[80.67926,25.08182],[80.668289,25.086752],[80.656296,25.074442],[80.635239,25.097561],[80.620041,25.089581],[80.601357,25.104408],[80.632393,25.123281],[80.624962,25.137671],[80.608337,25.13295],[80.605789,25.149281],[80.594589,25.155241],[80.590759,25.13158],[80.601448,25.12281],[80.587776,25.1091],[80.606781,25.07218],[80.562439,25.09144],[80.559998,25.074989],[80.543419,25.067661],[80.518997,25.08193],[80.509506,25.101021],[80.476128,25.102251],[80.499977,25.08956],[80.490593,25.078211],[80.502129,25.06735],[80.494209,25.045321],[80.470177,25.044691],[80.459969,25.0697],[80.455933,25.07382],[80.445961,25.06583],[80.440712,25.082069],[80.424507,25.071501],[80.40992,25.076719],[80.405251,25.06085],[80.394127,25.072021],[80.379257,25.05595],[80.365761,25.05776],[80.364067,25.04772],[80.380203,25.041601],[80.371773,25.032761],[80.389153,25.01491],[80.382187,25.009741],[80.372833,25.008329],[80.367821,25.025431],[80.358849,25.026079],[80.347939,25.016468],[80.337982,25.020941],[80.328957,25.00543],[80.31665,25.003141],[80.278496,25.021648],[80.266937,25.030243],[80.28196,25.063221],[80.310516,25.081951],[80.313271,25.101171],[80.344116,25.12492],[80.351288,25.144901],[80.386757,25.162882],[80.415482,25.165293],[80.423698,25.174143],[80.399063,25.24297],[80.378029,25.237511],[80.357712,25.251131],[80.340973,25.278601],[80.304047,25.288893],[80.311737,25.334209],[80.302628,25.35828],[80.313248,25.372259],[80.310753,25.387318],[80.273727,25.425039],[80.255867,25.428711],[80.245186,25.40489],[80.229561,25.410921],[80.211372,25.40395],[80.193916,25.416231],[80.187897,25.38365],[80.15918,25.377649],[80.159126,25.366199],[80.137123,25.35573],[80.123299,25.33843],[80.083298,25.355831],[80.070023,25.3431],[80.020737,25.343161],[80.009911,25.324753],[80.01265,25.30172],[79.991257,25.283161],[79.996727,25.26865],[79.949219,25.265301],[79.942566,25.271879],[79.932571,25.25032],[79.920998,25.25071],[79.913452,25.23344],[79.902397,25.25692],[79.8936,25.24621],[79.872459,25.253792],[79.847137,25.2402],[79.863037,25.219191],[79.851852,25.20348],[79.862602,25.17697],[79.860588,25.156061],[79.872101,25.150303],[79.847672,25.13339],[79.842682,25.116331],[79.855896,25.098501],[79.831291,25.09811],[79.818703,25.110151],[79.769218,25.125259],[79.745636,25.143883],[79.717766,25.13382],[79.676598,25.13699],[79.666168,25.127121],[79.637848,25.131081],[79.620033,25.14267],[79.597878,25.131432],[79.602806,25.15477],[79.589699,25.14728],[79.565521,25.177551],[79.513771,25.125723],[79.517227,25.101788],[79.50016,25.099201],[79.489876,25.08275],[79.460533,25.096331],[79.468376,25.134451],[79.431068,25.10751],[79.431137,25.135401],[79.415123,25.139099],[79.414963,25.122999],[79.399147,25.113461],[79.38929,25.120581],[79.380226,25.14912],[79.383873,25.17028],[79.403893,25.189581],[79.409576,25.208761],[79.432137,25.20278],[79.442703,25.212561],[79.442398,25.220951],[79.427017,25.225039],[79.45919,25.269451],[79.483963,25.26498],[79.490402,25.27035],[79.457413,25.283871],[79.431213,25.25955],[79.415306,25.25922],[79.401222,25.26236],[79.401886,25.279251],[79.367416,25.294321],[79.365738,25.26807],[79.352966,25.265381],[79.349709,25.28842],[79.330757,25.294048],[79.341873,25.304581],[79.33448,25.317398],[79.345886,25.33304],[79.294731,25.340219],[79.291321,25.329288],[79.277603,25.328051],[79.260139,25.31024],[79.259453,25.271441],[79.271111,25.266502],[79.28775,25.290241],[79.310043,25.261921],[79.331902,25.27627],[79.340088,25.27276],[79.341118,25.23049],[79.329117,25.2299],[79.346962,25.214241],[79.332588,25.20083],[79.32534,25.222441],[79.310783,25.219481],[79.293327,25.2402],[79.273598,25.248119],[79.281487,25.22714],[79.278801,25.197399],[79.314537,25.151878],[79.303223,25.133329],[79.282181,25.13352],[79.276543,25.12026],[79.269997,25.12615],[79.260071,25.122101],[79.254547,25.130461],[79.262077,25.141159],[79.259201,25.153273],[79.23584,25.160961],[79.213913,25.14838],[79.224876,25.14023],[79.24353,25.140791],[79.23838,25.116369],[79.222786,25.123251],[79.206383,25.113762],[79.196716,25.142931],[79.184853,25.151133],[79.166779,25.142349],[79.168793,25.131571],[79.179878,25.12883],[79.179306,25.117693],[79.156616,25.1119],[79.138206,25.11841],[79.129173,25.110769],[79.114822,25.1178],[79.125107,25.129219],[79.107811,25.1437],[79.120422,25.164181],[79.090576,25.176229],[79.084297,25.19253],[79.043053,25.13817],[79.021767,25.14319],[79.035782,25.173901],[79.024597,25.186571],[79.056442,25.22571],[79.026482,25.234671],[79.029373,25.24934],[79.012123,25.248249],[79.015991,25.26515],[79.004967,25.27697],[78.986771,25.27496],[78.971169,25.244921],[78.994667,25.233749],[79.000359,25.216051],[78.995811,25.195938],[78.982407,25.19915],[78.963921,25.219431],[78.948341,25.220181],[78.924232,25.2106],[78.89341,25.173229],[78.877136,25.162182],[78.871841,25.166],[78.867386,25.18996],[78.882416,25.21106],[78.867073,25.23254],[78.875877,25.25577],[78.891693,25.245461],[78.9086,25.274361],[78.940613,25.26269],[78.948387,25.265911],[78.94754,25.283701],[78.970047,25.28521],[78.952797,25.311878],[78.952858,25.349871],[78.927612,25.331711],[78.918869,25.345991],[78.907883,25.339401],[78.876518,25.34446],[78.875603,25.334011],[78.856438,25.316959],[78.866867,25.310989],[78.872429,25.28821],[78.862289,25.283131],[78.841751,25.22916],[78.805626,25.270931],[78.811676,25.299841],[78.793289,25.2931],[78.783249,25.297611],[78.791939,25.314793],[78.814568,25.310961],[78.83329,25.331341],[78.843506,25.332361],[78.837738,25.352173],[78.874748,25.387659],[78.901077,25.389259],[78.931038,25.40316],[78.949356,25.40016],[78.931137,25.377123],[78.895393,25.380791],[78.892456,25.375298],[78.896957,25.36521],[78.928627,25.351801],[78.938713,25.352831],[78.948441,25.370003],[78.978508,25.376013],[78.960129,25.43889],[78.942589,25.441702],[78.929131,25.428329],[78.903229,25.446938],[78.935638,25.480021],[78.935181,25.494301],[78.916382,25.52075],[78.941887,25.531151],[78.941689,25.551441],[78.93074,25.559721],[78.91684,25.54129],[78.91037,25.55934],[78.874359,25.557013],[78.868408,25.54418],[78.876007,25.524321],[78.828323,25.509981],[78.85717,25.46714],[78.853699,25.452301],[78.834267,25.432461],[78.813873,25.446308],[78.845749,25.45439],[78.829857,25.465691],[78.789528,25.483513],[78.756546,25.476151],[78.743591,25.484892],[78.736061,25.50433],[78.73175,25.50065],[78.724648,25.463308],[78.748123,25.448441],[78.755066,25.433851],[78.765373,25.430033],[78.789452,25.44202],[78.812912,25.430428],[78.743141,25.412701],[78.741562,25.398581],[78.754646,25.406219],[78.759621,25.402071],[78.752861,25.390341],[78.761223,25.38216],[78.764381,25.3584],[78.735672,25.349192],[78.713623,25.352989],[78.70385,25.358648],[78.70903,25.37875],[78.692757,25.387739],[78.68718,25.380632],[78.671562,25.384562],[78.669403,25.3929],[78.65789,25.38798],[78.656517,25.42013],[78.66909,25.403881],[78.701401,25.42886],[78.68576,25.44779],[78.674889,25.438141],[78.652718,25.444],[78.633659,25.438061],[78.636803,25.41411],[78.628586,25.406462],[78.603493,25.41707],[78.588341,25.392113],[78.561127,25.395693],[78.5569,25.38415],[78.577759,25.37714],[78.576218,25.351931],[78.556023,25.34861],[78.535057,25.36401],[78.525146,25.363012],[78.531502,25.33485],[78.541458,25.326599],[78.525078,25.30653],[78.500252,25.304131],[78.492172,25.32383],[78.467056,25.293011],[78.440598,25.304161],[78.427361,25.288671],[78.435753,25.273241],[78.454033,25.270601],[78.496681,25.293859],[78.505318,25.281548],[78.520851,25.288038],[78.528496,25.274509],[78.557022,25.269329],[78.568581,25.25861],[78.561493,25.227449],[78.593712,25.157391],[78.597168,25.097872],[78.620323,25.091593],[78.64193,25.061491],[78.644188,25.03525],[78.622047,24.964901],[78.642433,24.95265],[78.640503,24.940363],[78.653717,24.94422],[78.668396,24.902399],[78.764481,24.861368],[78.78054,24.814972],[78.764549,24.794992],[78.772392,24.704142],[78.740067,24.65996],[78.749466,24.60498],[78.776901,24.59309],[78.801826,24.607828],[78.830849,24.608891],[78.839058,24.62822],[78.852402,24.620941],[78.866539,24.645493],[78.881721,24.6397],[78.913147,24.581301],[78.944656,24.55621],[78.944168,24.509508],[78.966393,24.496948],[78.930717,24.484541],[78.923347,24.4884],[78.924362,24.499081],[78.913811,24.500841],[78.90094,24.488371],[78.908592,24.46677],[78.931076,24.459978],[78.944397,24.443258],[78.981987,24.447241],[78.984383,24.44136],[78.986893,24.423241],[78.97422,24.39864],[78.966873,24.353661],[78.907761,24.301231],[78.91172,24.276501],[78.879097,24.254011],[78.87886,24.223051],[78.862831,24.214041],[78.838768,24.21468],[78.824257,24.2013],[78.813522,24.210279],[78.80571,24.184299],[78.791687,24.180241],[78.760536,24.23385],[78.766426,24.25058],[78.760277,24.25849],[78.745888,24.239271],[78.732216,24.25382],[78.718582,24.239151],[78.69886,24.23448],[78.669121,24.24502],[78.654449,24.273741],[78.634163,24.28937],[78.621719,24.286261],[78.62281,24.309851],[78.602081,24.3183],[78.578438,24.35708],[78.552582,24.360628],[78.505371,24.39395],[78.475327,24.36743],[78.467796,24.33934],[78.440292,24.325531],[78.434776,24.297661],[78.411308,24.28758],[78.406952,24.27701],[78.38237,24.27393],[78.342438,24.305382],[78.325432,24.33437],[78.362572,24.378151],[78.360947,24.38579],[78.266876,24.447371],[78.260307,24.460011],[78.269623,24.476183],[78.239632,24.48946],[78.240173,24.509581],[78.216537,24.531643],[78.258888,24.558189],[78.269852,24.615381],[78.256691,24.648621],[78.268478,24.667101],[78.22039,24.74737],[78.225822,24.776571],[78.208969,24.81307],[78.191582,24.83967],[78.165329,24.848171],[78.163803,24.8571],[78.165359,24.881741],[78.199738,24.896231],[78.213913,24.915571],[78.327538,24.999559],[78.338066,25.02734],[78.324989,25.072498],[78.327766,25.08877],[78.374413,25.10854],[78.395317,25.130527],[78.442917,25.128771],[78.418297,25.1535],[78.441986,25.157351],[78.446457,25.169022],[78.417267,25.172781],[78.403557,25.18894],[78.385361,25.19516],[78.383949,25.206001],[78.397758,25.217751],[78.375168,25.225752],[78.368889,25.241661],[78.35453,25.24608],[78.362221,25.26543],[78.34507,25.28297],[78.345161,25.297941],[78.308029,25.310989],[78.331291,25.33672],[78.323196,25.355268],[78.296227,25.36499],[78.295517,25.3748],[78.330276,25.400999],[78.347588,25.45484],[78.360977,25.446602],[78.37738,25.44838],[78.393753,25.471251],[78.420723,25.477619],[78.409409,25.504271],[78.409569,25.518648],[78.416748,25.517773],[78.408661,25.532902],[78.429337,25.56386],[78.455193,25.55195],[78.46212,25.567471],[78.486267,25.58223],[78.541786,25.56514],[78.581192,25.564308],[78.608627,25.589081],[78.618149,25.58699],[78.623413,25.571001],[78.648621,25.565639],[78.677017,25.594101],[78.711166,25.60659],[78.740952,25.60388],[78.805191,25.624557],[78.811333,25.67448],[78.789406,25.699831],[78.791237,25.710541],[78.752403,25.727411],[78.746819,25.74909],[78.775787,25.761499],[78.799553,25.79936],[78.820503,25.7994],[78.822273,25.815228],[78.800461,25.81288],[78.811249,25.83012],[78.840981,25.820641],[78.849693,25.79586],[78.861923,25.799198],[78.865753,25.834351],[78.852936,25.843611],[78.846222,25.83876],[78.846626,25.8605],[78.863586,25.874672],[78.882683,25.87027],[78.887192,25.898972],[78.876381,25.915661],[78.909782,25.946081],[78.929527,25.94936],[78.925476,25.96542],[78.931137,25.976311],[78.923622,25.980871],[78.943169,25.99069],[78.950401,26.019861],[78.944328,26.036951],[78.9758,26.059881],[78.982483,26.073759],[78.997116,26.073931],[79.003151,26.081793],[79.00351,26.094311],[78.97184,26.1087],[78.969223,26.123442],[78.942673,26.139141],[78.96534,26.155781],[79.000717,26.15498],[79.003403,26.172958],[78.977379,26.195499],[78.991753,26.203968],[79.014946,26.19747],[79.009903,26.204941],[79.020622,26.20857],[79.017143,26.232168],[79.057053,26.232891],[79.062668,26.246931],[79.037033,26.266991],[79.048531,26.26597],[79.053276,26.2796],[79.067268,26.287621],[79.07769,26.287218],[79.076103,26.27519],[79.083572,26.272409],[79.083099,26.2939],[79.093849,26.311941],[79.108757,26.30862],[79.126587,26.316031],[79.115646,26.335091],[79.127037,26.331659],[79.133743,26.344971],[79.076759,26.36602],[79.090477,26.379391],[79.080727,26.4055],[79.086823,26.417822],[79.100677,26.411732],[79.117233,26.417122],[79.126762,26.444811],[79.094917,26.4571],[79.083298,26.45302],[79.08094,26.443901],[79.048462,26.456051],[79.064339,26.486841],[79.060936,26.5033],[79.05088,26.500771],[79.041023,26.52276],[79.031296,26.524771],[79.033096,26.53599],[79.01963,26.541441],[79.020546,26.551661],[78.997986,26.55094],[79.006737,26.5578],[78.991341,26.58231],[78.979622,26.57408],[78.978027,26.59243],[79.005661,26.61047],[79.00309,26.626659],[78.987221,26.64418],[79.001167,26.673901],[78.993179,26.68457],[78.973877,26.682541],[78.937912,26.662691],[78.948143,26.696741],[78.903946,26.713381],[78.864929,26.70467],[78.811386,26.765471],[78.76638,26.76454],[78.741081,26.792521],[78.722939,26.779343],[78.715347,26.800213],[78.677361,26.792381],[78.659019,26.76923],[78.620438,26.7752],[78.601967,26.75606],[78.565849,26.75769],[78.515572,26.78511],[78.450783,26.798052],[78.425873,26.832319],[78.38974,26.8249],[78.364647,26.868841],[78.351357,26.874371],[78.282066,26.864088],[78.267792,26.849661],[78.260887,26.82095],[78.209793,26.83609],[78.213951,26.84852],[78.191139,26.888611],[78.204857,26.87739],[78.22657,26.882629],[78.22979,26.8939],[78.25267,26.90461],[78.262238,26.923512],[78.258316,26.934023],[78.232742,26.933693],[78.215897,26.953951],[78.205246,26.93889],[78.139473,26.95713],[78.111343,26.953232],[78.112709,26.92749],[78.095352,26.92905],[78.101471,26.904989],[78.091049,26.91165],[78.086823,26.902008],[78.060539,26.915901],[78.042236,26.915421],[78.047806,26.874809],[78.03756,26.876963],[78.022026,26.86087],[78.016357,26.863819],[78.027931,26.87615],[78.017563,26.88203],[78.021713,26.894791],[78.00666,26.910662],[77.99189,26.9109],[77.975136,26.897528],[77.962959,26.912571],[77.941971,26.89979],[77.89994,26.924549],[77.902847,26.90114],[77.890106,26.88946],[77.871468,26.9055],[77.821327,26.926201],[77.788857,26.922281],[77.773483,26.93627],[77.75338,26.937738],[77.744331,26.92321],[77.728958,26.9258],[77.71891,26.91641],[77.710838,26.903021],[77.719879,26.89673],[77.715843,26.88133],[77.697731,26.880011],[77.693718,26.87289],[77.678352,26.878321],[77.664627,26.85984],[77.616203,26.848471],[77.604507,26.832802],[77.600166,26.842501],[77.556419,26.821991],[77.520691,26.822008],[77.512016,26.82799],[77.513672,26.845102],[77.497978,26.84795],[77.480988,26.7878],[77.496689,26.774111],[77.480362,26.75388],[77.448311,26.74675],[77.464317,26.76955],[77.455971,26.78038],[77.428596,26.770111],[77.439217,26.819151],[77.417488,26.842791],[77.426163,26.85306],[77.42247,26.86702],[77.454178,26.87674],[77.455177,26.889561],[77.482468,26.90378],[77.57975,26.93087],[77.587448,26.94455],[77.593796,26.93771],[77.648941,26.97381],[77.665298,26.966921],[77.67028,26.97711],[77.714592,26.991661],[77.736343,26.98822],[77.747711,26.998501],[77.742546,27.00635],[77.755013,27.02276],[77.726486,27.03154],[77.722313,27.00034],[77.713921,26.997961],[77.696617,27.00695],[77.678169,27.050529],[77.657028,27.022732],[77.634262,27.027012],[77.627403,27.015501],[77.583923,27.03932],[77.557396,27.0369],[77.565681,27.078011],[77.546318,27.08073],[77.526543,27.066509],[77.514297,27.070421],[77.518227,27.088093],[77.49939,27.093981],[77.502319,27.09922],[77.51384,27.108089],[77.529373,27.104141],[77.544449,27.115601],[77.590782,27.123081],[77.597267,27.129051],[77.593658,27.147951],[77.606537,27.15414],[77.605118,27.16848],[77.654617,27.175581],[77.672997,27.200361],[77.639519,27.217272],[77.644203,27.238878],[77.625816,27.262341],[77.612846,27.260302],[77.606613,27.272711],[77.614143,27.279161],[77.591667,27.300558],[77.613503,27.31476],[77.614113,27.34339],[77.574547,27.326731],[77.542747,27.342428],[77.539093,27.353071],[77.522003,27.357639],[77.497246,27.381363],[77.466606,27.384291],[77.431892,27.399158],[77.426773,27.416611],[77.415176,27.425371],[77.429596,27.462049],[77.396423,27.47781],[77.382416,27.51655],[77.335136,27.530022],[77.340157,27.54674],[77.330399,27.57111],[77.350113,27.593401],[77.335167,27.60153],[77.325783,27.596878],[77.311211,27.611691],[77.342323,27.65303],[77.336548,27.69618],[77.330536,27.71114],[77.297607,27.718681],[77.296341,27.72983],[77.312332,27.73868],[77.301346,27.756458],[77.304146,27.78801],[77.295387,27.799841],[77.27578,27.806549],[77.289703,27.817833],[77.288887,27.82914],[77.327332,27.837721],[77.329247,27.85199],[77.339333,27.859591],[77.412392,27.859072],[77.40155,27.881901],[77.412292,27.896158],[77.4422,27.878481],[77.458488,27.8853],[77.472488,27.901201],[77.468452,27.931881],[77.477661,27.94021],[77.484749,27.943913],[77.495377,27.930771],[77.511169,27.937422],[77.519211,27.931881],[77.536133,27.949303],[77.535919,27.965549],[77.51503,27.965481],[77.509583,27.973331],[77.535217,27.99333],[77.479111,28.044163],[77.482903,28.060711],[77.468872,28.086012],[77.478233,28.107971],[77.49231,28.098011],[77.499641,28.127359],[77.487251,28.141432],[77.495293,28.145811],[77.496368,28.15987],[77.531769,28.170259],[77.542366,28.18166],[77.537949,28.190891],[77.505661,28.195471],[77.492119,28.185101],[77.48912,28.21199],[77.519119,28.20178],[77.515579,28.229761],[77.541206,28.247742],[77.53878,28.25441],[77.512253,28.25433],[77.4673,28.26972],[77.464813,28.27743],[77.472252,28.28121],[77.492737,28.28063],[77.495789,28.307041],[77.463753,28.338011],[77.49424,28.358261],[77.466843,28.399681],[77.474556,28.413511],[77.435997,28.43161],[77.425781,28.45454],[77.397797,28.458641],[77.397896,28.47117],[77.369362,28.480688],[77.360481,28.49786],[77.343193,28.503611],[77.295189,28.561201],[77.293648,28.57972],[77.307137,28.59691],[77.336182,28.60887],[77.334221,28.626991],[77.311211,28.644642],[77.317917,28.67934],[77.327133,28.68516],[77.319839,28.703642],[77.323486,28.715872],[77.284897,28.71246],[77.276863,28.7344],[77.256172,28.73992],[77.253197,28.75279],[77.217102,28.781681],[77.224678,28.787628],[77.20269,28.78941],[77.194443,28.802292],[77.194611,28.815363],[77.213646,28.813499],[77.217323,28.835279],[77.207832,28.86022],[77.186867,28.866819],[77.17804,28.885563],[77.221191,28.904133],[77.19677,28.920931],[77.205368,28.93646],[77.19014,28.955662],[77.214188,29.00596],[77.162636,29.048571],[77.157188,29.077532],[77.122047,29.105768],[77.13858,29.134769],[77.126617,29.15402],[77.139992,29.182081],[77.125221,29.224871],[77.14402,29.243332],[77.129486,29.272791],[77.154213,29.316921],[77.153946,29.33548],[77.146446,29.34506],[77.123688,29.34499],[77.117523,29.357151],[77.116943,29.37668],[77.146797,29.389771],[77.12587,29.410641],[77.124878,29.422171],[77.139389,29.442101],[77.114296,29.461861],[77.123322,29.486061],[77.119896,29.49733],[77.09761,29.512012],[77.084908,29.53359],[77.089417,29.544691],[77.109718,29.55299],[77.085617,29.6008],[77.109703,29.64724],[77.131302,29.662991],[77.119171,29.685841],[77.143326,29.705971],[77.112953,29.7486],[77.117043,29.770901],[77.152382,29.79328],[77.153969,29.813782],[77.169037,29.82958],[77.167587,29.84639],[77.182457,29.87328],[77.179558,29.902269],[77.189133,29.922043],[77.229576,29.961903],[77.235481,29.981173],[77.263161,30.00215],[77.270409,30.04834],[77.331741,30.064451],[77.3685,30.091558],[77.396736,30.09576],[77.414429,30.10713],[77.398003,30.118723],[77.412613,30.12771],[77.417839,30.141182],[77.411423,30.149691],[77.423546,30.16848],[77.446846,30.16861],[77.473267,30.188591],[77.526779,30.282312],[77.570351,30.31123],[77.569893,30.337111],[77.592018,30.370861],[77.563057,30.40449]]]}},{"type":"Feature","properties":{"name":"Uttaranchal","code":""},"geometry":{"type":"Polygon","coordinates":[[[79.194778,31.353622],[79.221642,31.337301],[79.221466,31.319391],[79.248093,31.296619],[79.233887,31.25404],[79.262779,31.245291],[79.27282,31.23074],[79.288437,31.195633],[79.284897,31.170101],[79.325096,31.12981],[79.381851,31.118351],[79.392357,31.079811],[79.408409,31.07295],[79.413086,31.037552],[79.501259,31.039141],[79.504883,31.023802],[79.522469,31.008121],[79.519386,30.993441],[79.537712,30.991301],[79.53112,30.9741],[79.587242,30.94309],[79.615753,30.9618],[79.649406,30.970591],[79.653946,30.98575],[79.704773,30.983391],[79.742149,31.00679],[79.804993,30.97777],[79.830307,30.98398],[79.854927,30.97891],[79.87471,30.930441],[79.897537,30.921749],[79.915047,30.89222],[79.959808,30.88558],[80.018082,30.846518],[80.044113,30.844],[80.069489,30.81934],[80.074051,30.799721],[80.103149,30.779671],[80.138313,30.796709],[80.139511,30.811159],[80.157272,30.812752],[80.184853,30.786631],[80.190453,30.763811],[80.207207,30.75753],[80.212753,30.765661],[80.223839,30.764099],[80.237297,30.7377],[80.219772,30.69725],[80.185547,30.682308],[80.180496,30.669861],[80.208961,30.645082],[80.198517,30.62314],[80.212097,30.614571],[80.205971,30.597401],[80.215736,30.579041],[80.240227,30.565401],[80.253181,30.575159],[80.260551,30.56654],[80.278,30.57448],[80.305603,30.567501],[80.315582,30.55397],[80.368286,30.526871],[80.381317,30.52351],[80.400551,30.53117],[80.423546,30.505659],[80.489708,30.48914],[80.526489,30.454309],[80.535057,30.46402],[80.555603,30.467161],[80.56636,30.488602],[80.58419,30.487223],[80.737488,30.39814],[80.776001,30.343161],[80.811287,30.319981],[80.994057,30.27046],[81.019608,30.252953],[81.018875,30.236837],[80.990463,30.246817],[80.977913,30.237993],[80.929214,30.235916],[80.911919,30.223215],[80.864571,30.168896],[80.873116,30.160915],[80.879219,30.128515],[80.84671,30.116062],[80.847054,30.102285],[80.839218,30.097715],[80.817215,30.096315],[80.781433,30.056927],[80.762932,30.049492],[80.749397,30.00663],[80.721291,30.000378],[80.677917,29.958115],[80.650322,29.955891],[80.631516,29.965216],[80.605339,29.958717],[80.576035,29.923437],[80.574318,29.894426],[80.554512,29.849237],[80.540627,29.847147],[80.523445,29.827019],[80.509026,29.823042],[80.497215,29.797415],[80.449219,29.798916],[80.437714,29.805716],[80.408638,29.794445],[80.399292,29.759291],[80.386871,29.758532],[80.387489,29.750467],[80.36972,29.750616],[80.367729,29.724915],[80.377045,29.720268],[80.386017,29.675014],[80.400414,29.658628],[80.415947,29.654156],[80.421921,29.639114],[80.422813,29.630215],[80.407372,29.612772],[80.409492,29.594919],[80.389992,29.572035],[80.380814,29.571514],[80.380516,29.561316],[80.365364,29.564056],[80.365715,29.556616],[80.344353,29.552864],[80.343414,29.541615],[80.359772,29.53187],[80.351326,29.518946],[80.315033,29.497824],[80.315163,29.48477],[80.301414,29.490547],[80.288437,29.477221],[80.304222,29.453079],[80.282227,29.450968],[80.27713,29.458424],[80.270966,29.455093],[80.276016,29.449476],[80.24482,29.444506],[80.243347,29.411587],[80.276917,29.392216],[80.280609,29.378889],[80.272903,29.363728],[80.280861,29.359875],[80.281105,29.347616],[80.29863,29.323711],[80.318138,29.315639],[80.319633,29.30159],[80.305962,29.285311],[80.301994,29.242039],[80.292419,29.231873],[80.299004,29.20503],[80.286201,29.196827],[80.249916,29.220615],[80.242416,29.203316],[80.259621,29.187416],[80.26001,29.16571],[80.273407,29.142023],[80.255745,29.137899],[80.235016,29.118416],[80.211388,29.121767],[80.18602,29.137316],[80.146027,29.103001],[80.130119,29.060997],[80.138214,29.058916],[80.126259,29.013002],[80.137321,29.007311],[80.128517,29.005915],[80.119553,28.98171],[80.101906,28.986433],[80.060143,28.916317],[80.07238,28.829744],[80.058426,28.83526],[80.025688,28.79985],[80.040459,28.78311],[80.034767,28.763231],[79.988258,28.717018],[79.952888,28.717522],[79.922379,28.73271],[79.912048,28.764961],[79.888939,28.78577],[79.901291,28.80212],[79.867287,28.79645],[79.84053,28.808661],[79.846207,28.821301],[79.875633,28.81834],[79.87532,28.83024],[79.85405,28.84429],[79.824463,28.84479],[79.812828,28.830181],[79.81591,28.81226],[79.783363,28.80542],[79.786171,28.82093],[79.794792,28.814732],[79.801193,28.829638],[79.794617,28.852859],[79.808121,28.856291],[79.808632,28.862831],[79.802803,28.87182],[79.791618,28.870398],[79.774467,28.89183],[79.749969,28.893353],[79.74044,28.883181],[79.712189,28.88068],[79.666199,28.84833],[79.613548,28.868731],[79.592262,28.86655],[79.576553,28.850281],[79.550926,28.845892],[79.55397,28.878521],[79.536453,28.89254],[79.50724,28.8633],[79.476631,28.86717],[79.459717,28.859159],[79.411217,28.855881],[79.395653,28.885441],[79.401436,28.932261],[79.377029,28.93705],[79.359673,28.97048],[79.351891,28.952431],[79.30719,28.958469],[79.298927,28.953112],[79.204033,29.0291],[79.197586,29.022091],[79.182961,29.02421],[79.184937,29.018011],[79.168587,29.01586],[79.158279,29.022879],[79.154213,29.032921],[79.165413,29.051258],[79.136986,29.06934],[79.143982,29.106623],[79.14222,29.119728],[79.130806,29.12936],[79.100746,29.13168],[79.072861,29.151991],[79.046127,29.15473],[79.026962,29.17227],[79.021759,29.167301],[79.026398,29.14986],[79.010956,29.157221],[79.008759,29.136221],[79.030968,29.13023],[79.017006,29.117861],[79.000572,29.11655],[78.979012,29.154751],[78.962326,29.166811],[78.944389,29.14959],[78.923637,29.157131],[78.914452,29.148981],[78.900406,29.15062],[78.895042,29.156811],[78.904793,29.16317],[78.905701,29.18034],[78.894348,29.1959],[78.899162,29.202593],[78.882866,29.225321],[78.870148,29.228531],[78.870979,29.24073],[78.852623,29.261311],[78.813782,29.252291],[78.799881,29.257853],[78.758636,29.286671],[78.76683,29.28591],[78.761078,29.293331],[78.71386,29.31735],[78.727341,29.31749],[78.728348,29.33416],[78.741501,29.332621],[78.757408,29.34976],[78.76593,29.341051],[78.782463,29.346441],[78.781326,29.331961],[78.788841,29.329283],[78.797913,29.33832],[78.790146,29.352119],[78.808983,29.382879],[78.815002,29.38534],[78.814178,29.370043],[78.828819,29.368181],[78.836258,29.371408],[78.832512,29.38135],[78.870186,29.392363],[78.896477,29.42358],[78.900406,29.44669],[78.922928,29.456181],[78.785507,29.47603],[78.739059,29.50498],[78.693359,29.508871],[78.639572,29.547779],[78.605247,29.561798],[78.527359,29.624363],[78.511513,29.65069],[78.501846,29.711708],[78.487579,29.741383],[78.473579,29.74847],[78.331741,29.796181],[78.302933,29.757591],[78.2314,29.70409],[78.22126,29.717623],[78.193527,29.710058],[78.165932,29.679529],[78.139122,29.6761],[78.134003,29.65851],[78.090622,29.624771],[78.082062,29.60181],[78.04393,29.593071],[78.036507,29.58086],[78.042641,29.571913],[78.03688,29.552629],[77.994156,29.555099],[77.988022,29.54586],[77.977058,29.558111],[77.983757,29.588051],[77.972687,29.583151],[77.947289,29.590431],[77.951866,29.616039],[77.962402,29.609991],[77.976837,29.614038],[77.97702,29.642061],[77.965378,29.655479],[77.972183,29.67569],[77.96228,29.670271],[77.943069,29.69158],[77.942291,29.70203],[77.951981,29.70537],[77.927223,29.714581],[77.904839,29.702553],[77.91021,29.698938],[77.873878,29.701971],[77.828972,29.669331],[77.792519,29.681921],[77.794922,29.70046],[77.757713,29.715919],[77.769257,29.73465],[77.760857,29.752701],[77.764702,29.78546],[77.742149,29.809521],[77.730057,29.853081],[77.713348,29.85648],[77.702019,29.87178],[77.703018,29.889759],[77.711052,29.888121],[77.733017,29.913481],[77.728798,29.92856],[77.717682,29.934952],[77.744957,29.9676],[77.73008,29.987452],[77.749123,30.014101],[77.77227,30.026293],[77.757576,30.048231],[77.786438,30.09997],[77.81308,30.08963],[77.838531,30.11227],[77.895996,30.186293],[77.90313,30.21306],[77.93148,30.24696],[77.89637,30.26601],[77.812408,30.290751],[77.710777,30.33876],[77.673302,30.385651],[77.664108,30.38398],[77.634216,30.410879],[77.62207,30.40477],[77.577538,30.412458],[77.563057,30.40449],[77.562881,30.41708],[77.590416,30.433781],[77.630547,30.436159],[77.640236,30.452351],[77.67907,30.451731],[77.711227,30.47727],[77.799179,30.511391],[77.810646,30.53318],[77.803238,30.56378],[77.778267,30.55736],[77.761848,30.562988],[77.729523,30.598383],[77.734787,30.60816],[77.75444,30.60075],[77.756607,30.620321],[77.78199,30.619358],[77.771278,30.628481],[77.775452,30.637468],[77.768303,30.65148],[77.779053,30.663771],[77.733406,30.685829],[77.741096,30.710661],[77.720337,30.738241],[77.691589,30.74831],[77.688286,30.768669],[77.744408,30.829851],[77.731461,30.850771],[77.744522,30.881191],[77.754547,30.882441],[77.765167,30.865179],[77.789368,30.858549],[77.784439,30.888371],[77.80085,30.912741],[77.795616,30.9238],[77.745598,30.92231],[77.734573,30.95957],[77.763878,30.97699],[77.817146,30.953569],[77.818916,30.960091],[77.796417,30.96982],[77.813606,30.99892],[77.810051,31.005211],[77.825333,31.008133],[77.818848,31.015791],[77.821602,31.029921],[77.800606,31.06208],[77.814697,31.060902],[77.82473,31.07443],[77.842827,31.081291],[77.851532,31.11097],[77.878723,31.124672],[77.887489,31.154701],[77.914688,31.156578],[77.954758,31.17878],[77.969383,31.165152],[77.992577,31.16703],[78.014236,31.15494],[78.01622,31.171513],[78.029953,31.18531],[78.053833,31.19293],[78.087738,31.1908],[78.119156,31.214041],[78.134903,31.21612],[78.147827,31.231571],[78.171417,31.23181],[78.187561,31.222219],[78.200272,31.225719],[78.206818,31.23723],[78.23259,31.23502],[78.26902,31.27136],[78.293419,31.266041],[78.298363,31.28821],[78.356323,31.290871],[78.381363,31.281471],[78.39753,31.247791],[78.414383,31.25091],[78.419456,31.25988],[78.444138,31.2442],[78.466568,31.22094],[78.470108,31.203751],[78.537117,31.206711],[78.566582,31.23374],[78.595367,31.236391],[78.634453,31.221889],[78.647697,31.19467],[78.659836,31.203251],[78.749451,31.194351],[78.795036,31.20504],[78.803169,31.19923],[78.797577,31.182503],[78.811707,31.169411],[78.818733,31.147211],[78.862251,31.11241],[78.880043,31.10384],[78.912659,31.11618],[78.920471,31.10759],[78.942116,31.105028],[78.996696,31.11759],[78.9758,31.150709],[78.97187,31.182371],[78.946213,31.19356],[78.935852,31.205681],[78.935127,31.222363],[78.919617,31.223091],[78.909912,31.233889],[78.906883,31.25919],[78.916649,31.266628],[78.923103,31.32539],[78.936966,31.34248],[78.991608,31.364031],[79.006828,31.40062],[79.034172,31.428011],[79.035507,31.45318],[79.045197,31.468121],[79.056778,31.47226],[79.12886,31.43873],[79.194778,31.353622]]]}},{"type":"Feature","properties":{"name":"West Bengal","code":""},"geometry":{"type":"MultiPolygon","coordinates":[[[[88.015831,21.581671],[88.020546,21.566669],[88.01667,21.572208],[88.015831,21.581671]]],[[[88.497711,21.599754],[88.53389,21.57806],[88.531387,21.5425],[88.506111,21.541111],[88.511673,21.558062],[88.503052,21.565281],[88.509697,21.55794],[88.504173,21.544453],[88.481705,21.554726],[88.486107,21.588331],[88.497711,21.599754]]],[[[88.17778,21.60111],[88.188889,21.58194],[88.186668,21.559999],[88.174446,21.566668],[88.167778,21.591665],[88.17778,21.60111]]],[[[88.834724,21.607222],[88.876114,21.592222],[88.893608,21.578335],[88.90361,21.555834],[88.875267,21.548891],[88.842781,21.553888],[88.828331,21.576942],[88.834724,21.607222]]],[[[88.728851,21.637081],[88.73558,21.611052],[88.757187,21.59898],[88.748138,21.590952],[88.746948,21.577499],[88.735832,21.571672],[88.714447,21.578335],[88.707207,21.594221],[88.713051,21.62528],[88.720833,21.638334],[88.728851,21.637081]]],[[[88.537216,21.63862],[88.571663,21.623058],[88.587502,21.601942],[88.575546,21.574171],[88.550003,21.56361],[88.536949,21.58695],[88.542862,21.589163],[88.556358,21.599112],[88.556664,21.604446],[88.536934,21.588398],[88.510002,21.602221],[88.52417,21.62611],[88.524376,21.6532],[88.537216,21.63862]]],[[[88.889999,21.65447],[88.89389,21.649166],[88.889008,21.654573],[88.889999,21.65447]]],[[[88.771942,21.653063],[88.773888,21.61972],[88.790833,21.601942],[88.782219,21.596111],[88.79425,21.599779],[88.798058,21.591665],[88.787781,21.580557],[88.751945,21.576666],[88.748947,21.58919],[88.75824,21.600039],[88.736076,21.61241],[88.729568,21.63995],[88.771942,21.653063]]],[[[88.965767,21.641535],[88.969902,21.640341],[88.986549,21.64484],[88.991386,21.64357],[88.9925,21.616667],[88.955917,21.617567],[88.93972,21.646667],[88.955208,21.677092],[88.961617,21.664192],[88.962021,21.64868],[88.965767,21.641535]]],[[[88.640396,21.678574],[88.63028,21.649166],[88.629723,21.665277],[88.640396,21.678574]]],[[[88.576881,21.691734],[88.585831,21.658054],[88.605713,21.624401],[88.602219,21.620558],[88.59111,21.618336],[88.553978,21.63953],[88.570808,21.666],[88.567528,21.69047],[88.576881,21.691734]]],[[[88.587791,21.701441],[88.606339,21.679977],[88.588547,21.657331],[88.580391,21.682995],[88.591942,21.690559],[88.587791,21.701441]]],[[[88.984489,21.705688],[88.993889,21.673611],[88.987343,21.664831],[88.987907,21.652981],[88.996391,21.649038],[89.022758,21.654026],[89.022339,21.636095],[89.037491,21.61813],[89.028763,21.604822],[89.0,21.601671],[88.992363,21.64414],[88.982895,21.645912],[88.968399,21.641699],[88.96402,21.645741],[88.963257,21.662991],[88.950844,21.700722],[88.97316,21.69739],[88.984489,21.705688]]],[[[88.806656,21.706673],[88.80722,21.665831],[88.796944,21.655277],[88.787224,21.659164],[88.793053,21.661671],[88.794167,21.664444],[88.759445,21.663055],[88.749168,21.673334],[88.730553,21.684721],[88.741112,21.689444],[88.745003,21.68222],[88.758331,21.682501],[88.762222,21.685555],[88.764717,21.693062],[88.806656,21.706673]]],[[[88.300369,21.704029],[88.328613,21.70528],[88.346107,21.68861],[88.34639,21.653332],[88.35807,21.647501],[88.338387,21.621792],[88.315277,21.608055],[88.308052,21.611111],[88.305756,21.629061],[88.315796,21.677591],[88.300369,21.704029]]],[[[88.454033,21.709341],[88.470688,21.672991],[88.46611,21.6675],[88.465553,21.675833],[88.453888,21.624168],[88.44223,21.615],[88.4375,21.633478],[88.420647,21.65135],[88.418556,21.68257],[88.436874,21.706276],[88.454033,21.709341]]],[[[88.697121,21.712879],[88.707428,21.68119],[88.751373,21.64872],[88.722893,21.63862],[88.709724,21.663055],[88.687042,21.683331],[88.697121,21.712879]]],[[[88.204506,21.721182],[88.216591,21.700541],[88.198334,21.694445],[88.195557,21.681944],[88.20414,21.672529],[88.226326,21.670212],[88.231667,21.64361],[88.21167,21.620831],[88.211945,21.601667],[88.194695,21.632698],[88.181389,21.68611],[88.188332,21.708061],[88.204506,21.721182]]],[[[89.059204,21.721804],[89.07058,21.701754],[89.064903,21.68927],[89.084892,21.677828],[89.095039,21.643961],[89.081688,21.627367],[89.05159,21.617531],[89.03476,21.633101],[89.037628,21.64056],[89.028488,21.635319],[89.026405,21.658133],[89.033043,21.654675],[89.020905,21.662357],[89.026413,21.68791],[89.024727,21.69486],[89.022003,21.70038],[89.009796,21.70487],[89.022018,21.710087],[89.024094,21.716743],[89.059204,21.721804]]],[[[88.977997,21.726875],[88.999725,21.715279],[89.020523,21.713551],[89.00779,21.70713],[89.024162,21.687733],[89.017838,21.661186],[89.007759,21.652222],[88.990074,21.654121],[88.995819,21.672501],[88.99276,21.700001],[88.970558,21.720833],[88.977997,21.726875]]],[[[88.54567,21.73613],[88.560417,21.729307],[88.570831,21.7325],[88.58744,21.709278],[88.586067,21.699429],[88.590698,21.690628],[88.580246,21.684681],[88.569939,21.710621],[88.552803,21.724041],[88.543015,21.723913],[88.568298,21.709761],[88.574203,21.694027],[88.567276,21.69315],[88.567192,21.701962],[88.562721,21.706364],[88.556946,21.70639],[88.55278,21.70278],[88.565056,21.702942],[88.569168,21.669443],[88.550919,21.63649],[88.529579,21.652653],[88.533333,21.6686],[88.517242,21.71084],[88.54567,21.73613]]],[[[88.195602,21.72448],[88.195869,21.730068],[88.201378,21.73667],[88.199997,21.728889],[88.195602,21.72448]]],[[[88.883057,21.745279],[88.905281,21.729723],[88.912216,21.727501],[88.919441,21.71084],[88.940277,21.695278],[88.92083,21.632221],[88.887779,21.658054],[88.873055,21.694445],[88.872498,21.720556],[88.883057,21.745279]]],[[[88.401772,21.737825],[88.428566,21.702011],[88.413307,21.691067],[88.411163,21.658663],[88.431938,21.627359],[88.424721,21.61944],[88.41333,21.62278],[88.407486,21.599514],[88.398613,21.595556],[88.387367,21.611481],[88.379723,21.680832],[88.39904,21.69879],[88.403542,21.716673],[88.3908,21.726299],[88.368637,21.727341],[88.386742,21.73385],[88.394997,21.755001],[88.401772,21.737825]]],[[[88.220909,21.76215],[88.272003,21.754406],[88.26207,21.730173],[88.276657,21.725561],[88.31028,21.67639],[88.28833,21.623058],[88.288612,21.597778],[88.306107,21.583328],[88.291664,21.563053],[88.26889,21.557779],[88.248337,21.563889],[88.240547,21.57361],[88.242775,21.596666],[88.216393,21.616388],[88.234734,21.635378],[88.23333,21.668056],[88.226334,21.675055],[88.205063,21.675571],[88.197777,21.689169],[88.220383,21.700029],[88.210938,21.726439],[88.220909,21.76215]]],[[[88.927101,21.76195],[88.963196,21.752754],[88.965286,21.742481],[88.968895,21.739199],[88.98748,21.74472],[88.969444,21.722778],[88.970558,21.717501],[88.98333,21.705832],[88.973053,21.69861],[88.950241,21.70233],[88.922783,21.719707],[88.931107,21.73583],[88.927101,21.76195]]],[[[88.352066,21.763996],[88.370827,21.760818],[88.360237,21.747351],[88.359673,21.73488],[88.36528,21.722219],[88.398056,21.713333],[88.360558,21.68639],[88.337509,21.71077],[88.348892,21.725554],[88.342789,21.754391],[88.352066,21.763996]]],[[[88.99958,21.76339],[89.025414,21.756969],[89.05928,21.72592],[89.01741,21.717779],[89.016373,21.732443],[89.001572,21.750021],[88.99958,21.76339]]],[[[88.831673,21.766109],[88.86528,21.758612],[88.845833,21.731388],[88.839165,21.706944],[88.859955,21.637226],[88.8442,21.626995],[88.842781,21.645281],[88.830566,21.651953],[88.828613,21.650555],[88.842186,21.643333],[88.841438,21.629141],[88.845833,21.620001],[88.815987,21.62896],[88.808899,21.63879],[88.822777,21.665001],[88.815002,21.710001],[88.803566,21.716619],[88.762512,21.70137],[88.781593,21.716],[88.780518,21.731062],[88.793335,21.736666],[88.786667,21.740557],[88.790833,21.74917],[88.797623,21.74703],[88.808891,21.748331],[88.831673,21.766109]]],[[[88.384903,21.764441],[88.386696,21.740679],[88.362396,21.732327],[88.361519,21.74766],[88.372818,21.763609],[88.384903,21.764441]]],[[[88.200546,21.768608],[88.202217,21.761391],[88.196388,21.7575],[88.193886,21.76333],[88.200546,21.768608]]],[[[88.281944,21.768612],[88.280563,21.76722],[88.279167,21.769722],[88.281944,21.768612]]],[[[88.582222,21.777781],[88.585609,21.753891],[88.619766,21.738312],[88.616371,21.727627],[88.592796,21.71871],[88.57972,21.72584],[88.583557,21.748411],[88.569,21.769178],[88.582222,21.777781]]],[[[88.302887,21.75556],[88.297279,21.705601],[88.27803,21.72817],[88.28891,21.778484],[88.302887,21.75556]]],[[[88.506935,21.7875],[88.501015,21.781832],[88.506386,21.788334],[88.506935,21.7875]]],[[[88.989197,21.788612],[89.011581,21.780228],[88.997696,21.771391],[88.996666,21.765833],[89.001396,21.745951],[89.015396,21.725651],[89.00428,21.716072],[88.976669,21.728611],[88.988663,21.739849],[88.987877,21.746649],[88.968712,21.740705],[88.96534,21.752651],[88.951111,21.757778],[88.989197,21.788612]]],[[[88.609726,21.790279],[88.620438,21.780182],[88.630836,21.7425],[88.608887,21.708055],[88.598846,21.715523],[88.619446,21.725554],[88.623055,21.736666],[88.58625,21.756598],[88.591202,21.78331],[88.609726,21.790279]]],[[[88.263626,21.79236],[88.287392,21.78443],[88.283333,21.769444],[88.263626,21.79236]]],[[[88.18528,21.790554],[88.179169,21.790001],[88.180832,21.795834],[88.18528,21.790554]]],[[[88.458611,21.788651],[88.474998,21.791389],[88.467216,21.737221],[88.456947,21.726389],[88.455917,21.711418],[88.441483,21.709841],[88.433136,21.704481],[88.423363,21.767725],[88.438789,21.78035],[88.446037,21.797958],[88.458611,21.788651]]],[[[88.716202,21.807381],[88.728058,21.777779],[88.759262,21.759218],[88.752228,21.74861],[88.752769,21.731579],[88.776657,21.721109],[88.748276,21.70709],[88.741562,21.718269],[88.735863,21.719292],[88.746262,21.70619],[88.758614,21.709723],[88.762756,21.69293],[88.757782,21.683664],[88.741219,21.69076],[88.729294,21.686756],[88.730774,21.682032],[88.754997,21.66564],[88.748047,21.658331],[88.711113,21.69018],[88.695,21.743891],[88.716202,21.807381]]],[[[88.171112,21.808611],[88.174149,21.799721],[88.169167,21.79056],[88.165268,21.80028],[88.171112,21.808611]]],[[[88.544571,21.81032],[88.57222,21.787783],[88.561943,21.77],[88.572502,21.735556],[88.560547,21.73],[88.554039,21.736355],[88.541718,21.737679],[88.519447,21.719166],[88.504387,21.75741],[88.525482,21.773661],[88.532631,21.782961],[88.535286,21.792021],[88.521111,21.771391],[88.504448,21.762501],[88.504173,21.770828],[88.51947,21.793573],[88.544571,21.81032]]],[[[88.421806,21.81109],[88.429634,21.799587],[88.442688,21.79965],[88.42086,21.767231],[88.42276,21.71982],[88.402992,21.73877],[88.401947,21.75194],[88.38266,21.7791],[88.421806,21.81109]]],[[[88.999573,21.81167],[89.016479,21.81197],[89.013893,21.78973],[89.023735,21.75905],[88.99881,21.766941],[89.012787,21.7798],[88.990181,21.790039],[88.999573,21.81167]]],[[[88.750633,21.795401],[88.75177,21.787678],[88.755547,21.780281],[88.746109,21.772223],[88.728333,21.779722],[88.727501,21.79361],[88.737732,21.798059],[88.750633,21.814215],[88.750633,21.795401]]],[[[88.828079,21.804029],[88.820732,21.787031],[88.830276,21.766665],[88.810387,21.75034],[88.790833,21.75001],[88.784187,21.766293],[88.821671,21.822901],[88.828079,21.804029]]],[[[88.787498,21.745001],[88.776665,21.730846],[88.75666,21.73341],[88.75473,21.744968],[88.764389,21.7605],[88.749756,21.76965],[88.766373,21.786791],[88.782104,21.825193],[88.793556,21.80974],[88.787262,21.795797],[88.79583,21.787222],[88.782219,21.766947],[88.787498,21.745001]]],[[[88.915833,21.825834],[88.937233,21.816669],[88.933327,21.814442],[88.92778,21.806389],[88.926666,21.798328],[88.917778,21.791664],[88.923332,21.788055],[88.911392,21.761671],[88.912781,21.75528],[88.897781,21.751944],[88.894722,21.755556],[88.900833,21.776951],[88.898056,21.786667],[88.906937,21.79417],[88.895836,21.788061],[88.883057,21.808058],[88.915833,21.825834]]],[[[88.17778,21.824718],[88.185478,21.82065],[88.185555,21.819164],[88.17778,21.824718]]],[[[88.555779,21.825769],[88.56028,21.827499],[88.556641,21.824024],[88.555779,21.825769]]],[[[88.484879,21.83469],[88.498047,21.821951],[88.496086,21.807781],[88.485832,21.798611],[88.45314,21.80566],[88.450333,21.81513],[88.484879,21.83469]]],[[[88.941391,21.847221],[88.953903,21.825293],[88.976669,21.820557],[88.970001,21.802778],[88.95417,21.80806],[88.940277,21.793055],[88.940422,21.782366],[88.958885,21.770834],[88.947502,21.763891],[88.921387,21.766111],[88.914169,21.75556],[88.924446,21.7875],[88.919716,21.791931],[88.92778,21.797779],[88.938889,21.816668],[88.926392,21.823891],[88.924446,21.835833],[88.932777,21.836945],[88.941391,21.847221]]],[[[88.592216,21.85],[88.61805,21.829245],[88.607224,21.815832],[88.614166,21.798059],[88.589455,21.798325],[88.576042,21.817034],[88.582924,21.842773],[88.592216,21.85]]],[[[88.519958,21.854637],[88.527496,21.84333],[88.52417,21.835001],[88.515831,21.839445],[88.519958,21.854637]]],[[[88.540794,21.855062],[88.536491,21.853718],[88.541618,21.85738],[88.540794,21.855062]]],[[[88.331131,21.860687],[88.352722,21.854242],[88.350372,21.826401],[88.360817,21.796831],[88.379967,21.78727],[88.376953,21.7675],[88.357063,21.766947],[88.342934,21.759588],[88.340279,21.740477],[88.345001,21.721666],[88.317101,21.70891],[88.306236,21.71541],[88.3097,21.733767],[88.29834,21.777151],[88.311111,21.783056],[88.31086,21.795635],[88.293892,21.80278],[88.310349,21.793486],[88.309731,21.78389],[88.299248,21.783621],[88.296013,21.77405],[88.28598,21.789068],[88.264198,21.793949],[88.259773,21.804207],[88.274246,21.81867],[88.296219,21.824471],[88.307022,21.829691],[88.315353,21.84466],[88.311661,21.853937],[88.331131,21.860687]]],[[[88.85611,21.86528],[88.855278,21.858061],[88.857498,21.855556],[88.87722,21.851669],[88.875,21.845554],[88.882233,21.797218],[88.898056,21.77861],[88.891388,21.753611],[88.921387,21.74361],[88.91333,21.727779],[88.88028,21.748056],[88.876266,21.767216],[88.864441,21.779171],[88.834999,21.781668],[88.841393,21.807501],[88.837219,21.843056],[88.85611,21.86528]]],[[[88.582748,21.865549],[88.581139,21.872528],[88.584686,21.876591],[88.5858,21.873993],[88.582748,21.865549]]],[[[88.136948,21.875],[88.172501,21.811953],[88.163643,21.799549],[88.170662,21.742401],[88.154816,21.685085],[88.143402,21.679552],[88.155281,21.681389],[88.154724,21.65],[88.14222,21.6325],[88.109169,21.625834],[88.041664,21.649166],[88.036667,21.675001],[88.044228,21.717693],[88.061386,21.734442],[88.072853,21.780182],[88.121956,21.865671],[88.136948,21.875]]],[[[88.789169,21.878611],[88.792503,21.87389],[88.78611,21.868332],[88.785835,21.865278],[88.787781,21.863611],[88.79361,21.86639],[88.800552,21.877781],[88.798889,21.870832],[88.801392,21.868061],[88.806946,21.866673],[88.821663,21.871111],[88.824997,21.865],[88.82972,21.862221],[88.821121,21.839731],[88.823608,21.850281],[88.818886,21.851667],[88.821106,21.825001],[88.794998,21.791389],[88.788887,21.79583],[88.795563,21.80167],[88.794441,21.812502],[88.789719,21.82139],[88.784157,21.826111],[88.765831,21.82889],[88.771393,21.853329],[88.782211,21.85972],[88.776947,21.866953],[88.789169,21.878611]]],[[[88.979057,21.89349],[89.028893,21.865843],[89.024757,21.849216],[89.009346,21.853203],[89.002831,21.867458],[88.998131,21.871059],[88.989243,21.868122],[88.996666,21.870277],[89.006775,21.853474],[89.027466,21.84627],[89.029991,21.83453],[89.017441,21.815933],[89.009071,21.822977],[89.014267,21.814919],[88.994156,21.814173],[88.985275,21.787777],[88.970497,21.775091],[88.942787,21.786501],[88.953926,21.803295],[88.9683,21.799459],[88.976639,21.80509],[88.977867,21.823511],[88.956543,21.826948],[88.950287,21.838091],[88.979126,21.867441],[88.969307,21.89019],[88.979057,21.89349]]],[[[88.621666,21.897779],[88.633331,21.869722],[88.653519,21.867708],[88.638893,21.784718],[88.623177,21.792011],[88.611946,21.816669],[88.621109,21.83139],[88.594719,21.854445],[88.621666,21.897779]]],[[[88.13781,21.896151],[88.136017,21.89447],[88.138596,21.8981],[88.13781,21.896151]]],[[[88.816948,21.901112],[88.840836,21.886944],[88.829437,21.864717],[88.821381,21.872499],[88.800278,21.870556],[88.809166,21.883329],[88.811386,21.896389],[88.816948,21.901112]]],[[[88.56234,21.897461],[88.571037,21.900949],[88.576393,21.888611],[88.572739,21.85836],[88.563118,21.830931],[88.550003,21.831671],[88.551033,21.817291],[88.533913,21.833771],[88.530556,21.849169],[88.542503,21.85556],[88.540504,21.870399],[88.550262,21.880959],[88.548866,21.892208],[88.541161,21.902561],[88.56234,21.897461]]],[[[88.422775,21.906111],[88.425125,21.903603],[88.4207,21.903877],[88.422775,21.906111]]],[[[88.44648,21.904921],[88.459137,21.894201],[88.482109,21.887819],[88.49015,21.85638],[88.488472,21.83783],[88.476753,21.8372],[88.448067,21.815283],[88.461456,21.78981],[88.444893,21.80188],[88.430626,21.800489],[88.424026,21.812401],[88.418266,21.811611],[88.401527,21.798031],[88.392517,21.832602],[88.399986,21.872499],[88.418846,21.889299],[88.419006,21.902403],[88.432816,21.900766],[88.44648,21.904921]]],[[[88.718056,21.907223],[88.726669,21.899164],[88.748337,21.896111],[88.748611,21.889441],[88.756111,21.880278],[88.771393,21.876398],[88.780563,21.85944],[88.768608,21.852501],[88.763885,21.828611],[88.777222,21.821671],[88.757767,21.781111],[88.751663,21.815283],[88.72583,21.794447],[88.71833,21.80806],[88.707497,21.81139],[88.705002,21.82778],[88.712502,21.825293],[88.716667,21.826111],[88.728058,21.8375],[88.715279,21.826944],[88.704445,21.829445],[88.702499,21.824169],[88.696663,21.838055],[88.703331,21.856112],[88.711388,21.853329],[88.717499,21.855556],[88.703056,21.8575],[88.698608,21.84889],[88.696945,21.848612],[88.718056,21.907223]]],[[[88.112778,21.910555],[88.109299,21.883881],[88.104446,21.897779],[88.112778,21.910555]]],[[[88.504723,21.912781],[88.49028,21.889444],[88.476936,21.898331],[88.488609,21.91028],[88.504723,21.912781]]],[[[88.456474,21.913815],[88.445679,21.90613],[88.442261,21.90877],[88.456474,21.913815]]],[[[88.639999,21.92168],[88.667503,21.911671],[88.652779,21.873333],[88.634453,21.87056],[88.623383,21.901409],[88.639999,21.92168]]],[[[88.134789,21.926744],[88.144623,21.91526],[88.129448,21.89889],[88.116112,21.91832],[88.134789,21.926744]]],[[[88.819618,21.9282],[88.856865,21.910707],[88.890068,21.914656],[88.915176,21.928181],[88.973892,21.897779],[88.96611,21.89028],[88.976669,21.8675],[88.955559,21.853889],[88.951942,21.864166],[88.958885,21.869722],[88.949448,21.886671],[88.943336,21.884722],[88.956947,21.869722],[88.950279,21.864166],[88.94722,21.840563],[88.939163,21.853613],[88.926941,21.852209],[88.917778,21.860558],[88.915001,21.880833],[88.906937,21.878889],[88.913887,21.879168],[88.914444,21.861389],[88.921669,21.853889],[88.926392,21.850828],[88.939163,21.85],[88.922783,21.83556],[88.923058,21.824438],[88.913612,21.827223],[88.888046,21.812222],[88.88028,21.82111],[88.878052,21.853889],[88.857216,21.85861],[88.854164,21.889444],[88.823608,21.915558],[88.819618,21.9282]]],[[[88.72361,21.931944],[88.736115,21.918056],[88.755836,21.926947],[88.786942,21.9175],[88.799446,21.919722],[88.814163,21.902781],[88.808609,21.895283],[88.808052,21.884443],[88.796669,21.876671],[88.789719,21.864717],[88.793602,21.874161],[88.790833,21.879169],[88.786392,21.878611],[88.776108,21.86972],[88.771942,21.878059],[88.758331,21.880001],[88.748886,21.897223],[88.718887,21.909166],[88.72361,21.931944]]],[[[88.16333,21.937222],[88.171402,21.932219],[88.165268,21.916111],[88.159721,21.92861],[88.16333,21.937222]]],[[[88.745392,21.979738],[88.754723,21.974722],[88.75071,21.954851],[88.775841,21.94145],[88.786453,21.95265],[88.788902,21.940714],[88.805786,21.93648],[88.799393,21.925928],[88.789146,21.92028],[88.759285,21.930832],[88.73333,21.924721],[88.722237,21.94297],[88.723732,21.973816],[88.745392,21.979738]]],[[[88.758293,22.00712],[88.752777,21.988333],[88.742836,21.9834],[88.758293,22.00712]]],[[[88.659973,22.019213],[88.715782,22.000641],[88.693085,21.969801],[88.68644,21.973501],[88.692871,21.984053],[88.690086,21.98954],[88.686668,21.99111],[88.691399,21.983877],[88.684822,21.97406],[88.694733,21.96139],[88.667778,21.953331],[88.688057,21.952778],[88.678154,21.942867],[88.628647,21.958031],[88.634575,21.995405],[88.659973,22.019213]]],[[[88.141388,22.02639],[88.087502,21.932779],[88.047226,21.911671],[88.051971,21.947559],[88.073326,21.995281],[88.093887,22.011391],[88.141388,22.02639]]],[[[88.812767,22.019442],[88.848335,22.0175],[88.866386,22.024446],[88.875267,22.012218],[88.902496,22.011669],[88.907272,21.929537],[88.856583,21.91906],[88.824837,21.93985],[88.790558,21.941669],[88.787224,21.955],[88.775558,21.943331],[88.752502,21.956112],[88.756943,21.972502],[88.753326,21.985279],[88.764442,21.984442],[88.774445,21.989721],[88.783257,21.982449],[88.779991,21.977602],[88.781967,21.972704],[88.800293,21.970453],[88.782249,21.974255],[88.789841,21.985277],[88.776665,21.990833],[88.753609,21.988058],[88.761482,22.006334],[88.772499,22.012218],[88.761627,22.007761],[88.761726,22.014908],[88.780281,22.016111],[88.801392,22.029722],[88.812767,22.019442]]],[[[88.730934,22.043598],[88.733391,22.0436],[88.733986,22.042261],[88.730934,22.043598]]],[[[88.751427,22.050333],[88.775658,22.049723],[88.778908,22.037184],[88.791046,22.029371],[88.778053,22.01972],[88.761673,22.021391],[88.751427,22.050333]]],[[[88.902786,22.045334],[88.901665,22.018888],[88.891701,22.014725],[88.877014,22.014839],[88.851982,22.041231],[88.890213,22.045843],[88.892044,22.049337],[88.886398,22.057774],[88.902786,22.045334]]],[[[88.029442,22.062498],[88.029167,22.058889],[88.027496,22.061947],[88.029442,22.062498]]],[[[89.016197,22.05092],[89.04081,22.048872],[89.073578,22.00416],[89.077728,21.981491],[89.072357,21.969271],[89.070808,21.983784],[89.069443,21.984732],[89.070267,21.954374],[89.059761,21.931971],[89.042168,21.934044],[89.041039,21.951044],[89.041466,21.932631],[89.049423,21.929708],[89.030792,21.926306],[88.99955,21.949484],[89.018066,21.975534],[89.015266,21.983843],[89.00544,21.98649],[89.0298,21.996532],[89.032501,22.002083],[89.006248,21.988997],[88.992439,21.973631],[88.989693,21.98567],[88.975563,21.991392],[88.983063,21.9928],[88.999359,22.007105],[88.974472,21.993643],[88.979156,22.004721],[88.968079,22.015541],[88.985504,22.045916],[88.984932,22.054949],[88.99453,22.054565],[89.001701,22.059353],[89.008331,22.050821],[89.015686,22.062931],[89.016197,22.05092]]],[[[88.635826,22.050819],[88.629448,22.052502],[88.628609,22.061951],[88.632225,22.061668],[88.635826,22.050819]]],[[[88.804489,22.064131],[88.831429,22.050241],[88.832207,22.02717],[88.813148,22.025141],[88.805847,22.033281],[88.780159,22.037832],[88.787575,22.059629],[88.794472,22.054241],[88.80072,22.05641],[88.804489,22.064131]]],[[[88.87056,22.078939],[88.868332,22.069651],[88.870163,22.063051],[88.890289,22.047832],[88.853951,22.044626],[88.850037,22.041033],[88.85923,22.025574],[88.83596,22.02545],[88.832253,22.046795],[88.845001,22.053612],[88.845551,22.06167],[88.83252,22.051683],[88.82,22.064173],[88.82856,22.070166],[88.834381,22.06389],[88.837364,22.06661],[88.836029,22.072832],[88.841492,22.071672],[88.852921,22.078753],[88.87056,22.078939]]],[[[88.690361,22.081072],[88.688965,22.081112],[88.688995,22.081903],[88.690361,22.081072]]],[[[88.904083,22.084208],[88.890907,22.060356],[88.870964,22.064358],[88.872223,22.079073],[88.870209,22.086901],[88.881401,22.083942],[88.897217,22.089151],[88.904083,22.084208]]],[[[88.722305,22.099134],[88.703987,22.088303],[88.692886,22.078077],[88.692032,22.08552],[88.722305,22.099134]]],[[[88.803467,22.085274],[88.815018,22.080584],[88.827782,22.086035],[88.836212,22.066339],[88.828766,22.071501],[88.813446,22.06201],[88.805214,22.065737],[88.794151,22.055662],[88.787216,22.072222],[88.781242,22.048363],[88.748428,22.057423],[88.756973,22.078257],[88.771545,22.085096],[88.783752,22.106943],[88.798897,22.108362],[88.798187,22.09907],[88.803467,22.085274]]],[[[88.806358,22.125231],[88.845726,22.119421],[88.849243,22.103971],[88.867943,22.08502],[88.841362,22.09017],[88.843719,22.098093],[88.838448,22.090193],[88.8675,22.082502],[88.851181,22.079363],[88.838089,22.073078],[88.819206,22.104422],[88.825256,22.08729],[88.805901,22.084753],[88.798691,22.110929],[88.806358,22.125231]]],[[[88.729279,22.113621],[88.729851,22.123449],[88.736275,22.128777],[88.735519,22.123619],[88.729279,22.113621]]],[[[88.848846,22.168888],[88.886086,22.164829],[88.89994,22.148092],[88.923027,22.10813],[88.915749,22.0903],[88.896446,22.090796],[88.89222,22.114449],[88.894966,22.091223],[88.872253,22.087805],[88.85289,22.102396],[88.845863,22.121962],[88.830696,22.127081],[88.860245,22.142448],[88.848846,22.168888]]],[[[88.942642,22.190285],[88.960892,22.189123],[88.984673,22.148832],[88.980476,22.13286],[88.96978,22.142895],[88.970032,22.156301],[88.963196,22.160139],[88.952751,22.158468],[88.969093,22.155493],[88.968857,22.141899],[88.979416,22.130981],[88.985222,22.138132],[88.984917,22.127123],[88.968903,22.082613],[88.955978,22.10177],[88.950546,22.10417],[88.966942,22.078611],[88.924637,22.064592],[88.923943,22.024202],[88.931107,22.000002],[88.946106,22.000002],[88.93528,22.025835],[88.93486,22.05514],[88.940659,22.062229],[88.963638,22.056992],[88.960136,22.05201],[88.961464,22.048998],[88.977097,22.038393],[88.962219,22.017221],[88.975693,22.00432],[88.972496,21.987791],[88.987511,21.983843],[88.992233,21.970003],[89.013527,21.979107],[88.990936,21.951935],[89.021347,21.921659],[89.012573,21.901995],[88.968834,21.921139],[88.97197,21.928654],[88.964676,21.934801],[88.976189,21.938953],[88.976387,21.946112],[88.962502,21.934999],[88.970459,21.928671],[88.966103,21.92293],[88.935883,21.936491],[88.91272,21.99436],[88.911018,22.044819],[88.901436,22.065283],[88.930717,22.098101],[88.923248,22.122942],[88.930939,22.122644],[88.940346,22.127977],[88.930603,22.136978],[88.936478,22.142813],[88.929413,22.136372],[88.938316,22.12689],[88.91317,22.13003],[88.893936,22.169699],[88.919716,22.161112],[88.925552,22.175564],[88.932663,22.174513],[88.945251,22.182358],[88.946617,22.185381],[88.942642,22.190285]]],[[[89.00193,22.199171],[89.014107,22.194262],[89.022217,22.148611],[89.050476,22.130632],[89.035263,22.110472],[89.016296,22.114193],[89.029701,22.11952],[89.030128,22.122942],[89.014648,22.114008],[89.03553,22.109295],[89.031113,22.093332],[89.038223,22.053392],[89.027672,22.053522],[89.029968,22.059122],[89.028801,22.077131],[89.027687,22.079153],[89.023376,22.078787],[89.026047,22.052933],[89.01741,22.051977],[89.018021,22.060858],[89.014725,22.064444],[89.007996,22.052471],[89.001709,22.060265],[88.985291,22.056982],[88.977913,22.039923],[88.96312,22.049675],[88.966042,22.055971],[88.962357,22.06048],[88.98037,22.079283],[88.996941,22.138027],[88.976219,22.170027],[88.972687,22.193438],[89.00193,22.199171]]],[[[88.683884,22.207243],[88.731895,22.193991],[88.764977,22.1922],[88.768898,22.180019],[88.789169,22.169449],[88.766388,22.146111],[88.738052,22.134541],[88.683052,22.080832],[88.691116,22.057053],[88.735741,22.031614],[88.739677,22.017696],[88.721046,22.005301],[88.663773,22.023762],[88.653526,22.078108],[88.634186,22.106211],[88.652863,22.163391],[88.680832,22.187502],[88.683884,22.207243]]],[[[88.844749,22.189192],[88.85025,22.1922],[88.853241,22.204332],[88.860489,22.203295],[88.868286,22.171186],[88.850792,22.173565],[88.8433,22.167179],[88.851387,22.155703],[88.845848,22.147764],[88.855888,22.144453],[88.82106,22.126696],[88.804611,22.130541],[88.794647,22.114161],[88.777641,22.111221],[88.769562,22.092291],[88.749588,22.081057],[88.739166,22.056992],[88.70472,22.065001],[88.702927,22.07884],[88.73455,22.10401],[88.749161,22.135],[88.775536,22.14567],[88.809196,22.179411],[88.82959,22.165291],[88.838272,22.167032],[88.840508,22.17494],[88.828056,22.20804],[88.835472,22.206736],[88.838867,22.193602],[88.844749,22.189192]]],[[[87.991943,22.212778],[87.993889,22.215563],[87.996666,22.212778],[87.991943,22.212778]]],[[[88.932373,22.225],[88.954185,22.221603],[88.961586,22.19721],[88.941406,22.192188],[88.944588,22.184328],[88.93148,22.177011],[88.908066,22.19631],[88.916672,22.208261],[88.918793,22.230808],[88.932373,22.225]]],[[[88.812599,22.283392],[88.815514,22.263987],[88.826248,22.264593],[88.825676,22.241442],[88.79847,22.225973],[88.805542,22.208353],[88.81823,22.195589],[88.827499,22.194986],[88.838058,22.17528],[88.834053,22.166853],[88.809616,22.183338],[88.794151,22.17057],[88.767441,22.19421],[88.747246,22.198629],[88.752937,22.231453],[88.791565,22.258436],[88.795052,22.276075],[88.812599,22.283392]]],[[[88.849861,22.362917],[88.891571,22.343082],[88.91111,22.305828],[88.936928,22.299112],[88.930336,22.259413],[88.950951,22.243332],[88.954079,22.225241],[88.918968,22.233032],[88.913872,22.219904],[88.887047,22.2363],[88.895477,22.25239],[88.887611,22.265932],[88.87677,22.274492],[88.87262,22.274549],[88.865097,22.270809],[88.863152,22.2764],[88.849968,22.289309],[88.84333,22.289721],[88.864861,22.270151],[88.876167,22.27368],[88.887238,22.26491],[88.893433,22.251532],[88.885658,22.236214],[88.913887,22.216108],[88.904488,22.197243],[88.921143,22.175192],[88.91861,22.16535],[88.898224,22.177908],[88.885757,22.16754],[88.872269,22.17137],[88.86618,22.194147],[88.883438,22.200052],[88.886086,22.206823],[88.883507,22.212271],[88.841011,22.214264],[88.841682,22.218981],[88.854401,22.232891],[88.859451,22.244146],[88.875839,22.252804],[88.858353,22.244444],[88.853531,22.233849],[88.841721,22.221262],[88.839432,22.215527],[88.841949,22.21174],[88.849464,22.209789],[88.882278,22.211599],[88.881081,22.200165],[88.86554,22.198088],[88.860046,22.205181],[88.854469,22.206213],[88.850372,22.202471],[88.848312,22.191551],[88.844269,22.190317],[88.836792,22.20706],[88.829903,22.210131],[88.824615,22.204336],[88.825462,22.1984],[88.819489,22.19636],[88.80056,22.225842],[88.81855,22.23094],[88.828423,22.241905],[88.829567,22.253721],[88.827301,22.265451],[88.816643,22.271679],[88.815453,22.282972],[88.806526,22.285749],[88.812233,22.315832],[88.804169,22.329721],[88.807777,22.333891],[88.818336,22.358892],[88.836113,22.358335],[88.849861,22.362917]]],[[[88.988869,22.39156],[88.983612,22.325338],[89.0,22.323336],[89.023331,22.297503],[89.0,22.298056],[88.993889,22.286112],[89.017746,22.268312],[89.014549,22.251598],[89.032394,22.257299],[89.037048,22.226713],[89.066902,22.198315],[89.060837,22.167311],[89.068642,22.147362],[89.09626,22.155012],[89.062187,22.128429],[89.055008,22.143045],[89.022949,22.166262],[89.027206,22.187712],[89.019722,22.205553],[88.972519,22.209711],[88.9617,22.242186],[88.94722,22.25556],[88.953911,22.359728],[88.964622,22.367441],[88.974167,22.395002],[88.967361,22.40769],[88.988869,22.39156]]],[[[87.938057,22.396669],[87.932777,22.40889],[87.933334,22.409721],[87.937233,22.40361],[87.938057,22.396669]]],[[[88.861664,22.410555],[88.865547,22.385559],[88.880577,22.403212],[88.874847,22.386831],[88.883751,22.371992],[88.897781,22.364174],[88.898613,22.336674],[88.877373,22.361071],[88.860832,22.370832],[88.855339,22.387642],[88.861664,22.410555]]],[[[88.871948,22.405277],[88.86972,22.410002],[88.874443,22.405556],[88.871948,22.405277]]],[[[88.917191,22.429029],[88.917221,22.423613],[88.91143,22.423697],[88.917191,22.429029]]],[[[87.923378,22.427912],[87.919212,22.42911],[87.919357,22.42952],[87.923378,22.427912]]],[[[87.908058,22.430832],[87.912781,22.43111],[87.91832,22.43],[87.908058,22.430832]]],[[[88.856941,22.472502],[88.858612,22.462227],[88.85611,22.458891],[88.856941,22.472502]]],[[[88.781387,22.500563],[88.809837,22.481194],[88.812347,22.45418],[88.827301,22.44677],[88.821686,22.43479],[88.834831,22.433804],[88.819229,22.432253],[88.80397,22.444452],[88.800804,22.461119],[88.781387,22.500563]]],[[[88.888336,22.553892],[88.900352,22.546328],[88.902351,22.526859],[88.905777,22.521133],[88.903343,22.504442],[88.898331,22.508612],[88.894997,22.50083],[88.905289,22.498392],[88.892776,22.486113],[88.892326,22.465353],[88.908012,22.434156],[88.902779,22.414724],[88.921669,22.40139],[88.888046,22.378332],[88.896393,22.373611],[88.898056,22.366667],[88.876602,22.386917],[88.882187,22.403637],[88.856125,22.422781],[88.861046,22.445482],[88.858391,22.48184],[88.867737,22.487867],[88.860237,22.500257],[88.843613,22.5068],[88.856667,22.509974],[88.867851,22.522291],[88.867302,22.534512],[88.868958,22.540474],[88.870003,22.530561],[88.888336,22.553892]]],[[[88.930008,22.563128],[88.936272,22.561335],[88.933609,22.557783],[88.930008,22.563128]]],[[[88.920166,22.565306],[88.933502,22.55612],[88.959961,22.54862],[88.978333,22.4825],[88.995277,22.466944],[88.988052,22.445555],[88.998611,22.430292],[88.964165,22.409166],[88.970276,22.393892],[88.957779,22.364721],[88.945557,22.371387],[88.946663,22.381392],[88.93528,22.39583],[88.941963,22.400282],[88.940208,22.418501],[88.946602,22.420572],[88.939445,22.41901],[88.934151,22.395863],[88.94474,22.37042],[88.953476,22.365532],[88.941948,22.309881],[88.928673,22.313311],[88.907333,22.335791],[88.896431,22.379829],[88.915291,22.391872],[88.922226,22.383888],[88.93,22.39028],[88.921669,22.391947],[88.925819,22.406233],[88.907776,22.415833],[88.918556,22.42201],[88.92054,22.426691],[88.894722,22.466112],[88.896736,22.485849],[88.905609,22.493368],[88.909721,22.505556],[88.90583,22.508051],[88.914444,22.51111],[88.895042,22.559641],[88.920166,22.565306]]],[[[88.93605,22.621571],[88.936508,22.619137],[88.93457,22.621492],[88.93605,22.621571]]],[[[88.675972,24.3155],[88.67482,24.314569],[88.675102,24.315378],[88.675972,24.3155]]],[[[88.085846,27.14151],[88.152313,27.11171],[88.178993,27.13471],[88.213837,27.135122],[88.232506,27.119768],[88.277351,27.131191],[88.304497,27.128601],[88.318817,27.119341],[88.323837,27.1049],[88.340797,27.11067],[88.352303,27.10107],[88.38752,27.09841],[88.431946,27.08161],[88.454498,27.089649],[88.473778,27.120701],[88.495613,27.12536],[88.52993,27.15015],[88.520752,27.178181],[88.591476,27.19446],[88.619019,27.187853],[88.638756,27.167721],[88.656456,27.162401],[88.6735,27.176611],[88.691498,27.178699],[88.711807,27.16515],[88.724541,27.138521],[88.751686,27.148211],[88.766289,27.138678],[88.800049,27.13682],[88.826149,27.117661],[88.869919,27.108721],[88.878708,27.041103],[88.870499,27.010811],[88.874985,26.951546],[88.919006,26.996201],[88.95369,26.968204],[88.955475,26.954195],[88.939865,26.94241],[88.962379,26.924131],[88.984589,26.920761],[89.024918,26.940271],[89.046417,26.919708],[89.046455,26.90365],[89.09034,26.89397],[89.095284,26.885155],[89.087616,26.87203],[89.104141,26.85984],[89.102028,26.836309],[89.131073,26.808069],[89.172913,26.821653],[89.189789,26.808521],[89.23362,26.820501],[89.255592,26.81687],[89.316109,26.8528],[89.328346,26.840132],[89.359741,26.863371],[89.377167,26.866291],[89.391006,26.840958],[89.449226,26.83386],[89.459282,26.806259],[89.490288,26.802338],[89.511482,26.816992],[89.558884,26.815554],[89.566772,26.801718],[89.611229,26.789398],[89.621788,26.776922],[89.644737,26.780945],[89.65451,26.763512],[89.613441,26.728121],[89.632179,26.71925],[89.65863,26.718481],[89.673813,26.740381],[89.703278,26.737122],[89.72641,26.722334],[89.75666,26.736464],[89.756622,26.716345],[89.774399,26.699558],[89.807213,26.715021],[89.856941,26.703781],[89.871429,26.683531],[89.868057,26.656618],[89.876373,26.6495],[89.857292,26.63209],[89.859001,26.61721],[89.877228,26.61305],[89.872116,26.594709],[89.877548,26.584242],[89.862007,26.577883],[89.864616,26.54829],[89.8535,26.517233],[89.852692,26.48778],[89.862373,26.46607],[89.870209,26.46398],[89.869499,26.44842],[89.847786,26.421753],[89.849808,26.414209],[89.83329,26.412291],[89.827278,26.396473],[89.840393,26.39082],[89.846817,26.40274],[89.857292,26.38446],[89.825592,26.379318],[89.820099,26.350382],[89.811493,26.358021],[89.820419,26.370621],[89.782013,26.353279],[89.780861,26.330881],[89.761963,26.317068],[89.750542,26.321461],[89.758659,26.28933],[89.72345,26.29475],[89.722763,26.30755],[89.715683,26.301981],[89.737457,26.271101],[89.72522,26.25841],[89.704811,26.269901],[89.700996,26.25919],[89.71537,26.256491],[89.715721,26.24638],[89.728767,26.238201],[89.712807,26.22897],[89.710228,26.219141],[89.697227,26.21723],[89.732033,26.21229],[89.711632,26.203199],[89.718102,26.196798],[89.71405,26.18936],[89.694839,26.189072],[89.70652,26.17313],[89.719803,26.177938],[89.733757,26.17337],[89.716141,26.167391],[89.711113,26.15292],[89.687073,26.159033],[89.685997,26.166693],[89.705177,26.17165],[89.689842,26.181381],[89.687279,26.197731],[89.676361,26.201361],[89.693916,26.2103],[89.680801,26.217831],[89.691551,26.21949],[89.681877,26.221849],[89.689346,26.228281],[89.680336,26.23546],[89.6745,26.219063],[89.660866,26.21767],[89.637581,26.227678],[89.636597,26.21019],[89.653038,26.189939],[89.647339,26.184231],[89.63414,26.194651],[89.629837,26.18619],[89.660622,26.175631],[89.649353,26.164131],[89.633766,26.171751],[89.637077,26.17738],[89.624756,26.17137],[89.619507,26.17804],[89.613968,26.170563],[89.621971,26.166809],[89.613487,26.153353],[89.594696,26.15704],[89.608177,26.116529],[89.614967,26.12689],[89.623482,26.119209],[89.628471,26.127831],[89.632988,26.1189],[89.618797,26.106428],[89.601387,26.112928],[89.603882,26.103413],[89.596657,26.100891],[89.61145,26.088181],[89.620056,26.094818],[89.616859,26.103048],[89.625366,26.09997],[89.632668,26.10697],[89.643417,26.090212],[89.635658,26.081461],[89.652351,26.062231],[89.633713,26.062222],[89.621597,26.05279],[89.60836,26.06361],[89.616676,26.052973],[89.595963,26.044241],[89.601723,26.038031],[89.590057,26.03648],[89.588531,26.024218],[89.581482,26.024208],[89.59066,25.975651],[89.57885,25.980761],[89.576927,25.96686],[89.569313,25.97823],[89.554497,25.964621],[89.543587,25.97051],[89.540131,25.985472],[89.552292,26.00086],[89.521309,26.008291],[89.508293,26.00034],[89.49353,26.006342],[89.482948,25.99733],[89.467346,25.998001],[89.433922,26.011921],[89.439598,26.03179],[89.429543,26.045618],[89.397057,26.02013],[89.398407,26.00688],[89.352448,26.010509],[89.328377,26.037083],[89.304626,26.04928],[89.283051,26.049021],[89.285141,26.065948],[89.261566,26.063921],[89.272202,26.09164],[89.257431,26.092213],[89.230171,26.122641],[89.197777,26.121941],[89.167236,26.133841],[89.154137,26.15827],[89.16217,26.160742],[89.140587,26.180099],[89.155357,26.208651],[89.146881,26.235361],[89.128311,26.25374],[89.130493,26.266821],[89.108429,26.282343],[89.114937,26.291323],[89.112518,26.31699],[89.130501,26.2885],[89.144447,26.32078],[89.122017,26.319229],[89.104706,26.329679],[89.091141,26.32188],[89.107201,26.338961],[89.102898,26.36191],[89.086853,26.366117],[89.096748,26.37067],[89.102287,26.39164],[89.089813,26.39263],[89.093536,26.399233],[89.041039,26.397921],[89.028923,26.416321],[88.996109,26.423189],[88.985893,26.44006],[88.990028,26.450251],[88.96434,26.463133],[88.970306,26.454321],[88.9533,26.451591],[88.958046,26.439501],[88.951447,26.429171],[88.933777,26.43634],[88.939217,26.431479],[88.931427,26.428011],[88.935257,26.41371],[88.91127,26.412069],[88.925926,26.40147],[88.915916,26.383329],[88.928009,26.381111],[88.919891,26.36994],[88.951843,26.35939],[88.956772,26.368031],[88.963623,26.365803],[88.953621,26.34897],[88.964203,26.34761],[88.95829,26.342951],[88.963799,26.33267],[88.968369,26.354271],[88.991432,26.352211],[88.99247,26.336691],[89.007629,26.32864],[89.000023,26.324751],[89.002289,26.316603],[88.99221,26.320221],[88.99189,26.304779],[89.003319,26.30183],[89.004189,26.293192],[89.015869,26.304211],[89.023613,26.292381],[89.02562,26.308701],[89.032288,26.30784],[89.033348,26.285561],[89.052086,26.28756],[89.053482,26.296572],[89.065163,26.29394],[89.069511,26.281221],[89.061729,26.278122],[89.069702,26.255333],[89.061073,26.2582],[89.055679,26.24367],[89.037811,26.24999],[88.970436,26.241558],[88.958336,26.247932],[88.934853,26.2883],[88.888351,26.291571],[88.86821,26.27747],[88.868027,26.257851],[88.885109,26.23885],[88.846786,26.23427],[88.833046,26.24596],[88.836037,26.25201],[88.819206,26.259701],[88.821587,26.300713],[88.798927,26.313169],[88.761581,26.300591],[88.761597,26.333761],[88.749191,26.353241],[88.735168,26.355101],[88.704369,26.33436],[88.696686,26.36306],[88.681816,26.38031],[88.702682,26.38846],[88.689293,26.3874],[88.689346,26.395559],[88.671982,26.398939],[88.687698,26.401251],[88.687416,26.410721],[88.670517,26.40703],[88.645973,26.418152],[88.649658,26.42724],[88.62455,26.435431],[88.620697,26.471069],[88.595207,26.4718],[88.597023,26.44939],[88.557121,26.45685],[88.563118,26.47267],[88.5522,26.477621],[88.561058,26.48892],[88.526657,26.481741],[88.524757,26.50614],[88.493942,26.51409],[88.486061,26.541311],[88.462181,26.54722],[88.450249,26.535872],[88.43541,26.54682],[88.423416,26.56867],[88.415352,26.634123],[88.388802,26.610901],[88.39917,26.601709],[88.377541,26.59351],[88.373146,26.56065],[88.361389,26.548],[88.352577,26.51202],[88.334549,26.49357],[88.334366,26.47868],[88.349136,26.466322],[88.355911,26.44581],[88.367607,26.487053],[88.391251,26.479111],[88.404503,26.485439],[88.422142,26.465212],[88.426376,26.47241],[88.483246,26.461109],[88.479507,26.452539],[88.498123,26.434351],[88.491402,26.429991],[88.498398,26.4258],[88.494278,26.41643],[88.502892,26.417261],[88.496437,26.40844],[88.510727,26.40588],[88.506538,26.398571],[88.513741,26.386841],[88.520721,26.387892],[88.516113,26.37253],[88.52523,26.37285],[88.516327,26.363583],[88.524826,26.359838],[88.505821,26.347919],[88.508797,26.360361],[88.490257,26.359838],[88.487022,26.34922],[88.462097,26.359791],[88.457893,26.373751],[88.438103,26.337049],[88.40696,26.33042],[88.41613,26.315971],[88.389427,26.313688],[88.351753,26.281582],[88.351906,26.244791],[88.360733,26.24016],[88.352516,26.21999],[88.32029,26.201241],[88.300537,26.195843],[88.293671,26.200939],[88.276169,26.18659],[88.249786,26.189301],[88.235451,26.182442],[88.238823,26.175098],[88.229446,26.16729],[88.198669,26.160851],[88.197411,26.150862],[88.180443,26.145693],[88.180946,26.123501],[88.161552,26.094641],[88.167702,26.083549],[88.160957,26.077982],[88.165627,26.074183],[88.171837,26.08289],[88.186157,26.068708],[88.173088,26.032761],[88.187111,26.024061],[88.143997,26.01182],[88.146767,26.000719],[88.124977,25.977249],[88.128746,25.96689],[88.11834,25.95862],[88.11348,25.93577],[88.093727,25.9296],[88.086761,25.9125],[88.09938,25.898031],[88.09259,25.893648],[88.108353,25.889591],[88.103287,25.884371],[88.115303,25.84976],[88.10289,25.84141],[88.111122,25.838112],[88.104622,25.82579],[88.111076,25.81328],[88.120247,25.810202],[88.117142,25.796659],[88.141556,25.79385],[88.151703,25.773771],[88.186256,25.79878],[88.208549,25.785448],[88.218933,25.797548],[88.233833,25.794781],[88.238899,25.80678],[88.269928,25.80814],[88.271759,25.779921],[88.319252,25.750723],[88.32608,25.735121],[88.378578,25.712551],[88.374969,25.694902],[88.406456,25.682489],[88.407143,25.669319],[88.456726,25.6605],[88.45816,25.627878],[88.446396,25.596981],[88.458473,25.596281],[88.472557,25.581053],[88.500046,25.581263],[88.496628,25.557751],[88.510406,25.542278],[88.519897,25.54369],[88.5233,25.533081],[88.533707,25.540083],[88.542923,25.50662],[88.553307,25.517721],[88.578056,25.50548],[88.598022,25.503941],[88.609428,25.513161],[88.624573,25.495291],[88.647957,25.494951],[88.649818,25.476999],[88.698883,25.469971],[88.710091,25.4793],[88.711121,25.497042],[88.738823,25.502171],[88.743027,25.486038],[88.769096,25.4923],[88.772766,25.499151],[88.762779,25.508383],[88.762856,25.52132],[88.782249,25.51269],[88.810387,25.519751],[88.814552,25.48712],[88.831924,25.485397],[88.839073,25.469591],[88.842117,25.45339],[88.82872,25.440891],[88.83696,25.425091],[88.830978,25.413111],[88.816887,25.408178],[88.844963,25.392019],[88.843658,25.36241],[88.871758,25.348068],[88.872223,25.338251],[88.888649,25.322533],[88.89122,25.333252],[88.906487,25.33555],[88.925606,25.30356],[88.937012,25.31115],[88.944801,25.301802],[88.982986,25.305868],[88.989281,25.29575],[89.011253,25.292381],[89.007027,25.27533],[88.985527,25.27939],[88.956642,25.25927],[88.95121,25.241341],[88.958878,25.219601],[88.948898,25.2134],[88.934853,25.218151],[88.947388,25.18404],[88.929771,25.184971],[88.923027,25.16713],[88.897621,25.18454],[88.87693,25.181051],[88.865807,25.201233],[88.853348,25.200932],[88.84491,25.211201],[88.831589,25.206249],[88.814697,25.175621],[88.803787,25.172291],[88.777786,25.18037],[88.772987,25.191038],[88.752037,25.17783],[88.73526,25.188301],[88.732407,25.20059],[88.709229,25.2096],[88.682167,25.21007],[88.670403,25.200663],[88.617073,25.206108],[88.591446,25.193951],[88.580032,25.17942],[88.565811,25.177691],[88.55864,25.179382],[88.559258,25.19405],[88.53569,25.19054],[88.536743,25.200809],[88.500877,25.205421],[88.499718,25.211679],[88.477737,25.21331],[88.471527,25.19787],[88.445847,25.196289],[88.444763,25.17683],[88.458427,25.16478],[88.462646,25.142031],[88.442802,25.126263],[88.452873,25.079271],[88.436539,25.05018],[88.453812,25.035601],[88.436493,25.00646],[88.424362,25.006861],[88.413559,24.993561],[88.417358,24.973989],[88.397461,24.96912],[88.393562,24.961889],[88.401497,24.94569],[88.384468,24.937778],[88.363403,24.951431],[88.341728,24.939011],[88.336159,24.91783],[88.326332,24.9107],[88.347893,24.892179],[88.32515,24.865891],[88.322739,24.881552],[88.304283,24.870411],[88.300392,24.885099],[88.279396,24.88731],[88.277428,24.895733],[88.263817,24.87546],[88.263573,24.918261],[88.227966,24.959431],[88.180023,24.953892],[88.154678,24.933359],[88.139687,24.936129],[88.140587,24.917339],[88.170593,24.890211],[88.154968,24.88657],[88.162193,24.867901],[88.175606,24.860983],[88.162537,24.848511],[88.147606,24.850231],[88.135033,24.83176],[88.136108,24.805311],[88.122459,24.82163],[88.107391,24.80448],[88.105927,24.779449],[88.089828,24.78252],[88.070587,24.769421],[88.074821,24.759398],[88.067329,24.7498],[88.073807,24.74118],[88.064743,24.72138],[88.010567,24.66666],[88.04615,24.637421],[88.10376,24.548931],[88.14785,24.50563],[88.175781,24.49033],[88.199997,24.460569],[88.275192,24.438681],[88.333008,24.38319],[88.36676,24.3729],[88.426933,24.38201],[88.44838,24.377041],[88.507187,24.344681],[88.528709,24.344181],[88.555,24.29649],[88.568108,24.326641],[88.586258,24.325941],[88.588989,24.3153],[88.62326,24.315559],[88.629753,24.306082],[88.67347,24.315161],[88.67347,24.31349],[88.702507,24.310659],[88.722763,24.296911],[88.734688,24.27524],[88.731979,24.197399],[88.717247,24.200218],[88.711006,24.176691],[88.699516,24.166031],[88.710197,24.118919],[88.694687,24.1134],[88.699959,24.09487],[88.725586,24.09589],[88.722382,24.065771],[88.737633,24.059429],[88.723289,24.0525],[88.73542,24.04656],[88.739166,24.03459],[88.727188,23.994501],[88.758743,24.008183],[88.770988,23.984781],[88.741631,23.984671],[88.734962,23.97817],[88.742287,23.935881],[88.732971,23.929729],[88.731537,23.912983],[88.702118,23.91288],[88.703781,23.89883],[88.692078,23.89967],[88.685356,23.889023],[88.666939,23.88397],[88.658623,23.868059],[88.629379,23.861811],[88.617981,23.87558],[88.60376,23.86441],[88.591202,23.870703],[88.575981,23.859751],[88.60173,23.816851],[88.586723,23.81226],[88.592178,23.800741],[88.580322,23.788],[88.55928,23.78413],[88.578796,23.765341],[88.564217,23.714783],[88.57383,23.66774],[88.561676,23.642071],[88.592422,23.636572],[88.580856,23.60074],[88.602203,23.59812],[88.64492,23.608061],[88.638718,23.593311],[88.659187,23.55266],[88.684273,23.538971],[88.695396,23.517481],[88.727356,23.50832],[88.74292,23.48078],[88.754967,23.478111],[88.759621,23.48604],[88.770462,23.47978],[88.770256,23.49176],[88.779442,23.497671],[88.798508,23.49489],[88.799629,23.47716],[88.788406,23.46487],[88.790947,23.441351],[88.777977,23.435869],[88.765297,23.44281],[88.757408,23.419008],[88.75293,23.389568],[88.762306,23.36175],[88.733559,23.3463],[88.746078,23.309801],[88.739998,23.30662],[88.726959,23.316759],[88.722763,23.299023],[88.709686,23.308632],[88.697403,23.29648],[88.723717,23.26963],[88.72036,23.252663],[88.747116,23.23737],[88.768196,23.239483],[88.783699,23.21847],[88.796707,23.21557],[88.814087,23.21656],[88.808037,23.24341],[88.817879,23.25099],[88.830933,23.24469],[88.822601,23.232651],[88.837753,23.237921],[88.85276,23.224609],[88.913467,23.23],[88.919159,23.208311],[88.928711,23.21261],[88.951759,23.202513],[88.979637,23.222052],[88.994698,23.21236],[88.981956,23.181292],[88.961571,23.189873],[88.954048,23.175781],[88.937309,23.168261],[88.931351,23.13858],[88.922691,23.139481],[88.920868,23.126101],[88.897453,23.106081],[88.869568,23.09536],[88.866478,23.068861],[88.879303,23.03945],[88.873413,23.004341],[88.846733,23.002432],[88.867973,22.989601],[88.861473,22.955151],[88.895447,22.95051],[88.896988,22.926741],[88.913879,22.918619],[88.903397,22.90387],[88.909332,22.877401],[88.932571,22.86795],[88.946007,22.877439],[88.967529,22.842628],[88.958443,22.79421],[88.936592,22.784571],[88.919189,22.761711],[88.920769,22.73385],[88.95919,22.69117],[88.947281,22.659851],[88.931946,22.64555],[88.920258,22.666948],[88.911758,22.676561],[88.905029,22.679106],[88.864853,22.664869],[88.864113,22.693651],[88.859535,22.697008],[88.849258,22.693176],[88.847977,22.70903],[88.809593,22.71067],[88.811592,22.741444],[88.809082,22.751137],[88.818329,22.749014],[88.812843,22.744038],[88.813965,22.740908],[88.825745,22.737633],[88.829185,22.737961],[88.834229,22.745453],[88.836479,22.737017],[88.839417,22.734941],[88.8423,22.736467],[88.84713,22.744049],[88.847305,22.751741],[88.832497,22.753889],[88.846809,22.750139],[88.839996,22.735643],[88.835602,22.74654],[88.832275,22.746309],[88.826645,22.73872],[88.81488,22.742338],[88.820282,22.749372],[88.808914,22.753431],[88.805771,22.7332],[88.809013,22.709463],[88.847015,22.706686],[88.847954,22.691109],[88.861282,22.694195],[88.857224,22.6775],[88.863785,22.663748],[88.910278,22.675001],[88.930107,22.640993],[88.932556,22.618744],[88.957283,22.617884],[88.95771,22.610781],[88.937019,22.594225],[88.937607,22.569933],[88.896385,22.563334],[88.8787,22.544737],[88.868889,22.545835],[88.865837,22.543062],[88.867058,22.52343],[88.842812,22.507874],[88.844604,22.500904],[88.858849,22.499151],[88.86525,22.487516],[88.857491,22.483589],[88.856667,22.475],[88.851112,22.475],[88.859619,22.445574],[88.852448,22.432833],[88.824532,22.436119],[88.829681,22.446753],[88.814163,22.456392],[88.811562,22.481379],[88.771667,22.51338],[88.782822,22.521151],[88.784164,22.525],[88.765686,22.534243],[88.766388,22.560835],[88.760979,22.55015],[88.764343,22.534342],[88.770271,22.530001],[88.764442,22.527781],[88.782776,22.524721],[88.768883,22.513592],[88.75042,22.516966],[88.738983,22.514181],[88.733826,22.510948],[88.709976,22.528852],[88.704849,22.528175],[88.701111,22.525557],[88.701942,22.530561],[88.690666,22.524412],[88.69133,22.53406],[88.682343,22.537443],[88.682266,22.543781],[88.673592,22.550022],[88.68087,22.577385],[88.677406,22.593498],[88.672226,22.54944],[88.680916,22.536388],[88.690231,22.532949],[88.689255,22.52405],[88.698593,22.523121],[88.707802,22.527695],[88.733574,22.509993],[88.752914,22.515524],[88.777992,22.506502],[88.802521,22.443422],[88.818481,22.430573],[88.848343,22.430565],[88.856003,22.405943],[88.846107,22.388332],[88.861107,22.365023],[88.874748,22.358118],[88.876289,22.35531],[88.849236,22.364542],[88.818886,22.363611],[88.80262,22.328983],[88.810486,22.316605],[88.804428,22.28273],[88.792709,22.27619],[88.790543,22.259481],[88.743614,22.229166],[88.746391,22.203058],[88.739998,22.214722],[88.742783,22.200001],[88.733612,22.195555],[88.665627,22.217451],[88.652496,22.21121],[88.63504,22.2164],[88.658066,22.239361],[88.684921,22.294275],[88.678886,22.323063],[88.690552,22.326666],[88.671112,22.32583],[88.666122,22.339041],[88.679169,22.293892],[88.656754,22.250107],[88.630913,22.22205],[88.639343,22.20812],[88.666412,22.207981],[88.672462,22.201199],[88.639481,22.157471],[88.640022,22.142981],[88.63269,22.1366],[88.629723,22.145281],[88.619286,22.108841],[88.609795,22.107866],[88.610329,22.116865],[88.598892,22.129723],[88.60463,22.159775],[88.583076,22.16972],[88.58213,22.181223],[88.573776,22.188921],[88.577499,22.198469],[88.572746,22.1891],[88.583908,22.166758],[88.603371,22.159088],[88.597572,22.130621],[88.609108,22.116333],[88.606667,22.107779],[88.619965,22.104549],[88.627296,22.05481],[88.629539,22.050611],[88.636658,22.04529],[88.617752,22.021139],[88.603401,22.02356],[88.606354,22.047722],[88.596733,22.063297],[88.601662,22.07361],[88.596581,22.067266],[88.59623,22.061041],[88.604919,22.048328],[88.599907,22.023596],[88.614441,22.01972],[88.598701,21.974701],[88.614937,21.936993],[88.601387,21.93528],[88.610832,21.9258],[88.606667,21.913057],[88.578331,21.889444],[88.572777,21.905556],[88.58139,21.916389],[88.580276,21.923891],[88.586388,21.928051],[88.57917,21.924723],[88.572502,21.907223],[88.550278,21.921391],[88.551392,21.934723],[88.54361,21.970001],[88.556389,21.97279],[88.563332,21.960556],[88.56778,21.958891],[88.557671,21.97324],[88.546249,21.97349],[88.542633,21.970631],[88.540886,21.960213],[88.548668,21.922279],[88.570541,21.903608],[88.540558,21.90387],[88.547928,21.881691],[88.538887,21.871111],[88.537819,21.858021],[88.528053,21.853056],[88.494263,21.879091],[88.521774,21.913742],[88.525536,21.929441],[88.521721,21.94268],[88.49424,21.958395],[88.493698,21.967052],[88.519119,21.988243],[88.537025,21.978806],[88.54332,21.981995],[88.54998,21.996206],[88.556633,22.02318],[88.554619,22.035709],[88.54142,21.98171],[88.51757,21.988728],[88.49157,21.96689],[88.491188,21.960461],[88.495346,21.955084],[88.521828,21.939011],[88.52066,21.915396],[88.483238,21.90996],[88.473557,21.895342],[88.455612,21.899948],[88.462219,21.922461],[88.452896,21.939537],[88.468239,21.952831],[88.470207,21.9589],[88.463684,21.96352],[88.44593,21.96596],[88.449432,21.98399],[88.447868,21.987432],[88.443359,21.990122],[88.449997,21.998623],[88.450546,22.007221],[88.459023,22.009233],[88.460892,22.01158],[88.450401,22.009161],[88.441628,21.99106],[88.447983,21.984518],[88.445328,21.964155],[88.468925,21.95797],[88.451485,21.942026],[88.458481,21.91884],[88.441673,21.91139],[88.432999,21.902811],[88.424187,21.907713],[88.419724,21.906551],[88.408669,21.88533],[88.384743,21.899153],[88.407776,21.919493],[88.406387,21.924471],[88.394249,21.936769],[88.399132,21.949331],[88.398811,21.953093],[88.373886,21.965279],[88.39431,21.970661],[88.375816,21.969721],[88.37278,21.96666],[88.374443,21.962818],[88.398056,21.952221],[88.392845,21.936871],[88.406364,21.919785],[88.382797,21.900681],[88.397499,21.885281],[88.385773,21.839403],[88.390671,21.798981],[88.381638,21.791588],[88.364006,21.797831],[88.354881,21.8228],[88.354927,21.855656],[88.365829,21.87298],[88.37056,21.89653],[88.365227,21.91214],[88.356453,21.924311],[88.349983,21.927389],[88.369156,21.89661],[88.35318,21.856924],[88.326286,21.86216],[88.308937,21.8564],[88.3013,21.861361],[88.306801,21.86727],[88.309799,21.877684],[88.300591,21.861326],[88.261978,21.85869],[88.256004,21.870308],[88.266388,21.883612],[88.254898,21.87134],[88.258904,21.858807],[88.278671,21.855574],[88.299316,21.859381],[88.313828,21.846607],[88.305603,21.830318],[88.277092,21.821915],[88.258972,21.807621],[88.258362,21.80077],[88.263626,21.788],[88.281937,21.761101],[88.256081,21.78315],[88.25264,21.802824],[88.251663,21.801943],[88.25457,21.782921],[88.282738,21.757582],[88.272003,21.73048],[88.26313,21.731817],[88.272781,21.755751],[88.217224,21.764444],[88.209442,21.80139],[88.16333,21.879444],[88.177208,21.926111],[88.153664,21.959173],[88.207779,22.022501],[88.223892,22.075275],[88.203056,22.166941],[88.188057,22.18667],[88.165558,22.198891],[88.069725,22.211945],[88.084999,22.235559],[88.105003,22.304699],[88.088707,22.303131],[88.075279,22.252781],[88.049156,22.220001],[88.026108,22.2225],[87.984863,22.245701],[87.958687,22.28467],[87.957138,22.36092],[87.946388,22.406111],[87.92749,22.42028],[87.923332,22.434999],[87.895096,22.43449],[87.883766,22.441589],[87.89389,22.424166],[87.912506,22.421671],[87.929726,22.40361],[87.942223,22.366388],[87.943611,22.355],[87.936676,22.35611],[87.946953,22.349722],[87.94722,22.333059],[87.936386,22.316669],[87.940002,22.33],[87.930832,22.333334],[87.940002,22.260279],[87.970337,22.238029],[87.981407,22.215851],[88.008614,22.201389],[88.023056,22.199444],[88.034721,22.209444],[88.075279,22.18667],[88.102776,22.191944],[88.135559,22.184723],[88.193336,22.112778],[88.188889,22.099167],[88.156166,22.064779],[88.062233,22.01306],[88.026939,22.047781],[88.033607,22.057501],[88.031944,22.063887],[87.991943,22.102501],[87.963356,22.103477],[87.960373,22.095551],[87.981743,22.098751],[88.008606,22.073061],[88.017769,22.040279],[88.053055,22.010279],[87.980278,21.85778],[87.93972,21.82],[87.929169,21.800556],[87.898888,21.795],[87.89917,21.789167],[87.889847,21.793535],[87.894447,21.783056],[87.877502,21.764725],[87.870003,21.760279],[87.88472,21.779444],[87.789719,21.695],[87.753334,21.699722],[87.739723,21.678333],[87.689728,21.657501],[87.650002,21.648611],[87.642502,21.651667],[87.643608,21.66],[87.630119,21.64673],[87.553047,21.63611],[87.482033,21.608704],[87.482086,21.62587],[87.467766,21.645651],[87.458649,21.644939],[87.470833,21.70718],[87.460831,21.720501],[87.465179,21.72636],[87.442932,21.72905],[87.45137,21.73241],[87.443306,21.742121],[87.443672,21.760889],[87.395241,21.762423],[87.383301,21.770861],[87.370117,21.760073],[87.367798,21.774639],[87.352081,21.78573],[87.33667,21.779181],[87.332703,21.787201],[87.29657,21.79533],[87.292816,21.80547],[87.273506,21.80204],[87.273796,21.81172],[87.262421,21.81386],[87.267563,21.821491],[87.247627,21.848207],[87.248978,21.86652],[87.23481,21.895601],[87.252403,21.917803],[87.232231,21.940361],[87.234848,21.95438],[87.195107,21.953569],[87.167442,21.97341],[87.158287,21.93055],[87.136757,21.917971],[87.114243,21.922171],[87.093536,21.9079],[87.088539,21.895073],[87.096123,21.88625],[87.094643,21.86034],[87.030243,21.865311],[86.997932,21.907501],[87.005547,21.940651],[87.034317,21.989191],[87.017616,22.041281],[86.995178,22.045799],[86.957237,22.083368],[86.832008,22.09511],[86.823311,22.112921],[86.806213,22.114161],[86.807968,22.123821],[86.797096,22.126131],[86.800453,22.14592],[86.790321,22.15394],[86.715446,22.143492],[86.712776,22.178289],[86.722786,22.215248],[86.747803,22.207981],[86.767036,22.211342],[86.775223,22.214628],[86.772751,22.230343],[86.779968,22.231722],[86.792206,22.223843],[86.782501,22.225363],[86.776016,22.213779],[86.800117,22.213631],[86.809868,22.238003],[86.792831,22.238729],[86.790268,22.2628],[86.800629,22.261923],[86.799606,22.240973],[86.808952,22.246469],[86.811867,22.263931],[86.816338,22.2493],[86.822807,22.26133],[86.885681,22.252121],[86.88623,22.294121],[86.829193,22.324591],[86.843933,22.396061],[86.818413,22.4123],[86.76226,22.425232],[86.745407,22.475679],[86.789223,22.47451],[86.798012,22.48399],[86.790962,22.493629],[86.798607,22.498821],[86.782806,22.52437],[86.784073,22.544241],[86.764519,22.550631],[86.759941,22.57243],[86.706017,22.58036],[86.672798,22.57238],[86.651703,22.57579],[86.648277,22.59161],[86.634323,22.59726],[86.636688,22.655121],[86.617867,22.673389],[86.58078,22.688992],[86.539253,22.72065],[86.509956,22.716061],[86.506592,22.701521],[86.487747,22.723289],[86.478981,22.722391],[86.45401,22.75964],[86.443886,22.758591],[86.416153,22.776508],[86.412636,22.78643],[86.433907,22.82859],[86.432838,22.860491],[86.446877,22.85878],[86.44696,22.88341],[86.463043,22.896631],[86.432419,22.91577],[86.432823,22.923403],[86.458206,22.932961],[86.470421,22.94945],[86.484528,22.93428],[86.49662,22.94754],[86.518356,22.94433],[86.526627,22.960871],[86.538513,22.961868],[86.540283,22.98723],[86.512238,22.966261],[86.499916,22.96854],[86.507622,22.972771],[86.497353,22.989908],[86.445229,22.98509],[86.416283,22.994791],[86.393036,22.974239],[86.369499,22.99431],[86.332153,22.988901],[86.31218,22.995211],[86.298256,23.013283],[86.279373,23.010719],[86.261292,22.995531],[86.206429,22.99407],[86.204361,23.01321],[86.175629,23.012991],[86.160156,23.039061],[86.150017,23.040899],[86.148331,23.05267],[86.134567,23.062941],[86.136566,23.083101],[86.115692,23.093632],[86.091797,23.090771],[86.080963,23.1043],[86.047966,23.108681],[86.048393,23.129169],[86.036926,23.14361],[85.981941,23.145901],[85.94381,23.129471],[85.914993,23.12953],[85.900383,23.1481],[85.877312,23.158661],[85.877213,23.17296],[85.857521,23.194363],[85.832413,23.19264],[85.826363,23.263121],[85.833656,23.28068],[85.861496,23.303329],[85.860771,23.31498],[85.877983,23.323709],[85.866257,23.364849],[85.885277,23.373758],[85.895691,23.37059],[85.894348,23.379681],[85.882477,23.3811],[85.878456,23.40803],[85.862877,23.409971],[85.859543,23.450951],[85.866028,23.47023],[85.891251,23.475981],[85.943909,23.45462],[86.047226,23.493643],[86.050873,23.501551],[86.032768,23.504841],[86.021103,23.54549],[86.010773,23.551649],[86.011009,23.561241],[86.035339,23.57509],[86.037376,23.58346],[86.071442,23.57848],[86.072769,23.56822],[86.119438,23.573912],[86.126686,23.56675],[86.144768,23.567772],[86.153267,23.551592],[86.142929,23.527342],[86.154556,23.51915],[86.155113,23.50423],[86.14518,23.49399],[86.145531,23.47307],[86.172333,23.47854],[86.17878,23.46773],[86.220978,23.45598],[86.225327,23.469881],[86.238747,23.46969],[86.224663,23.43568],[86.239548,23.431681],[86.243179,23.41958],[86.253052,23.42485],[86.246651,23.434153],[86.278473,23.44112],[86.282372,23.42746],[86.300003,23.420061],[86.31424,23.428289],[86.300148,23.44371],[86.32621,23.457561],[86.33136,23.447241],[86.340416,23.452393],[86.337898,23.46109],[86.351837,23.463631],[86.355499,23.48156],[86.371948,23.48266],[86.370598,23.490261],[86.353706,23.49642],[86.367653,23.522558],[86.357971,23.54306],[86.382881,23.57202],[86.380928,23.58436],[86.406227,23.58798],[86.427277,23.610331],[86.439636,23.6091],[86.43988,23.62961],[86.481293,23.635038],[86.528656,23.628981],[86.590622,23.662241],[86.591606,23.67115],[86.624443,23.67277],[86.693848,23.694521],[86.731697,23.69379],[86.738129,23.67761],[86.792038,23.68737],[86.804512,23.739853],[86.816101,23.744831],[86.819771,23.76107],[86.816719,23.77615],[86.797691,23.797718],[86.800972,23.81333],[86.792839,23.831381],[86.803673,23.830681],[86.809303,23.814131],[86.82077,23.81131],[86.871216,23.844181],[86.87693,23.81345],[86.882263,23.81448],[86.887688,23.822161],[86.875267,23.862381],[86.895012,23.879951],[86.924156,23.865881],[86.936378,23.84486],[86.951233,23.845871],[86.966911,23.865299],[87.034409,23.836828],[87.056946,23.816259],[87.084511,23.805269],[87.095726,23.809481],[87.105927,23.79952],[87.116096,23.804802],[87.110252,23.799063],[87.124161,23.795038],[87.139206,23.80006],[87.148743,23.794371],[87.166443,23.81959],[87.130333,23.85091],[87.130928,23.866961],[87.156693,23.864889],[87.180603,23.85153],[87.195656,23.854259],[87.188568,23.840837],[87.222481,23.857639],[87.236237,23.853069],[87.218559,23.830801],[87.229126,23.823009],[87.242729,23.82616],[87.255219,23.8393],[87.243111,23.884863],[87.248222,23.907011],[87.259201,23.904202],[87.261749,23.878172],[87.270416,23.87294],[87.294548,23.898571],[87.285133,23.933889],[87.291931,23.938751],[87.291817,23.9557],[87.261543,23.966169],[87.268028,23.984631],[87.260818,24.002901],[87.250099,23.995781],[87.240593,24.00572],[87.232651,24.024599],[87.237976,24.04122],[87.282646,24.02693],[87.332359,24.03101],[87.332329,24.01754],[87.315392,24.004421],[87.327873,23.995991],[87.348106,23.99579],[87.356636,24.00919],[87.426376,23.99032],[87.439102,23.97813],[87.45797,23.981421],[87.458359,23.9935],[87.441399,24.003231],[87.44677,24.00835],[87.43383,24.008322],[87.448517,24.01634],[87.482758,24.013653],[87.491226,24.023371],[87.50135,24.022329],[87.510551,24.039831],[87.491226,24.052021],[87.489731,24.073231],[87.501236,24.073318],[87.505783,24.082081],[87.488922,24.0882],[87.496948,24.099331],[87.493599,24.11521],[87.516922,24.111],[87.539169,24.087801],[87.576157,24.08526],[87.569221,24.10675],[87.581726,24.1234],[87.607613,24.128942],[87.569382,24.155651],[87.610413,24.164881],[87.680168,24.14798],[87.692482,24.15447],[87.692558,24.18618],[87.678307,24.191111],[87.670952,24.205738],[87.637726,24.21158],[87.643013,24.230101],[87.635712,24.242531],[87.647148,24.24856],[87.657036,24.235399],[87.661903,24.244951],[87.681358,24.246441],[87.702637,24.25992],[87.71032,24.29207],[87.727188,24.286221],[87.756279,24.303593],[87.761238,24.333311],[87.797508,24.382181],[87.79258,24.396441],[87.81002,24.40662],[87.805222,24.41814],[87.79863,24.411222],[87.784752,24.414541],[87.791039,24.437759],[87.802513,24.45014],[87.814949,24.451349],[87.817848,24.468451],[87.809097,24.476591],[87.822876,24.49441],[87.810211,24.49209],[87.806671,24.510601],[87.795151,24.491051],[87.797493,24.53867],[87.806343,24.5452],[87.791588,24.565689],[87.767578,24.571569],[87.769409,24.58176],[87.808998,24.576231],[87.824509,24.559483],[87.848213,24.55105],[87.850479,24.557833],[87.887321,24.56271],[87.891487,24.57962],[87.905449,24.583801],[87.909973,24.593868],[87.908119,24.608179],[87.872742,24.61072],[87.877007,24.616291],[87.901611,24.612581],[87.90226,24.625921],[87.884613,24.62665],[87.906296,24.632643],[87.913406,24.65856],[87.88662,24.674103],[87.902916,24.709938],[87.900833,24.7216],[87.890778,24.722589],[87.877777,24.73908],[87.867386,24.729401],[87.839706,24.73819],[87.813896,24.753361],[87.818062,24.765982],[87.837532,24.787802],[87.835243,24.763231],[87.854538,24.764311],[87.876663,24.79369],[87.867668,24.822983],[87.898422,24.82453],[87.897766,24.842781],[87.888977,24.85294],[87.966507,24.8813],[87.973343,24.896482],[87.966492,24.9296],[87.906487,24.985811],[87.876976,25.02804],[87.855042,25.04624],[87.792877,25.075731],[87.772667,25.099098],[87.771042,25.152271],[87.787582,25.22049],[87.836647,25.199261],[87.822777,25.234341],[87.835533,25.249811],[87.849251,25.253428],[87.856522,25.277773],[87.85041,25.297438],[87.791443,25.32233],[87.783981,25.33243],[87.788826,25.37225],[87.765701,25.377991],[87.766449,25.40353],[87.75975,25.410089],[87.771271,25.411558],[87.765862,25.424292],[87.776512,25.42897],[87.786522,25.4487],[87.808647,25.434191],[87.825783,25.445261],[87.833817,25.464573],[87.863472,25.465389],[87.860863,25.486052],[87.869881,25.503],[87.881363,25.505569],[87.879219,25.51597],[87.898987,25.504301],[87.90303,25.519051],[87.92411,25.535648],[87.955612,25.53805],[87.97226,25.52323],[87.986038,25.52483],[87.980553,25.51585],[87.986633,25.50263],[88.004242,25.49404],[88.007477,25.510391],[88.02755,25.486141],[88.034508,25.492731],[88.046333,25.482611],[88.070412,25.480501],[88.072853,25.503901],[88.06385,25.50617],[88.068863,25.513048],[88.058121,25.528709],[88.035713,25.53673],[88.03788,25.546181],[88.027046,25.55327],[88.038246,25.563881],[88.025269,25.569092],[88.030022,25.574341],[88.021027,25.586922],[88.038589,25.595041],[88.029701,25.600039],[88.041397,25.605499],[88.036942,25.622009],[88.054298,25.63286],[88.035553,25.636831],[88.048538,25.643909],[88.043137,25.673889],[88.04863,25.690571],[88.030167,25.698811],[88.016159,25.691719],[88.01667,25.704712],[87.987793,25.723671],[87.979668,25.71846],[87.960999,25.724682],[87.938629,25.748541],[87.932396,25.77132],[87.898468,25.76976],[87.903053,25.80187],[87.89502,25.804689],[87.910507,25.81481],[87.896439,25.82909],[87.8834,25.828609],[87.910912,25.851749],[87.884819,25.864653],[87.878746,25.858459],[87.86528,25.867552],[87.822838,25.871468],[87.815506,25.88554],[87.816467,25.912708],[87.8078,25.908991],[87.803581,25.920721],[87.806961,25.929918],[87.829933,25.935452],[87.823906,25.946451],[87.831261,25.9641],[87.826042,25.988312],[87.840622,26.01977],[87.842117,26.044481],[87.875206,26.055578],[87.87606,26.066191],[87.912933,26.090973],[87.931129,26.068951],[87.937881,26.084461],[87.968132,26.081362],[87.969482,26.091648],[87.954407,26.102793],[87.969353,26.10931],[87.975632,26.12163],[87.95713,26.12886],[87.97097,26.13714],[87.964058,26.151979],[87.982109,26.15918],[87.996033,26.14179],[88.013069,26.140871],[88.011742,26.154791],[88.037437,26.1777],[88.05233,26.171673],[88.069832,26.175718],[88.089691,26.203232],[88.116013,26.22298],[88.111877,26.22621],[88.138802,26.23082],[88.144447,26.2528],[88.176903,26.261728],[88.183372,26.274681],[88.214256,26.281681],[88.248199,26.326538],[88.261131,26.337851],[88.27626,26.332493],[88.27935,26.34635],[88.291916,26.35391],[88.267593,26.381161],[88.23761,26.375378],[88.230446,26.393961],[88.267906,26.421753],[88.243401,26.449301],[88.228973,26.447151],[88.21534,26.465731],[88.226227,26.476252],[88.193756,26.472021],[88.191643,26.48308],[88.179039,26.49058],[88.23336,26.53237],[88.231201,26.551983],[88.215393,26.557268],[88.220802,26.54628],[88.209663,26.540722],[88.214561,26.535589],[88.190506,26.54431],[88.182426,26.542931],[88.17868,26.53087],[88.168266,26.537361],[88.165382,26.521641],[88.145393,26.510971],[88.132179,26.512581],[88.105049,26.535849],[88.11409,26.544846],[88.107986,26.56061],[88.115944,26.557877],[88.115944,26.572292],[88.132721,26.573286],[88.132469,26.601],[88.1418,26.606518],[88.144646,26.625483],[88.16304,26.636293],[88.169998,26.698927],[88.184662,26.719185],[88.190498,26.771412],[88.176834,26.833143],[88.170219,26.837116],[88.176086,26.865206],[88.138931,26.898386],[88.148621,26.920416],[88.123016,26.950115],[88.137482,26.985268],[88.117683,26.988485],[88.095039,27.00404],[88.079552,27.035074],[88.062218,27.028715],[88.04026,27.036318],[88.019005,27.07324],[88.023727,27.087406],[87.994171,27.105207],[87.993813,27.130541],[88.009926,27.14296],[88.01355,27.165426],[88.021988,27.17067],[88.015617,27.178236],[88.016968,27.218872],[88.058197,27.21389],[88.074951,27.20084],[88.067451,27.190269],[88.08326,27.165043],[88.085846,27.14151]]]]}}]}